review_id,rating,review_title,review_text
review_bc094451a516daefa055857a,5,Once in a lifetime experience!,"This was one of the most unique experiences I have ever had! The flight from Phoenix to the Canyon was a bit nerve wracking, due to the small aircraft. Since there were only two of us on the tour, it was private which was nice but if you have a fear of flying this would not be for you. Paul, our pilot was awesome and helped us to feel safe based on his experience.  I loved how this tour included both the aerial view and the scenery of the Canyon on the ground. My husband and I were in Arizona for a short time and wanted to make sure to make the most of our trip. This tour really allowed us to see something unique and fit into our travel plans nicely. I would highly recommend this to others if you are looking for a once in a lifetime experience to see the Grand Canyon from above, the views were priceless!"
review_856d2aa6a78e7be940af3eac,5,Beautiful!,"This was a once in a lifetime, amazing, beautiful experience. 

- the flight out of Scottsdale through the river valleys is beautiful.
- you get to see both north and south side of Grand Canyon. It’s as jaw dropping as everyone says!
- the service, staff is wonderful and super knowledgeable and accommodating.
- one note, (and this isn’t their fault), is the flight can get bumpy in a small plane, especially on the return (it gets windier as the day goes on). Our 2 younger children (6,4) both made use of the air sickness bags.

A few tips/feedback items:
- the hummer tour is really nice and interesting, but really loud. Couldn’t hear almost anything the driver was saying while driving.
- the lunch didn’t accommodate for allergies (the bread is multi grain, not sure what nuts and seeds) also no veggie option.
- overall seemed a bit rushed. Would love to stay in one place and just take it all in for like an hour or so, but most stops were like 15-30
Min."
review_58ba87f9326f017e0b3399ae,1,Don’t recommend,"I hate to write a review in the midst of COVID for a small business, but unfortunately due to our experience I’m writing this in hopes that nobody else has the same experience. We booked a PRIVATE Grand Canyon tour. We spoke with someone over the phone on multiple occasions who explained it would be just us with the possibility of one other person (although they explained that wouldn’t be likely). When it came time for our flight, the pilot + others arrived 20 minutes late, not wearing masks and informed us there would a total of 10 of us on the tour. As you can imagine, we were pretty surprised given that wasn’t what we signed up or paid for. The pilot explained something happened with scheduling and to call Lindsey. We did so and she provided pretty awful customer service. In short she explained yes there were gonna be 10 people and if we didn’t want to go we didn’t have to but either way we weren’t getting a refund or rescheduled. 

Throughout the flight NOBODY including the guests or pilot wore a mask. Nobody suggested or asked for this to be done. This is unlawful in the state of Arizona and county of Sedona. Not only is this against the law, but put customers in great risk. I cannot believe they would allow this and be okay with this. 

I am so disappointed in the service. Highly recommend researching other options prior to booking with this company. I am sure there are other much better companies that would provide honest and safe services."
review_0feea62cebd439414c25d6fc,1,"Misleading, overpriced and poor customer service","My wife and I decided to spend Valentine’s Day in Sedona and booked an air tour of the Grand Canyon. I booked it over the phone with Lindsey whom seems to be the manager. She lead us to believe it would be just us on the plane and when we arrived we were grouped with 7 other passengers, many of which thought they were going alone as well.

When we reached out thinking there was confusion we were told they got booked on her day off. Keep in mind this is in the midst of Covid so flying on a plane with 7 strangers who NONE INCLUDING THE PILOT WERE WEARING MASKS is not ideal.

We were told we did not purchase the cancellation insurance which was never presented when I booked over the phone and we could only get 50% refunded.

So we paid $600+ to fly with a group of strangers who did not comply with any covid protocol.

The overall tour is alright although not nearly close to worth of the cost.

Extremely dissatisfied."
review_d885e5c4d3d84166ffc7048f,1,Upsetting,"Even due to weather, they wont even do a refund or is able to do a voucher for one year. Honestly very upsetting. It was raining really hard and super cloudy and they made no circumstances. Even if it is sprinkling, absolutely no refund."
review_1b882aa7c72201a6725b9fe7,5,Worth it!,We booked the 30 minute ride but decided to go on the longer one once there. Worth. Every. Penny!  You fly so close to the Moose Teeth mountain that you feel like you can touch it. Incredible views of Denali and other peaks. I’ve done lots of things over the years and don’t know how this one could be topped.
review_585fd4de71474864f99ab2f5,1,Overpriced and disappointing,"I had taken a family summer trip for a half hour seaplane with lake landing. The pilot had a terrible and rude attitude and was not willing to provide any conversation. He seemed to be more of the lets get it over with attitude. In addition he also seemed to be a bit racist (we are Indians) and insulting to our family.

 The tour was supposed to provide sighting of wildlife but we did not spot any. The lake landing was an added 65$ per person, but it was overcast and the pilot simply landed in a different lake than the conventional one without asking us first. The new lake hardly had any beach and the pilot did not provide us enough support to actually get to the beach from the plane without getting wet. 

In all the experience was very underwhelming with simply a take off and landing sequence. I would recommend trying some other activity since this isn't something you should rather do in Alaska. There are several other services that provide much more exciting experiences for a moderate higher cost."
review_3ba1137cb1b4e9207840a231,4,Really Good Bush Plane/Fishing Experiance,"We found a really nice fishing experiance in Talkeetna.Starting with Molly the office manager to the pilots and guides. All were friendly and accomodating. Yes we did catch many fish. We arrived on a full moon and and a front coming through. These two things combined with the guide's knowledge led to a wonderful fishing trip for my wife and I.The weather was challenging for the pilot,but he was smart and confident and overcome the winds on the lake.The office is located on a picturese Fish Lake just outside of Talkeetna. I would highly recoomend this compant to any interested in a float plane trip out of Talkeetna."
review_4899b603a9d2f1beb416a798,1,VOMIT COMET,"This company does not deliver pleasant experiences.

This company makes guest violently ill and then act aggressively toward the guest in a hostile manner causing the guest to become fearful of their personal safety."
review_48c09089c16a76a76a7c28b4,5,Great way to see the scale of the Grand Canyon,"Thoroughly enjoyable. Professional and pleasant. Took loads of photos and got great views, was able to properly appreciate the scale of the Grand Canyon"
review_07a4d180b1c3927f6d90e08e,1,Cancel with little warning,"Booked direct, over two months in advance. With only a couple hours to go before our flight they tell us it's cancelled, since not enough people signed up for the time slot. They offered times later in the day but we had so little warning that we were unable to make the last minute schedule change. It took over a week to get a refund with zero communication on their end during the delay. 

We spoke to some Grand Canyon park employees and they said they frequently heard complaints about Grand Canyon Scenic Airlines being flaky and dropping reservations with little warning. Buyer beware."
review_7610caa1138d8b33b74c4e88,5,Best Views!,"Each seat had excellent views of the Grand Canyon. Taking the whole scene in by air is maybe the best way to understand the size and majesty of the canyon. The crew was professional, aircraft was top notch (nothing rickety here) and the cost was reasonable compared to other air tours we have done in different parts of the country. Highly recommend this flight experience!"
review_af6e91837198d33f81e2790e,1,Paid for a seat on a 30 seater flew in a tin can,"We paid to get a ride on a 30 seater and were taken on the tarmac to a beater silver plane in the back. The plane had clank noises when turning on the runway. The pilot was reading a manual during the flight! It Was absolutely terrifying! If you ever felt nervous about turbulence on a big commerical plane you will contemplate your existence bouncing around in turbulence in a 8 seater, especially over the canyon."
review_fea58727faaa3a0887fe14ea,5,Great way to admire the majestic canyon,We had a very short time to explore the Grand Canyon. We decided to take the early flight and were completely satisfied in every respect. Of course the views were absolutely magnificent. The crew was very professional and helpful. Everything worked out like a charm.
review_4f51f3465ac0bd137a98f9eb,1,Terrible company cancelled with no notice,The seaplane company called the night before and cancelled the trip for my son and me. They said they were overbooked but we had booked weeks before. Also i asked why they had left it until the night before to call surely they knew they were overbooked long before. My son and i had only 1 day in Seattle and were extremely disappointed. We are still waiting on our $700 refund from Tripadvisor . This is a terrible way to treat people.
review_7e4c769eacb09e8be1a32d03,5,excellent team,"We have flown with several different services to Roche Harbor on San Juan Island
and we prefer Friday Harbor Seaplanes : the team are all very personable, helpful,
accomodative to our needs - its been a great comfort to work with them - from extra time flying over city highlights, to circling whales when they show up on our route, to scheduling times - we appreciate their personal, family approach  Todd"
review_6156ccd88f392b21de3b4908,5,Fishing Trip 2019 to Barkley Sound Eagle Nook Resort,"I have been to the same resort 8 years in a row and we have flew into Vancouver then flew in from there to the resort by float plane and we have had issues in the past with planes, times,or just not willing to fly in if the weather/cloud ceilings were low. So I decided to fly from Las Vegas into Seattle and float plane into BC from there. It was the best experience of all my trips, as Shane's staff greeted my party of 10 at the airport with a very nice van for the short ride to the Sea Port. The check in was very easy and the waiting room was decorated very nice with all kinds of memorabilia. The plane ride there was great and only took 1:55 minutes with stopping once in BC to check into customs and continue on to Eagle Nook Resort. The pilot was very good at his job and extremely nice. The return flight was great and it only took 1:15 Minutes to get back to Seattle. Overall I would highly suggest Northwest Seaplanes to all of my friends, customers, and clients for their travel to BC areas for Future fishing trips or sight seeing in Seattle.

Thanks Shane and your staff."
review_9f9d62b99552657a136a55ab,5,Seaplane Charter to San Juan Islands,"Part of our family vacation this year was an overnight trip to San Juan Islands, and what better way to get there and back than a seaplane!  This was awesome.  The flight is about 45 minutes and offers the best view in town of downtown Seattle, the Olympics, Mt Baker, and lots of other beautiful areas on the way up and back.  There was an error made in our reservation that had the wrong return date, which we didn't realize until they called us to see why we didn't show up.  Their office worked it out with no hassle to get us on a flight back the next day the way we wanted.  Absolutely worthwhile to travel this way."
review_aad1475f0d24f59cc1b5bc8b,5,"So much fun, try it!","I booked a flight with Friday Harbor Seaplanes from San Juan Island to Seattle, I was excited for the adventure & thought a flight on a seaplane would be a fun way to end my trip to the San Juan Islands, it turned out to be 1 of the highlights of my trip! Hope to fly with FHS again 1 day!"
review_176ad8eab21eb292f98accba,5,What a great way to travel!,"We spent a weekend on San Juan Islands, and the seaplane ride there was definitely a highlight of the trip! The plane is fantastic, and our pilot Shane was even better. Along with a smooth and scenic flight, he provided commentary on the landmarks and history of the area. Well worthwhile!"
review_cdfb30308f4301fae846c380,5,Best way to get to San Juan Islands!,"We traveled to Friday Harbor and back to Seattle with Friday Harbor Seaplanes and they were accommodating and such a pleasure to deal with from start to finish. Before traveling to Friday Harbor, we were arriving at Seatac from the east coast, but our flight was seriously delayed.  When I called Friday Harbor Seaplanes, they were able to easily put us on a later flight out to Friday Harbor and cut our stress level down to zero! The flight to Friday Harbor on the seaplane was so much fun, and we even spotted a pod of whales playing along the way.  Our pilot circled for a few minutes so we could enjoy whale watching and then expertly landed us in Friday Harbor right at the docks.  This was such an easy and fun part of our trip that I wouldn't hesitate to use this company again!"
review_1a40b7366c1df323a2059968,5,Wonderful trip,"Captain Jack was wonderful as he flew us over the Grand Canyon. The tour had an audio component, which was just informative enough but not overdone. The views were stunning and truly magnificent."
review_ced58d8c691f443c16cbfe37,4,"Gentle flight, lots of glacier information.","It was beautiful, couldn't see Denali but tried. The pilot was very knowledgeable about glaciers. Some of it was so technical I couldn't follow along but it was really neat. I get motion sickness and I did not feel unwell on the flight.  It was about 1.5 hours from wheels up to wheels down."
review_6fbeaf457ee807a3d63481cd,5,Put this on your bucket list,"This was the once-in-a-lifetime trip for my wife and son to see Mt. McKinley/Denali and we had an AWESOME time.  The pilot, Pat A., had over 17,000 flight hours and made sure we were well aware of what to expect and what maneuvers were ahead.  He was also well-read in the geology of Denali Park and the glacial formations.  The weather was clear and calm (one day out of 366) and we were able to get close to the mountain face.  To top it off, K2 gave me a NICE military discount.  Thanks for an unforgettable experience!"
review_f0ee2cd886f1308d732e265f,4,Flight with Teens,"The flight was great and seeing the glaciers from the sky was beautiful.  My husband loved the experience in the small 1965 plane and my teens took tons of photos!  Our pilot was great and very informative.  The only drawback for us was the weather didn’t cooperate, so no peak sighting or glacier landing, but no one can control Mother Nature."
review_2a211e66566d9506094042c7,5,Breathtaking Opportunity!,"My family of 5 ranging in ages of 18 to 73 embarked on this amazing flight in March 2022.  I admit I was a bit nervous as flying can bring anxiety sometimes but Billy - our pilot was GREAT!  He informed us about the flying experience before we headed outside to the plane.  Once outside by the plane, we had additional instructions and it made us all feel quite secure.  We were given headphones so Billy could talk to us, ask us questions, and let us know what we were seeing as we flew overhead.  
We were blessed with a cloudless and BEAUTIFUL day.  Seeing Denali up close was breathtaking.  The time went by so quickly and we are grateful we had the opportunity to experience these mountains upclose and see the glaciers from above.  
we highly recommend this tour."
review_fa5c178f0540c8c621211eb6,5,"Beautiful views, unforgettable Alaska experience","My daughter and I had a great experience with our flight with Chad. He made sure that we are very comfortable during the flight, views that we saw from the plane were amazing and exceeded our expectations on every level.  We were hoping for a landing on glacier, but due to the weather conditions it was not possible. Despite this our flight was very memorable and we would definitely recommend K2 Aviation."
review_6c89ecdf05add32f2e5cb9a7,5,One of the highlights of my 2-week trip,"I was able to squeeze in a quick tour at the end of a two-week trip after my flight home was delayed a day, and I'm glad that it worked out - this tour was one of the highlights of my trip. Flying over and around the mountains was an almost surreal experience, even after having spent 8 days backpacking through the wilderness just north of the same mountains. My pilot and guide Chris was knowledgeable, accommodating, skilled, and very friendly - his steady piloting and narration throughout the trip added to an already amazing trip. I can't recommend this highly enough - I'll remember my flight for the rest of my life and am already looking forward to a future opportunity to re-live it."
review_5e434da02b38cf19550a807e,5,The red planes look amazing in photos!,"There are a few things that set this trip apart for us;
1.) Our pilot, Chris, gave us one of the smoothest flights I have ever been on (sorry Delta).  I wasn't necessarily expecting a bumpy ride but I also never expected it to be so flawless.  The take-off and landing were almost effortless.  I also appreciated the narration by Chris.
2.) You guys, the red plane looks absolutely stunning in every photo we took.  It's only August and I might as well start making the Holiday cards.  If you are torn between two companies, choose the one with the red planes as the color will simply pop in every picture you have.  And if you are really thinking ahead, throw some Santa hats into your luggage and stage the perfect Christmas photo right there in Alaska.
3.)  Do the glacier landing.  I struggled to bite the bullet on this with our family of 5 but after a week in Alaska and lots of spendy excursions, this is the one I truly don't regret. Worth every single dollar.  We did the most basic flight but added the glacier landing and it was everything we could've dreamed.

Enjoy this amazing part of the world."
review_ff53fc07f1b4dad74f413aa0,5,Mind blowing experience - MUST DO!!!!,"Wow...hard to explain such a mind blowing experience. I am not a person with a lack of things to say, but this trip left me speechless.  The feeling of being so close to these majestic mountains that were so far away from our hotel is amazing.  Your mouth will hurt from smiling so much. Our pilot EO, was so fun and knowledgeable too. He answered all of our questions and even pointed out base camp so we could get a feel for how high we truly were.  WELL worth it....I can't wait to do it again!"
review_254f46e4a5fb0f6c7e0c50cd,3,"Good views, average experience","I am rewriting this review, as my first review was softly forced.  The pilot stopped the golf cart near the hangars and asked us to click the links and do the review on the spot…and then he checked our phones to see that the reviews were completed with a thank you screen showing.  While I understand they need reviews as a small business, soft forcing and checking doesn’t feel like it’s the right way to do it.  I’ve been on other plane tours around a couple of the other Hawaiian Islands, so I have reference points for comparison.

Pros:  We did a custom tour, which is supposed to be a combination of two tours, with circumnavigation of Maui and a tour of the surrounding islands.  The views of Molokai and the surrounding area were fantastic.  The pilot, Eric, was skillful and we felt safe.  He was a nice guy and tried his best to be a good guide.

Cons:  (1) I feel like the price of our combined tour was a bit high (around 1250 for two people) especially considering the total time was only about 1.7 hours, which is about the time of just one tour.  I feel like more time could have been spent around west Maui , Molokai/Lanai and Molokini rather than Hanna, which is comparatively not that impressive.  I would not recommend our tour to others, based on my experience and at this price point.  (2)  They could use newer planes.  The current single engine plane (Piper Archer) is very old.  The exterior looks old and the interior is in rough shape.  Again, it was safe, but the plane could at least use a new coat of paint, the seats need to be re-upholstered and the interior needs a good cleaning/vacuuming and wipe down.  Also, the control pod of my headphones was coming apart with interior wires showing, and all the headphones had earmuff covers that were dirty and almost coming off…they could use disposable ear muff covers and mouthpiece covers…these things are very cheaply available on Amazon.  Finally, the pilot’s clothes looked like they were not washed for weeks.  Again, I think the pilot is a nice guy and I have nothing against him, but both my wife and I noticed this and thought it was strange.  Cleanliness is very important…it’s the first things people notice and experience.  These are simple things to fix.  (3) They really need a shared office or at least a hangar where customers can sit down and wait and get checked in etc.  It seems all they have is a parking spot on the tarmac and a golf cart that they use to get customers directly from their cars.  This is ok, but this is just a tip based on what I’ve seen with other tour operators.  

I would recommend this company over a helicopter tour because it is better for a small group.  However, I would like to see some of the things I mentioned to change.  They have been in business for 7 years.  So I feel like some of these things should be addressed for their benefit and that of future customers.  All they have to do is go experience some other airplane tours on other islands (like Kauai for example) to get more tips on how to improve."
review_a7368b502923fca015488011,5,Incredible!,"Such an amazing experience! Can’t recommend this enough, you will see the island like no other! My boyfriend and I went together, he’s 6’8 and we were a little nervous about his size,  but he fit perfectly and we had the best time! If you have any reservations about this experience don’t, book immediately! Also Eric was the best overall and his landing and knowledge was impressive!"
review_26666fb5871f5009a89cc1e1,5,“Must see to be believed”,"This is definitely a “must do” excursion while in Maui. From start to end, Laura (our pilot) made our sunset flight an unforgettable experience. The views and the spectacular colors of the sunset truly need to be experienced from the air. Highly recommend!"
review_98e74ad69a88380b69ce727c,5,Great romantic trip,"The tour guide Eric was not only friendly, knowledgeable, and patient, but also a skillful pilot. With his incredible skill, we were able to witness the sea cliff from an impeccable perspective. With his patience, we were given multiple chances to take pictures, haha. Great experience, worth spending time with the ones you love."
review_536e18c70c45f6079ab4ba5b,5,Trip was amazing Eric was wonderful positively wonderful take this trip. We love this this is a must do on your trip to,Trip was amazing Eric was wonderful positively wonderful take this trip. We love this this is a must do on your trip to Hawaii you say everything.
review_da5906a18a3d4524aa1c151f,5,Intimate,"The flight was interactive, as if we were flying the plane, Eric informed us on history, geography, and cultural importance on the island."
review_a15b565f6bbac9f317cc2336,5,Air tour,"Booked the day before going, very last minute. Everything worked perfectly- from start to finish. Relaxing, beautiful, and breathtaking views that you can’t see without a plane! Liked hearing about the islands too. Pilot loves his job"
review_e01e7e33a2e53a8b8dad0eb6,5,Float Plane and hike to visit bears salmon feeding,"This was the best part of our Alaskan cruise. The float plane trip was exceptional,  but the walk through the woods and viewing the bears from a platform was the most thrilling experience.  Our guide Mark knew about the local wildlife and forest plants and trees. Mark had extensive knowledge of bear behavior. I felt safe the entire trip. Only small groups are allowed to visit. Mark made sure we all were able to see the bears; pointing out bears in the woods, creek and waterfall. The trip was magical."
review_17e1e5a0467c1f5d4bc7b3e1,3,Nice fligth but limited things to see,"We took Taquan Air at the back end of an excursion to George Inlet Lodge. It was only a 20 minute flight and they flew, most likely, what they had been contracted with for our crab tour. The flight was nice but fairly uneventful. Saw water, trees, more water, more trees, a water fall and shore line. Not much for narration from pilot and actually flew a loop so we saw some things twice - thrill. If we ever used their float plane again we would look at longer flight to see more things like we did the day before in Juneau."
review_46247e5fecb1a54a289ccadb,4,Beautiful way to see the fjords.,Pilot not very talkative but the view was spectacular. Would recommend if you want to see the beauty of Alaska.
review_e68e4472a8fa5075641e96df,3,Float Plane Trip,"We booked our round trip flight online and the people were great to work with very helpful and answered all questions repeatedly. We flew on a scheduled flight to Edna Bay Alaska and had the trip coordinated with the arrival of our flight in the morning so we did not have to sit around or spend the night in Ketchikan. I called when our flight was approaching the gate at the airport to let them know we had arrived and that they could come and pick us up from the dock below the airport. We got down to the dock immediately after getting off the plane and standing on the dock. I called again to let them know we were now on the dock and they said a boat would come pick us up. Their business is on the opposite side of the river from the airport.  We waited saw several Taquan float planes take off. I had to call again to let them know we where at the dock waiting and finally a boat came to pick us up. We we got to the desk and told them who we were we found out the plane that we were supposed to be on that was being held for us to get on after we had arrived had already left. There would be another flight in 2 hours. No one came to talk to use and explain why the plane had left, you could overhear a lady in the back state she had screwed up made a mistake. They were sorry but that was it. We waited and finally got on a Beaver float plane. The trip was pleasant. We flew out of our location two weeks later on an otter float plane. They had information about the plane printed up and it was interesting to find out about the history of the plane we were flying on. We made two stops before arriving in Ketchikan so we did get to see some sights."
review_4511d8eaf3229db4ead0a471,1,"Worst service, will not recommend since they discriminate","We were very much looking forward to this tour when we booked it from Holland America. When we took the tour, 3 other groups left at the same time. We were group of 5 and was only given 5 minutes once the seaplane docked at Misty Fjords whereas the rest of the groups got 15 minutes. When we asked the front desk of Taquan air why we were not given 15 minutes they did not have any answer and they told us that it was up to the pilot. If it was up to the pilot I am not sure why we were discriminated when we paid the same price. If I could give 0 stars I would. Avoid this tour operator, they will not treat you right and you wont get value for your money."
review_442bd14270e4cf874af0ab43,5,"Anan Creek Bear Viewing Tour our of Ketchikan - Excellent Flight, Outstanding Guide","Last year, Taquan (pilot Dave and guide Mark Phillips) did an excellent job at getting us to Anan Creek.  However, due to our ship's limited time in port last year, along with poor tidal conditions, we were not able to actually get to the trail head and take our tour.  This year, we again booked our Anan Creek tour with Taquan and we were not disappointed.  From the bus drive to their terminal, to their check-in and flight briefing process, to the flight itself, and to the tour guide - Taquan offers a safe, informative and exciting tour.

The checkin and safety briefing process was thorough, yet efficient (quick).  We met with our pilot, Eric, immediately after the safety briefing, and he walked us down the pier to our plane.  Eric got us situated on the plane, and then our tour guide arrived.  To our pleasant surprise, our guide from last year - Mark Phillips - was again our guide this year!  Within a few minutes we were skimming across the water and taking off from Ketchikan.  Eric provided some commentary on various landmarks while we were en route to Anan Creek, and Eric's 45 minute flight from Ketchikan to Anan Creek was smooth and comfortable.  At one point as we got near Anan Creek, we encountered a rain squall, and Mark and Eric communicated and made some adjustments which ultimately allowed us to safely land at the Anan Creek landing site.

For any tourists taking a float plane to Anan Creek, it is important to be aware that at low tide there can be significant logistics regarding where/how you get to the Anan Creek trailhead.  When we arrived at Anan Creek, it was low tide - and Eric brought the plane to a small dock that was far enough off shore to avoid grounding the plane.  Taquan had arranged a small boat to transport us from the dock to the shore, and that worked out very well.

If you remember any tip from this review, it is this:  if you want to avoid the potential hassles and delays of low-tide arrivals at Anan Creek by float plane, make sure ahead of time that your pilot knows to putter into the entrance of the creek where the water is deep enough (even at low tide) for any float plane to drop off passengers just below the ranger briefing station.  It is not worth your time, or the risk of grounding, to make land anywhere near the docks or the hut.

Let me say here that our guide, Mark Phillips, was awesome.  Mark was friendly, knowledgeable, and he has the experience of having flown out to Anan Creek multiple times in the past.  Mark was able to provide direct in-flight guidance to our pilot when weather conditions got a bit hairy.  And Mark takes safety seriously:  we were in bear country, and after we made land then Mark unpacked and holstered a weapon and bear spray - which made us feel safe on our hike. 

After we got on land, and after Mark made the preparations for our hike to the bear viewing area, we met with the ranger at the base of the trail and listened to a briefing.  We then set out on the approximately two-thirds of a mile hike up to the bear viewing area.  As we got underway, Mark guided us in the proper way to group ourselves in case we encountered a bear on the trail.  And Mark also provided expert commentary on plants and wildlife that we encountered on the hike.  When we arrived at the bear viewing area, Mark helped us get signed up quickly so that we could get a slot in the bear viewing blind, and Mark continued to provide awesome commentary about different bears and occurrences that we saw when we were up at the viewing platform.  I can't say enough great things about Mark; we highly recommend him if you can get him for your tour.

Taquan runs a great airline, they employ an enthusiastic and knowledgeable staff (including expert guides), and our safety was their priority from start to finish.  Taquan ultimately provided us with a fantastic and memorable tour, and we highly recommend them for anyone looking to take a flight/float plane tour out of Ketchikan."
review_f5ca1940bb4b3b4a6ade99fa,5,Best shore excursion ever,"Trip Advisor review

Our family group of 5 decided to take the Floatplane bear watching shore excursion.   It was a bit pricey but we expected it because you’re flying in a floatplane Believe me when I say we all agreed it was definitely worth the money. 

They picked us up where the cruise ships dock and took us where the floatplanes were. We were given our instructions and loaded on the plane. Our pilot was JR and he was wonderful and knowledgeable. The takeoffs and landings and even the flight itself were all smooth, actually smoother than we thought they’d be. We flew for 30-40 minutes and landed. We were met by our guide and we walked an easy trail for 10-15 minutes and arrived at a platform high up and next to a stream. Besides the mother bear and her cub that we walked by on the trail, there were at least 15 bears catching salmon. Oh and a bald eagle too.  The time we spent there was unbelievable watching the bears in the water fishing salmon out of the stream and some even fighting over their catches. Could have stayed there for hours as it was so fascinating. They allowed us 1-1 1/2 hrs before we headed back. Once again our pilot JR treated us well with a nice flight back. We were then taken back to the cruise ship. 

We all agreed if we ever come back to Ketchikan we are definitely doing this again. No doubt!"
review_d4fa1a7a54b252b2583388d6,2,Safety Infraction,"Last week we did the seaplane tour of the Misty Fjords on Taquan Air Tours.  The views were spectacular.  However, breathing in diesel fumes while in-flight was not fun.  Anyway, after landing in the water in the fjords, we were allowed to get out of the plane onto one of its floats without life vests.  According to the pilot, the dark waters were about 300 feet deep.  Once we got out, the pilot asked us to scoot on over as much as possible to the front of the plane's float.  However, once you go past the pilot's cabin, there is nothing to hold onto and the float gets narrower.  Following the pilot's request, my teenage daughter, who was second in line from the front, decided to pass the girl in front of her who was holding on to the last piece of equipment on the front part of the fuselage.  So now my daughter, who is not a very good swimmer, ended up balancing herself without holding onto anything near the front of the float.  I asked her to get back so she could hold onto something as what she was doing was dangerous.  She said no because she was following the pilots instructions and practically could not get back because the float by now was packed with most of the 10 passengers and the pilot.  After about 5 minutes of standing on the front edge of the float where it is much narrower, I noticed her losing and then regaining her balance for a bit.  If she had fallen in the water, with her parka and heavy clothing, she would have definitely gone under.  I immediately yelled at her to get back in the plane which she did.  When we got back on land, apparently someone had already told the Taquan staff of this incident.  And when I brought it up with them, the answer I got was that the pilot will be given a talk about this. 

What surprises me is how can something like this get past the safety inspectors?  As a minimum, during all the pre-flight safety briefings, Taquan Air should address the safety of passengers while they are out of the plane on the float over deep dark waters and provide its passengers with life vests.  They also need to make sure passengers are not exposed to high levels of diesel fumes while in flight."
review_ada23e30e9050b395a5e4949,2,Contrary to popular opinion!,"I had done a flightseeing tour in Anchorage that was the highlight of my cruise ship trip to Alaska, that when we stopped in Ketchikan I wanted to do a seaplane tour as well.  This activity has been highly rated by so many reviewers, I decided to do it with Taquan Air Tours.  It is impressive to see their facility as they appear to be running a very successful tour company,  I was disappointed to find out that the 2 hour tour, was not 2 hours flying, but rather 2 hours from the start of the shuttle at the port to return to the port.  Our flight ended up being an hour and five minutes.  I never saw the waterfall they said we would see.  The pilot did not allow us out of the plane when we landed stating it was too slippery.  Others taking the flight that day did so.  Our pilot didn't point out very much.  Misty Fjords was pretty much just forest and to make this flight even less enjoyable they were playing Credence Clearwater Revival music over the headphones!!!  Seriously?!?!?!  That is music from my era, but not what I want to hear when I am supposed to be viewing beautiful scenery.  I advise you to skip this expensive excursion.  Not worth it!"
review_f4707f9a700067a778a5ea66,5,Outstanding Sea Plane Excursion!,Our pilot Mike was an excellent tour guide giving great detail behind the outstanding visual scenery.  The fjords are just unbelievably beautiful.
review_8b4c172e7b644d8c4b931cc0,5,Trip Highlight,"We got of our cruise ship early and were able to purchase our trip from one of the operators at the end of the dock.  Apparently they sell what the cruise lines have been unable to sell, so are able to sell unsold seats at a discount.  It’s a risk but if you are flexible this is a great option.  We were placed on an early tour and a shuttle took us to the Taquan office.  After a safety briefing we met our pilot and boarded our sea plane.  From here it was a magnificent early morning flight to a floating pontoon in the Tongrass National Forest.  Words cannot do justice to the scenery and the tranquility felt during our short stay on the pontoon.  Time on plane and short stop was about 90 min.  Our pilot Forest was extremely professional and provided a great commentary.  Definitely one of the highlights of our Alaska trip."
review_e55f985b9a9c0b8f6f16b85a,5,Black bear watching via floatplane,Really great flight with views of humpback one way and mountains the other. Ex navy pilot so in good hands. The bear watching was a short 10 min walk through the rain forest with Mark out guide. He was very handy when we met a mother and cubs on the path both times! The bear viewing was excellent on a raised platform overlooking the salmon run and falls. We saw 3-6 bears over an hour and they were catching the salmon below us. Great tour and informative and friendly guide who was handy for close to encounters of the bear kind!
review_50ad674985c5646672bc62e8,5,Wind up that Bush Beaver and Let's Rip,"We dealt directly wit Taquan Air by email to book this rather than through our ship. Much cheaper and really easy to do, they are really easy to deal with directly and are happy to answer your email questions. They came picked us up and took us out to their base about ten minutes away where we got a short safety briefing and then we were off -Misty Fjords here we come. Apparently this company only do window seats except me, the solid one on the plane got to sit in the primo co pilot seat and was assigned the job of lowering the landing gear for landing! (pilot was kidding  - you land on water skis). They kind of look at you and tell you where to sit in the plane based on your size but everyone had a primo seat - that way the plane flies flat and straight, they say. We lucked in with a cracker of a day so we got emerald green fjords under an electric blue sky. We took off on Ketchican Harbour down the side of our ship before heading across mountains that are awesomely beautiful. I was having such an awesome time i have no idea how long we flew before we landed on a deep blue lake high in the mountains. A whole lake to ourselves with no other tourists. Absolute wilderness, absolute bliss. We stayed for about 20 minutes before taking off again and headed across more lakes and massive mountains for ages before heading back and landing on Ketchican Harbour. The trip was awesome, our pilot was awesome, the commentary was awesome, the service was awesome and I love the t-shirt i brought. Try and book in the morning as they look like they get busy later in the day. Thanks it was awesome and on top of that they drop you back to the boat for free!"
review_a158a996fb85a211763435ea,3,Great views!,"The flight itself is really scenic. I liked that we landed in the water about halfway through and could walk out on the sides of the plane to take in the view. Pilot was good but didn't talk much. I figured he might talk about the sights, etc. but he was very quiet. They had a recording that they played but even with the headphones at full volume, you could barely hear it.

We went through the Carnival cruise excursion and even though it says no bags/purses, they've got lockers for your stuff and you can bring a small purse with you. When you first get off the bus, be sure to go right in and sit down for the safety video and hold off on going to the restroom until after because they like to be efficient. They then split you up into smaller groups for the plane and sit you by weight but everyone gets a window.

Flight was also chilly, not that I expected it to be heated but there was a gap along the door that let in a ridiculous amount of cold air so be sure to bundle up."
review_942965db6b3bbf8f44f75b47,4,Breathtaking,Taquan Air Tours was the perfect place to book a Misty Fjords flightseeing trip. Where other than Alaska can you take the opportunity to tour via a float plane. The views were spectacular and takeoff and landing on the water was an experience not to be missed. I posted a few pictures as words can describe the experience. Also worth noting was office crew –they were incredibly organized from booking to drop off and even scheduled van pick up from my cruise ship.
review_a8e08d3e333554d846e6a0c3,5,A 5 star experience,"If you have never experienced flying in an authentic, historic float plane (sea plane) then you should not miss this trip out to the misty fjords. Flying over the enormous Tangass national forest our pilot, Brentwood with 'just' 47 flying years, made us all feel completely at ease as he guided the plane up over snow topped mountains and eventually dropped down and landed on Nooya lake. Whilst sitting on the lake the tranquility left us with a lasting memory of a wonderful experience."
review_0007fe1c2b3216a8645c4245,3,Views were amazing,"After being in Alaska for about a week, we were really looking forward to our float plane ride - as we had already seen so many fly by.  We had an absolutely perfect day for flying. We took a ride back from George's Inlet to the cruise boat.  Our pilot was grumpy and not personable.  He had the ability to communicate with us via headsets - but only told us a couple things.  I am not sure how long the ride typically is - but he certainly didn't make any detours.  It was a cool experience - but a bit disappointing.  Next time (I hope there is a next time) I am in Alaska, I will definitely take another float ride - but it won't be with Taquan."
review_07b74d25ca8cca39cb34a0be,3,Classic Misty Fjords Flightseeing Taquan Air - Rude Pilot Behavior,I did this excursion today on 06/20/2013 and I had a bad experience on this ride which I would like to share especially from the pilot of of our float plane.  First of all he tried to accommodate 6 people on the plane and I was asked to sit all the way in the back where there was no cushion for your back.  My back is still hurting.  Taquan air says guaranteed window seats but they do not tell you that their back seats do not have cushions on it.  The reason I did not create a fuss on the spot was because that was the last tour and my ship was leaving in 1 hour and there was no other tour available so us it as an advice and if you book it through Taquan air make sure to ask at the counter that they are not asking you to sit in the back.  I forgot the name of the pilot but he was the oldest pilot in their team and it was my bad luck that I had to fly with him.
review_6857382b853cc9b1e8671ff9,5,Best excursion we did in Alaska!,This was one of the best things we did in Alaska on our two week vacation! We did the Denali Flyer with Glacier Landing. Although our original flight was cancelled due to weather we were able to reschedule. It was incredible! The views from the air were stunning and the flight was so smooth. Landing on the glacier was like landing on the moon! It was other-worldly. We loved every minute of this! Would definitely do it again!
review_6e26cab593dc66b15f99cf0a,5,Don't miss this experience!,"My favorite excursion so far in Alaska! Pilot Lou flew a smooth flight and landing on the glacier. I learned so much about how the glaciers, mountains and waterways were formed. He's educated about the geology of the area and shared his knowledge with us, encouraging questions, and made sure both sides of the plane could view what he was describing.
Stepping onto a glacier was unreal! Stunning views, trip of a lifetime! And K2 Aviation even sent a shuttle to pick us up from our campground.
Very cool sweatshirts and tshirts in their gift shop too."
review_0f50928b644eab8e69fd4905,3,It could be more professional,"I need to reschedule the flight for 3 times because of Glacier Landing. When I asked a front desk person, when was the last glacier landing, she did not able to answer me which is quite awkward whereas K2 Aviation giving advertisement always with Glacier landing. So I need to choose only Denali Grand tour without Glacier landing which is fine cause they can not land on hard ice or weather contsraints. However, as a Company they should have keep the statistics or records when was the last glacier landing or the ideal time of Glacier landing chances so customer can plan accordingly.

The grand tour was good but it would be nicer if the pilot would narrate the navigation during fly as it was depicted on their website pages how would be the navigation and what mountains and peaks would be covered as well as an handly print out of this navigation so customer can enjoy the total journey fully instead of just seeing white glaciers from the top."
review_2323283c585daf50d725d5e4,5,Incredible flight,"Exceptional flight! Thanks to the pilot Matt extra and so nice...full of explanations 
We keep an unforgettable memory"
review_4a193749e12297241be1dc4e,5,Everett forever,"Big big thanks to Everett at the office, a nice person who is always open to help tourists.
Fantastic flight moment with Devin who proposed us a very safety and magical discovering of the Canyon. We were so confident with him.
Thank you very much to the Maverick team, very happy to share such an experience with a professional team like you."
review_a6ad668389d1d7c4c1ecda23,5,Brilliant Views of the Canyon,"We went on the Canyon Spirit ride and I'd say it was the best way to see the Grand Canyon. It's hard to imagine another way to so fully appreciate the size of the canyon, and our pilot was able to point out a variety of interesting facts while answering questions throughout. It was also a pretty smooth flight, for anyone concerned about riding a helicopter."
review_e8603e3c4890b91887eed92a,3,No experience as trip never materialized.,"The trip was canceled due to bad weather on 13 Sep. 2022. The Helicopter company told us the refund would be made by the  TRIP ADVISOR.

Yet to receive a refund from TRIP ADVISOR."
review_6e1b32b84859070da88e0d06,5,"Awesome time, well worth the $$","Absolutely awesome!!!  My wife and I went back and forth over the cost and then we decided to just do it.  All of us loved it.  Kids had a blast.  The terminal/main building is very nice and it is a comfortable easy place to relax until your ride is ready.  Overall I couldn't recommend it more.  So worth the money.  Beautiful flight and unreal views.  The 45 minutes was just the right amount of time.  If you get motion sick easily, you may find the ride too much, but not people wouldn't be bothered at all."
review_41e89b2bd2015171811a3aad,5,Best way to see the canyon!,This is by far the best way to see the Grand Canyon!  Our pilot Eddie provided a detailed explanation of everything we were viewing and made the flight really enjoyable.  Great perspective for pictures.  Being able to see both the north and south rims as well as multiple views of the river(s) below was incredible.  Highly recommended!
review_03a8176b0cded4dbc878970a,5,DO THIS HELICOPTER TOUR!! You won’t regret it.,"Mavericks did a fantastic job from the time I made our reservation through to the after flight picture taking. They are extremely professional and have a very efficient and accurate system for reservations and disseminating information needed to prepare for the flight. The flight itself is spectacular. Our pilot, Daniel, pointed out interesting geological and historical places as we passed over them. He was an excellent pilot with a very reassuring manner to ease any trepidation first time flyers might have.
I’d give them 10 Stars if that were possible. DO THIS!!! It is so worth the money!!!"
review_5acad42fcb96595910c9a410,1,Booked seats they did not have!! So disappointing to completely miss out on this!,"Got a call a couple days before our flight saying we'd booked through a third party and our seats were actually not available.  WRONG.  We booked directly on Mavericks website and paid the retail price exactly so this would not happen, even scheduled at the very beginning of our 2 day trip in case something happened and a reschedule was necessary.  Well, after checking the lady confirmed indeed we had booked directly thru Maverick, but alas SORRY our seats are still were not available  and the only seating option was three days later AFTER we leave.  We set aside this relatively big chunk of money as the big special thing we were doing at the Grand Canyon.  Never got to even experience it.  So disappointing when you travel far from home..."
review_19d221a29f91600b819edc7d,5,Great tour!,This was well worth the cost! This is a great tour. The helicopter vantage is one that is impressive. The view was breathtaking.
review_3e1abc7ed002a345eb9524ce,4,Amazing Helicopter Flight with Papillon Grand Canyon Helicopter Tours at Tusayan,We had a good experience. It could have been more informational and valuable if our pilot was more interactive.
review_9773b7ee16f20be92466f8f1,5,Only Way,The views of the Grand Canyon along the stop offs are spectacular.  We did some hiking into the canyon which was awesome too. But the helicopter ride over the Grand Canyon is overwhelming!  I can empathize with people who say they cried at the first sight of it. The colors are spectacular!  The Little Colorado looked like Caribbean ocean running through the canyon. I highly recommend this tour. My six year old son cannot stop talking about it.
review_0f3f96f0d8ddde5849fdb605,1,THE FIRM LACKS INTEGRITY AND FOLLOW UP,"Never book with these people....  I made a reservation for September 30 and they said it was confirmed for Sept 23rd.  They never sent a confirmation, never got one and they called me to confirm on the same day a few minutes before the take off and are not going to change my reservation according to them....  If you have not read the other reviews you should do so, this place lacks follow up - lacks the desentcy of calling up and confirming.  I don t arrive to Las Vegas till Sept 27 --- Thus impossible to make the reservation on the 23rd.  DO NOT BOOK WITH THEM -----  DONT.... there are other better options."
review_df128e035c2e2f5109e3638c,5,Surreal -a must item on your bucket list!,My husband and I did this tour something we’ve wanted to do and are so happy we did it! The helicopter tour out of the Grand Canyon national park airport is the way to go. The views were breathtaking..It was an incredible experience and if you can do this in your life time you should! Our pilot was great and entertaining.
review_ed42ef9dc4fa813cfcacdfdb,5,Just WOW - An Experience Like No Other!,"My family of 4 did this tour last week and were beyond impressed.  We opted for Maverick because of their fleet of newer helicopters with ample windows spanning down to the floor in the front.  Navigation to the airport and check in was so easy, with a relaxing space and gift shop to wait prior to the flight.  We chose the 45 minute flight because I don't know when my next opportunity will arise to take a helicopter tour, and I didn't regret this small upgrade in price.  We saw so much yet 45 minutes passed by quite quickly.  We travelled with our 7 and 10 year old children and were placed in a private tour with no others, which was wonderful and we all had a fantastic view, I was in front with the two kids and my husband was behind the pilot next to the window.  Our pilot Mark was phenomenal; very skilled in flying, knowledgeable on the geography of the Grand Canyon, and entertaining.  At no point were we nervous, even my 7 year old son, it was a very calm and amazing experience.  I was actually more nervous just walking on the trails into the canyon later that day rather than flying high over the canyon itself.  We never would have seen the Colorado River and some of the formations without taking this tour.  The only thing I would have prepped my kids with prior is that we were assigned seats once we got outside to the helicopter (they were happy and luckily we had no issues) and that once we're flying, we had to talk via the headsets.  I could tell my son started getting a little frustrated because he couldn't follow all of the pilot's information pointed out, but I was able to tell him to just relax and enjoy, there is no quiz afterwards, and he was much better after that just soaking in the sights.  You can't see the Grand Canyon like this any other way, it's such a unique experience and was well worth it.  It is an experience my family will remember forever."
review_da9fe4b5f3a172a9954785e5,5,The best way to experience the Canyon,"Myf irst time in a helicopter. I was nrevous. Our pilot, Quincy, allayed all my fears with his quiet confidence and then very obvious expertise, 
It was a truly wonderful experience, absolutely te best way to experience the Canyon. It all passed too quickly.
I thoroughly recommend it"
review_bab9df7e8bd9919aeef4816d,2,Grand Canyon Helicopter Flight,"The Grand Canyon scenery was absolutely spectacular from the ground so we were expecting even better views from the helicopter flight over the Grand Canyon. However, unfortunately we were allocated middle back row seats and the views out of the windows were severely restricted. Those fortunate enough to have been allocated front row seats had unrestricted views. Seat allocation is determined by helicopter weight and balance requirements so you don’t get a choice where you are seated but you pay the same price.
In summary we did not consider back row middle seats were value for money and wished we had not bothered with the Helicopter Flight and spent more time enjoying the spectacular scenery on the ground."
review_782108ad97fa0d3252690e48,3,"Amazing flight over Grand Canyon, terrible service from office staff",Booked weeks in advance qhe wecwere at home on New Zealand. Acidently bookex yhe wrong mouth. Booked August 19 instead of September 19. Was not in US o  August 19. No refund from Maverick and rhus eas a sream trip. I could not disappoint my partner so rebooked and paid full price twice. Not impressed  at all with Maverick and their handling of this situation. Money hungry corporate.
review_bed38cb5492cc85e5a6942a8,1,Very disappointed,"If you are in the front you get a panoramic view of the canyon but in the back you get a panoramic view of the front passengers. Its very unfair that Maverick charge the same price whether you are in the front or the back of this helicopter. Very frustrating when three of the passengers are whooping with joy as they board..... As several reviewers have pointed out, if you are an average male you should expect to be in the rear seat and if you are in the middle dont expect to capture any decent photos. Sorry Maverick, but this is grossly unfair."
review_8de5093de03f104bbd286daa,5,Truly amazing,"If you're thinking of visiting the Grand Canyon this is not to be missed. I'm a nervous flyer so I was a little apprehensive about booking a helicopter flight but there was nothing to worry about. The initial part of the flight is over a woodland between the airport and the south rim, during this part of the flight the helicopter stays quite low to the ground which gives you time to get used to the idea of being in a helicopter before you get to the canyon edge and the once you get to the canyon there is so much to look at there isn't time to be nervous! There was also music on in the helicopter which really helped to calm my nerves. The pilot we had was named BJ and he was very chatty and helpful throughout the flight telling facts about the canyon and answering any questions we had. We took the 45 minute flight from the south rim and it was definitely a once in a lifetime experience, I don't believe there would be any better way of seeing the canyon! 

Just something to remember - Arizona is an hour in front of Nevada!  I know this is probably obvious to most people but being from a country which is all within 1 time zone we didn't think to check and it nearly caused us to miss our flight!"
review_ef54bc7bc3c4866c7f29937f,5,Great experience!,"Tour guide was energetic, informative and funny! Got to experience more than just VNP. Great experience! Worth the price."
review_f5ff83b24533166f9a04eddb,1,Lack of maintenance on planes and terrible customer service,"Terrible experience, don’t recommend. They schedule flights every 30 mins and don’t do maintenance between flights. When we arrived this super young pilot comes out in shorts and flip flops, barely talks to us (his name was Sergio). Once we were up in the air for 5 mins we hear him ask for permission for landing. I asked him why we were going back and he said “something was dirty in the motor but he couldn’t explain it in words I would understand”.  We arrived, he made us get off, and had us call customer service for a refund. Nobody gave us any explanations or apologies. Don’t waste your time here, find yourself a reputable company"
review_e19f4508602ecbfcd0a59754,5,Birthday Gift,"I really enjoyed the tour!! it was my mom's birthday gift
the tour was beyond my imagination and very affordable prices.
very nice gift and experience 
The best in the market
Eagles Air Tours are the best."
review_dea6554bb253c3a9200497a0,1,NEVER BOOK THIS TOUR!,Never book this tour! The tour didn‘t take place without notice! We stood infront of the company and we couldn’t fly WITHOUT any notice! The person on the phone was super unfriendly and hung up the phone on us.
review_b10746883a2b8480528b3cec,5,Great birthday gift!,"I booked this trip for my husband's birthday and I couldn't be happier! He loved the whole experience! Check in process was a breeze. Our pilot Sergio was very nice and gave us an amazing tour. We saw Palmetto bay, Coral Gables, South Beach and more! The best time to watch the sunset is 5:30pm-6:30pm. It was an exceptionally beautiful day and we took amazing pictures and videos. I would definitely book another trip in the future. A+"
review_300f9baf05912fc8f616fd90,4,"Timing issues, overall great experience!","We booked the private tour at 5:30. We got there at 4:45. (Booking says to get there 30 mins earlier.) When you get to the destination they have no office. They just get fuel from the major companies there. (I think) we waited for about 50 minutes. The pilot wasn’t there I think he was home when I called the company at around 5:25 to know what time he was going to be there. But once he got there he took us out pretty quick. Take off was good. Bit scary/ sketchy because the plane is pretty old. But the overall experience was great! The tour was so much fun, the young man was very informative. I enjoyed the time being in the air. (Was probably like 25-30 minutes.)  Would do again! Just hopefully their timing is better."
review_d0404a95bc0e1d80125e1421,5,Anniversary,Fully recommending everyone who want spend time in the sky with love of your life with glass of champagne. Great anniversary gift!
review_353636e7a5b2962a9d433033,5,Seriously Amazing,"Its really important to note that the weather is a huge constraint on this activity. My boyfriend and I booked the flightseeing tour with glacier landing months in advance with of course no idea the weather. We got extremely lucky being the day of our flightseeing tour, was the only day of our entire trip that had clear skies. The flight was amazing, pilot Phillip was so nice and informative. He even took some amazing photos of us in front of the plane. I get motion sickness pretty easy but this was not an issue for me. Before boarding the flight, I asked if I could sit up front and the pilot said yes saying ""its kind of a 'whoever asks first' can sit in the front"". The front seat is most definitely the best view but they navigate the plane in a way where everyone gets a chance to see everything. K2 made our experience super relaxing and stress free. We stayed right in Talkeetna so we just simply walked to K2 aviation and essentially walks on the plane."
review_867c2a2af7cf3033fc36828a,3,Good but needs improvement,We enjoyed the beautiful views of the glaciers. Was disappointed that our pilot didn't give us any narration or information about the history and geography of the land and we were unable to ask or communicate with him as mics were not active. He was a good pilot and friendly on the ground. His tour guiding skills had no interaction with the people after takeoff.
review_b27a5b6f0ee0a61ed67119b2,4,"I like over all, but with few exceptions.intolerable gasoline smell inside inside despite wearing mask .","Flight pilot didn't give full rules & regulations prior to departure.My wife  got up & switch seats  for better view & to avoid gasoline smell
Then the pilot raised his voice spoke to her very rudely Infront of all passengers.I understand his frustration because of federal aviation rules.but he didn't mention before boarding clearly.He should have mentioned nicely rather rudely."
review_f5f9cfcb1ff8c9e809596258,5,"Great tour, once in a lifetime awesomness",We took the flight tour with the mountain landing and it was one of the best vacation experiences we have ever had. The views on the Denali range and the national park were stunning. The crew was very professional and for us this is literally one of the best vacation decisions we have ever made.
review_4ed9789654d1231bc278b4e3,5,Incredible!,"Exceptional sights of majestic peaks and valleys.  Weather conditions did not permit viewing of Denali or the glacier landing.  But the sights afforded by the Ruth Glacier were simply incredible.  Must do activity, even if weather does not permit sighting of Denali from up close.

The staff of the company were super nice and helpful.  Our pilot was fantastic -- superb flyer and provided knowledgeable commentary.  The owner is a gem of a person.  We got to know her a little bit when she stepped in to drop us off at our hotel as her staff was incredibly busy (short staffed due to current COVID related issues)."
review_bbf12aaf52ffd1f8f514701a,5,Experience of a Lifetime,"This was the experience of a lifetime. By nature of their business, weather can play a role in their ability to provide their service. K2 was phenomenal at staying in communication with me when inclement conditions threatened our adventure. I am so thankful for the upfront, clear, and continued communication from the staff. Everyone was so professional and kind. Now, my flight tour of Denali was nothing short of amazing. Our pilot, Chris, was full of relevant facts and totally down to earth. It was a pleasure flying with him. Even though the planned flight couldn’t happen due to conditions, we we’re able to take an alternate flight, and Chris made sure it was worth our time and money. Seeing Denali from on top of the clouds was a once in a lifetime opportunity. I hope I get to go back someday, and if I don’t, no regrets. K2 and Chris gave us a phenomenal experience, so good that even my young adult children who are impossible to impress were blown away."
review_4f85017b72dc884c2686a906,5,Flight to Denali,"Matt was a great pilot and seemed to know the Otter we were flying in. The weather could have been better but I could still see how massive Denali was close up. It was a great experience and I'd definitely do it again. The hosting center at Tolkeetna airport is spacious, new, comfortable with plenty of bathrooms."
review_371d97ab086d05f4b8dd720f,5,Fantastic Flight!,"We had a wonderful family flightseeing trip with K2. Much to our and our kids' disappointment, our morning flight was initially cancelled because of smoke from forest fires. But K2 managed to squeeze us in on a flightseeing tour with a glacier landing a few hours later, and it was the highlight of our trip for my teen and tween daughters! Our pilot patiently answered my nine-year-old's questions on the flight and took terrific pictures of us on the glacier. Great trip and great staff!"
review_e2845ef5222541befc6c35f8,5,The peak of our Alaska trip,"We were lucky in our private flight over Denali to have clear skies, and it was the most incredible experience of our Alaska vacation.  There’s no way to describe it in words.  Our pilot was very communicative and informative."
review_83fe4d7e7dc015a14d52be74,5,Magnificent!,"The entire experience was beyond our wildest expectations.  Stan, the pilot, and the K2 office staff were very kind and helpful.  The flight scenery is hard to convey with words...Spectacular, awesome, breath taking, larger than life are the first words that come to mind and I could go on forever. Landing on a glacier, high up on Denali itself was an unforgettable and immeasurable experience.  I assure you my review does not even come close to capturing the grandeur of the experience!"
review_a56c790aee69c2829442e4c8,5,Worth every penny,"Best experience of my trip. Daniel was our pilot. He was just as excited as the rest of us. Before we took off, the whole staff was informing us that the clouds were coming in and we might not get to land on the glacier. On the flight up Daniel was telling us what we were seeing and saying he was still hopeful for a landing. Turns out the clouds weren't as bad as they thought and we got to land. He helped us take pictures, pointed out mountains and shared tales. Overall K2 is the only flight company I would trust flying with. Everyone we met seemed to love their job and it makes you feel relaxed seeing that."
review_02b014d08d902c0147918b81,5,Flight with glacier landing.,Awesome time. Most unbelievable thing you have ever seen. Pilot was awesome and had tons of knowledge about the area. Was a smooth process from start to finish. Will 100% fly with them again next time we are up this way.
review_38eecdc173deef13e67fc314,2,Bit disappointed.,"The pilot was nice and informative. However, I was bit disappointed because the weather was not that great. However, they showed us video of snow mountains that we would see   just before the flight. We purchased the trip and when we go up we didn't see any snow mountains at all. We saw green mountains of denali national park. This kind of view one can get from regular plan. We spent $200 to see this ? I would have appreciated if canceled the flight or told us upfront that we WON'T see snow mountains. When I talked to the lady there she was not responsive. I am sure they have good trips when whether is nice but there is no need to give us trips that are worth it."
review_f32161287cbdcd87c87a048a,2,Poor Communication,"Heads up for people booking with K2.  They are eager to book (W/ Glacier Landing) any one of 4 Denali flightseeing trips.  The problem is when you get there (in our case after a 2 1/2 hour drive from Anchorage) they tell you that the weather won't allow us to do the flight you scheduled but they can fit us on one we didn't schedule and, there will be no Glacier landing.  Upon further inspection we find out the real issue was.   1) our flight was not full and there were miraculously 2 seats left on the flight we were offered.  2) the pilot said it has been ""over 2 weeks"" since they did a Glacier landing.  I would have rated this a 4 if they would have told us at any point before arrival of the change.  I would have rated a 5 if they would have been truthful about Glacier landing.  Felt like bait and switch."
review_5fdb3a60ad9ea663161e0520,5,really fun - these folks are pros,"Had a wonderful tour with a Glacier landing and highly recommend this to anyone who wants to see Denali as the views from the ground are fleeting.  Captain Chip was skillful and informative, everything about the K 2 operation was top flight - no pun intended,"
review_9406c0f7b673118b01c4a820,5,Flight  up Denali to glacier landing,"This is the second time I have made the trip..and it's an approxinately 1.50 hour trip of absolute wonder. We landed approx 11,000 ft. I really can't express the sheer joy of seeing the inside of  of the mountain and the many glaciers..not something you can see from the ground. So unless you are an extreme skier or mountaineer this is the best it gets.K2 pilots are fantastic and extremely knowledgeable"
review_26ab44db3f0b749f3156aee3,5,Spectacular flight,We took an afternoon flight over Denali with our pilot Chris. He was so knowledgeable and explained everything about what to expect on our flight. I had total confidence in him and was 100% certain We would have a successful flight. He explained what we were seeing In Detail and answered all our questions. You can't go wrong with K2. Everyone we asked in town recommended them.  I wished the flight could have lasted longer but we only signed up for the 1hr 15 min flight. I would suggest if you can land on the glacier. We will definitely do that next time.
review_606c51f8ee10965aa9c59bca,4,A must do,"We did this as a spur of the moment thing, and as it was a nice day we are glad that we did. The views and scenery were spectacular and the view to Mt McKinley was amazing. We booked it as a walk up and it was $180 pp. the pilot was fun and friendly and was a decision we are glad we made. Must do."
review_a261345648e411dbe1e79210,5,Great flight with outstanding pilot Chip.,"My husband and I took the flight with glacier landing.I am afraid to fly but the flight and landings were so smooth. The pilot  CHIP SONN was so friendly and knowledgeable, he really took the whole experience to the next level."
review_a59dc67812b2608297900b5b,4,The only way to see Mt. McKinley,A really great way to see Mt. McKinley.   We were blessed with clear skies and a great pilot.   Incredible views of one of God's greatest creations.
review_52acbf242c938fb33187635a,5,Finally gor to see Mt. McKinley!!,"This was my second time flying with K2 Aviantion. Both flights were amazing and totally different experiences. Our trip this year we finally got to see Mt. McKinley and it was breathtaking! Saw a ton of glaciers, some moose, mountians everywhere and a knowledgable pilot! Over all I highly recommend K2 Aviation and look forward to flying with them again on a return visit to Alaksa!"
review_683e95f01306eac2d85eff49,5,Breathtaking!,"It has always been my dream to take a flight seeing tour with a glacier landing and man-oh-man did K2 deliver!  We had a gorgeous clear day to see Mt McKinley in all its glory.  K2 is a top notch company.  Tour left on time, pilot was great- smooth sailing and smooth landings as well.  My sister was a little bit apprehensive about the flight in such a small plane but she was pleasantly surprised that it was not an issue at all.  Can't wait to go back and have this experience again."
review_14fb1c381a6cd986fd64e61c,5,We never got our flight in but I would recommend them based on safety!!,We spent two days in Talkeetna hoping to do a flight around Mt. Mckinley and do the glacier landing.  From the time I made reservations (months in advance) I was completely impressed with the professionalism of this company.  Due to weather we were unable to make the flight and although they tried to reschedule us when the weather cleared we were unable to stay in the area another day.  We had a fully packed schedule while visiting multiple cities so our time in Talkeetna was limited.  Those that came off the plane while we were in the building had rave reviews of the flight.  We went through the check in process which was extremely easy and when our flight ended up not going out they refunded our deposit.  I can tell safety is there top concern and that says it all.  If planning a trip to Talkeetna put in enough time to be able to schedule another flight incase you don't get out on the originally scheduled one.
review_2e2fd5b9ad85c6bccb8fcda5,4,McKinley Airplane Tour,"Very enjoyable in an 8-seater plane allowing everyone to have a window seat.  Views of McKinley and the Glacier were amazing.  The pilot did a great job providing information, which made the flight even more interesting.  This is a wonderful company (with shuttle service) to see the glaciers by air."
review_b3ad77a1bb49a5eb337a6bd2,5,Fantastic,"We were blessed with a clear blue sky and a unlimited viewing of the ice fields and mountains in Denali. The pilot was gracious and accomplished. We had a glacier landing which was smooth and memorable.  The pilot even took pictures of us and did a great job describing the mountains and glaciers we viewed. It was the highlight of a wonderful trip to Alaska and if you can fit in a flight seeing tour by every means, do so. It will never be forgotten."
review_af08902c4c1b7326756e9e93,2,Nice views of Mckinley however Rude Pilot,"In a nutshell, the views of Mckinley were stunning however the pilot, a gentleman from Pennsylvania, exhibited the height of rudeness. And no, I'm not misunderstood. He was blatantly rude. The flight itself was very nice and to his credit, he gave all information about the mountain and surroundings. However he didn't like being interrupted during the flight (hello.... we had booked the flight therefore within reason, we could ask questions if we wanted); He didn't like our kids interrupting him either. Basically he made us very uncomfortable during the flight to the point where we just wanted the flight to be over and done with.  Not sure whether the reason for this was our non-caucasian origin. At the end of the flight, he didn't even have the decency to say goodbye and went about doing his own stuff with the airplane. We could see other pilots escorting their customers right upto the office however our pilot was simply not interested. My wife also observed this behaviour. I will certainly not recommend K2 due to this extremely uncomfortable experience due to the pilot's very obvious rude behaviour. At one point during the flight our 6 year old daughter who was sitting behind the pilot's seat ACCIDENTLY kicked his chair and he gave her a nasty look. We were like ""she's a kid for god sake"". 

At the end of the trip, my wife and I kept asking ourselves what the reason for his rude behaviour could have been. Unfortunately we couldn't find an answer. We really couldn't have done anything to get him this upset. 

To summarize, Mckinley views were unbvelievable however K2 pilot certainly didn't have any people skills. He needs to be more patient and show more tolerance towards non-caucasian folks."
review_3d455acb96b23304d8dd0f88,5,A flight that I will never forget,"We were traveling in Alaska for about 1.5 weeks in September of 2011.  We knew that we would have to be flexible with the weather but we were hopeful things would work out.  At the start of the trip we had to cancel some water events on the coast due to rain and wind.  We had a chance to visit the Denali state park and had a great time on the Tundra Wilderness Tour.  We had not gotten a view of Mt. McKinley but also understood that only 30% of people get to see the mountain so we enjoyed our visit in the park and the animals that got to see.  Heading south to Talkeetna we were amazed to see the clouds clear up and Mount McKinley finally show.  We had a flight schedule with K2 Aviation the next morning but we knew that by then it might be back in the clouds.  We gave K2 Aviation a call and they were very helpful in letting us move our trip time.

They came to pick us up at the hotel and we found that four others were also scheduled for next day and moved their time.  As we now had a total of seven people going they sent us up in a twin prop plane.  The plane was in great shape and comfortable.  We took off and had the just the best flight.  The pilot gave us some great narrative on the mountain and what we were seeing.  The air was so smooth and the plan really quick.  We were at the mountain within 15 minutes and flew around the mountain for at least 35 minutes.  No matter which way you looked it was just amazing.  I consider this one of the best events of the trip.  If you are in the area and the weather breaks you really need to look K2 Aviation up and take a flight with them.  The memories will last a lifetime."
review_f1afb11c14a20df3c0e654e1,5,"K2 Aviation: ""Wow"" Is All We Can Say!","All I can say is GO. And K2 is the company to GO with.
That's our experience. And what an experience it was...

If you have the means and the wherewithall to
afford this trip, it is worth every penny and K2
is the company to fly with. The trip is expensive for sure.
but what the heck... You only live once. You'll never have an experience
like this again. Denali at 20,000 feet. It is the grandest adventure beyond your wildest
dreams.

I don't have the luxury of comparing K2 Aviation with other
flight comapnies in the area.

But I can share with you, this IS the trip of a liftetime,
an incredible memory that you will always remember.

We selected the two hour Denali Grand Tour, and believe me, it was
worth it.

The K2 Staff is incredibly relaxed, courteous, and well organized.
They are certainly willing to spend time with you via email, over the phone,
or in person answering all your questions and addressing your concerns.
They are a great crew.

We traveled with them on Wednesday June 8, at 1PM. Tony was our pilot.
There were a lot of people flying that day at different times.

The weather in Alaska is tricky and constantly changing. The weather on Denali
even more so, as the mountain makes it's own weather. The pilots and the company itself, are very attuned to the constantly changing weather conditions. If in doubt, they simply won't fly. Period. The safety of their customers has the highest importance.

There had been rain in the area for several days prior to our trip, and the day we flew,
it was partly sunny with some low lying clouds. So weather was a possible concern.

We took off right on time. Once we got above the clouds our views were unimpeded and they were just stunning. Words simply cannot describe the jaw dropping majesty of this flight. You'd have to see our photos and High Definition videos to comprehend this.

The Glacier landing was spectacular! At that elevation the sun was very strong.  The air was cold, but not terribly so. Would suggest bringing gloves and some good sunblock.

Tony, our pilot, carefully watched an ominous low hanging cloud just over the peak. He stated that if he gave the signal, we had to board immediately and make a hasty retreat, adding to the drama of the trip. But that ominous cloud never brought any dramatic, sudden weather changes to our location. We spent probably 20-25 minutes on the Glacier and took tons of photos. It was incredible.

The return trip back to base was beautiful. The flight, smooth all the way, and not rushed.
Tony's narration throughout the flight was very complete and informative.

Yes, this is expensive. But you'll never have an opportunity like this again.

We loved our K2 experience!"
review_767bec68b932ffbf60702af0,5,First Class!,"We booked months prior to our trip to Alaska. I called to make the reservations, and they couldn't have been nicer! The day of our flight was finally here and we were excited. When we arrived for check in, they were extremely honest, that the weather was deteriorating, and they could not fly the flight we had booked. They offered an alternate flight for a reduced rate but were very honest of what we would or would not be able to see. They gave us a choice of a full refund or this alternate flight. We chose a refund, which they processed immediately. Their care of customers is unmatched! Kudos!"
review_b000df598ef420c3db6a55b4,5,Joined the 30% Club,"We did a Denali explorer flight seeing tour with glacier landing on July 5.  I had originally had this excursion booked for three weeks prior to this date, but I came down with covid and couldn't go on the cruise. We moved the cruise to a later date and I called Talkeetna Air Taxi to tell them and to ask if I could switch the excursion to the new date on my cruise and they were so helpful and understanding and made the change with no problem. I really appreciate how flexible and accommodating they were in this uncertain travel time that we are living in with Covid. When we arrived in Talkeetna we were asked to wait in front of a store on Main Street until we were picked up by one of their shuttle vans and brought to their office at the airfield. Once there we checked in, got our boot covers and waited for our flight time. We could see the plane that we were going to go up in and they were doing a last minute cleaning to it. Wiping down the windows to make sure everyone had a perfect view for pictures, which I thought was a nice touch. Finally our group was called to head to our plane where we met our pilot (I can’t remember his name, but he was from New Zealand and he was fantastic!). He went over the necessary safety information and then asked if anyone wanted to sit in the cockpit seat and of course I volunteered. That was the best decision, I got such amazing photos from up there which were unobstructed by the wings of the plane. We had a surprisingly clear day, we had even seen the mountain in her entirety from the ground so the pilot said we would have exceptional views once up at the mountain and boy was he right. There’s nothing that can compare to seeing the enormity and majesty of the range and that mountain up close. The pilot flew all around and switched directions so that both sides of the plane could get views of everything. He kept up a nice steady commentary of what we were seeing and interesting facts. Then it was time to land on the glacier. Our pilot picked Ruth Glacier to land because he said he liked the views from there better and I have to agree after seeing some of the other glacier landing sites that other pilots were using he was right. We were on the glacier for about 20 minutes to take photos, have a snowball fight, and just appreciate the beauty around us. He took photos of each family group with the plane, the mountain etc. I’m usually really picky about my photos and end up deleting most of them but I was pleasantly surprised with how perfect the photos he took were! We loaded back up in the plane and headed back to the airport. The whole ride was smooth with very little turbulence. Everyone that we met at Talkeetna Air Taxi was friendly and helpful. They are extremely professional and most importantly safe. Their equipment is maintained nicely. I can’t recommend this company enough."
review_4af2d9822d8f9626565e416d,5,Best Tour Ever!,"Wow!!! This was an AMAZING adventure for our whole family!  It was our daughter’s 16th birthday trip and what a fantastic way to see Denali. Everything about the flight was even better than we had hoped.  Our pilot, Leanne, was so kind and friendly and told us so many cool things about Alaska and the beautiful scenery and mountain exploration. She made the whole tour fun and exciting! The glacier landing was epic!  We all loved every minute of our time. Then on the flight back our daughter got to sit up front as “co-pilot”!  We couldn’t have asked for a better adventure for our family.  Would recommend this tour to anyone. Better than 5 stars! ⭐️⭐️⭐️⭐️⭐️+"
review_5a026e7a079885b0a8041d9e,4,Great experience,"My husband and I booked the grand Denali tour. We were lucky, the weather was good. And we got very good views, total ride time was 2 hrs. And we were on the glacier for about 20 minutes. I would say it’s worth the amount, it’s a good memory for us."
review_e8dd7bda2152a71502ffa8b8,5,Unforgettable Experience!,"Leann gave us a memorable trip around Denali complete with a glacier landing in Don Sheldon Amphitheater.  Sunny, warm, awe inspiring trip!  Tasted some glacier ice.

The entire staff was extremely friendly, knowledgeable and helpful!  It is  a great team.  The entire experience was top notch!
Thank you for a memorable morning at the foot of Denali"
review_af98c8cc4e2124c9b58818f6,5,Indescribable,"We did the Grand Denali tour with a glacier landing on a cold, rainy Sunday morning. Getting to the airport is easy, checking in was quick, and the prep fort he trip was simple. I believe Andy was our pilot. He was calm, clear, and made sure everyone in my party was comfortable (including my 30 year old sister and was white as a ghost because she doesn't like flying). The plane felt safe, and the actual flying part was smooth and relaxing. After the first 10 mins over the flat lands before the park, we went into a cloudy mountain range. But, the second we got past the first row of mountain, it was breathtaking. He may not want me saying this, but my father actually cried during the flight because of the beauty. Words cannot do this justice. After flying around the range, we landed on a glacier (very smooth and easy landing and take-off). That experience of being on, taking a bathroom break on, and eating of the glacier was surreal. I would say it is a must if you're doing this tour. We then took off and flew back to Talkeetna with no issues at all.

This was out first day in Alaska out of 14 total days. And while everything in Alaska was amazing, nothing beat this (and that sentiment includes my sister who is fearful of flying). There is no way I would send someone to Alaska without forcing them to do this tour. If you do not do this, you are missing out on a truly once of a lifetime experience (unless you are one of the pilots, who get to do this amazing thing every single day)."
review_9a6426dc1c3d9f04489aec57,3,Professional but not personal,"We chose this company to do a flightseeing tour of Denali with glacier 
landing. They were very professsional, prompt in their responses when arranging the tour. I had no doubts as to the competence of our pilot. Plane was small and views were wonderful. I was disappointed at the overall blasé attitude of the pilot. I realize that these pilots probably do this four times a day and I am grateful for the technical expertise, but for us it was a “once in a lifetime trip” . It would have been awesome to have a briefing of what we were going to see in and in what order right before we took off. Since this experience was very foreign to us, a 3D ground model so we could orient and have perspective would have been perfect. Also, a  more animated clear narration while in the air would also have been good.  At the end of it all I was left with the impression that this company knows their stuff and is technically very good, but they did not show any level of enthusiasm for what they do. I would not use them again if another reliable option is available"
review_b4e21de5e1f75713d8c046cc,5,Spectacular views from above.,The flight had beautiful views of the Alaskan mountains including Denali.  It really helped us to understand how massive the area is and how small we are in the grand skeem of things.
review_75cdb4112994bd19ab8118d1,1,Save money and go with some other company,"Worst experience compared to every other tour we did in Kauai and big islands, they started 30 minutes late than actual time which was 4.30 pm, thus it made us late for our plans after and due to sunset visibility was low, the tour was biased towards people sitting on right, i was on left side and hardly got views and that was for very short time and generally from far off, felt mislead by their advertising of all window seats, there was so much noise even with headphones on that one could hardly understand what pilot was saying.. not worth the money at all, the boat tour of napali was way better. Due to being late the tour was rushed. The planes were not in very good condition as well."
review_50d0c427181c796477638983,5,A highlight of our vacation!,"Must do!  There were three retired couples in our group and the plane was the perfect size.  Viewed all the highlights of the island with an excellent pilot who provided an interesting, informative narrative of the the island.  All of us were delighted with the trip.  All of the tour's employees were attentive, knowledgeable, and friendly.  A great experience!"
review_bea011d24dcf4997edde8188,5,A must do when you are on the Island!,"Great views to give you an overall impression of the island without trying to drive/hike everywhere! Our pilot ""Piper"" was an amazing lady - bubbly,informative, wrote down some turtle spotting tips for us afterward, and yet still professional in all her dealings with other aircraft and air traffic control. We felt a fixed wing plane outing was a better dollar value than the helicopter rides but with similar great views!  Definitely, worth the time and money."
review_08a1266019d5bdefaaae7598,5,Highly recommend going with this professional company,"So grateful for this tour. The company is incredibly professional. Due to weather conditions, our air tour was cut short and we didn’t see the Na Pali coast. However, what we did get to see was absolutely beautiful, and we are grateful for the experience. On top of that, the company give us a full refund because we didn’t see the Na Pali coast as advertised, which was so kind of them."
review_6bbc264bc4a808a43fe95ceb,3,It was ok.,"What we could see was very beautiful. Unfortunately, cloud cover prevented us from seeing any of the canyon as well as the ""Jurassic Park"" waterfalls. Since most of our family are huge Jurassic Park fans, seeing the falls was one of the main reasons I booked this tour. Our pilot, Mark, was excellent. He did his best to make sure we saw all that we could and that people on both sides of the plane could enjoy the views. Another drawback was the time issue. We arrived half an hour early as directed only to leave half an hour late. This tour is not something I would do again."
review_cee3f2a03829a94fe1a6a788,5,Wonderful!,Nate was a great pilot...full of friendliness and information.  He and Ray weren't sure it was a good enough day to fly in terms of views so they let us decide if we wanted to go which we did.  It turned out to be fabulous!  If this was a so-so day then I can't imagine what a good day would be.  The views were spectacular and we have memories to last a life time.  Thank you!
review_337148ea4fdca09d1b9bbdc9,5,Amazing sightseeing adventure,"We had a most beautiful flight with Nate . We were able to see the entire island from the sky. The weather cooperated and we had perfect views of many waterfalls,the canyon ,and the best sunny view of the Napali Coast one could have!Nate took us to the very top of the island and was able to fly into the actual crater that formed Kauia.We would HIGHLY suggest this plane tour to everyone !  Thanks to Jill for working with us and to Nate for his very enjoyable trip!  Definitely the highlight of our visit!  The OHIO group ."
review_2b9c272ff392f8ee6495f4ba,5,Worth it!,"It was an amazing, once-in-a-lifetime experience for me and my partner and we were so glad we chose to go with a plane instead of the helicopter tour. We were able to see all of the island on a cloudless day and the 1 hour spent in the air was just enough to go all the way around. Great pilot, very knowledgeable about the island and the ride was very smooth. If you are afraid of heights or prone to nausea, take a dramamine (gravol) tablet, but I was fine without it!"
review_6b1f41d7d9376e30f1be6051,5,Am-Plane-Azing Experience overall in less than 90 Minutes,"Initially we decided to skip the tour then we decided in the last minute. Called Air Ventures Hawaii and asked them availability they are amazing they give all possible choices that they can provide. Very responsive and very attentive (I think Trish). We took the private tour, Glad we took it. From the beginning our Pilot (Eric) was so amazing explaining everything about the island. Took us all over the island. He is really amazing went above and beyond the possibilities. Thank you Eric really appreciated for everything you showed us. I haven't been in helicopter ride, but glad we took this one. One more thing, we had one child and Eric was very attentive to everyone. Last but not least, you will have amazing view all around the plane.  100% would recommend."
review_4e12b4a1176793651a28a048,5,"Incredible company, outstanding pilot, breathtaking experience!","My husband and I visited Alaska for my first time in early August.  We knew we wanted to experience a fly over Denali National Park.  After researching the various tour operators offering this service, it was a no brainer to book with Talkeetna Air Taxi.  Not only were their Trip Advisor and Google reviews great, but what sold me was their policy to rebook or refund their tours.  The other companies had a much more rigid refund policy.  For those who have never traveled to Alaska, the weather changes daily and can be dramatic as well.  

We originally booked the Mountain Explorer with a Glacier landing for the first tour time of the day.  There are multiple tour times offered throughout the day, so if the visibility or weather cancels an earlier tour, it’s possible to book a later tour if there is availability.  We left the rest of the day open in our planning just in case.  

Unfortunately, the weather was not great on the day of our tour so they called us to tell us it was cancelled.  The rest of the tour times were cancelled as well.  But they offered to rebook us on the Mountain Explorer tour the next day without the glacier landing with a refund of the difference in pricing, so we rebooked it.

When we arrived for the 4pm tour time the next day, they actually booked us on the South Side Explorer with glacier landing and we still received a refund on the difference in price.  We were happy because we did want to have a glacier landing and we didn’t even ask, it was automatically done!  

Our pilot was Luke.  He was fantastic!  Super chill and greeted us wearing jeans and a t-shirt.  I actually sat in the first passenger seat behind the cockpit and watched him fly the plane.  It was fascinating.  Each seat of the plane had a headset with volume knobs on each ear.   Luke pointed out the names of the mountain formations as we soared around them.  It was magical!  Ruth glacier is huge and glorious in the air.  Unfortunately, Denali was hiding in the clouds but the views of the other mountains was spectacular.

The glacier landing was smooth.  We had plenty of time to walk on the glacier and take pictures.  It was worth every penny to have had the opportunity to do so.

Since we sat in the same seats on our return, Luke made sure to fly back the opposite direction so we could see the views we missed on the way up.  As we left the Denali mountain range, we could see views of the Talkeetna valley and various rivers which were breathtaking!  Smooth landing back at the airport.

Talkeetna Air Taxi is the best company for a fly over to Denali Park, hands down!"
review_020573619527477a45cf4db3,5,Excellent Must Do!!,"The company runs a first class business and all the staff is friendly and courteous as well as very professional! Luke, our pilot was excellent as he navigated the mountains and glaciers! He played relaxing music and he was very knowledgeable of the areas as he narrated the experience and kept us well informed of any maneuvers he was making so we would not be caught off guard.  Landing and stepping out onto a glacier was incredibly unbelievable with such magnificent views. This is a must do activity!!!"
review_942191570bc6c27e6f1ef0b4,1,I felt racially discriminated,"My experience was awful. The pilot literally ignored every sentence I had spoken and pretended like we were invisible. He was only friendly to another family that were on the plane with us and offered to take pictures for them and held conversations with them. Meanwhile, the only time he has spoken to us was to check people off before boarding. Through the entire flight, he had treated me and my mother as if we were invisible, not responding to a single thing we said, and did not even look in our direction. Conveniently, my mother and I were the only people of color on the aircraft. I was extremely disappointed at this and had went to the office to file a complaint immediately after we got off. Interestingly, he walked past me as I was talking to someone in  the office and, again, acted like I did not exist. It was an extremely unprofessional and outrageously offensive behavior for a tour company. It was humiliating and degrading. I would not recommend it to anyone I know and certainly would not return. I cannot believe I paid a lot of money to be treated like this."
review_772ff94294876fd4aa1756db,5,Denali Plane ride,Excellent company. All about safety. Great views. Smooth ride. Awesome pilot - Chris. We were unable to land on the glacier and a credit was already there.
review_50087c058cc38daa21b82926,5,"A must, words cannot express appropriately","We took this flight combined with “The Original Grand Canyon Jeep and Safari Tour.”  No words can appropriately describe this awe inspiring experience.  At one time I found myself with my hand over my heart or on my cheer just in amazement.  You listen to information and music with head phones, which adds to the experience.  The plane only holds 8 passengers, each with a phenomenal view.  Captain Jack was very friendly.   I cannot recommend this enough.  It is truly the best way to experience the Grand Canyon."
review_c39dc7379a12552fa62d8ddd,5,Professional and courteous company,"We booked the full package through Grand Canyon Scenic Airlines: air flight to the Canyon, helicopter trip into the Canyon and river ride, bus tour and Skywalk. The company was constantly professional and helpful. I had to change the dates of our trip twice following a knee injury and the telephone staff handled this perfectly. Unfortunately on the day of our trip temperatures at the base of the Canyon hit 47 degrees and the helicopter and boat trip had to be cancelled as it was too hot for the copters to gain the lift needed to take off. The ground staff were exceptionally professional and courteous and we were given a full refund on the unused portion."
review_54ae5b5d8364deffe47809c6,5,Great adventure for us!,"My husband and children (18,19) had a great time on this trip!  The early morning plane ride was terrific, and as we had read before, it’s best to sit on the left side of the plane for the best views!
  The off road driving in trucks to Antelope Canyon was pretty bumpy and dusty- but hey- you’re on an adventure! Our guide Patrick was amazing; a native to the area and extremely knowledgeable about every camera and phone camera! Got us the best pictures! A wonderful guide! 
 The boxed lunches came next, pretty good- only no specific time to eat them. We were starving since we’d been going since 6am and so we ate them on the bus ride to the raft place (even though they said no eating on the bus!) after the informal TSA check.      Our rafting guide, Jerod, was really terrific; super knowledgeable and kept all the younger kids on the boat engaged! The only thing I was disappointed in, was not wearing my bathing suit, as we had opportunity to get in the river, and I hadnt read it was going to be allowed. The rafting was super hot, but lemonade and water are provided, and he put the boat in the shady areas as much as possible when we were stationary hearing about the canyon. 
The walk up to the ptyroglyphs is eh, well, a few carvings on rock- not that impressive- but history I understand. Nice comfy AC  bus back.  Stop at gift store Ok too! Overall we loved the whole trip!"
review_45e52ad80d6513a8e9531767,4,Incredible experience best way to optimize your time,"I had a great experience visiting Grand Canyon with this company. They took us to Guano Point and Eagle point (with skywalk) in one day, also the flight was around Colorado River and Hoover Dam with incredible views. Highly recommended because my friends who did this trip from Las Vegas by driving themselves told me they spent a lot of time driving in bad highways stressed and they had to book a hotel inside the park to have time to visit it, nevertheless if you go by plane or helicopter you will arrive faster and enjoy one entire day with the best views of Grand Canyon. I Loved it!!"
review_812312f6cb44d7e3c4fdfa1b,5,Very Awe Inpiring Moment!,"Our family took a day/overnight trip from Vegas to South Rim of the GC and stayed in Valle.  We had booked the plane well in advance of our anticipated travel.  All I can say, is if you have been to the GC, but never viewed from air, this is a must do adventure!  A bird's eye view from above are just very inspiring.  Words/pictures can not explain how powerful.  The operators/pilots, etc. with Scenic Tours were awesome!  We all enjoyed the flight and learned a lot about the canyon as well."
review_d18422a17e8d2b9406c1af63,5,Best way to do the south rim from Vegas,"Grand Canyon airlines picked us up from the hotel, and took us to the Boulder airport, the company is ridiculously well organized and every thing went flawless, once we landed at the Grand Canyon airport Jerry, the bus driver/tour guide was great, and more than willing to help out with pictures. 
The flight was rough, but not the pilots fault, just a little plane and hot weather makes for a bumpy flight."
review_da8299d8fba78458a1318905,5,3 attraction in one!,"We did the Tour Adventure (this company provides a wide variety of Grand Canyon tours-- you have a lot of options depending on how much time and money you want to spend. However, I do think this particular tour option gives you the most ""bang for the buck"".) which included a plane ride over the Grand Canyon, a visit to Antelope Canyon, and a rafting trip down the Colorado through Glen Canyon. It takes the whole day (we had to be at the airport near the South Rim by 6 am and were returned there at about 6:00 pm) and is well worth it-- you get a great sense of the whole area. You see the Grand Canyon from above (which is a vaster, more expansive view than you get hiking in it-- a different way to see it than we had the day before), see the canyon walls from below as you raft down the river (though, this is through Glen Canyon, not the Grand Canyon-- rafting waters through the Glen Canyon are really calm while the waters through the Grand Canyon are rougher. This is the relaxed, scenic way to raft the river.) and the breathtaking interior of Upper Antelope Canyon which is open only by reserved tour (you can't just walk in yourself-- you have to have a guide). 
Everyone on this tour, from the pilot to the river guide to the bus driver who took us to our car at the end of the day, was enthusiastic and friendly. It was well run and well organized (and, even had well-timed bathroom breaks to accommodate the long day and the fact that, if it's hot, you'll want to drink a lot of water). The food provided was good-- overall, this is a nicely comprehensive day and a great trio of ways to experience the Grand Canyon and around."
review_71241e031e521f6c6963b901,5,"Do it, do it!! Incredible service and great tour!","I am terrified of flying and was really dreading the Grand Canyon tour.
 As we drove to Boulder airport I was becoming more and more terrified. As I walked into the airport a lovely lady who worked there greeted us and I started crying I was that scared. She was absolutely lovely she asked me if I am scared flying. I informed her I was and I was not sure if I could go ahead with it. She said this happens to a lot of people and if I go and check in and have a seat she will come back and have a chat with me.

After I checked in she came back, sat down next to me, explained that the plane is very safe, the pilots are fully qualified, if the conditions aren't safe they won't fly etc. She was so lovely, she gave me a hug and some vouchers for a free drink and a souvenir photo. I felt so much more at ease just by someone talking to me and I am SO glad I went through with it.

I did not get the lady's name during my mini meltdown but I thank her from the bottom of my heart. I did the tour on Saturday 5th October and arrived at the airport very early in the morning before sunrise.

We did the skywalk and had lunch overlooking the Grand Canyon. I was blown away. One of the true wonders of the world. No photos can do it justice."
review_53ff5143a41d862350d136a5,4,No Trip to Las Vegas Would Be Complete Without It,"Having booked a week in Las Vegas over the 4th July weekend, one of our top priorities was to get to see the Grand Canyon. We originally planned on hiring a car and driving there, but were put off by the lengthy drive and the idea of a whole day cooking together in the car !
Instead, we decided to look at our options for taking a flight over the Canyon. Taking our place in the human mass that ebbs and flows up and down the Strip, we were occasionally cornered by sales or timeshare agents trying to persuade us to part with more of our overdraft (!) in exchange for a variety of trips, shows and events. We quickly established that booking a flight through these agents was going to cost a minimum of $130 each (around £80 in real money) for a plane trip, and substantially more for a helicopter ride. We also learned the hard way, that it's sometimes difficult to extract yourself from the clutches of these agents, if they get even the slightest sniff of possibility that you might take your wallet or your credit card out. So if you intend speaking to them, you have to be prepared to walk away if you don't want what they're selling !

Once we'd established the 'ball-park' cost of a trip, we returned to our hotel and accessed the internet to compare prices direct. Keeping to our budget, we wanted a short plane ride which wouldn't take up all of our day. After some searching, we found GrandCanyonAirlines.com who have a broad spectrum of both helicopter and airplane options available. Their website is easy to use and their prices are far better than most. We booked 2 tickets online for $94 each (around £60), opting for the early morning (6am) flight. Be warned though - the website allows you to check flight availability for the next day but it doesn't tell you until AFTER you've made your selections, that you have to book at least 3 days in advance !?!?! So don't leave it until the end of your holiday to book in. Having negotiated this minor hurdle, we then discovered that our pick-up time would be at an ungodly 4am ! Not the easiest time in the morning to rise after a night of Mojitos and Margueritas ! !

Anyway, on the day, our pick-up was running 10 or 15 minutes late (no big deal) and after collecting four other couples, the drive to Boulder City airstrip took around 40 minutes. The set up there is pretty good and certainly better than I imagined it might be. They have a fairly new terminal building with a small coffee shop / gift store, and enough seating for most. Each passenger books in and is then weighed, to calculate distribution around the airplane cabin. This was particularly pleasing as it made a mockery of those who had raced off the bus to be first in line, shouldering children and elderly folk out of the way to get the best seats - I'm joking of course but there was a stampede to be first in line ! Outside on the apron were numerous helicopters and around the corner sat the airplanes. Lots of people were arriving from different places for a number of early flights. Unfortunately for us, only 4 of the 8 passengers booked on our plane had managed to drag themselves out of bed for the pick-up, and our flight was cancelled. This is something else to be wary of, although you have no control over it. If they don't have the minimum number on the day, the flight is scrubbed. We were offered alternative flights and chose to return next morning at a slightly later time (so we could get more sleep ! !).

Our pick-up next morning was more eventful - Running late again with another family already on the bus, we were then delayed a further 20 minutes at our hotel while we waited for members of said family to visit the restrooms !  What it is exactly that takes 20 minutes, I'll never know ! ! !  However, this is another drawback of these trips and you should be prepared for the possibility that your pick-up may run very late. It clearly caused some concern with those waiting further along the Strip to be collected. Nonetheless, we still arrived at Boulder in time so there was less time sitting around.

So to the flight. The plane was small and cosy with large viewing windows. The crew were very friendly and accommodating. We had headsets that alternated between playing an audio travel guide with useful information on the area, and a cheesy soundtrack that I reckon was taken from ""Blazing saddles"" !  The flight was nice and smooth (taking into account the odd airpocket that wouldn't constitute turbulence, but which still caused my other half to attempt to surgically remove my left bicep, using only her fingernails and her teeth ! !) And the Grand Canyon itself... What can I possibly say that far better writers than I, havn't already said...?  It was an experience we'll never forget. It was utterly magnificent. It's impossible to convey the sheer scale and magnitude and it was so humbling to fly over it, through it and around it. Driving to the rim would never have afforded such views, so taking the plane ride was money well spent. It was a fabulous journey which also took in the Hoover Dam and it's new road bridge, as well as Lake Mead.

Would we recommend Grand Canyon Airlines? Definitely. 
Would we fly with them again? Absolutely. In a helicopter next I think !
What should you take? Cameras, spare batteries and memory card, cash (for the coffee shop / gift store), sunglasses, water (it can get pretty stuffy if the bus is full)."
review_5bc1dd064ce1bf7325638ddb,1,Bad service and rude staff - Poorly organised and amateur,"A party of 4 of us took the Grand Voyager tour in June 2008. The cost for 4 people being nearly $1300. You would expect with that sort of price that your tour would be organise properly. The scenery was great but the tour was poorly organised. 

We enjoyed or scenic flight although the planes look very old and less than well kept. On arrival at the canyon rim we were delayed by 30 minutes on our helicopter tour to the base of the canyon and ended up standing in the 100 degree heat while we waited for the company to organise our flight to the base of the canyon. When we landed at the base of the canyon you are pointed in the general direction of the river and told to find your own way down to the boat which is about 500ft down a rock track - the whole way along people coming up were asking us the way back to the helicopter pad. No clear path or directions marked on the hazardous trail. 

The boat trip was not just that - no commentary to speak of - before returning you to the river bank and you are left to find your own way back up the hill. 

This part of tour was OK but it went all wrong when we returned to the canyon rim via helicopter. We were met at the heli pad by a young lady who passed us a ticket and told us to get on the bus and get off at the second stop - the ticket was our lunch ticket. Written on the top of the ticket was 12.30. No explanation was given that this was time we were to return from the canyon rim bus tour to catch our flight back. The ticket was our lunch ticket so we assumed it was our lunch time and had our lunch at 12.30 and returned to the airport by bus at 1.15. At this time we were told that we had missed our flight back and the next one was 4pm. We explained this would mean we would miss our shows that night and we were told in the shorted possible way by the company representative that was 'tough luck' and they would do nothing about. We explained we were not informed of our need to be back at 12.30pm and they could not care less - in fact the insolence and rudeness of the staff would have to be the worst i have ever encountered. It was not until we made quite a scene that the even tried to get us an earlier flight (to no avail) - customer service was sadly lacking. I have travelled all over the world and this is my 3rd time to the Grand Canyon and never have I enountered a poorly organised tour or service this bad - even in 3rd world countries. 

We were told that on our return on the 4pm flight that they would have a bus waiting to take us directly to our hotel so we could at least try to get to our show. When we returned on the flight this was not even organised. We were delayed another 30 minutes waiting for our bus. We missed our showtime  which meant we lost $520 worth of show tickets. 

On complaining to the company they simply refused to do anything about it  - I called customer service several times before I managed to get hold of them. When asked why they hadn't call back i was informed that as we were international tourists they were unable to call international cellular numbers. This meant that I wore the cost of the calls made to complain - a total of $67 worth of calls. So a tour that should have taken 6 to 8 hours actually took 11 hours and ended up costing us $587 more that the $1300 dollars it was supposed to.  A grand total of $1857 - I could have spent this is with another tour company who would provided us with personalised professional service. 

You would have to be insane to trust your money, time and safety to them to professionally conduct a tour. I am one very unhappy customer as are my travelling companions. Unfortunately the company have my money and I have no way of getting it back. Try a different company - not Papillon thats the same organisation."
review_c42ba42468c6eebef97f3663,5,Flight over Misty Fjords,This was the highlight of our Alaskan cruise vacation as far as I'm concerned. The entire staff could not have been more pleasant.   Flying over Misty Fjords was simply magical.  The landscape was so unique and IMHO is best appreciated from the air.  We even landed on a small lake and were allowed to stop outside of the plan on the pontoons.  The music just added to the experience.  Thank you all for such a great memory!
review_6342f02236b5c440463f7a38,5,Amazing experience,This was a last minute booking when we arrived in Ketchikan on our cruise. It exceeded every expectation we had. Absolutely amazing and our pilot was fabulous. Loved the dogs at the dock too!
review_30ccaf6bc2fd2b6926aa389d,5,The Highlight of our Alaska Cruise,"Seaplane tour was an amazing way to experience the beauty of Misty Fjords! Scenery was stunning throughout the flight. Landing on a lake with the chance to get out on a small lake was a true highlight. Seawind also coordinated with us on our flight time since or cruise ship arrived late, picked us up at the NCL Ward Cove dock, dropped us in Ketchikan after the tour, and later took us back to the ship. They were also easy to get a hold of via phone."
review_351247b5823eb714bd001af5,4,Fun but nauseating.,Super fun. Beautiful sights. No bears seen though a different group saw. Half way both us got nauseous. Take dramamine. Other than that it was great.
review_7bf3c13d8543ec467282785d,4,Misty Fjords tour,"The tour was awesome, great views of inner Alaska, the float plane was awesome, our pilot seemed bothered when we would ask a few questions, glad he knew how to fly the plane."
review_cd27921d3895fc595fd53af3,5,Amazing views and landings,"We so enjoyed this adventure.  It was a partly cloudy day but once in the fjords, there was a beautiful mist of clouds running through them.  The pilot had great commentary on the fjords and the background music was very peaceful and perfect for the setting. The landings were so smooth we almost couldn't tell when the plane was on the water! There was a little turbulence in the air but not so much that it made anyone sick and one in our group was prone to the that. We all loved the views and the ride!"
review_b4bead6114e21d906db86f66,4,Misty Fjords tour,"Generally had a wonderful time.  There was clearly a miscommunication with our pickup and I had to call them to see where they were, we were picked up about 30-45 min late and then had to wait a bit when we got to the dock so that got a little frustrating.  Fortunately we had enough time in port that it wasn't really an issue, just an inconvenience.  But the flight itself was wonderful, nice and smooth which was good because I'm a little nervous on small planes.  But Steve was an excellent pilot, he even banked and turned around so show us a bear on a logging road.  We landed on a dock in the middle of the one of the lakes which was very picturesque.  My daughter got a little airsick and Steve was even willing to fly us to another spot if needed so she could, uh, take care of business with no one else around.  Wasn't necessary but appreciated the thought!  We had ""misty"" weather which was very appropriate!  Overall a fantastic experience!"
review_417440d433c62ab1d44cb99c,5,Alaska Friends,"This was a last minute decision we made and we are ""so happy"" that we did fly with Seawind Aviation! The scenery and views were spectacular! The pilot was so nice and the staff including the shuttle driver went the extra mile in helpfulness and showed their generosity by celebrating our anniversary with complimentary ""Alaska Beers"" ! What a Great Time and Great Memories!
Thanks Seawind!"
review_f71dcbf52b93eb6e5b772372,5,Outstanding service and very accommodating.,"It was such a pleasure dealing with Lesley. We were group of 14 and the entire flightseeing tour of Misty Fjords was flawless. Everybody at SeaWind  Aviation are very friendly and accommodating. Special thanks to Steve, Ginger and of course Lesley."
review_ff7d45e6c2089a81ec29f19b,5,Create the memory of a lifetime,"We could not have been happier or more impressed with this family-run company. Completely professional from the pick-up point at our cruise dock to dropping us off again at the restaurant of our choosing after the flight, Steve and Lesley also set our minds at ease with their friendly and personal attention prior to boarding the sea plane. The flight itself was spectacular with sights that pictures simply cannot do justice and the chance to spend some quiet moments on a small island in what must be one of the most pristine and beautiful places on the planet is beyond words. We would highly recommend using them to help create the memory of a lifetime!"
review_e4cd1a8f00e8148f6f1f053c,5,"SeaWind Aviation, Ketchikan Alaska - Great Trip","In August 2011, my husband and I had the opportunity to go on a float plane trip to Misty Fjords.  We chose SeaWind Aviation for our trip.  The company is family owned and do a 100% professional job.  
Steve and Lesley Kamm are the owners.  Lesley was great to work with over the phone when making our reservations.  Steve is the pilot and he took us on a wonderful trip to Misty Fjords.  He lands the plane on a lake and everyone gets out to spend some time in the middle of nowhere...with the most beautiful scenery you can imagine.  Steve is very knowledgeable and gives a great tour.
I was a little nervous about going on a small plane, but once we got started I forgot all that and enjoyed the ride.  There is so much to see and such beautiful landscape, pictures just  don't do it justice.
Steve and Lesley do a wonderful job and we highly recommend their company.
I've added a few photos of our trip."
review_bc5587ba8b5a0ff184eedaa0,5,Absolutely amazing experience!!,"Steve is such a wonderful guy and a great pilot.  He has a great sense of humor and you can tell that he loves what he does!  He takes time to get to know the people on the flight and really makes the experience that much more enjoyable.  
We took the Misty Fjords tours and found Steve through a mutual friend.  The views are amazing and he does a great job explaining everything.  He is very knowledgeable.  Any of his tours are a MUST DO when in town!!"
review_9b9e6f556431a38c9b5abc2d,5,Perfect trip by plane!,"Everything was perfect!  The welcome made by a lovely lady and a very professional Jeff pilot, kind and reassuring. Competent as a pilot but also very knowledgeable throughout the entire plane trip.  A very well invested hour.  It is worth it because the landscapes are exceptional and spectacular. Thank you very much."
review_b35e4044551b93f5c155c9df,5,Excellent Tour,"This experience was fantastic.  You don't get a close to the mountains and waterfalls as you do with a helicopter, but the value for the cost can't be beat.  Aunt Jill and our pilot Kamaka were fantastic, and made the experience completely stress-free.  I highly recommend using Wings Over Kauai if you have a choice!"
review_10e68422b6a984d268d5ab67,5,Exactly the tour I wanted,"Exactly the tour I wanted - as a solo traveler got to sit in the right-hand seat with two other couples behind us - after departing the airport you do a (general) clockwise circle around the island affording plenty of opportunities to see Kipu Kai (the beach from the film ""Six Days and Seven Nights""),  the Jurassic Park waterfall & Hanapepe Valley, Wiamea Canyon & the Na Pali Coastline, and Hanalei Bay. Our pilot was very competent and very knowledgeable - turning the aircraft to allow views of everything regardless of the side of the plane where you're seating. Highly recommended."
review_a656c6b756028f860463f7a4,5,No better way to see Kauai!,"What an amazing way to see the beautiful Garden Island! Our pilot/instructor/guide, Jacob, let me fly while my wife did the photos from the back seat. We explored the whole island from the air which gave us a great preview of all the fun activities we were going to do the rest of our visit. He even gave us some tips for beautiful hikes we could take and he was totally right!

A huge highlight was spotting humpbacks and flying over to see them up close. That was so cool!

Setting up the tour was easy and the customer support by Ellen was top notch. She was very communicative and helped me make sure we'd make the absolute most of our trip. I highly recommend this as a great way to start your Kauai visit, but really is excellent any time."
review_8fc519c90267d549394edbcc,5,Wings Over Kauai Rocks!,"We had an absolutely amazing experience with Wings Over Kauai. They were very prompt in their responses right from the time of booking till end of flight. The staff was warm and extremely friendly. 

We booked a van for 6 of us and it was like our own private charter. We also got discount for booking early. 

Their pilot was experienced, knowledgeable and did an awesome job with the flight take off, landing and also maneuvering flight during turbulence. We felt extremely safe during the entire time and got to know a lot about Kauai during the flight.  He was very patient and we never felt rushed during the entire flight.

I would definitely recommend Wings Over Kauai for best flight experience in Kauai. The flight was much better than helicopter, as each passenger had a window seat to enjoy breathtaking views of the beautiful island of Kauai."
review_5af0aa2ddab59ab12c933bdc,5,Great way to start your visit and get to know beautiful Kauai,"Everything about our flight was spectacular. Marcus is not only an excellent pilot, he shares information that is helpful in making your activities more informed. We highly recommend that you also purchase the dvd of your flight that is done very professionally to share with those you love and to revisit your experience. Gina was very kind and helpful in the office. Our flight was at 1 pm and it wasn’t the perfect time for photography of the Napali coast due to sun glare. A bit of Photoshopping” helped remedy. We saw some beautiful double rainbows. You can’t get as close to the falls as a helicopter would, but the lesser cost is something to consider."
review_00deb5b5ce64791d3809151f,5,Really the best way to see Kauai by air,"From check in to touch down, Wings Over Kauai was a highlight of our Hawaiian vacation (October 2019). It felt more “personal” than other helicopter tours we looked at. Being the only couple on board, we really got to know Bruce the pilot. Aside from being skilled and personable, Bruce had an answer to any question we threw at him. You had the sense that this was not just a job, but a passion - sharing his love for the island. Treat yourself to unforgettable views and book a tour."
review_c3f460d4aaa80dae038e0054,5,Excellent way to see Kauai,"We are a group of 6 ladies from all over who met in Hawaii yo celebrate 2 of our 50th birthdays.
We included Kauai on our itinerary to see the Na Pali trail only to discover it has been closed for over a year.
We looked into options to see it from the sea or air and founds these guys and are so glad we did. The price point was great cheaper than a helicopter and not so noisy.
Bruce was a lovely fella so calm and caring about those on our party who were motion sick.

Can’t recommend highly enough."
review_1abcbc85e601f91ee16e3669,5,Highlight of Our Vacation!,"The Wings Over Kauai staff was so helpful from the start. Our first reservation was for the private air tour for 2 on a Cessna. That trip was cancelled so they rebooked us for the air van with 2 other guests on the next morning. It was a lucky change. The weather was perfectly clear. Best part of our flight besides the indescribable awesome beauty of the views, was our pilot Marcus. He was very knowledgeable about all aspects of the island. The flight was calm and smooth.
Marcus took time to spot whales and flew us over a mother whale with her calf and and an escort. Amazing! I highly recommend this company due to the excellent service from the staff. We will be back for a flight the next time!"
review_dd13be75c4e20e2ce06840f8,5,Amazing Tour.. Highly Recommend,"We did the private 2 person Pali Mist Air tour and it was fantastic.  The best thing we did on our trip was to book this tour.  Bruce and Val are amazing.  Bruce was a wonderful pilot.  We had a great flight and learned so much about the island in the process- not to mention the views of the Napali Coast, Wemeia Canyon and all the wonderful waterfalls we would not have seen otherwise.
Skip the helicopter tours and go this route.  This is a smaller business and the price is  more economical than the commercial helicoptor rides.  You just feel more taken care of.  Val who is the front desk person got us checked in quickly and gave us an overview of our flight.  They are great people.  Please, please check them out!!  You won't be sorry."
review_9a11f9cee33a76f2968df167,5,Thrilled that we went!,"We have friends that now live in Hawaii and they strongly suggested that we take a plane tour of Kauai, rather than a helicopter tour. So we searched and found Wings over Kauai. The commuter terminal where they are located, is about a 5-6 minute walk from the regular airport and Val, who met us at the front desk, could not have been any nicer. She took pictures of us outside the plane before we left. Marcus was our amazing pilot and we got some amazing pictures! Many of these beaches and waterfalls we flew over, you could not reach by car and are not part of the helicopter tours. We were presented with CD's of pictures and a Hawaiian playlist which we really appreciated. I will DEFINITELY recommend this to other friends that are travelling to Hawaii later on this year!"
review_cbe4d099bc688920d0a3a2b9,1,Tis the Season,"My two sisters and I planned a lovely, activity filled Christmas in Kauai. We picked this company for our air tour because of the great reviews. Although the flight was nice (Marcus was our pilot) I must comment on the reception and behavior we encountered from Bruce and Abi. We arrived early to an empty lobby area, well over the 30 minutes you are instructed to arrive. We could see out the back windows to the tarmac and noticed that one of the company's planes had just landed. It was the smaller 4-seater plane; a couple had since arrived and told us they had a two o'clock flight. They ended up leaving without taking their flight tour after a conversation with Bruce. We knew another couple was with us which meant that we would be in the larger 6-seater plane at 2:30. I watched a lady (whom I now know as Abi) placing blocks under the wheels of the plane and the pilot climb out of the plane then I moved away from the window further into the lobby to talk to one of my sisters. As we stood talking, the pilot (whom I now know as Bruce) came in through the door and saw us standing there. The expression on his face was not only off-putting, his actions were the same. He didn't speak or say hello at all, just paused scowled and kept walking. In fact, his demeanor was such that both my sister and I looked at each other in askance. As African-Americans we are the both of us very aware, observant and sensitive to our surroundings and peoples' energy. I was glad that he was NOT our pilot. Later as Abi was explaining emergency in-flight procedures to us, correction, to my two sisters; it was as if I didn't exist. She didn't bother to look at me or include me in that conversation. I am 6 feet tall but I was standing directly behind them in a little huddle. It was incredibly rude and disrespectful of her to treat me in such a manner and I let her know. Later there was an issue of seating arrangements in the plane which I think could have been handled differently. I have extremely long legs and was put in a middle seat when the back row seat by the door had no middle seat in front of it. I had to stretch my left leg out across the aisle of the plane to even fit there. I have flown in many small airplanes before. My ex-husband was a private pilot and flight instructor so I am aware and understand how weight and balance works. I will say that Marcus was polite, professional and his landing was one of the softess I've ever experienced. he would do well to brush up on his knowledge of the pine tree was on the island...We're going back to Kauai again but we will not be giving these people our business. I did not feel at all welcome or like they wanted or appreciated our business, unfortunate but true...."
review_3b2f354df3d8b44c9d34a54a,5,Awesome experience,Super friendly pilot and staff. We had a lovely time with Bruce. The flight was very smooth. our pilot told us a lot about Kauai. Definitely recommend it!
review_0d83a2c8c71d477e19742e49,5,"Excellent tour, great narrative and views of the island","Great tour and really gives you the whole perspective and views of the rugged terrain you can get no other way. Looking down on the water falls, flying in and out of the deep canyons is the only way to see this magnificent island. Bruce, the owner and pilot is very friendly and informative. As I am also a pilot, I did the flying and he managed the radio and navigation so it was a very relaxed and pleasurable experience. I would strongly recommend this tour to all who want to really experience the island that you can only see from the air and also to all pilots who would like to add this to their flying experience."
review_72fc1a6808ccb03c5b86fa0a,5,Spectacular tour of Kauai,"We debated the helicopter tour or the small plane offered by Wings Over Kauai, and opted for the plane.  For us, it was the perfect decision.  We didn't necessarily want all the ups and downs the choppers take, and enjoyed the steady and amazing flight our pilot Marcus provided.  The plane is the type they use in the Outback and can land anywhere if needed.  Marcus was a true pro and knew everything there was to know about the island.  Mary, from the office, was very helpful, as was everyone in this operation.  You're going to hear about the amazing vistas from all the reviews--I wanted to be sure to commend Wings Over Kauai for the outstanding tour, great service, and true Aloha spirit.  Highly recommend."
review_3a07e05594205653b0fa7e73,4,"stable flight, marvelous view","Before  getting on a Cessna,  so worried about airplane sick,,,.
Never  nevver  happned  to me.  bit  hot  in a Cessna,  though.
Marvelous  outview,  Waimea,  Hanalei Bay,,,,  splendid. ]
Good  experience  ever."
review_ef7bbe16ce33d90360beda5a,4,Great flight to see all of Kuaui! (Considering motion sickness pills),"Everyone that greeted us there was very friendly. Our pilot (Josh?) was very knowledgeable of the land history and movies that had taken place there. Although we had very clear sky during the flight, there were sudden small sharp drops in altitude here and there. I normally don't get motion sickness in these type of planes, but did feel a little sick at the end of this flight. Taking a motion sickness pill is highly recommended as a precaution."
review_bfe1fe6daa085ed9bbdf7cc7,5,Breathtaking,My niece had taken a helicopter tour of Kauai and impressed on me that it was the only way to see the beauty of the island. My family and I decided to go with Wings over Kauai mainly because it was cheaper. It was a very smooth flight with Capt. Bruce and the sights were just breathtaking. I would do it again with Wings over Kauai. Everyone was so warm and friendly; service is top notch.
review_082e1f27aa3bb895882c5db8,5,My mind was in the clouds...,"I wanted to do something special for my girlfriend's birthday. I've been to Kauai a couple of times but she has not. What better way to see an island for the first time than seeing the entire island...and by air!

Of course I looked on TripAdvisor for help. I started with helicopter tours and trying to fit it in my budget. Then I noticed ""Wings over Kauai"" a couple attractions below and went to their website. Saw they used those small prop planes (good for those that get motion-sick) and then I saw they had a combo tour. Looked at the price and had to call to confirm....it was no joke! The price for both the air and sea tour was only a little more than the helicopter rides.

I called them to book the tours. The receptionist was very friendly and helpful. Helped me upgrade to a smaller plane (not much more) so we would have it all to ourselves. Emailed me the details and confirmation right away. Was no trouble at all.

When we arrived in Lihue, picked up our rental car and drove literally only 5 mins to arrive at the office/plane. Definitely recommend, if possible, to book your air tour the day you arrive because it's so close to the airport and you won't need to come back to the area if you plane to stay outside of Lihue.

The girl working in the office was very friendly and also the pilots daughter. We waited a few minutes for the pilot to get the plane ready and we were off. They let us take pictures in front of the plane and will even give you a CD copy of your our after.

The pilot was nice, friendly, funny and best of all knowledgeable. Told us some stories and history about places we were flying over. He interacted with us when we asked questions. He was so personable that he made us feel comfortable and relaxed (definitely helped me because I easily get motion-sickness).

If you're looking to do something different and you're on a budget (or if you easily get motion-sickness) then I highly recommend this company. It's family-owned so they take real good care of you and make sure that you have an awesome experience. Great way to see the entire island in an hour."
review_93b20d34356a3ffa721dd249,5,Cannot imagine what could have been better...,"Flew with Bruce and my family of five, kids aged 12, 8 and 3.  All of the kids loved it, maybe not as much as my wife and I.  Bruce was very informative and genuine in his love for what he does - fly people to see some of the most stunning places on the island.  The ride was smooth, no sickness whatsoever even with a few bumps.  To see what we saw would have required a few days of trips around the island - all completed from the best view (some that you cannot see by hiking or by car) with a great captain.  And we got to choose a co-captain, would recommend to anyone."
review_088122d77a9ff92ab3462c97,5,Absolutely outstanding,"This was the highlight of my 4 day trip to Kauai. Everyone we dealt with at the company were lovely ,even advising us to change our flight from 24 Nov to 25 Nov as they believed the  weather would be more favourable. The company supplied DVD was a great way to show family at home what we had seen. The pilot Bruce was very knowledgeable and provided a really good commentary with the flight. I would highly recommend this to anyone it was a great way to see the island. If I get the chance to return to Kauai I will certainly be doing this again."
review_d3344afb3778097e79588e15,5,Fantastic way to get some air time with awesome views and instruction,"I purchased a flight with Bruce ( instructor) for a refresher for my husband who has not flown in years.  Bruce was fantastic. Great instruction, calm and great island commentary. We saw all the awesome stuff canyons na Pali  coast beaches waterfalls.  It was a fantastic tour and a great opportunity for my husband to fly again. A great company to deal with. We loved it and were very grateful for the customized free hi lites video as well.  Would highly recommend. Also FYI much more cost effective and smooth ride than a helicopter."
review_8a2e45237fce19ebec74d4f5,5,A must-do in Kauai!! The highlight of our trip!!!,"We HIGHLY RECOMMEND Wings Over Kauai! Starting with the reservation and emails with Ellen through the actual flight, our experience with Brue and Ellen was like none other! Bruce is an amazing pilot and showed us a great time.  We flew around the island (just three of us) and saw the beautiful mountains and waterfalls of Kauai.  The view of the Na Pali coast was breathtaking.  Bruce knows so much about the nature and history of the island owning to his scientific background in the field of agriculture, so the flight was just as educational as it was thrilling.  He also knows the weather patterns and will take you out at the best times, when the sky is clear and you can see everything.  Smooth ride, absolutely stunning views of the island, and an unbeatable price.  Definitely the highlight of our vacation!"
review_fe616bc09c7b1a7ab721c000,5,Highlight of our trip!,"This was definitely the highlight of our trip to Kauai. The majority of the island is not navigable by land, so your only option is a boat tour or air tour. We didn't go on a boat tour, but I don't know if anything else could have compared to this. 

First off, the couple who runs this place is extremely nice. We had a reservation for an afternoon tour, got there, and they said that due to weather conditions, they could bring us on a short tour, but we wouldn't be able to see most of the island because the clouds were so low, so they let us reschedule and let us know that if things weren't better, they'd give us a call so we wouldn't have to make the trip out. 

The day of the tour, thankfully, was nice just when we were ready to go out and the views are seriously breathtaking.

Scared of getting into such a small plan? I kind of was. The pilot is also an American airlines pilot, and the flight was incredibly smooth. The take off and landing in the small plan were really fun, and the ride was pretty much turbulent free. They even provide drinks AND blankets to make the trip that much more enjoyable. 

You all get to wear headphones so that you can talk to one another over the sound of the engine and the pilot is super knowledgeable about a ton of fun facts about the island. There's also music in the background that will keep you entertained throughout the trip through paradise.

I know it's a pretty penny to be spending, but if you're going to Kauai, you don't want to miss this!"
review_123bf9f58334923a62ba4371,5,Incredible Way to See the Whole Kauai,"We love this air charter tour company and have taken their tours several times while on Kauai. Most of Kauai is not viewable because of the terrain, so seeing the island by air is a must at least once while on the island. Wings Over Kauai offers a comfortable air tour of the entire island with spectacular views of the most popular and breathtaking sites the island has to offer, including: waterfalls, coastlines, Waimea Canyon, the inner island, sugar plantations, resort areas, and open sea.

On our last trip, we were thrilled to see several pods of whales swimming in the open sea from the air. Incredible! Throughout the ride, you'll hear about the island (including some history) from the friendly pilot through noise-cancelling headphones. The plane is small, carrying only about 8 passengers and they are always on time with their flights. Be aware that harsh weather will sometimes interrupt the tours, so it's a good idea to call ahead if the weather looks ominous. The flight leaves from the Lihue airport - very easy to find their hanger, just past the main terminal. 

The plane tours offer a much more affordable way to see the island, as opposed to the helicopter ventures. Wings Over Kauai also gifts you with a lovely DVD as a thank you gift for taking their flight. My spouse and I will be watching our videos (both theirs and those that we took in flight) many times to remember this special trip. Highly recommended."
review_65d0a54805e601aa5a524fcc,5,Fly by Kauai experience,"This review is for the Grand Deluxe tour with Kauai by Air. The tour covers most of the standard spots in Kauai including Jurassic Falls, Napali, Waimea Canyon, etc. 

Experience (5/5) - The experience was amazing at every customer touch-point. Our initial conversation during the data gathering and reservation was candid, honest and direct without any high-pressure sales. This is followed by the first in-person conversation where they Bruce and Ellen warmly invited us into their office to collect additional information and address other flying logistics, rather than dealing with the customer at the counter. They are also well prepared with some interesting reading materials while the customers wait for the plane logistics to work out. The actual flying experience is amazing as well. Bruce is a very good pilot and guide who immerses you in the overall flying experience. He's extremely knowledgeable and beyond pointing the standard spots he understands Kauai's vegetation very well (he used to be an agro-scientist before). Finally, at exit they awarded us with a CD that had one of their tours on a bright & sunny day.

Pricing (5/5) - Fly by Kauai has one price, that is honored any way you contact them. This makes shopping far more easier. While doing our research, we came across groups that would change the price depending on the discount coupon/magazine you're holding.

Ethics (5/5) - I felt it was important to highlight this category because I've read nightmare experiences across some other reviews across their competition in Helicopter and Air. The case in point is where the second group did not show up due to a scheduling error. Bruce came by to tell us that they will need to change planes because the # of passengers had reduced. Unfortunately, their smaller plane did not have enough fuel and since it would take more time to refuel the plane they took us flying in the original larger plane, at the expense of their profit. A lesser group would have delayed the trip or made us wait longer till the smaller plane was refueled.

One other aspect I want to highlight is for people that get motion sick easily. I am one of those who feels nausea after an hour long boat ride. Given that, an Airplane ride is a safer choice rather than a helicopter ride as they tend to change altitude much more rapidly. So for all of you who get motion sick easily, I would recommend that you go for a plane tour. Note that this does not guarantee that you will not get motion sick, but it reduces the possibility."
review_e83a9bc682b158918ad0f243,5,Great flight lesson/tour combo with free seat for your partner,"Take the little Cessna, ask Bruce for the right seat, have your partner sit in the back (very comfortable and windows on both sides), and do a mixture of a tour, sightseeing and flying yourself.  Bruce is incredibly knowledgable about the flora, fauna and topology of the island and this made for a great commentary.  Despite arriving 30 mins late we were made to feel very relaxed, and despite having originally booked a 90 minute flight, due to the late arrival it was reduced to 60 mins with no charge and it was still plenty of time to see all the sights. Having taken a couple trial flying lessons before I was also keen to have the opportunity to take the controls.  Bruce was excellent, putting me at my ease and allowing me to take off and land and fly some of the round the island circuit (at least using the yoke). Great fun, good experience, lovely touches including the free photo emailed to us, flower and necklace for my wife and and all round friendly experience. Highly recommended, at $220 for two people, also great value regardless of if you want to take the controls or not. Also, I suspect, much safer that the helicopter tours."
review_bd821a97ad719aeeebde185a,5,Wonderful experience,"Flying with Wings Over Kauai was a wonderful experience.  The reservation process was easy and they were very flexible in order to accommodate our schedule. When we arrived everyone was extremely friendly and the checkin process was a breeze. Bruce informed us there was some haze and checked the weather to see if the next few days would offer better viewing.  Since there was some rain in the forecast we decided to go that day, and we were happy we did. We took the smaller Cessna plane.  Bruce was a wonderful pilot - it was an extremely smooth flight and Bruce was a great guide.  And the sights were awesome.  This is a great alternative for people who are nervous about helicopters (like me) or who have weight limits and cannot take a helicopter."
review_794213f1ad4da1e5287e8990,5,Wings Over Kauai is Professional with Top Operators,I chose Wings Over Kauai for Flight instruction and a tour of the island with Captain Bruce.  The first thing I noticed was Bruce's professionalism and smooth flying of the Cessna.  He really does keep the passenger's comfort and enjoyment in mind at all times and knows the island very well.  I would highly recommend Wings Over Kauai to anyone that asks.  No better value on Kauai.  You will be treated right!
review_7b8fca9fb1b20483fadf5af6,5,A remarkable experience !,"This was my first experience of this kind. and I am glad it began with this operator.  The crew ( Capt Josh, Ellen and Ciera) was excellent. We arrived an hour early for the 11'o clock ride. The team checked us in and guided us to Wailua falls that was hardly 5 miles from their office which I covered in 40 min. Capt Josh was very informative and ensured that we all engaged in an interactive conversation. We especially liked the way he pointed out the scenes from Hollywood flicks that were shot in various spots in the island. Now about the view, I simply think even if you cover the spots by land or sea an aerial view is unmatched for. The hidden falls, canyon and Na'pali coast line are just few spots that are insanely beautiful that you should see from up in the sky! You will never regret the experience."
review_8f5e0f00afe0371683965f83,5,Awesome tour and definitely felt safe!,"I've never taken a small plane tour before so I didn't know what to expect, but it was a fantastic way to see the island and it wasn't scary at all!  I popped a Dramamine an hour before the flight, but I probably would have been fine without it since pur pilot, Bruce, flew and landed the plane super smoothly--all while giving us lots of trivia and facts about Kauai!  There were 4 passengers on the plane and we all had great views out our windows!!

I really enjoyed the experience, especially the unexpected ginger chews, kukui nut lei, and photographs they gave us! :)  And the $120 price point was much cheaper than the price point the helicopter tours were charging."
review_8004c02b664a326a3d504152,4,Personal and relatively inexpensive,"To see Kauai you need a plane tour. Wings over Kauai doesn't use helicopters which fly lower but cost $50-$100 more per person. Being family run its very personal. There are 4 window seats to the right and you get one of them without any surcharges. The first one next to the pilot requires helping the pilot a bit but is probably the best one specially if you are tall enough to see thru the front window as well. The last one is the smallest but its easier to avoid the wings in your photos from that seat. In the 1hr trip you see everything worth seeing including Jurassic falls from a distance. They gave us a DVD of the trip free in the $120 price. Overall it was 4.5 stars not 5 as the plane was old - you could tell from the seats, wing nuts, fuel leaks, scratches on the window etc. Also the DVD wasn't filmed with a high def, even my pocket camera could do better. With some upgrades they would be 5 stars."
review_b143c99b79aada9945f9276a,5,The best!!,"My husband and I traveled to Kauai for our 25th anniversary and scheduled a couple of things based on reviews that I read on Tripadvisor.  Everything positive we read about Wings Over Kauai was absolutely true.  From the beginning stages of booking online they were very personable in their communication.  When we arrived we were greeted with enthusiasm.  The ladies get a lovely necklace and flower as a welcome gift.  The plane was very comfortable and they included a small cooler with drinks, wet towels in case you got a little queasy and mints to help as well. Bruce was so informative and you can tell he loves what he does.  The views were absolutely breathtaking.  When we landed we were given a very nice DVD of the sights we had seen with our picture on the cover.  It was a super day.  As my husband and I waited for our flight another group from a different tour company returned from a flight and they were very quiet and no real interaction with each other...when the group from Wings Over Kauai returned you would have thought they were all old friends.  The laughter and ease with this group and the crew spoke volumes and told me right away that we had chosen well.  Thank you to Ellen, Bruce and Kathy for a wonderful wonderful day!!"
review_f225a6425587ab65f3221474,5,Wonderful Experience,"Had a great flight with Wings Over Kauai. I really liked the personal touches that Bruce and Ellen added.  When I arrived a was given a shell necklace and flower to wear behind my ear.  They both took the time to get to know my boyfriend and I.  We were given bottled water during the flight.  Bruce often referred to us by name and genuinely seemed interested in learning more about us.  Bruce also shared many things about what was going on in his life as well and how he came to live in Kauai.  It was like we were flying with friends.  After the flight we were given a dvd that had our picture on the cover.  We were on a small aircraft with just my boyfriend and I and Bruce.
Great time!"
review_ae3359d7d7cf2f75db2d5d31,5,Wings over Heaven.,"Just read the last review and have to agree with every recommendation made. 
Book this first or a helicopter tour before you start the rest of the vacation so u  know what to do. We did and it was the best idea i had. Carry a light jacket. Its funny how cold it gets up there. 

Bruce and Jennie are lovely. We were late because of the kids and cause we got lost. They were super nice about it. We did get lovely surprises from them. They do go the extra mile. 

I will say that you will be flying higher than the helicopters so keep that in mind. They cannot get you as close and dont have the ability to hover (obviously). The view is still breath taking and Bruse is really knowledgeable. I loved the tour. My husband has a fear of small planes so he was not so thrilled. He loved the view just not the plane. Bruce is an amazing pilot. I felt safer with him than on my Delta flight into Kauai. The windows are wide and you do get  great view especially if you are sitting on the right side of the plane.

For those with young children under 4: I wish i knew this so i am telling you. I chose the airplane tour because i was concerned about the noise factor with my 2 1/2 yr olds. Helicopters are loud and I was concerned that my kids would get scared so  chose the plane. Well the plane is also loud but  the kids got this sound reducing ear muffs which for some reason my kids liked and kept on. (God was on my side cause normally they would never have worn them) When you go up the plane needs to be balanced and no one is allowed to move from their seats so this can be hard on the kids. My daughter had to sit by her self in the middle row and it was not easy. Not Bruces fault just kids being kids. If you can, get a babysitter and leave them at the hotel/resort. It will cost less and you can enjoy the sights better. if you cant. I recommend you get they tired enough that the plane noise will lull them to sleep (mine did in 10 mins of being in the air)"
review_a49c3b4b417661efc807e243,5,Don't Miss This,"Well, there really is a reason that this is rated number 1 for attractions and activities...there really is no downside.  Firstly, making a reservation by phone or online via their website is easy, painless, and Ellen replies promptly with the most polite and genuine response.  
For us, on the day of our planned tour, the skies from Princeville looked gloomy and there were scattered showers, so I called Ellen because I was concerned.  She immediately gave me the option to go later in the day which we chose to do, but the skies cleared beautifully anyway shortly thereafter.  As an aside though, I saw several helicopters flying through rainy and gloomy skies that morning, which would have really stunk for the money they charge.
Bruce greeted us at the airport and everything ran so smoothly.  The only issue is that we waited for another couple who had also reserved the flight, and they never showed, which held us up.  In addition, they could have allowed someone else to reserve those seats, so if you aren't going to show, please provide common courtesy and make a simple phone call.
You will always get a window seat on this flight, and you will get to see everything there is to see in Kauai on a very comfortable, easy flight.  There are fantastic photo ops, which is beneficial because the flight is slower and steady, and you are up in the air for around 70 minutes.  Bruce is well informed about the island and points everything out there is to see--he's done the flight over 5,000 times.
This truly is a steal for the price, and turned out to be the highlight of our trip.  Seeing the Napali coast by air turned out to be far better than by water, and having gracious, genuine hosts for our tour made it that much better..."
review_27ad520dc013ab28760c6c05,5,Excellent personalized tour,"We had a fantastic time.  They went out of their way to provide a great tour with a personal touch.  Our 2 y/o and a 6 y/o were greeted with stuffed bears as well.  In addition to the great tour, we were provided a tour DVD along with emailed photos of the family (next to the plane). 

I highly recommend Wings Over Kauai."
review_910f36995494e03bebd4a468,5,Bruce and Ellen ROCK!!,"This was our first ever flight tour, and we felt like we were in good hands the whole way with Bruce in control. He is an outstanding pilot and tour guide. The most unique aspect was Bruce's perspective on the flora, due to his extensive background in Agronomy. Ellen was a wonderful host, and gave us great suggestions for must see/do activities on the island. This was the highlight of our trip to Kauai."
review_01947c281697b80abc4bbfae,5,"Excellent trip, great service, fantastic people!","In searching for a Kauai flight, I came across Wings Over Kauai Tours. The reviews and their commitment to service won me over and I am very glad I chose to fly with them.  Both Gy and Ellen make you feel very welcome and they are genuinely interested in each passenger.  You feel like you have known them for years!  The weather turned out to be excellent, the trip was smooth, Gy was very informative about all that we saw and we got great views of all the beauty the island has to offer.  It was an excellent experience from beginning to end."
review_595866657b926f8591d80cf2,5,Highly recommended,"Plane tour (versus helicopter tour) over Kauai. Owner/operator picked us up and dropped us back off within a very short walking distance from Pride of America Cruise ship. Airport is less than 10 miles from Cruise ship. Tour is done in small airplane. Myr tour was done in smaller 4 seater airplane - I rode upfront with pilot with wife and child in back seat. Took lots of pictures from both front and the back - so definately bring camera. Tour lasted a little over an hour in the air.

Owner operators are very customer focused and make you feel like you are their most important client. 

Price is  approximately 1/2 the price of a helicopter tour.

Highly recommended !!!!!"
review_f486131a76d495cf9d39fbf2,4,Excellent,"We took the Pali Mist tour with WOK today (Friday). Making the reservation was very easy. I called their # on Thursday morning and Ellen took our information (name, hotel, weight, when we would like the tour). We were concerned about the weather as it has been windy the whole week and my husband was prone to motion sickness. She said that the ride can get bumpy at times and most people were able to tolerate without getting sick. 

The morning of the flight, it was overcast and windy. On our way to the airport, it even rained a little. We were greeted by Ellen 30 min before the tour at the commuter terminal. She was very friendly and gave me a flower from her garden to put in my hair and a lei. She then got us ready in the plane (cooler with drinks, seat belt, window etc). Take-off was nice and smooth and we were on our way to some fantastic views. We hiked a few trials and saw some of the sights earlier during the week and it was really neat to see the same sights from air: the Na Pali coast (via Kalalau trail), the Hanalei bay (via Alaka'i Swamp trail), the Waipo'o falls (via canyon trail). The most amazing was we saw many sights that could only been seen by air. That made the trip really worthwhile. Bruce gave excellent narratives throughout the tour and pointed out the sights for photographs. Overall it was a wonderful trip. I would have given a five-star if the weather were more cooperative. We did not get sick but the flight was bumpy at times due to the wind. I would highly recommend the trip. After all, it was only $220 for two and we got the plane, the pilot, and the beautiful sights all to ourselves."
review_993985c342753f81a2cd36de,5,Wings Over Kauai - A Cut Above,"Knowing that my wife, Valerie, wouldn't consider a helicopter experience over the island, (neither would I) I researched WOK and talked her into the flight.  WOW!  We totally enjoyed the kindness and trust in Bruce and Ellen.  We were going to fly a day earlier, but the weather conditions weren't the best so they rescheduled us for the following day.  Val was the copilot and helped Bruce with the checklist.  After checking for birds, we were off.  At half the price of a chopper and so personalized, just the three of us, you couldn't ask for more.  Make sure Bruce demonstrates the Bose noise cancelling headset.  Incredible!This flight was the highlight of our week on Kauai."
review_4252c374520394a13c38d9d5,5,The Most Amazing Flightseeing Tours of Kauai,"Just recently returned from a trip on Kauai, Hawaii.  Had the most amazing flightseeing experience with Wings Over Kauai.
Before leaving the ground, the flight operator/pilot's main focus was safety and comfort.  He was well prepared for flight, made everyone feel at ease, and was extremely knowledgeable about the different land forms, mountains, canyons, coastline, different areas/neighborhoods, and yes, even whale watching.  His  courteous and easy going style made this trip enjoyable, interesting, and fun.   What a great experience!!!
Put this one at the top of your list of things to do on Kauai.

Linda & Donovan
New York"
review_b8ab433b6add39f65bbcf6a9,2,Unfair experience - not good value for money,"Everyone paid the same price but the experiences were vastly different depending on where in the helicopter you sat.  I sat in the back in the middle and had a very restricted view compared with those sitting in the front or next to the windows.  Also the pilot did some manoeuvres to show aspects of the Grand Canyon but he did not do these equally on both sides so my daughter missed a lot of views and experiences even though she had a window seat.  I realise that weight has to be balanced and that not everyone can have the same view, but then don't charge everyone the same price! It is highly unfair that the people at the front had panoramic views and I had to try to see past the people either side of me and look through their windows.  This excursion is a once in a lifetime event and should have been a wonderful memory, instead it was an expensive and poor experience.  My advice is don't bother  - there is no guarantee that you will get a good view."
review_8526d5406704b59e5a5405e4,5,Grand Canyon Family Visit,"If anyone gets the chance to do the Grand Canyon, please do it. I took the family over this year and was simply amazing. To have my wife and kids there was simply incredible to say that we have sat and had lunch in the Canyon is out if this world. 
Make sure you go with Maverick as they are great. Our pilot was tremendous and full of great knowledge in historical information. Yes it is not cheap but is something you will remember all your life."
review_221283419e26d28fca58af8a,5,Great choice,"Friendly service and well worth it. The best way to see the canyon. Try and get a window seat if possible or the front row.
Would recommend this to anyone"
review_bbdca525e695fbe2a6739745,5,Enjoyable ride,If you can do this trip. Flying over and through the canyon really helped us gain more perspective on the vastness of the Canyon. And we got to see more of the Kaibab forest so that was neat. The pilot was nice and explained about the area and geology.
review_2550a6c834378febe4d83d9e,4,Mind blowing & Bad Luck,"The 45 min flight through the grand canyon is mind blowing. After a 5 minutes flight over the kaibab forest you enter the cliffs of the canyon and its just fantastic. The pilot explains background and names of the various rock formation. 
Bad Luck: My friend and I catched the seats on the back which did not provide an ideal view - I wished this would have been mentioned in advance and would have been taken into acaount in the pricing. Anyway: great experience"
review_b26468480071052891dda30e,5,Great Tour,"My wife and I took a 45-minute morning tour from Tusayan airport.  The weather was perfect: sunny, clear blue sky, and no wind.  It was a fantastic trip.  Our pilot put my apprehensive wife at ease by making her his ""co-pilot"" and having her sit next to him.  He hovered to allow us to take pictures and videos from several different angles and provided an educational narrative about the canyon.  He had a great background music track and answered questions while in flight.  This was the high point of a 24-day road trip that covered four Western states and took us into British Columbia.  Initially hesitant to take the flight, my wife hasn't stopped telling friends and family how great it was."
review_6c48905d4d285a3a633a9e12,4,Helicopter ride over the canyon,"We had Alex as our pilot. He was very good. Check in fellow was not as friendly. Acted as if my booking through a ""third party=trip advisor"" made my business less valuable to them. If you don't want third party bookings don't make the deal. Anyway, flight was good.  Helicopter had a lot of vibration that was a little disconcerting. Views were beautiful. Would recommend."
review_6a37a276cde42d2608622f3e,5,Worth Every Cent...and then some!!,"I wish there were 10 stars...then I would give this trip an 11! An absolutely amazing experience. Flying over the forest to drop into the Grand Canyon literally took our breath away. This flight is a marvelous way to see the Grand Canyon. BJ was a great pilot/tour guide. He was knowledgeable, funny and made the flight extra memorable. We felt very secure with Maverick Helicopters. We had originally scheduled this trip for the day prior. Maverick cancelled after sending pilots to check out the route and determining it was too windy to fly. We appreciated Maverick's caution and happily drove 2 hours the next day to check this item off our Bucket List. Bring your sun glasses and camera and don't forget to take video. We did the 50 minute flight and could have flown longer. There is a 30 minute flight available too but we were very happy with the longer flight. We loved every minute of this experience and our 11-year old will never forget it. Neither will we."
review_232a87a44ddf7a8ae2f7daab,5,Simply Stunning,"My partner and I had never been in a helicopter before, and she is scared of heights, but BJ our pilot was excellent, he talked us through the journey and was informative about what we were seeing, he gave some background and history of the area, and put us totally at ease.  It is expensive but well worth the money as it is a once in a lifetime experience, would recommend it to anyone.  We flew from the Grand Canyon airport and everything went like clockwork, BJ checked if he had anyone on board that was afraid of heights, and the trip was incredibly smooth, the helicopter had good visibility and seated 7 passengers though we only had 5 on our trip, an excellent insight into the canyon for our first glimpse."
review_b325673fa4f50bc87605ad68,5,Worth every penny and many more!,a thrill of a life time! One of the few things in life that you'd pay more than the asking price if they had you pay afterwards. The pilot was very professional and an excellent guide.
review_e6b750a0b2d4a111abb60937,4,Great way to see the Grand Canyon,"I looked at a lot of options before coming to the conclusion that Mavrick was probably the best rated helicopter ride over the canyon. There are longer rides, but truthfully a 40-50 minute ride is enough. The pilot was knowledgable and did a great job flying, even with a little bit of wind. The one thing I regret was being one of the interior passengers in the second row of the helicopter. The two interior seats of the back row have the worst views. The pilot assigns the seating, theoretically by weight distribution, but our flight was all about the same and I got the middle by luck of the draw. Still a great experience, just not as great as anyone in the front or the side two seats in the back."
review_45b67bfe46ceac2e8567f12e,4,Great way to see the Canyon,"I have flown with them twice- very professional and a stellar view of the canyon. I will say though a lot depends on your pilot. My first trip was exciting and the pilot had great music to accentuate the trip.The second time the pilot was playing Yani and it did not add to the experience
I would recommend though as there is no other way to appreciate the immensity of the cnayon."
review_36ec0ca30c015a4a8e0e9330,5,Great experience for my son in wheelchair,"Most of the people can hike, walk,explore The Grand Canyon. But people with disabilities can not do a lot of things to really know this wonderful place. Flying over the Canyon was the best experience ever for my son in wheelchair and the whole family. All the seats are great. Expensive but definitely worth it!"
review_3be86b281748fcad0f0f0b34,5,Loved it,"This is a bucket lister for sure. We called one day ahead and made the reservation with ease. I must say the young men who answered the phone had some of the nicest manners I have heard in a while.  The reservation was easy, and although they couldn't provide transport to the airport, we got a cab through the front desk at the Maswik. It was 27 bucks each way for 4 adults to be driven out of the park and into the little town of Tusayan where the airport was located.  The office is very nice with comfortable seating, gift shop, snack bar, clean restrooms.  They weigh you, and then you wait til your pilot comes and calls your group. We were a family of four, plus 2 singles, and the pilot, with one empty seat. They tell you where to sit according to weight distribution, so no fights about getting the front or back row.  Our pilot was BJ. and he was very clean cut and personable and prfessional. He also cracked a few jokes and posed for a pre flight pic. He tells you all the rules, is very calm and reassuring. This was my second heli flight so I knew what to expect, but nothing can prepare you for the moment the craft flies over the edge of the canyon. What a freakin thrill. We flew over the canyon for about half an hour before heading back over the rim and back to the airport. The whole time B.J. pointed out landmarks and answered questions and cracked jokes.  This trip provides you with unparalleled views. They also video tape the whole flight so you can enjoy it later without having to worry about a viewfinder. Highly recommend it if you can swing it moneywise, you will not be sorry."
review_12906dbaf85aa756684ce4cf,5,Maverick Airtours ( Grand Canyon),We booked this company through Via-tor in order to see the Grand Canyon.We wasn't disappointed. Although the we had to reschedule due to the weather( by one day) it is certainly worth it Our pilot Mark (think that was his name) did us proud. We saw as much of the canyon as is possible(we had the 45/50 minute tour).Any questions that any of us asked he answered with the knowledge and knowing what he was talking about. When you fly out over the pine trees is something but then you can see the edge of the canyon then suddenly the ground drops away and you are over the canyon in all it's glory.Really would recommend this experience.
review_7279b58725f75f922479856e,5,Stunning!,"We arrived for our pre booked flight to be told that the weather coming in would effect the hour tour we had arranged and that our flight would have to be reduced from an hour to 30 minutes, Maverick agreed to let us wait for an hour to see whether it would clear but when the weather become worse (in fact it made the press here in the UK as a weather phenomenon) they swiftly got us up in the air to view the Grand Canyon and we are so grateful that we got to experience the Canyon from this angle.  The weather is obviously out of their control but they kept us posted on the progress and ensured that we got to see as much as possible.  There really is no other way to view the Canyon, you don’t get an idea of scale on foot.  Mavericks helicopters are far superior to their competitors and well worth the money, our pilot was lots of fun and taught us lots about the Canyon too, an excellent way to end our trip."
review_35a01d10809cfed0c3b71f5b,5,Unbelievable helicopter trip over the Grand Canyon,We were first in the air the day we went - it was a beautifully sunny morning and the ride was so smooth.  Our pilot was great fun and pointed out all the sights to us.  The views are truly breathtaking.
review_f636b160dcd5b8cb35245d33,5,Grand view,"Maverick tours are a very slick and professional company. There was 8 in our party and we had a great day. We couldn't fault any part of the tour and Bruce our guide was informative and made sure we all knew our schedule and drop off and pick up points along the journey. Although he probably had done this in the morning he was enthusiastic as if we were his first party of the day. He also allowed us to take some wonderful photos of the wild life by driving very very slow. The pilots were very, very lovely and allowed the passengers to go to the cockpit to take photos as we were flying over the amazing landscape. They were very patient with our 13 yr old who was more interested in flying than the views and although he took more time chatting they happily accommodated him. Great day had by all and well worth the price. 

Thank you everyone, specially the pilots and Bruce"
review_60fecab112df9bcc1a6c31f3,5,Smooth tour with Piper!,Piper was competent and knowledgeable.  The plane seemed to be well maintained.  Piper started with a thorough safety check and ended with a nice landing with some cross wind. Will recommend to family and friends.
review_ba9020f58a998f8c58e088b9,5,Very nice!!!,"We had a blast going on the Big Kahuna Kauai Air Tour.  It was fantastic to see the island this way and gave us a different way of appreciating the beauty of Kauai.  Our pilot was informative, nice, and friendly.  It was easy to arrange the tour and everyone with whom we met from this company was respectful and had smiles on their faces (it makes a big difference when communicating with someone with a friendly smile and demeanor!).  I highly recommend this company and the tours they provide  We will be back again someday!"
review_4c3059afbf351cb362a2bb8e,5,Heavenly,"Safety is vital in the 6 seater passenger plane took us around the island on a beautiful day.  Our pilot was excellent, skilled, reassuring, and knew his way around his island like the back of his hand.  It was hands down one of the most splendid and stunning adventures I have had in my long lifetime and I am grateful for having taken it with Air Ventures.  Without a doubt one of the most memorable experiences of my lifetime.  A hands down unhesitating recommendation!"
review_f120ba1026156b2d093f0ad2,5,Air Ventures Hawaii,"Small plane scenic tour on  the Hawaii Island of Kauai was one of the highlights of our cruise around the Islands in March 2019. It is definitely the way to see the many site seeing attractions and the  tour operators were both friendly, professional and extremely good value for money. Not to be missed,if you get the chance. Jerry & Gill."
review_b2bb2560cd98db474ce2cbd6,5,Air Ventures Hawaii,"This trip was awesome and reasonably priced. The pilot was energetic and offered tons of information about the island (I am always impressed when people can maintain a high level of energy, even though they probably do the same exact tour every day). This was a great way to orient myself with the layout of the land on Kauai, and the views of Wiamea Canyon and the Napali coast were spectacular. The trip was just the right amount of time at around 60 minutes.

I would recommend Air Ventures Hawaii for your Kauai vacation."
review_4d079dc9f26b22e5cee4dac8,5,Incredible!!,"Ray is really an awesome pilot!He took us right up close to some cliffs,mountains,waterfalls,valleys and beaches without any kind of danger.You feel safe with Ray flying you.He gives detailed explanations of the stories and history of the places you fly over,as well as a very informative overview of Kauai's incredible history!Fly with him,you will be SO GLAD you did!!YOU DON'T WANT TO MISS THIS ONE!!!!"
review_f13d690b80448a831089b15d,5,Highly recommend!,"We are so glad we took this plane tour!  The pilot was nice and very knowledgeable about the history of the island as we flew over old volcano craters & how they formed Kauai.  We went on the 1:30 flight & the clouds were high so we could see the Na Pali coast & the rest of the island.  We had a small amount of turbulence, but we did fine.  Kevin was our pilot with 28 years of flying experience behind him!
We would do this again, we loved this tour!"
review_291988db94de25fedef72be3,5,Amazing experience!,"My friend and I were in Kauai celebrating our 50th birthdays and wanted to do something memorable together. When our commercial plane arrived in Lihue, we saw this yellow bi-plane parked near where we taxied in to our gate. We both said we needed to look into that!!!! So we did and booked a flight with our very experienced pilot Kevin. We were so excited to be doing this flight, but Kevin made it even more exciting for us. He taught us everything we needed to know pre-flight and then even after take off he was able to communicate with us through the headsets we had. He gave a wonderful description of everything we flew over...this included the resort area, up to Waimea Canyon (where we flew right down the middle!), came back over the coastline to the Napoli Coast. To add some excitement to our flight, and because we asked him to, he did a flight maneuver with us! Actually did a loopity loop over the water! All we good was giggle with excitement!!!! The tour continued over Princeville/Hanalei and then turned into the center of the island where we flew around the volcano, saw numerous waterfalls, including Wailua Falls! I cannot say enough about how fun and interesting this flight was to see so much of the island and to get such a detailed commentary from Kevin! I highly recommend this flight!"
review_59ec924af29a17c8a5e20d17,5,Woodstock,This was one of the best experiences of my life. Kevin did an exceptional job at pointing out various landmarks and giving the history of the island. If you've never ridden in a biplane and find yourself in Kauai this should be at the top of your to do list! There really isn't a better way to see the island.
review_9685d4336920d0bca9a54784,4,Lovely views of the whole island,"From the moment I called them, they were helpful, polite and easy to schedule. Once we were in the island, they were very informative about the weather and when it would be better to fly, we had to postpone the flight twice b.c of weather conditions. The day we went, it was great. Plane is a little stuffy, need more air circulating around, but its probably the same with any small aircraft. Plane was in great conditions and they offer cold towels and water on board if needed. A picture was taken at the beginning and was emailed to us to keep."
review_6d08b9c9f2dcd66a514602fa,5,Great trip,"From the time that we arrived, the staff did everything possible to make us welcome and comfortable. The guide/pilot Kevin was excellent and wanted to make sure that all had a great experience. The flight was smooth and comfortable and we saw awesome sights of Kauai. Would definely recommend this to all."
review_208f19d09967b7a1a0022825,5,The best way to see Kauai!,"This was a great way to see the island of Kauai. It's probably better to become a little familiar with the island before taking the flight though. It could be hard to see some of the points of interest if you don't know what you're looking for and having seen them at ground level first will definitely help. We had a great flight and were able to see 3 whales which was truly amazing!! Make sure to take something before hand if you get sea sick. My husband thought he would be ok because he doesn't have a problem in bigger planes but ended up feeling nauseous in the smaller plane. Our pilot was great in helping him feel better during the ride but I would definitely recommend using a patch or Dramamine before hand if needed. Each member of the crew was very friendly, helpful, and dedicated to a great customer experience which always makes a huge difference and I really appreciate that. Overall I was very pleased with this experience and would do it again in a heart-beat! If it's something you're considering I'd say go for it!!"
review_979ebaf5ccd3b94c095ddf1a,5,Honeymoon!,"We picked Kauia destination for our honeymoon, but as far as we wanted to make the trip brilliant we came to Kauai un prepared about doing an Air tour ! We were worried we wouldn't have the time to do it since it was just a quick 4 day honeymoon trip. I'm glad though that my AMAZING husband found Air Ventures Hawaii right away . They respond and called us back in less than 20 minutes. Thank you Gil and Kevin! JUST SO EVERYONE KNOWS Kevin was great pilot and great tour guide! He described  all of the history of the island that we wouldn't have known! He's the most experienced pilot in town of Kauai, and Gil OMG ! She hooked us up and got an upgrade . Thank you so much , seeing the beauty of the  whole garden of Kauai was once in a lifetime experienced ! !!"
review_6817a71966166352425fc30b,5,"Excellent Value, passionate operators.","Took a 70 minute flight with my two young daughters, the Gippsland GA8 (airvan) is a comfortable aircraft, each passenger has a bubble window suitable for photography, and cold bottled water is available throughout the flight. Guests were provided with headsets and could interact with the pilot at any time over the intercom. 
As the flight departed Lihue, our pilot Paul was quick to point out features such as Mount Waialeale, Wailua falls (Fantasy Island), the Kilohana Crater, Poipu Beach, along with the Kauai  Coffee plantation.   As we travelled along the black sands of Waimea (with the forbidden island of Nihau visible), we turned north for a spectacular tour of the Waimea Canyon and the many waterfalls along the way. One of the more thrilling moments of the tour is occurs when the jagged cathedral hilltops fall away to reveal the Napali coast, on this flight we were lucky enough to spot a couple of grey whales breaching. Our flight circled the Taro fields and waters of Hanalei Bay, where our pilot pointed out some of the homes of the wealthy and famous. We continued east toward Kilauea lighthouse and wildlife sanctuary prior to continuing south passing features such as the Sleeping Giant, Fern Grotto, and the Wailua River.
Our pilot's narrative was highly informative in terms of local island history, natural history, popular culture, geology, and current events. He also offered up some of his own opinions on great spots for surfing, snorkeling, and meal choices. I would highly recommend this flight as one of your first activities on Kauai as it provides not only a visual feast, but a brief yet thorough education on what sets the Garden Isle apart from the others."
review_2f2fabf3ad89d81f441b1162,5,Great flying experience,Three of us went on the tour on Mar 16. We got there early and were warmly greeted and told we could leave early. Our pilot was very knowledgeable of the air and went to great lengths to make sure we saw all the sights. While up there we saw a shark eating a baby whale and then later saw 4 big whales and one baby whale. I would suggest anyone looking for a great experience at a reasonable cost this is the one to choose. Great company!!!!!!!!!!!!!!!!
review_001714a98a28507f72d8be7d,4,Hawaiian holiday,"Took to the air with Air Ventures for a flight around Kauai. Comfortable modern plane, great pilot and great weather. Managed to see whales off shore , as well as great views of this lovely island. What a backyard to have to show off to visitors. Thanks to the staff at Air Ventures for a great trip."
review_d6633755ab0fe56676302484,5,Fun tour!,"This fixed wing circle island tour with Air Ventures was the highlight of our HI trip!  The views were awe inspiring, the narration extremely informative, comfort and safety an utmost concern.  Bryan, our pilot, was funny and a pleasure and Pua in reception was very sweet and helpful.  After six trips to the Kauai, I finally was able to see the interior of the island, along with flying over the wettest spot on earth!  I would highly recommend this activity!"
review_3a562693d0a814861060b2cf,5,Amazing!,"My husband and I were thrilled and 100% satisfied!  After booking with Air Ventures we were a bit skeptical because their price is unbeatable!  Other companies charge twice as much. But after the tour we couldn't have been more pleased.  Our tour guide was funny, informative and very knowledgeable! We will take this tour again wteb we return and highly recommend Air Ventures to all who would love to see the island from above without paying a high price!  Thank you!  Dan and Evelyn"
review_342e110195857bea58aeaba7,3,Kauai Big Kahuna Tour,"We took this sightseeing flight around the island Kauai with Air Ventures. Their website is www.airventureshawaii.com. We paid $125 per person for a 1 hr tour. The tour was in an air van that seats 6 people plus the pilot. It was comfortable. The pilot talked to us through our headphones and we asked questions using a microphone. We saw the whole island, the coffee plantations, Waimea (Grand) Canyon, the famous waterfalls in Jurassic Park, the Na Pali Coast, the beaches and golf courses, Julia Robert's house and even a whale slapping the water with his fluke. The tour itself was great. But the wait was ridiculous. We were picked up near the cruise ship terminal at 9:15 am and arrived at the airport at 9:20 am. The tour was supposed to start at 10:00 am, but it did not start until nearly 11:00 am. Since our time in port was short, every minute counts so we did not like having to hang around the airport when we could have been sitting at the beach or shopping."
review_43ea85710b6216e626dd2867,4,Only way to see Kauai,"Thanks Harry for a smooth flight and delightful information about the island.  The sights were spectacular. You can really see the differences of each side of the island.  My only compliant was my setting, near the wing and supports; it was difficult to get some shots with out including them.
But overall, LOVED IT!!!
ellajeff96"
review_32807464806a96254ea2ceff,5,Kauai Sights,"An excellent flight, with great views of Kauai and a very informative narration by our pilot Paul.
This was a great way to see this very scenic island and added enormously to our understanding of the island as a whole.  We would highly recommend this activity."
review_2618b3d35d2154378d6e24e5,5,FANTASTIC AIR VIEW OF KAUAI,"On August 25, 2012 we did an AirAdventure Tour over Kauai. It was a fabulous day for weather...meaning the skies were clear with very few clouds. We were able to see many things that are otherwise not visible because of the weather. The amount of hills and valleys on this small Island are amazing. It didn't appear to be all that small. There are many waterfalls that we were able to see. The coastline and Napali Coast are absolutely beautiful. Everyone gets a window seat and can take many pictures. I took over 200 pictures during the hour which will provide lasting memories of our air tour. The staff at Air Adventures were all very nice and the pilot was constantly pointing out points of interest as we were flying. This was a great tour and was a great value in comparison to other tours."
review_c0eca4e9ffc9c70d92b13055,5,Air Ventures flight was great!,"The Air ventures staff met all our requests and then some. This was a flight for our Anniversary and what a special flight it was!!! The pilot was wonderful he spoke just enough and reminded me to look up in between taking my pictures and he was correct!! The views were great overall, and also could see all the details. The weather was perfect and we could see from one coast to the other."
review_1fc8f0c15a6fbe4082544da9,4,Excellent Overview of Kaua'i,"My wife and I took a 50 minute air tour with AirVentures and were flown around the island by Captain Harry in one of their two Gippsland GA-8 AirVan single engine fixed wing aircraft.  The plane holds about 8 people and has high wings (over the plane) and large slightly curved windows which allow for good viewing.  Do wear dark clothing without patterns to reduce glare off the windows when taking photos.  I got to sit in the co-pilot's seat which was an added treat.

Captain Harry provided a good running commentary on the surroundings.  We flew southwest from Lihue just north of the southern coast, over the Waimea Canyon area, and then up the Na Pali coast.  On the north side we flew around the Hanalei Bay area and then cut across the island back towards Lihue.  We saw a gorgeous ground rainbow as we were coming in for a landing.

If you are prone to air sickness, it is highly recommended that you take some medication prior to boarding the plane.  My wife struggled with air sickness during the flight.  Also, if you are looking for up close views of the waterfalls on the island, the helicopter tours are probably the way to go.  We saw several helicopters that were providing their occupants with very close views of waterfalls while we were several thousand feet above them.

All in all, this was an excellent trip and good value.  AirVentures provides a good overview of the island and allows you to locate areas that you might want to see from ground level.  Do try to schedule this trip early on in your visit."
review_6498ce79fc0b9213c772e5fc,4,A bird's eye view of the whole island splashed with multiple rainbows,"This was probably the most rainbows I have even seen in my whole life.  The air ride gave an up close look at all the best spots of the island.  The mixture of rain and sun brought out rainbows time and time again, including a circular rainbow which was so neat and unique.  Harry also gave a very informative commentary of much of the history and the interesting background to Kauai.  Thanks for a great experience."
review_c285c2b8df79ecf7769b2695,4,Birds Eye view of Kauai - well worth seeing,"While 3 of the 6 of us did get motion sickness it was the # 1 attraction for those who didn't. While a little surprised at the noise level, I was awed at the majestic view. Everything looked like a painting. The island is just God's artwork and beauty. You get a new perspective from the air and I am glad we did it."
review_526dbe35e33d3c3d784cc127,5,Fantastic Expeirence Great Value,Great experience from friendly booking agent to professional extremely knowledgable pilot.  We have two young girls (4 & 6) and we all got great large window seats with  noise cancelling communications to allow us to talk to each other in comfort in an airconditioned (very welcome in August) spacious cabin.  The ride and view was fantastic and I would recommend this to anyone.  This was significantly cheaper than comparable but shorter helicopter flight I have been on with better viewing (my opinion) and more relaxed atmosphere.
review_99803732bf820023c1852422,5,View of Kauai from the air,What a great experience and wonderful way to see Kauai!  The ride was relaxing with exquisite views with highlights pointed out along the route by the pilot.  All this at a lower cost than a helicopter ride.  This was a highlight of our vacation in Kauai.
review_9876556ef47117a9c27fced8,5,Float Plane Tour,"Great view of Sausalito, San Francisco Bay and the city. You fly along the coast at about 1000’ looking at the sites then you gain a little altitude and go across the city viewing Golden Gate Park and the Presidio. You end up South of the Golden Gate Bridge over the Pacific Ocean. On the way back home you fly directly over the bridge and back to base. On a clear day it is a pretty spectacular 30 minutes."
review_5429f4ef0478bae9255d337b,5,Absolutely amazing!,"Alaska is absolute beauty and there is no better place to see that than with Talkeetna Air Taxi’s flightseeing Denali with glacier landing.  Words don’t describe the majestic beauty. Everyone at Talkeetna Air Taxi was efficient, safety conscious and so helpful. Liam was a wonderful pilot!

 If you are trying to talk yourself out of doing this tour, re-think the decision.  You truly don’t want to miss what Talkeetna Air Taxi
can show you of Denali’s beauty!!"
review_fab70dd8dd9c0a8097ecceea,5,Must Do Tour of Alaska,This was one of the highlights of my trip to Alaska! We had a beautiful day in September. The glacier landing was definitely a must do and I was definitely in awe. Our pilot and tour guide was amazing. She took care of us and was super knowledgeable about everything about Denali. I would do this tour again!
review_d91761b1b401f84f5f5072f8,5,Exploring the mountain around Denali,"Did the Mountain Voyager with Glacier Landing.  We went in the afternoon at 1.30. It was questionable if we were going to get to go because of weather.  Luckily it cleared enough to go.  Need to be flexible or understand that the weather can change and your trip will be canceled.  Our plane had our family of 7 and 3 others. The Mountains were amazing and it looked like were were very close but were not. Took about 30 minutes to get to the glacier and landed.  We were there about 15 minutes and then flew back. Tour was about 1 3/4 hour.  We all had headsets and the pilot explained what we ere seeing. This was one of my families  favorite tours.  If I had to pick taking the bus tour of Denali or doing this tour,  I would pick this right away."
review_2b5ddfd68cfd60efccca161d,5,Great experience,"We had a fantastic experience with Talkeetna Air Taxi! These tours are extremely weather dependent, so don't schedule this for your last day in the the area, just in case you need to reschedule! We chose the Mountain Voyager tour with a glacier landing, and although we had some clouds, we were able to land on the Don Sheldon Amphitheater section of the Ruth Glacier, next to the Sheldon Chalet. It was so much fun to land on the glacier, and the subsequent take off was very cool! As an aside, we were happy to see that Leighan was our pilot, because we love showing our teenage daughter what women can do! Our daughter sat in the copilot seat on the way out, and although she has Asperger's and has a lot of social anxiety, it did not matter to Leighan in the least. :-) Thank you to TAT for a great morning!"
review_9183ae73c73cf93258cee460,5,Espectacular aerial views,"One boat took us from the Marine and in the middle of the islands we were transfered to the seaplane.
It was wonderful. 
I am local and I have experimented several tours in the area. This is very good. We took the tour around Downtown and Miami Beach and it was amazing. Really nice views and very smoothly flight, even when our pilot said it was a little windy.
Jorge and Aldo were our captains for the boat and for the seaplane. 
I am very pleased with the experience.
Advice: check weather before booking. Clear sky makes the experience even better."
review_664738e3d114edf745798f44,5,greatst views of miami and key biscayne,"courteous service, nice plane, safe, spectacular views! Key biscayne looks amazing, so does downtown miami. it is not the best experience if you experience motion sickness. Otherwise is safe, not scary and worth the money."
review_b79c6cfcd7b2a3c981b7475b,5,Great Way to See Miami,"I've been wanting to fly on a seaplane for ages, and when my parents came to visit it seemed like a perfect time to check it off the list.
We took our tour on a DeHavilland Beaver, and from the very start, our guide was great- he even carried me out to the plane so I wouldn't get my shoes wet! He gave us a history of the plane itself as we prepared for take off on the water, and continued to trickle in facts about the sights we were flying over. There was enough info to be interesting without being overbearing, so we could still enjoy the experience. The scenery was beautiful and covered a lot of ground (and sea, ha!)- we even saw manatees from the plane!
Definitely recommend and would love to take another sea plane outing!"
review_ae2ecce2195633184719de13,5,Miami Seaplane and Everglades Airboat Tour.. A.M.A.Z.I.N.G.,"Wow where to begin ...This was one of the Best Ever Tours we’ve ever done. Our Seaplane Capt Anderson was Brilliant, I’ve been on a bigger Seaplane before but never one so small this 1969 Cessna 101 packs a big punch, Truly was an  incredible experience. Capt Anderson Talked us through the whole flight. The views over the Miami skyline to the Everglades were pretty incredible...Stunning in fact...Once we landed on the Everglades our Airboat Tour Guides were  waiting to greet us, Wow what another fabulous experience this was our first time on an Airboat and our Guide was so knowledgeable of the area and introduced us to many different sizes of Alligators we managed to get close up and personal with them while our Guide fed them bread allowing us to touch the skin on their  backs and leg pretty awesome experience. After our Everglades tour which lasted about 45mins to 1hr we linked back up with Capt Anderson for our Seaplane flight back to Miami on our return journey Capt Anderson gave us a nice tour of the Miami skyline with more great  commentary.. This really was a Birthday Treat of a lifetime, absolutely Loved it..This is the best way to see the  Everglades do it in style...Highly Recommend... Thank You Capt Anderson for being a terrific Pilot..."
review_82386bb91c344ca8b5ec8dd0,5,Breath taking trip to Everglades,"From the first moment Tony put us in a relaxed mood 
After introduction and seating in the plane we took off across the water for a very visible and knowledgeable journey to Everglades park . Seeing Miami from the air on both journeys with a running cometary.
Everglades park was stunningly remote with a local guide from Native stock our Airboat trip was full of thrills and wildlife."
review_59aead5d2d7f0e535744a9c6,5,Evening romantic tour,We recently went on the this tour and our gps for Uber sent us completely in the wrong way so important in Miami to put every detail of the address! so we arrived about and hour and half late. The pilot was so nice to accommodate us and still take us up. The flight was lovely and the pilot was so good at telling us lots about various places and building. Very nice trip would do the day time one nice time I’m over. Really so so helpful
review_c97195f47230668478751e71,5,Miami...nice,"We stayed in Miami recently (late July/early August 2013) for a weeks vacation. Two trips were booked. One to Key West and the other a seaplane tour. 

Because of poor weather our flight was delayed for 48 hours bu are we glad that eventually the weather improved and we could take up the seaplane tour of Miami.

Our pilot was superb. Made us very calm before take -off and then once in teh air flew us with great professionalism over this wonderful city. He explained everything there was to know about Miami - so much so that our 30 minute trip literally flew by. Do it again ?  You bet we would."
review_e7eff18ff9d70537c7037589,3,GREAT!!!!,"At first i was a little mad, we had a tour booked at 10am and the pilot showed up late
But then everything went great, he was very polite, and super fun
We had a blast!!!
But waaaaaay expensive $150 per person for a 30 minute ride is just insane."
review_23cf34800c98795a842db371,1,The flight was excellent but they charged 15% tipping on full price without authorisation,"So I bought 4 Groupons at $75 for our family (a total of $300) when we visited Miami in June 2012. The booking process was very easy. They answered the phone promptly, had our Groupon codes down and sent us a boarding pass for  2 flights as we split into two parties as we take turn to look after a young baby. They told us that tax and gratuity were not included and if we want to pay by credit card we should call one day before or we will need to pay by cash to the pilot. I called the day before our flights and said I want to pay the tax by credit card and will give the pilot tip in cash. Knowing Floridan tax is about 7% that would be roughly $20 so I didn't ask them to confirm the total amount charged. 
The flight was very enjoyable. The pilot has a lot of local knowledge and was very pleasant. He told us that he owns this company and two planes and he is going to buy a new bigger plane.
My husband said that the pilot shouldn't expect any tip as he would make a lot of money from this business. However, I decided to tip him because I enjoyed his talk about the area.
We received an invoice of $110 in my email stating ""GT for flights"". I called them up to clarify. The same lady who took my credit card confirmed the tax was $20 and the rest was for gratuity I said I only authorised the tax charge and I already tipped the pilot and that I never authorised them to do that on my credit card. She told me I need to talk to Tony. The first thing he asked me ""How much did you tip the pilot?"" When I told him, he said bluntly ""That is not customary. It should be 15% on the full price of the flights which is $600 if you didn't buy from Groupon"". Thats why they charged me $90. He asked or ""offered"" me if I want to get a refund of $40 for the tip that I already gave the pilot.
I believe in tipping but it is for service people who earn $8.50/ hour at restaurants/ hotels who rely on tipping for their living. However, for a pilot who earns a high wage or owns his own company, tipping should be at customer's discretion, not by forced tipping which is the case here.
What I also found that their attitude was defiant about the charge when it was clear that I did't authorise it. What was not transparent was they didn't itemise the tax charge of $20 in my $110 invoice but indicated it all as GT for gratuity.
I wondered if they did that to avoid the tax and try to capture the discount they offered on Groupon. I have written to them to request the full refund. I hope to hear from other people's experiences."
review_69da5429c1af91d3cc871e44,5,Great,Great value! The pilot was very attentive. He also gave us a narrated tour. Excellent!!! Beautiful views
review_1a179dde846fef68cb4332b2,5,Excellent Way to see The San Fransisco Bay Area,"I booked a 45 minute sightseeing flight with Seaplane Adventures, as a birthday surprise for my wife and to round off our Californian vacation with a lasting memory.
The team were warm and friendly and the whole experience was excellent.
I particularly wanted to fly in one of these radial engined Beavers and I wasn't disappointed.
My wife loved the whole flight.
It's a memory we will keep as one of the highlights of our Vacation.
Thank You to all at Seaplane Adventures."
review_6466b9ab383b5a4f1fdda53c,5,Seaplane Adventure much more than we expected,"Our recent Seaplane Adventure was fabulous! Aside from the novelty of taking off an landing on water we were treated to a sightseeing adventure along the Marin County coastline, past the Golden Gate Bridge, along the San Francisco waterfront, over the Bay Bridge, over Giant's stadium, and over Alcatraz. I've lived in the Bay Area all my life and this was perhaps the most spectacular viewing I've had of San Francisco and the bay. Our pilot kept pointing out interesting points and never made it sound like he had seen it all before and was just going through the script. Highly recommended!"
review_0491630540c44d4ef26eee75,5,Amazing Experience,This was my most spectacular experience ever flying over iconic sites in San Francisco Bay. Seaplane Adventures staff were kind and generous from the start to the end. The pilot was a knowledgeable historian who took his time to explain the history behind every site we flew over. I strongly recommend this this to anyone wishing to see San Francisco from a different perspective.
review_5be4c5863c9f7e80dd250c6c,5,Nick and catherine,"Nick and catherine , birthday trip to the states from the UK . Thoroughly enjoyed the flight, felt confident and st ease with our pilot ."
review_51d3d1bdd73dc48dd25270e7,5,Unforgettable Sea Plane Experience,"A once-in-a-lifetime experience offering the best aerial views of San Francisco where our pilot showed us the entirety of the city along with its local landmarks including Sausalito, Muir Woods (in the distance), the Golden Gate Bridge*, Alcatraz, Crissy Field, Fisherman's Wharf etc etc. Not only was the pilot exceptionally knowledgeable of San Fran but the entire experience represented excellent value for money where we were able to see the city from above over a 30 minute period (which is more than enough time)."
review_b560092bfc34feb15f983896,5,A most excellent adventure!,"My partner and I took this trip, booked through Viator, in September, during our 3 day stay in San Francisco, while travelling California. We were picked up efficiently and on time from Pier 39, by a friendly and engaging driver, who happily pointed out local sights for us both on the way to Mill Valley, where the seaplane is based and back again. This guy was so informative and helpful, he even stopped twice on the way back so we could take photos of Landmark sights.
The flight itself was great! Our pilot Aaron, was clearly very skilled, confident and experienced in flying the plane. He made sure that everyone (there were four passengers in total, maximum would be five) could ask any questions they had, using the headphones with mikes and gave a really good commentary of the areas we were flying over, throughout the roughly 40 minute flight. I was really lucky in being 'co-pilot', sat at the front. This meant that I was able to lower the window beside me from time to time, to take photos without glass between the camera and the outside world. Having said that, the glass was very clear, so other than possible reflections, pictures would have come out really well anyway. We happened to be flying on the last day of the Americas Cup race and being one of only three airborne vehicles (the other two being media helicopters) made the experience even more special, our pilot making the most of this occasion for his fortunate passengers.
Overall, a very highly recommended trip and very good value for money!"
review_a70969c5180dcff4b504e3f5,5,"Redtail Adventures, Moab, Utah","Really excellent for seniors - we saw much more than we'd have seen hiking.  Unforgettable scenery. The flyover was smooth all the way and the pilot was expert, friendly, and highly knowledgeable on the history and geology of the area."
review_d780f91654b1c9f99a2a236a,5,Christmas shopping,"We so enjoyed doing some Christmas shopping in downtown Moab! And want to give a BIG shout out to Allysa Keogh for staying late and helping us pick out gifts jewelry, bags and coffee mugs.  Our family loves them! 
#shoplocal #moab #redtailair #christmas"
review_fd7ebcc7f5e93d96ece3c7ac,5,Kim Ruble made my first flight fantastic!,"I was a little nervous, never flown in a small plane but Kim was great, made us all very comfortable.  He pointed out all the interesting features and had lots of great stories about the various sights and the old legends that went with them.  The Maze and Needles area of Canyonlands are things I would probably never see any other way.  The colors of the rocks and formations are just impossible to describe, go see it!"
review_06eb3f971b46e3be6f1a0796,5,Great Adventure,Kim at Redtail was one of the most friendly and knowledgeable pilots I could have been lucky enough to fly with.  He is just one of those people who you really know loves everything he does.  Incredible views and a great responsible pilot.
review_e260da5ed867253b4fc60778,5,Flight up river for a rafting trip,"We flew with Kim from Redtail up to the launch point for our Green river rafting trip. This particular morning was quite challenging in terms of the weather conditions and the extreme crosswinds made it impossible to land and made for quite a bumpy ride. I appreciated Kim's extensive experience in flying that helped keep us safe, and he exercised the appropriate amount of caution and decided that it was best to turn back and not to try and force ourselves into a dangerous situation. We turned back to Canyonlands airport, and after the weather had cleared we flew back up there and had a perfectly smooth landing. Kim is a great pilot and made sure that we stayed safe even when Mother Nature wasn't being agreeable. Thanks!"
review_064c82589dc9f15ceb99ed00,5,The gorge from above is a must see,Totally worth it. It’s such a cool perspective on the gorge. How often are you able to get a 360 view of the gorge from 1500 feet?! The pilot was so friendly with cool facts about the area. Will definitely go again next time I visit.
review_b76e6c2bc278477c91d37c62,3,"Great experience and service, but not properly advertised","I first want to state that our pilot Spencer was wonderful in every way. He was very invested in our experience from start to finish, and my rating would be ""excellent"" if it only pertained to him. I'm being generous by saying ""average,"" simply because I hate to reflect badly on him in any way.

I'm not sure if my complaint should be directed to TripAdvisor (who does not appear to have a way for me to contact them directly) or with the provider company Envi. The writer of this booking description did not prioritize the customer experience by providing accurate information. 

My brother and I booked this tour as a Father's Day gift for our dad - planning that all 3 of us would enjoy the experience together. We were specifically seeking a helicopter ride, and booked this trip only because it was advertised as such. Although we were asked to give the weight of one person at booking, I couldn't find any information that stated a maximum weight for the group. When we arrived, our first surprise was that we could not all 3 be included in the ride. Spencer was great, and he figured out a way to allow us to book a second trip so we could still all participate, though this doubled our cost. The second surprise was that this was a plane tour instead of a helicopter tour.

Spencer did everything in his power to make this a fun outing for us, but he couldn't turn his plane into a helicopter and he had to charge us for the second trip. We made the best of a pretty disappointing and unexpectedly expensive situation, but we will not be trusting TripAdvisor descriptions in the future."
review_ca8ea4ee597e5bcde73dd076,5,Excellent.,"Excellent Pilot!  Little windy and a little bumpy, but he explained exactly where and when we would experience turbulence.  Beautiful views up the Columbia River Gorge."
review_6b104787c651e67fd89f534f,5,Better than Vegas and the Grand Canyon,"I don't know how this company doesn't have thousands of reviews. My wife and I had been on helicopter tours in Vegas and went on an airplane tour over the Grand Canyon a couple of years ago. They were all fun and the views were cool, but it wasn't cheap. My wife and I visited Portland and thought it would be fun to do something similar, shopped around a bit and found Envi. I can honestly say that the experience is not just worth every penny, but we got way more out of this flight than we did in Vegas and the Grand Canyon. It was such a good time and the price was completely reasonable. We highly recommend Envi if you're visiting Portland, or even if you live here. Book a flight if you haven't already."
review_3e49c04ea9e77e714a81cdfb,5,Best views of my LIFE!,"I grew up here in Portland and went to the gorge every weekend basically. I’m as Oregonian as you can get, my blood is green, stumptown coffee infused and mixed with rain. I thought I knew my Gorge, but now seeing it from above, in a slight drizzle, cloudy, afternoon day, seeing the Gorge, I was speechless. It was all green, the water was blue, everything was perfect. I highly recommend taking a flight from Envi. It was perfect. Absolutely beautiful. Take the flight. Bring your friends, make some awesome memories and take some beautiful photos. Absolutely worth every penny I worked for to fly!"
review_5c8c6ffd9af021cbb4bdebd5,5,A must do!!!! Amazing experience,"We did the wonderful waterfalls scenic flight in early February and could not recommend it more. Was an absolute amazing experience, with an exceptional staff. If you are in the Portland area it’s worth the short drive to Troutdale. Envi Adventures truly has something special going on. Could not recommend more."
review_d3aa33b2ada8580a5b5a3b5d,5,Beautiful and exhilarating!,"We took an 8pm flight in late July hoping to catch a nice sunset in addition to the falls and we were not disappointed (I’m sure it’s getting even better as the days get shorter)! Our pilot, David, was very funny, full of interesting information, accommodating, and made us feel at ease. We even left something behind and one of their staff met us at about 9:30pm to give it back to us — wow!! Too sweet! Definitely recommend the tour and the company!"
review_dc71022ec47fe7e7dad91e8d,1,"There are alternatives, don't let hotel lock you into flying Westwind","As an earlier reviewer mentioned, one of the Westwind planes (not the ""Executive"") has a ""bench"" at the back- with only a waist belt and no padding- which I was unfortunately assigned to (when the pilot planned the seating for weight distribution, as is always done, but could have been differently., but I was the last to board). The top of the window was below my chin when sitting on that bench, it's much higher than the seats. I am 71 and have spine degeneration, so I'd  phoned in advance specifically to confirm that the padded seats and window type shown on their website is what we'd all have (the bench is Not shown). 

Instead, I was crouched over on a hard bench to see out of the scratched windows, and it was miserable. They now deny I called, and say they routinely put elders and even handicapped guests on the ""bench."" So, beware, they're either lying about this to me or they're regularly putting guests in that painful position, for hours. 

They blamed the hotel concierge, and fabricated other excuses. The 3-hour flight was supposed to include, as Lindsay explained in person right before the flight, a glide down into the canyon, a memorable experience only a plane could provide. But we did not do it. The conditions were good. There is other misrepresentation in their website, for instance, the seats and the planes are no longer in that condition, but show a lot of wear. 

My family is in aviation, and I had confidence in Josh, the young pilot, to fly but not in his decision on the seating, and no confidence in the manager, Brad, who bullied me for complaining and requesting a refund. I regret trusting Hilton's Boulders Resort to arrange the canyon flight using Westwind. They have given me a 50% refund, but still blame me for having the ""wrong expectations"", and my spine is still painful."
review_347a597fb8c019adff981117,5,Amazing Experience,"Great experience! Our pilot, Max, was awesome!! The entire day was perfect. Thanks to everyone at Westwind and especially Max- what a memory for our family!"
review_7fa1e7da0ca539d45251b2af,5,Amazing Tour! Very professional.,"Our Lake Powell/Glen Canyon/Rainbow Bridge/Grand Canyon/Horseshoe Bend tour started in Page, AZ. Our pilot, Max, was fantastic - very pleasant, informative, and professional. It was out daughter's 17th birthday, and she was able to briefly take controls and fly the plane - what a birthday to remember!"
review_b7057b38356e6f4a373a9626,5,Words cannot describe it!,"Apart from the last 10 minutes of yesterday we had an awesome day...my son and I both had to use sick bags just as we were coming back into Sedona! Lol
I found the tour on trip adviser and after a couple of emails back and forward between Australia and Arizona we knew that this was the trip of a lifetime. 
It’s hard to pick a favourite bit of the tour as the scenery was awesome from start to finish, our Pilot/ tour guide Henry was fantastic and we loved his sense of humour.
I think we were a little spoilt because it was just the four of us and apart from the queue for lunch and the queue for photos on the airwalk we were straight into everything. 
The food for lunch was probably my least favourite part, but who could argue with the view while eating it. 
Definitely lived up to, and even surpassed our expectations, even with a little air sickness."
review_79b833d433db85183bfe559d,5,Fabulous tour by air and by jeep,"Worth. Every. Penny. 
We were going to drive from Phoenix to Grand Canyon and visit for a day and thought it would be way more fun to go by air and land. Googled this place and they did not disappoint. At $549 per person, 8 of us got into a very comfy tiny plane and flew over Sedona, flagstaff and the Grand Canyon. Spent 30 min over Grand Canyon alone. Landed and took a pink Jeep tour (included in the piece). Our guide was Lucy and she was absolutely awesome. Spent about 2-3 hrs on land with her. She provided us with lunch (sandwich, chips, cookie, apple and water). Flew back to Phoenix in same plane. Cannot remember the pilot, but he just had twins, so congrats and thanks for a terrific day and experience! We will never forget this day!"
review_f63c57ac2ae27b8085da9201,5,Bucket list trip - outstanding!,"Our family of 5 thoroughly enjoyed the Adventure trip.  The trip itself is amazing and spectacular, something to truly be seen in person; pictures don't capture the scale of the canyon (4,000 ft to the bottom!). Westwind service was excellent, with particular emphasis on our pilot, Mark.  Mark made the trip very enjoyable.  Professional, engaging, humorous and patient.  However, the highlight was the helicopter tour to the bottom of the canyon.  (The helicopter tour is booked through a separate company that Westwind hires.) Also, the staff at the Canyon is mostly local tribe people and they were also very friendly and offered very good service.

A few suggestions:  Westwind offers water and snacks at the departure airport.  Take plenty as there was only a fixed lunch offered.  We had a back-pack to stuff items in and it came in handy.  I would have taken more as we didn't stop for water except at lunch. Arrive early/or at least on time.  The area up at the Canyon gets very busy with tourists (primarily Chinese) from Vegas.  Westwind has planned the trip to get there a few hours before the tour groups descend on the area.  Our group was delayed (we were put with another family) about an hour and we saw how things could really get busy.  It worked out OK, but something to keep in mind."
review_8939fd8604bce70a3b1b8fc9,5,Amazing trip to the Grand Canyon!,Highly recommend this trip!  Mark our pilot was great..very conscientious with a great sense of humor!  He made us all feel comfortable..especially those of us in the group who were a bit nervous about flying in a smaller plane.  We had a pretty smooth ride over Sedona on the way to the Grand Canyon...breathtaking to see the red rocks from the air.  The highlight was flying over the Grand Canyon!   The pink Jeep tour portion was also great..our guide Hailee was fun and knowledgeable!   Highly recommend!  Take your Dramamine if you are susceptible to motion sickness though!
review_f513ccad486e4e6b27890911,5,Unsurpassed Beauty and Views,"Unsurpassed professionals guiding you to a ""once in a lifetime opportunity"" to see both Sedona and The Grand Canyon from the comfort of an airplane.  Fire up the GoPro for this adventure, you will want to share it with family and friends. 

See more than you can possibly see from any ground tour.  The 2+ hour round trip had a fabulous - experienced military veteran flight captain, an audio tour and plenty of tunes to entertain on the return flight.

We were fortunate enough to have a private tour from Sedona to the Grand Canyon and back.  The views are SPECTACULAR...the flight originated and returned to Sedona where we were staying.  We covered the same amount of terrain that would have taken days to achieve on our own - without the crowds and mileage spent on the road.

The flight completes a figure 8 around the Grand Canyon, providing for epic views that you could never see on your own.  Then you circle around Sedona's famed canyons and Red Rocks before a picturesque landing on to the Airport Mesa. Then sadly the tour ends and you still can't believe all that you have seen. The peace, serenity and unsurpassed beauty and wonder will remain with us for a lifetime. 

Not cheap, however, do the math between your time, mileage, food, lodging, navigation issues and crowd interference...not to mention the remote sites...and you truly come out ahead.  Especially, if time is limited - this maximizes your site seeing ability."
review_e8ba09c98f233e51030cc9c3,5,First Time Flyer in Small Plane - Wow!!!,"My wonderful friend treated me to the trip starting in Phoenix to Sedona then over Grand Canyon- many views then pink jeep trip on land from airport in Grand Canyon takes you to several wonderful vantage points which you get history and great pictures from both pilots and do pilots.  We had few hours of jeep tour, which includes yummy lunch, then back on flights for more wonderful views of the canyon and history and tales of the area.  As history buff, I was amazed and the views are spectacular-more than spectacular. we even stopped at the famous El Tovar Hotel and were treated to Hopi Indian dances featuring a darling 3-4 year old  I'll never be able to repay my friend for her generosity as this was truly a day I'll always remember ✈️"
review_a16674769364bddb39438f8b,5,Westwind Left Me Speechless - but in a good way!,"Very rarely am I rendered speechless. But when I was recently surprised with a Westwind adventure to the Grand Canyon, that’s exactly what happened. From the moment we arrived and were greeted by Gayle Lurenz, we felt like VIPs and our excitement began to build. As Gayle described our itinerary for the day, I could hardly believe how much we would experience in just 8 hours. We departed Phoenix on our private 9-passenger plane with our expert guide and pilot, Captain Ron. The views became more and more stunning as we landed on the mesa in Sedona. Then it was off to the West Rim of the Grand Canyon where we rode in our helicopter over the rim and down to the bottom of the Canyon for a boat ride along the Colorado River. As if that weren’t enough, we ended our adventure with lunch and even more stunning views from the Skywalk Bridge. By the end of this very special day, I couldn’t believe the dent I had put in my Bucket List. If you've ever wanted to enjoy a truly unique way to enjoy the magnificence of the Grand Canyon, Westwind is the way to go!"
review_e2dc2a31bed85af6df3536af,5,Very exciting,"We took the Page to Monument Valley, with Ground Tour in October. It was a lovely sunny day. Started from Page airport, which is very small, easy to find, and very informal. There was only the two of us, and a nice old chap for the pilot, in a Cesna. All very informative and professional. Took us to see the sights - Lake Powell, Navaho Mountain, Horseshoe Bend, Rainbow Bridge. Flight took about 45 minutes. When we landed at Monument Valley we were met by our Navaho Guide and his 4X4 (no waiting around). Again there was only the two of us, which was fortunate, because it was a bit cool outside and normally everyone would be in open seats on the back, but because there wa only the two of us, we asked to sit in with the guide, which was worth it because he was able to talk to us, keep us informed, and answer our questions about the Navaho culture. The Monument Valley wasbeautiful as expected - took lots of photos. Then back to the plane and back to Page. The pilot was very accommodating, and agreed to take a shorter route back to ease my wife's air sickness. We were doing a driving tour from Garnd Canyon, to Lake Powell, to Bryce, then Zion and Vegas, so this was a good way to take in Monument Valley without a long and uninteresting drive."
review_7e2201b48b681475df75ef1a,5,A dream flight!,"In August 2024, we booked the Southside Explorer with a glacier landing for my family of 4.  Unfortunately, the morning of our tour it was rainy with low clouds.  Talkeetna Air Taxi was extremely communicative with us that morning and offered us a variety of options for rebooking.  We chose to fly that evening based on their recommendation and it did not disappoint!  

My 13 year old son loves all things flying and our pilot, Tim, let him sit up front with him on the way to Denali.  It was a dream come true for him.  The entire flight was smooth and the pilot was full of information both on the way to the glacier and coming back.  It was clear he loved his job!  He told facts about the park as well as interesting historical facts.  

This is really the best way to see both Denali the mountain as well as the park.  We couldn't recommend this tour enough.  The company was fantastic to deal with and the actual flight was wonderful!"
review_d2d26abfcff50fb9547c2882,5,"Amazing ""Bucket List"" flight and landing on Ruth Glacier","My wife and I checked off a ""bucket list"" item by flying with pilot Andy Young and Talkeetna Air Taxi and landing on Ruth Glacier in Denali National Park.  Although the day was overcast and prevented us from seeing the summit of Mount Denali, we were able to land on Ruth Glacier.  The snow was pristine as we were the first flight to land on the snow that fell the night below.  Andy flew the de Havilland DHC-3 Otter with great skill, banking both ways to permit all passengers to get stunning views of the glacier and surrounding mountains.  It was an experience we will never forget.  I encourage everyone who travels to Alaska to make this a MUST DO activity!  You will not regret it!"
review_a0e5554c9ea393f975ce70db,5,One Level Shy of Heaven,"Eric, my son, Tina his wife, and I were happy that we had added a Talkeetna Air Taxi flight that included a glacier landing to our itinerary. That flight was awesome to Mt. Denali, the tallest mountain in North America. I felt as though we had landed one level shy of Heaven -- total silence, pure white snow with diamond crystals, the bluest of skies, white fluffy clouds. The only words I could utter were ""Thank You, God""."
review_008c37b18048f594b5fa1fe9,5,The Fourth of July,"Was in Talkeetna on the fourth of July, took the flight onto the glacier.  The entire experience was absolutely wonderful.  Fully recommend to everyone!"
review_e265784b06b03e9657bda9ff,5,Taxi to Heaven,"I was extremely lucky due to the excellent weather and visibility.  Although the plane could not land, the pilot was extremely cooperative and showed us a great time on air.  We made rounds so each side of the plane could enjoy all the great views. Everywhere I looked was a picture perfect frame."
review_82389ed0329e407b94318d6e,5,In the clouds,"This was our favorite experience, hands down!  Seeing the mountains that close was extraordinary and beautiful. A profound experience!"
review_feb8e8b8f877bcebb986186f,5,Alaska is amazing to see from the air!,"Leighan, our pilot, was awesome.  She's from Fairbanks and has a lot of knowledge about the area and wildlife.   The views were fantastic.  I've posted some pictures but they don't do justice to the real views.   We've gone on multiple trips in the summer with Talkeetna Air, including glacier landings which were equally awesome but our destination to an Iditarod Checkpoint during the race was something we'll never forget.  Talkeetna Air didn't an outstanding job from the 1st time we came to south central Alaska and we've loved every trip.   

We booked the tour in advance so we showed up 30 minutes early as requested and we were quickly checked in.  You have to be weighed with everything you're taking with you but no one sees the weight except the person behind the counter.   Once everyone was ready we were taken out to an Otter plane and could pick out the seats we wanted.  I asked if I could sit in the copilot's seat (because we'd done this before) and got an awesome view!   It was about an hour to the Rainy Pass checkpoint but Leighan told us all kinds of interesting facts about the Alaskan range, the various mountains, rivers and wildlife.   She found the Iditarod trail and from about 2000' feet followed it and pointed out teams as we went by.  It was really cool.   It got better after we landed in Rainy Pass.  If you're interested in seeing how the Iditarod really works this is absolutely the best thing you can do outside of volunteering and being part of the race yourself.  Leighan was helpful in where to go and had us check in at 12:30 to make sure everyone was OK.  Seeing the teams come into the Rainy Pass, check in, take care of their dogs, talk to the vets and answer our questions was unbelievably nice.  The only thing that could have made the excursion better is if we could have stayed longer.  I highly recommend this trip (and the glacier landing tours)!"
review_9709658ca472693848c0fd99,5,Once in a lifetime!,"From my initial contact by phone to the perfect smooth landing back at the Talkteena airstrip, everyone was super nice and competent.  Matt, our pilot did a wonderful job flying and pointing out interesting points on our tour.  The landing on Ruth Glacier was incredible. Would highly recommend TAT and would advise everyone to take a flight seeing tour if at all possible."
review_30a4fe165d7e3a55f8e3db95,5,Glacier Landing! Engaged on Mt. Denali!,"Yes! (For more than just one reason!) My boyfriend and I were planning our trip to Alaska and this came up as one of the top rated attractions - for good reason. We knew we wanted to do the plane tour but the glacier landing was one we were debating on. Although it's not that much more money, Alaska is already expensive and we didn't know that it would be worth it. Well, it was! Little did I know that my boyfriend had called TAT ahead of time to mention that he was going to propose on the glacier. Upon arrival, I had no idea! The entire crew knew and treated us just like everyone else, which was kind and helpful. The takeoff and plane tour itself was great. There was never a concern for safety. The pilot kept us informed throughout the trip on where we were flying over and facts about the mountain. Landing on the glacier was really cool, as was walking around in a couple of feet of snow on the most quiet and serene place I've ever been. Nothing compares. The pilot took a"
review_6695b050bf998824d236b151,1,Broken Buckles,I was being dropped off at Denali base camp as I was trying to climb Denali. Upon being dropped off and after the plane left I realized that 5 of my buckles were broken on my pack during the transportation. One of them being the hip belt which is the most important. I emailed Talkeetna Air and all they said was...well sorry... we will pass it on. This is a humongous deal for an expedition. I will let all of my climbing friends and community know about this experience. There are plenty of other taxi services in Talkeetna. I would highly recommend a more mom and pop one vs. Talkeetna's commercial feel.
review_8c560b94d6af138e94a9483a,5,Stunning!!,Would highly recommend Talkeetna Air Taxi!!  They were super accommodating due to weather!  They  originally bumped our reservation due to poor weather (safety conditions) and we were given the option for rescheduling or getting a full refund.  Luckily my friend and I had flexibility so we rescheduled for a few days later and had an amazing time.  Seemed like they flew us around more than what we were suppose to see as well.  Love every minute!!
review_92db6c4ddc4f03ed93a04bac,4,No Glacier Landing,"We did the Scenic Flight with Glacier Landing however due to the weather we were unable to do the Glacier Landing which was absolutely devastating.
we did still manage to do the scenic flight which was lovely and the scenery over the mountains was just beautiful however we were really upset we didnt get to land. 
I think i was a little more annoyed as the pilot just announced to us in such a casual manner ""yeah so it doesn't look like we'll be landing today sorry folks"" so blaze. 
There was no heartfelt emotion behind that which really annoyed me. He gets to do this trip every single day where as for the people on board this is a once in a lifetime opportunity. 
We were offerred a partial refund for not getting to land on the glacier which was very appreciated. We were just very disappointed. However the views from the plane were amazing and if you do get to land then you should feel very lucky! 
The flight before and after ours both managed to land on the glacier."
review_85b1ad0d6eac5eebd570b607,5,Denali,Outstanding trip - weather was great.  Pilot did an excellent job of providing views from every angle for every passenger - fantastic landing on the glacier.  Excellent trip.  Would recommend highly.
review_391296b7cc0f06b72663511f,5,Height of excitement.,"@ 12 seater designed to soar through the clouds to try and glimpse Denali's peak, which is rare. But the other peaks, glaciers and runoffs are well worth it. Each seat has a window and the pilot provides commentary and answers questions that are hard t pose as the mikes on the headsets don't work. Well worth it and the flight was even and calm, important for queasy fliers."
review_8f77d9be32b5ec0139d85201,5,Beautiful view of Denali,This was the highlight of our Alaska trip -- we lucked out and got a nice sunny day for our flight. The view of the mountains were gorgeous and the plane captain provided humorous and knowledgeable commentary throughout the trip. Definitely a must-do for anyone passing through the area.
review_c6388dc2ce0d1b794c18df93,5,Fabulous!,"This was an experience to remember! Great ground crew, a wonderful pilot and guide, and a memorable flight! Thanks to you all."
review_bf1fb727261e898751e14529,5,Best flight experience you can get!,We took the 830am grand Denali trip. It lasted till about 11:00am. We went around the mountain and did the glacier landing. I definitely recommend the glacier landing and it should be on your bucket list for sure! Our pilot Dave was informative and he let me be co pilot on our way out which gave me the best view possible! Would recommend this if you are visiting the park as no view beats the aerial view!
review_7b76705a2666fc9f007a68b5,5,Highlight of our 16 day Alaska trip!,"We booked with Talkeetna Air Taxi based on the recommendation of our tour agent Colette of Rainbow Mountain Adventures and we were amazed.  This experience was not only the highlight of our trip, it was one of my greatest experiences of all time!  We were on the last flight of the day and the weather had been iffy.  Most of the flights were not able to land on the glacier that day and we almost rebooked for the next morning.  The wonderful staffed talked us in to taking the flight and WOW, what an experience!  The flight up to and around Denali was awe-inspiring, we saw all of the glaciers and Chris, our pilot, pointed out the trail that the climbers use and much more.  I assumed we would have to return to the airport, but instead we landed on Thunder glacier, miles of virgin snow, not one track or footprint.  As we all stood and absorbed the gorgeous sights and listened to the glaciers sounding in the distance, all was right with the world!  Everyone on board including Chris was ecstatic!  This very professional company goes out of their way to satisfy customers while still being safe.  As anyone who has traveled around Alaska knows (and we quickly learned) you can always predict that the weather will be unpredictable.  If you ever get a chance take this once in a lifetime flight, it is a must do!"
review_4ec20f3edcbca09024bdd5ca,5,Must Do!,"Oh my gosh!  Highlight of our trip.  We did the McKinley base camp flight and it was breathtaking, inspirational, beautiful flight.  We kep going back and forth over whether we should pay the extra for the glacier landing.  SO GLAD WE DID!  Best part of the flight! Landed at a location with magnificent views of McKinley.  We lucked out and had a beautiful, clear day.  Couldn't have been better!"
review_024ec55872d9cd2b4775d0f8,5,Awesome trip!!!!,"Called on June 1st , which was a sunny day.  My husband and I decided we wanted to wait until the next day to make this trip as our camera battery was dead, I was talking to Annie and she said not to wait as the weather changes and tomorrow might not be as nice.  When I explained to her that we did not want to go because our camera was dead, she offered us a camera to use.  Well we went and what a wonderful time we had.  When we arrived in their office after being picked up we were greeted by Beverly, who was delightful, very knowledgeable and helpful.  Trent was our pilot who was great also excellent at pointing out different things on our flight as well as a photographer once we arrived on the glacier.  After we returned Beverly drve us to town.  My thanks to Annie, Trent and Beverly for making this a very special trip.  I would highly recommend using Talkeetna Air Taxi."
review_61b1eca7654fb6e6ba4eee2b,5,Definitely worth the money - just do it!,"My friend and I did the ""Grand Denali"" tour yesterday at 2pm.  As expected, it was an amazing tour. The weather cooperated also -it was a beautiful, sunny day. Our pilot, Richard, was a wonderful tour guide. We stopped on Ruth Glacier for about 15 mins. There were some campers/hikers settled in there. Knowing that we would fly out - not climb, was a very good feeling. The tour was 2 hours which was a perfect amount of time. We were starting to get a little cold. 
We looked at K2 Aviation as well - it looks like they also have a good set-up. We received a little bit of a discount from the lodge where we were staying (Denali Overlook - outstanding). All the prices were pretty comparable - not cheap, but once in a lifetime event."
review_8bad3b1acba5cdfb503049e9,5,the feeling of breath with the Mt McKinley,"we booked for Aug 19 but cancelled for weather but we were lucky to get it on Aug 21. It was so amazing we were so close to Mt Mckinley. Richard, our captain, was very professional and brought us different angles to see the mountain. And the glacier landing, the pure snow and calm atmasphere while Mt McKinley was there with sunlight on it. 2 children were very excited. Air Taxi really gave us one of the best memories in Alaska."
review_41d65926ab60faa93ac4a301,5,Amazing Flight!,"We took the Grand Denali flight with glacier landing.  The entire staff in the office was friendly and helpful.  I was nervous, having never flown in such a small plane.  A nice lady behind the desk reassured me and eased my fears.  We flew in a 5 seater plane, and Tim was our pilot.  Like the people in the office, Tim was professional, informative, and friendly.  He helped us into our seats, made sure we were buckled properly, and had our headsets working.  I couldn't believe the flight was so smooth!  Tim was an excellent pilot and tour guide - he answered all of our questions, and maneuvered the plane so that everyone could see everything out of their own window.  The views were stunning!  We had a sunny day, with a few clouds near Denali, but could clearly see the mountain and surrounding areas.  I took well over 100 pictures.  We landed on Ruth Glacier.  If you are able to add a glacier landing to your flight, do it!  Walking on a glacier and seeing the mountains towering over us was just incredible!  Bring sunglasses though, since there is glare from the snow.  Flying with TAT was the highlight of my Alaska vacation, and if I ever make it back, I will definitely fly with them again."
review_b6566a20ab2c573fdf5f18b8,5,All I can say is WOW!,"Heidi, the young lady who booked our reservation was incredibly helpful and informative. She was honest and forthcoming. When we arrived, the location was close to the town center of Talkeetna. A great little place to visit. Ate at Mexican Moose and Payos's Thai. Both are thumbs up. Anyway, waited in a comfortable area with their cat, Beaver they gave us glacier boots so our shoes would stay dry and about 10 minutes after checking our pilot, Tyler, called us up and we were ready! He gave us a briefing and off we went!  The views were spectacular. Close up views of Denali, Hunter and Moose's tooth. Landed on a glacier which was surreal. We were able to see Ruth glacier. It was awesome! The weather was perfect, blue skies, 75 degrees and bright! Didn't need a jacket but take sunglasses! The plane was comfortable and roomy. 

Would do it again. Loved Tyler! Best pilot ever!"
review_2c1a37640a6578dcad237166,5,Over the top from Down Under-AWESOME,"We went on the Base camp flight 2nd of June 2012, our pilot was Tyler. Firstly to you Tyler....AWESOME Mate never felt so safe in a small plane before, your expierience was evident and your knowledge and commentary was great, right from the safety briefing and offer to ride up front as (Co-Pilot) with yourself. The plane felt extremely well maintained and solid. From the time we arrived ALL of you guy's were very welcoming and friendly and nothing seemed to much trouble, your counter staff we met on arrival took the time to show us a map of were we would fly, told us of features we should keep an eye out for and so MUCH more. In reccommending TAT to all who may venture into your beautiful little town all we can say is that your people are as spectacular as the views we were so lucky to share the Glacier landing will be with us always and we can't wait to share our photos and video with the Family back in Austalia !!!!!

Again thanks and much gratitude from two very impressed Aussie's
Steve & Lynda
Sydney, Australia"
review_5d1ed7c73f280b31c37e8a26,5,The experience of a lifetime,"We did the Base Camp McKinley tour with a landing on Eldridge Glacier on 8/16/11, and it was incredible! It was the highlight of our trip, and a highlight of a lifetime. The day we went it was extremely clear, so the views were breathtaking! My wife and I both agreed that because the power and the beauty were so intense, there were times when it was very emotional and even spiritual.

Was it expensive? Yes. Was it worth it? Absolutely! It was worth every penny! We found a discount coupon in the Bear Foot magazine that helped, but even without it, it would have been worth it. Also, if you decide to do this, I hope you get Bill (forgot to get his last name) as your pilot. He was a wealth of knowledge, and his commentary added so much to the experience.  

Friends look at our pictures and are amazed (as we were)! I know I sound like a commercial, but this was a fantastic experience in a place loaded with fantastic experiences. I strongly recommend it and Talkeetna Air Taxi; they were great!"
