word,canonical_lemma,chinese_translation,emotion_category,frequency_21215,review_count_21215,example_context,in_nrc,in_vader
great,great,非常棒的 / 极好的,Unclassified,11541,8445,"review_0b3d9e46d4144a6c146dd89f :: We had a such a great day at the Grand Canyon! A full day…in the air and a 3 hour tour in the Wildbuck Hummer, 45 mins in the little town before we flew back to Phoenix. Our tour g...",False,True
amazing,amazing,极其震撼赞叹的 / 太棒了,Unclassified,6251,5377,review_92c89d45dafc32430c1381c4 :: Just such an amazing experience...from Lindsey's warm welcome when we arrived to the pilots navigating the journey! I would highly recommend this tour...it is truly a once in a lif...,False,True
beautiful,beautiful,美丽绝伦的,Unclassified,3485,3174,review_8f653fd5222c1543cb44db55 :: My husband I thoroughly enjoyed our plane ride to the Canyon with the pilot making sure we saw the beautiful canyon from above . Could not stop taking photos. When we arrived at th...,True,True
best,best,最棒的 / 顶级的,Unclassified,3420,2977,review_b562aa1c118a8a327cc24d3b :: This was by far one of the best tours I have ever been on. The experience was great from start to finish. Westwind was great to work with and Brandon took excellent care of us in t...,False,True
friendly,friendly,友好的 / 亲切的,Unclassified,3416,3221,"review_0b3d9e46d4144a6c146dd89f :: We had a such a great day at the Grand Canyon! A full day…in the air and a 3 hour tour in the Wildbuck Hummer, 45 mins in the little town before we flew back to Phoenix. Our tour g...",True,True
worth,worth,物有所值的 / 绝对值得的,Unclassified,2799,2678,review_82015a44043c500a6de0931c :: Great way to see the Grand Canyon and get there quickly from the Phoenix area. From our communication before the tour with Lindsey to our Flight there and back with pilot Brendon a...,True,True
wonderful,wonderful,精彩美妙的,Unclassified,2677,2457,"review_72e4871b346c17114821b344 :: Was an amazing experience. Everyone we dealt with was beyond nice and helpful. Our pilot, Noah, was wonderful and helped ease our nervous children. The overhead views were spectacu...",True,True
good,good,良好的 / 棒的（服务与体验）,Unclassified,2635,2230,review_9650dd6c136936de202ba6c4 :: This was a great day. The pilot did an awesome job after we hit severe turbulence over the Grand Canyon. The ground tour was great as well and in spite of less than perfect weather...,True,True
awesome,awesome,太棒了 / 极为赞叹的,Unclassified,2530,2344,"review_08dec3adeedc3666c165bf28 :: Great experience all around, can't beat it for doing a half-day tour! Airport was very convenient, pilot was awesome, and really fantastic views from the plane and at the canyon....",False,True
excellent,excellent,卓越极佳的 / 顶级的,Unclassified,2284,2065,review_b562aa1c118a8a327cc24d3b :: This was by far one of the best tours I have ever been on. The experience was great from start to finish. Westwind was great to work with and Brandon took excellent care of us in t...,True,True
fantastic,fantastic,奇妙太棒的,Unclassified,2026,1875,"review_ab324eff306941e3251df22d :: Our Grand Canyon Signature Tour - South Rim with Hummer Ground Tour was an absolutely amazing experience, flying over the desert from Phoenix to the Grand Canyon, passing over Sedo...",False,True
nice,nice,美好的 / 良好的,Unclassified,1794,1586,"review_72e4871b346c17114821b344 :: Was an amazing experience. Everyone we dealt with was beyond nice and helpful. Our pilot, Noah, was wonderful and helped ease our nervous children. The overhead views were spectacu...",False,True
fun,fun,乐趣十足的 / 充满乐趣的,Unclassified,1729,1575,review_b562aa1c118a8a327cc24d3b :: This was by far one of the best tours I have ever been on. The experience was great from start to finish. Westwind was great to work with and Brandon took excellent care of us in t...,True,True
spectacular,spectacular,壮观震撼的（高空景观）,Unclassified,1616,1566,review_82015a44043c500a6de0931c :: Great way to see the Grand Canyon and get there quickly from the Phoenix area. From our communication before the tour with Lindsey to our Flight there and back with pilot Brendon a...,True,False
incredible,incredible,难以置信震撼的,Unclassified,1612,1508,"review_c93167ce3ad55172293950ff :: We did the Grand Canyon air tour with the South Rim hummer tour.  It was all incredible!  Our pilot was great, and there was an audio going the whole flight explaining about all of...",False,False
better,better,更好的 / 更满意的（超过预期）,Unclassified,1585,1431,"review_aa1ae3139fbb554b26ec2c15 :: This trip was totally worth it. Everyone at Westwinds was friendly. The narrated flight was informative. The scenery was beautiful. The convenience from Phoenix was awesome. 

The ...",False,True
perfect,perfect,完美的 / 无瑕的,Unclassified,1474,1340,"review_9698a96c9c141be49b012144 :: Absolutely blown away with this experience, everything was perfect form the flight to the hummer tour. We felt safe, and informed about the GC. The time flying in the canyon was am...",True,True
loved,loved,喜爱 / 热爱（体验）,Unclassified,1473,1365,review_b562aa1c118a8a327cc24d3b :: This was by far one of the best tours I have ever been on. The experience was great from start to finish. Westwind was great to work with and Brandon took excellent care of us in t...,False,True
comfortable,comfortable,舒适的 / 安心的,Unclassified,1446,1372,"review_c3e4bc54584b39606bbd4cfa :: This was a phenomenal experience! Well worth the cost of the trip. When we checked in we were met by extremely friendly staff. Carla, our pilot, was absolutely terrific. Very infor...",False,True
breathtaking,breathtaking,令人屏息震撼的,Unclassified,1346,1328,"review_54ae3d1a9fed307fe80d18b3 :: Breathtaking experience!!! We do 100% recommend! 
The tour was amazing and the pilot was very friendly....",False,True
helpful,helpful,热心有帮助的 / 周到解说,Unclassified,1157,1108,"review_ab324eff306941e3251df22d :: Our Grand Canyon Signature Tour - South Rim with Hummer Ground Tour was an absolutely amazing experience, flying over the desert from Phoenix to the Grand Canyon, passing over Sedo...",True,True
glad,glad,感到高兴放心的,Joy / Happiness,897,856,"review_72e4871b346c17114821b344 :: Was an amazing experience. Everyone we dealt with was beyond nice and helpful. Our pilot, Noah, was wonderful and helped ease our nervous children. The overhead views were spectacu...",True,True
interesting,interesting,引人入胜的 / 趣味盎然的,Unclassified,886,853,"review_ab324eff306941e3251df22d :: Our Grand Canyon Signature Tour - South Rim with Hummer Ground Tour was an absolutely amazing experience, flying over the desert from Phoenix to the Grand Canyon, passing over Sedo...",True,True
cool,cool,酷的 / 爽快的,Unclassified,652,606,review_fac81d8d0af6198b7ccb6653 :: Our group of 6 recently took the trip from Scottsdale to the South Rim of the Grand Canyon.  We were all very happy with the experience.  It was apparent from the start that safety...,True,True
special,special,特别的 / 珍贵的,Unclassified,631,574,review_4e35a460b4ec2c815f0fb70b :: We had an amazing time with Westwinds.  Carla was an amazing pilot and a joy to spend time with in the air.  Seeing the Canyon from the air was a special experience and unforgettab...,True,True
lucky,lucky,感到幸运的,Good Fortune / Joy,607,586,"review_0b3d9e46d4144a6c146dd89f :: We had a such a great day at the Grand Canyon! A full day…in the air and a 3 hour tour in the Wildbuck Hummer, 45 mins in the little town before we flew back to Phoenix. Our tour g...",True,True
kind,kind,亲切的 / 友善的,Unclassified,587,565,"review_435119221505b3380abef27c :: My family of three had an amazing experience with Captain Carla on the Signature Tour! My son and I were very nervous, but Captain Carla was so kind and competent. We departed from...",True,True
memorable,memorable,令人终生难忘的,Memorability / Joy,580,562,"review_435119221505b3380abef27c :: My family of three had an amazing experience with Captain Carla on the Signature Tour! My son and I were very nervous, but Captain Carla was so kind and competent. We departed from...",True,False
happy,happy,高兴的 / 快乐的,Unclassified,555,522,review_348b4aff02fdf2a7c1edf068 :: We had a once in a lifetime experience on Westwind's Signature Grand Canyon South and Ground Tour. I have a terrible fear of flying but I was desperate to be able to do this tour. ...,True,True
stunning,stunning,令人目眩震撼的,Unclassified,552,546,"review_745b908a04eb2f42741ae626 :: We stayed in Scottsdale for our vacation and took Westwind from the Deer Valley airport only 20 minutes away. Our family of five (kids 13, 10, 3) had never seen the Grand Canyon. F...",False,True
nervous,nervous,紧张的 / 焦虑不安的,Unclassified,513,486,"review_72e4871b346c17114821b344 :: Was an amazing experience. Everyone we dealt with was beyond nice and helpful. Our pilot, Noah, was wonderful and helped ease our nervous children. The overhead views were spectacu...",True,True
fabulous,fabulous,绝妙的 / 极好的,Unclassified,508,486,"review_ab324eff306941e3251df22d :: Our Grand Canyon Signature Tour - South Rim with Hummer Ground Tour was an absolutely amazing experience, flying over the desert from Phoenix to the Grand Canyon, passing over Sedo...",False,True
disappointed,disappointed,感到失望的 / 遗憾的,Unclassified,488,475,review_92c89d45dafc32430c1381c4 :: Just such an amazing experience...from Lindsey's warm welcome when we arrived to the pilots navigating the journey! I would highly recommend this tour...it is truly a once in a lif...,True,True
outstanding,outstanding,杰出出色的,Unclassified,462,439,"review_8edb6b136dc2a365d2ceec0b :: This was my anniversary gift for my wife and it exceeded every expectation. The staff, pilots and our tour guide on the ground (different company by Westwind coordinates for you) w...",True,True
enjoyable,enjoyable,令人愉快的 / 趣味盎然的,Unclassified,460,446,review_a0a1ef77bac8870d0a16b7cc :: Great customer service highly recommend it pilot was a great guide the whole time a very enjoyable experience for anyone visiting miami....,False,True
unforgettable,unforgettable,令人难忘的 / 铭心的,Unclassified,459,455,"review_8112d0e93d02e5220c82a676 :: Evidently, the view is amazing, but it's the friendliness and top notch customer service that stands out. Pearl is amazing! The whole team go the extra mile to make sure your exper...",False,False
love,love,喜爱 / 极度热爱的,Love / Affection,450,430,"review_856d2aa6a78e7be940af3eac :: This was a once in a lifetime, amazing, beautiful experience. 

- the flight out of Scottsdale through the river valleys is beautiful.
- you get to see both north and south side of...",True,True
unique,unique,独一无二的 / 独特的,Unclassified,435,412,"review_bc094451a516daefa055857a :: This was one of the most unique experiences I have ever had! The flight from Phoenix to the Canyon was a bit nerve wracking, due to the small aircraft. Since there were only two of...",True,False
gorgeous,gorgeous,极其漂亮的 / 绚丽的,Unclassified,414,406,"review_435119221505b3380abef27c :: My family of three had an amazing experience with Captain Carla on the Signature Tour! My son and I were very nervous, but Captain Carla was so kind and competent. We departed from...",True,True
scenic,scenic,风景优美的 / 宜人的,Unclassified,400,363,"review_c93167ce3ad55172293950ff :: We did the Grand Canyon air tour with the South Rim hummer tour.  It was all incredible!  Our pilot was great, and there was an audio going the whole flight explaining about all of...",False,False
bad,bad,糟糕的 / 坏的,Unclassified,373,342,"review_278b0c04c816a76305f2d62c :: Westwind is unquestionably one of the best experiences I have had in travel.  We were scheduled to fly to the Grand Canyon on December 28th.  On Christmas Eve, we saw that weather ...",True,True
exciting,exciting,令人兴奋刺激的,Excitement,324,315,review_3927147ea98905ae80f48d37 :: We selected the 30 minute tour for sunset (6:30pm). This was such a cool experience; something different and exciting to do in Miami. Our Pilot was so nice and the ride was extreme...,True,True
incredibly,incredibly,难以置信地 / 极其,Unclassified,315,301,review_9cc699fcb8b3d3fab878cc9f :: I'm conflicted as to how to review Westwind as we had two different planes for our group of 16 family and friends (ages ranging from 25 - 60) who had completely different experienc...,False,False
pleasant,pleasant,令人愉快的 / 宜人的,Unclassified,306,294,"review_f12fde9bd79e32ad4e0ad3da :: Great ! 
It was very nice and the most beautiful journey we have ever taken 
The atmosphere was incredible and the pilot was very pleasant 
I advise everyone to try it...",True,True
awe,awe,敬畏 / 震撼,Unclassified,304,303,review_92c89d45dafc32430c1381c4 :: Just such an amazing experience...from Lindsey's warm welcome when we arrived to the pilots navigating the journey! I would highly recommend this tour...it is truly a once in a lif...,False,False
unbelievable,unbelievable,难以置信的 / 震撼的,Unclassified,302,298,"review_dfecc79fa219774441487192 :: Jason, the pilot, was fabulous.  Super smooth flight, & the glacier views were unbelievable.  The guided hike was wonderful.  We spotted a black bear.  Lunch was delicious!...",True,True
funny,funny,幽默风趣的,Unclassified,301,299,"review_268dc3f955d7431da158e157 :: This is a very good and funny experience! Very customer services ! 
I recommend very well this activity!...",False,True
plenty,plenty,丰富的 / 充足的,Unclassified,298,280,"review_aa1ae3139fbb554b26ec2c15 :: This trip was totally worth it. Everyone at Westwinds was friendly. The narrated flight was informative. The scenery was beautiful. The convenience from Phoenix was awesome. 

The ...",False,False
hard,hard,困难的 / 艰辛的,Unclassified,297,285,"review_d885e5c4d3d84166ffc7048f :: Even due to weather, they wont even do a refund or is able to do a voucher for one year. Honestly very upsetting. It was raining really hard and super cloudy and they made no circu...",False,True
regret,regret,遗憾 / 后悔,Regret,293,288,"review_5ee2c32c10d5e50c522ed982 :: Great experience ! Worth the try and you won’t regret it . Diego was awesome , super nice and friendly . The view was amazing and ride was smooth....",True,True
magnificent,magnificent,壮丽的 / 宏伟震撼的（Awe）,Unclassified,282,272,"review_bcd30ed73ff3b95a1128ad4e :: What a beautiful excursion, Elbert and Jason are real professionals. If you want an experience of a lifetime, don't pass up this opportunity to see the magnificent Alaskan mountain...",True,True
exceptional,exceptional,卓越的 / 杰出的（顶级评价）,Unclassified,276,271,"review_ec3e2f83f9281ad77bf33e34 :: From the first interaction on by phone through saying goodbye, everyone involved in this experience was amazing!  Exceptional customer service and a once in a lifetime trip....",False,False
sick,sick,晕机的 / 身体不适的,Unclassified,274,240,review_637b0b43ea5380f9cc4b150c :: I had a great time on the flight. I was able to ride shotgun both ways since I was a solo traveler. Bryce was very knowledgeable about the area and was super sweet when I got air s...,True,True
lovely,lovely,令人愉悦的 / 可爱的,Unclassified,266,248,"review_d4861ff7e19204212047a81e :: This is a must go trip! The experience was top-notch. You will never experience the views of the Grand Canyon or Sedona without a aerial trip. Carla our captain, experience not onl...",True,True
terrific,terrific,极好的 / 太棒了,Unclassified,260,247,"review_c3e4bc54584b39606bbd4cfa :: This was a phenomenal experience! Well worth the cost of the trip. When we checked in we were met by extremely friendly staff. Carla, our pilot, was absolutely terrific. Very infor...",True,True
calm,calm,镇定 / 平息情绪的,Calmness,259,251,review_348b4aff02fdf2a7c1edf068 :: We had a once in a lifetime experience on Westwind's Signature Grand Canyon South and Ground Tour. I have a terrible fear of flying but I was desperate to be able to do this tour. ...,True,True
impressed,impressed,感到深深被折服/留下深刻印象,Admiration / Impression,255,248,review_552464983c23bee88efea1ff :: Very impressed with Westwind Tours - the lady who booked my flights is warm and friendly and they called the day before (on Thanksgiving) to re-confirm.  The tour ran smoothly and ...,False,True
unfortunately,unfortunately,不幸的是 / 遗憾的是,Unclassified,240,230,"review_58ba87f9326f017e0b3399ae :: I hate to write a review in the midst of COVID for a small business, but unfortunately due to our experience I’m writing this in hopes that nobody else has the same experience. We ...",False,True
fortunate,fortunate,幸运的 / 幸运地,Unclassified,235,231,review_46e6e8cfb174b9002fc4f5ce :: We were so fortunate to take a tour to the Grand Canyon on our recent trip out to Phoenix.  From the initial booking with Lindsey to our wonderful pilot Daniel and tour guide Jeffr...,True,True
efficient,efficient,高效省心的,Unclassified,215,211,"review_9e2eeecffb6e74720d2860cd :: We happened by this on the way to Talkeetna and pulled in. Due to the immaculate condition of the facilities and grounds, we decided on the spot to book a half hour wildlife viewin...",True,True
welcome,welcome,受欢迎的 / 感受温暖的,Unclassified,212,208,review_92c89d45dafc32430c1381c4 :: Just such an amazing experience...from Lindsey's warm welcome when we arrived to the pilots navigating the journey! I would highly recommend this tour...it is truly a once in a lif...,False,True
entertaining,entertaining,引人入胜生动有趣的,Unclassified,210,208,review_2cc2081c6f740c887ae3f1af :: I think the best part of our flight was our pilot Leon! So incredibly knowledgeable and entertaining. I truly had the best time. When we landed on the glacier he never rushed us we...,True,True
inspiring,inspiring,令人启发震慑的,Inspiration,210,209,review_ed818a4e9f6f3477369ee75d :: The folks at Westwind Air do it right. Top notch service. We were greeted with smiling professional people. Snacks and beverages all ready for us. Our pilot ( Doug) was fantastic. ...,False,True
cheaper,cheaper,更实惠的 / 较便宜的,Unclassified,208,204,review_4054c024c17b512d4bdf9063 :: On two other trips to Alaska I have booked with K2 and had the flights cancelled due to weather.  Please note that this was no problem for me.  They are not going to fly if it is u...,False,False
phenomenal,phenomenal,现象级震撼的,Unclassified,200,198,"review_c3e4bc54584b39606bbd4cfa :: This was a phenomenal experience! Well worth the cost of the trip. When we checked in we were met by extremely friendly staff. Carla, our pilot, was absolutely terrific. Very infor...",False,False
superb,superb,极好精湛的,Unclassified,196,189,review_ac286b6c23e35ea9aba46f6a :: Fantastic service - Leslie in the office is an absolute treasure and our pilot was very professional and obliging. Superb views of the canyon - felt very safe & comfortable. Other ...,True,True
surprised,surprised,感到惊喜惊讶的,Unclassified,196,194,"review_58ba87f9326f017e0b3399ae :: I hate to write a review in the midst of COVID for a small business, but unfortunately due to our experience I’m writing this in hopes that nobody else has the same experience. We ...",True,True
surprise,surprise,惊喜 / 意料之外的喜悦,Unclassified,195,181,"review_745b908a04eb2f42741ae626 :: We stayed in Scottsdale for our vacation and took Westwind from the Deer Valley airport only 20 minutes away. Our family of five (kids 13, 10, 3) had never seen the Grand Canyon. F...",True,True
fine,fine,良好的 / 优秀的,Unclassified,190,174,"review_0e8b415ed6e60f63a677db4d :: This was not a bad experience - but it was a little pricey for what you get.

The hotel pick up was fine. The driver was late. I called - repeatedly. Nobody answered. I was worried...",False,True
brilliant,brilliant,璀璨的 / 出色的,Unclassified,184,169,review_5d85427f1f8e53f13fafbcf4 :: We drove past Alaska Bush Plane on our way down to Talkeetna so came across them purely by chance as opposed to researching them first which is what we usually do but what a find t...,True,True
forward,forward,期待（look forward）,Unclassified,183,178,"review_74ff54ac960571d307571620 :: We did a family trip into a great spot in the Talkeetnas. I had flown once before with Elbert for work and had felt really safe with him. That is really important to me, even more ...",True,False
reasonable,reasonable,合理的 / 公道的,Unclassified,179,179,review_e79ad6d1d62ebadf6050b8f0 :: Great trip and all service was well taken care of. Plane views were great and price was extremely reasonable...,False,False
ready,ready,准备就绪的 / 心安的,Unclassified,171,168,review_ed818a4e9f6f3477369ee75d :: The folks at Westwind Air do it right. Top notch service. We were greeted with smiling professional people. Snacks and beverages all ready for us. Our pilot ( Doug) was fantastic. ...,True,True
excited,excited,兴奋的 / 激动的,Unclassified,167,160,"review_d9f26eb9528467b776102553 :: When we got there it was sort of confusing on where to go but we were able to find it eventually. We were excited for the tour but as we got in the plane, it was a bit small uncomf...",True,True
majestic,majestic,雄伟的 / 壮丽的,Unclassified,165,165,"review_b5a54095bec550ba7f2ec524 :: We called into the Alaska Bush Float plane office on the off chance that we could take a scenic flight, luck was with us because a pilot was on the spot and in no time we were up, ...",True,False
competent,competent,称职的 / 有能力的,Unclassified,163,163,"review_435119221505b3380abef27c :: My family of three had an amazing experience with Captain Carla on the Signature Tour! My son and I were very nervous, but Captain Carla was so kind and competent. We departed from...",True,True
quiet,quiet,宁静的 / 幽雅安静的,Unclassified,161,159,"review_a411dcbbd240b16f9e91d21b :: We had an amazing day with Westwind Air Services.  We loved Phoenix, found it quiet and peaceful and also clean.
We were collected from our hotel and the day was wonderful from tha...",True,False
relaxed,relaxed,放松的 / 从容的,Unclassified,159,158,"review_c7e6af06a116fe685858b33c :: We took the flight over the Grand Canyon to test out a developing air anti collision app . I was a nervous passenger however, I had nothing to worry about thanks to our pilot Ken. ...",False,True
hope,hope,希望 / 期盼,Hope,159,158,"review_3950862ce5847be16e983139 :: Everything about the Grand Canyon Signature Tour was perfect. Lindsay made booking easy and made us comfortable when we arrived. Our pilot Steven was excellent, made us feel comfor...",True,True
perfectly,perfectly,完美地 / 无可挑剔地,Unclassified,155,149,review_46e6e8cfb174b9002fc4f5ce :: We were so fortunate to take a tour to the Grand Canyon on our recent trip out to Phoenix.  From the initial booking with Lindsey to our wonderful pilot Daniel and tour guide Jeffr...,False,True
concerned,concern,感到担心的,Worry / Concern,155,151,"review_a5d5fcee4f490a8707ea25a0 :: We were debating on whether or not to do it due to the price, but ended up feeling like we'd regret it if we did not.  It was an unforgettable experience and so worthwhile! There w...",True,False
interested,interested,感兴趣的 / 充满好奇的,Unclassified,153,146,"review_3329636e3ef62ffb8c289845 :: I really liked it, beautiful views and a professional pilot Giovanni, I recommend it to everyone who is interested in seeing Miami from above...",True,True
pleasure,pleasure,乐趣 / 愉悦,Unclassified,153,149,"review_5b214f13092466c89c4401ef :: The aerial tour of Sedona, Flagstaff and, of course, the Grand Canyon was fabulous. This was further enhanced by the south rim Hummer tour. This was all followed up with a bonus, d...",False,True
magical,magical,神奇的 / 魔幻般的,Unclassified,152,149,review_eac453440577e5d7895dd806 :: This is a must during a trip to the Seattle area.  The operation and staff is excellent and very professional.  You cannot beat the view and it's amazing what you see just a few sh...,True,False
afraid,afraid,害怕的 / 恐惧的,Unclassified,150,141,review_d72411de8fd698a132048a5c :: I took my Husband John on the Adventure Tour to the Grand Canyon and it was absolutely AMAZING!  LINDSEY was so GREAT and answered all my questions and she also has a big heart. I ...,True,False
worried,worried,感到担心的,Unclassified,149,146,review_3905519a1dd7aacea307ddb2 :: My family and I decided to take the longer Denali Flightseeing tour after many phone calls with Alaska Bush Floatplane's office staff. I spoke to both Molly and Nancy on different ...,True,True
scared,scared,感到恐惧害怕的,Fear,144,137,review_348b4aff02fdf2a7c1edf068 :: We had a once in a lifetime experience on Westwind's Signature Grand Canyon South and Ground Tour. I have a terrible fear of flying but I was desperate to be able to do this tour. ...,False,True
smoother,smoother,更平稳的 / 更顺畅的,Unclassified,143,143,review_348b4aff02fdf2a7c1edf068 :: We had a once in a lifetime experience on Westwind's Signature Grand Canyon South and Ground Tour. I have a terrible fear of flying but I was desperate to be able to do this tour. ...,False,False
fully,fully,完全地 / 充分地,Unclassified,143,137,"review_fb444b09ca144f104f98424a :: Loved my ride with Northwest Seaplanes! 

Check-in was easy, hangar staff was friendly and promptly answered any questions I had regarding the planes. Drinks along with merchandise...",True,False
wrong,wrong,出差错的 / 错误的（负面体验）,Unclassified,137,132,review_823604ab09fa18aaa869f215 :: We accidentally booked our flight on the wrong day but the the pilot Diego and owner Mahamoud helped...,True,True
cheap,cheap,便宜的 / 廉价的,Unclassified,134,132,"review_cfbf25a0b1a3bc09ef2b51e5 :: Michelle took good care of the three of us!  I'm an aviation expert with decades of engineering and mechanical, as well as airlines experience.  This team is bar none the best!  Al...",True,False
blessed,blessed,感到有福的 / 幸运的,Unclassified,133,131,review_018ef245f3a270806d36f185 :: We were blessed with a break in the weather and blue skies. Unfortunately the haze in the high elevation did not allow for us to see Denali but otherwise the views were breathtakin...,True,True
pleased,pleased,感到满意的,Unclassified,132,129,review_ac286b6c23e35ea9aba46f6a :: Fantastic service - Leslie in the office is an absolute treasure and our pilot was very professional and obliging. Superb views of the canyon - felt very safe & comfortable. Other ...,True,True
safely,safely,安全平稳地,Unclassified,132,129,"review_839e0560238a0af9aac3153f :: I am a terrible flier. As in PETRIFIED.  Somehow, though, this clean, well kept little dock caught my eye as my husband and I drove into Talkeetna for one overnight. Despite my fea...",False,True
exactly,exactly,精准地 / 正是,Unclassified,130,126,review_666e1f42eced3751f3747622 :: 5STARS ALL THE WAY: once in a lifetime moment! OK but so this is really a response to another  4 star review that honestly I had a problem with reading because everyone is such a c...,False,False
impressive,impressive,令人印象深刻的,Unclassified,130,129,"review_be6ad7ad8d01cad408067c00 :: We saved driving 2 hours to Anacortes plus another hour ferry ride to go from Seattle to Friday Harbor.  Since we went only for the day, the seaplane was the best, most scenic and ...",False,True
thrill,thrill,刺激 / 震慑感,Unclassified,129,126,review_54dbb6a180df4254e69622b0 :: My husband and I used to fly our own plane so being back in the cockpit was a thrill. The trip to Friday Harbor from Renton Harbor is spectacular. Seeing the Olympic Peninsular mou...,True,True
thrilling,thrilling,令人惊险刺激酣畅的,Excitement / Thrill,126,123,review_c542b91f8f33b62598c7e8e7 :: The whole experience was fabulous from the convenience of short notice booking to the easy check in and ultimately with the flight and our pilot! The facility is welcoming and the ...,True,True
humor,humor,幽默感,Unclassified,125,124,review_c20c8b41bb822484a376265e :: A fantastic trip with views you will never get to see from the ground. Then when you do land at Grand Canyon Village and take the Humvee part of the tour you will be blown away aga...,False,True
dream,dream,梦寐以求的,Unclassified,124,118,review_ef668d028235ca272d5c4969 :: We booked Jason and our guide Tim for a full fly-in fishing day at a high mountain lake.  The experience was one of a kind.  We were the first humans to touch this lake for at leas...,False,True
sorry,sorry,感到抱歉遗憾的,Pity / Regret,123,123,review_ef6e98ea9ae5ecf683f2c34a :: I feel sorry for people who don’t see the Moab area from the air.  It is amazing how different the canyons look from above.  Our Redtail Air Adventures pilot (Dan) did an exception...,False,True
relaxing,relaxing,令人放松惬意的,Relaxation / Calmness,122,119,"review_08f48fdaf869e91746f09240 :: We enjoyed the views very much, our pilot and other staff were very friendly. Very relaxing, never been in a small plane like that before. Ride was very smooth. Pilot pointed out m...",False,True
comfort,comfort,舒适 / 宽慰安心,Unclassified,121,116,"review_7e4c769eacb09e8be1a32d03 :: We have flown with several different services to Roche Harbor on San Juan Island
and we prefer Friday Harbor Seaplanes : the team are all very personable, helpful,
accomodative to ...",True,True
disappoint,disappoint,使失望,Disappointment,121,119,review_6018c2dc358fe6245281efbf :: Awesome experience flying through Miami. Definitely recommend for anyone checking out the city. It will not disappoint. Flight time is 30 minutes but definitely felt way longer tha...,True,True
wonder,wonder,惊奇 / 赞叹,Amazement / Wonder,121,117,review_92c89d45dafc32430c1381c4 :: Just such an amazing experience...from Lindsey's warm welcome when we arrived to the pilots navigating the journey! I would highly recommend this tour...it is truly a once in a lif...,False,False
amazed,amazed,感到吃惊惊叹的,Amazement,120,119,"review_8447cef58620bf41f7a0bf9a :: Lindsey and Destiny did an amazing job in the planning of our event. They were so helpful, patient and friendly as they worked through our changes and were very accommodating! The ...",False,True
fear,fear,恐惧 / 害怕,Fear,120,116,review_348b4aff02fdf2a7c1edf068 :: We had a once in a lifetime experience on Westwind's Signature Grand Canyon South and Ground Tour. I have a terrible fear of flying but I was desperate to be able to do this tour. ...,True,True
unable,unable,无法的 / 无能为力的,Unclassified,114,110,review_9cc699fcb8b3d3fab878cc9f :: I'm conflicted as to how to review Westwind as we had two different planes for our group of 16 family and friends (ages ranging from 25 - 60) who had completely different experienc...,True,False
thrilled,thrilled,极度兴奋的,Unclassified,113,112,"review_bd8c0a2fe49ee9634fbbf7bf :: top notch customer service for an experience that was out of this world. Shane is a fantastic pilot and my kids, 10 and 12, were over the top thrilled with seeing the Cascades wher...",False,True
confidence,confidence,信心 / 确信,Unclassified,112,109,"review_64c85a47e768780264992f7b :: I have traveled much of the world, and the experience of flying past Denali and the other peaks, then landing on the glacier is one of the top five I have had in my life.  The ""lai...",True,True
difficult,difficult,困难的 / 令人头疼的,Unclassified,112,111,"review_5ef922df306a71e19e3c61b6 :: I highly recommend this tour. Despite difficult weather conditions they were able to give us an amazing and safe flight.  Our pilot, Leon was great, we couldn’t have asked for more...",True,True
expert,expert,专家级的 / 娴熟的,Unclassified,112,106,review_a2b3cf2d16dcbbae8fc45f56 :: This was an experience and way more than imagined!  Such an easy day because Westwind Tours took care of everything. Easy flights thanks to Caden and Carla and an amazing experienc...,True,False
honestly,honestly,老实说 / 真诚地,Unclassified,111,109,review_9cc699fcb8b3d3fab878cc9f :: I'm conflicted as to how to review Westwind as we had two different planes for our group of 16 family and friends (ages ranging from 25 - 60) who had completely different experienc...,False,True
confident,confident,自信的 / 确信的,Unclassified,109,109,review_488e7f2f65d5a21f1c2e1fc3 :: My husband and I took this tour yesterday and it was fantastic!  Gayle was very helpful when we booked and even called the day before to tell us the what the temperature would be a...,True,True
willing,willing,乐意的 / 愿意的,Unclassified,108,104,review_585fd4de71474864f99ab2f5 :: I had taken a family summer trip for a half hour seaplane with lake landing. The pilot had a terrible and rude attitude and was not willing to provide any conversation. He seemed t...,False,False
worry,worry,担心 / 忧虑感,Anxiety / Worry,106,103,"review_c7e6af06a116fe685858b33c :: We took the flight over the Grand Canyon to test out a developing air anti collision app . I was a nervous passenger however, I had nothing to worry about thanks to our pilot Ken. ...",True,True
smoothest,smoothest,最平稳的,Unclassified,105,105,"review_5ddfac9805cbd477b8b81816 :: Great experience. Smoothest take off and landing, great mini tour enroute to the islands. Easy navigation to the shuttle at SeaTac....",False,False
positive,positive,积极正面的,Unclassified,101,98,"review_14c77a9024b5a000f3d0a440 :: Unfortunately, this was the one cloudy and overcast day on our trip to Denali.  Would have been so much better on a clear day!  That being said, it wasn't the fault of this company...",False,True
surreal,surreal,超现实的 / 梦幻般的,Unclassified,98,98,"review_874d3d004ca2d69a954110e8 :: Our family took Northwest Seaplanes from Renton to Friday Harbor, then to Nootka Sound, and finally back to Renton.  Shane, our pilot from Renton to Friday Harbor, was excellent, p...",False,False
reassuring,reassuring,令人安心放心的,Relief / Reassurance,97,96,"review_4e42caa695f972732315a2ff :: From the reception at their airport office, to the flight, jeep tour and guides, and flight back, truly an amazing way to see Grand Canyon. All the staff and pilot were accommodati...",False,True
sweet,sweet,甜蜜的 / 甜美的,Unclassified,97,93,review_637b0b43ea5380f9cc4b150c :: I had a great time on the flight. I was able to ride shotgun both ways since I was a solo traveler. Bryce was very knowledgeable about the area and was super sweet when I got air s...,True,True
concern,concern,担忧 / 关切（焦虑感）,Unclassified,96,91,"review_fd0f8064c8d304a91a1a7613 :: My husband, adult son and I took the Maui Circle island Air Tour with Eric last week and thoroughly enjoyed every minute.  Eric is a seasoned pilot and his number one concern is th...",False,False
luckily,luckily,幸运地 / 幸亏,Unclassified,96,93,"review_71517e3ce817f415e63930fa :: Our flight over the Grand Canyon was spectacular and is one of my top travel experiences ever!  Our scheduled flight had to be canceled because of weather, but luckily there was ro...",False,True
poor,poor,贫乏的 / 差劲的,Unclassified,95,91,"review_c9d59d55b59a55b1552a009f :: We were supposed to go on a 30 minute flight over Miami. It was raining and windy that day, si I called the company 3x to see if I should head out to the airport. NO response.  10 ...",False,True
scary,scary,令人害怕的 / 吓人的,Unclassified,94,94,review_9cc699fcb8b3d3fab878cc9f :: I'm conflicted as to how to review Westwind as we had two different planes for our group of 16 family and friends (ages ranging from 25 - 60) who had completely different experienc...,False,True
enthusiastic,enthusiastic,热情的 / 充满激情的,Unclassified,93,90,review_d4b7b4ce8f5f74c6293cb6ee :: We used Northwest Seaplanes for a rather large family trip to the Hakai Lodge along the Central British Columbia Coast. They were able to handle our group of 29 with absolute profe...,False,True
apprehensive,apprehensive,忧虑的 / 不安的,Unclassified,92,91,"review_0e075f6c9e72f80f716f5434 :: My experience with Alaska Bush Float Plane Service was truly incredible!  Our pilot, Jason, took us deep into the Alaska Range, where we were able to view Mount McKinley, Mount Hun...",True,False
exhilarating,exhilarating,令人极为兴奋刺激的,Exhilaration / Excitement,90,89,review_2a8485ec6b1d000b7b581e6e :: This was one of the most exhilarating experiences I have had in my life! It is something that you need to experience for yourself - not something someone can tell you about. The wh...,False,True
honest,honest,诚实的 / 坦诚的,Unclassified,88,81,"review_58ba87f9326f017e0b3399ae :: I hate to write a review in the midst of COVID for a small business, but unfortunately due to our experience I’m writing this in hopes that nobody else has the same experience. We ...",True,True
inaccessible,inaccessible,难以到达的 / 偏远秘境感,Unclassified,86,85,review_89bc4efb65ff1dc3d76e8a81 :: We booked a private Ecostar Imperial helicopter tour for 6 people (the 40-50 minute flight from Grand Canyon airport in Tusayan) and we are all in agreement that this was by far th...,True,False
lucked,lucky,幸运地 (动词变体),Good Fortune / Joy,86,86,review_dffa01e8d9fc9048a74fe1f4 :: The flight and glacier were landing were amazing. We lucked out with the weather and the views were incredible. Don't miss it if you're going to Alaska!...,False,True
rushed,rushed,仓促的 / 匆忙的,Unclassified,85,79,"review_856d2aa6a78e7be940af3eac :: This was a once in a lifetime, amazing, beautiful experience. 

- the flight out of Scottsdale through the river valleys is beautiful.
- you get to see both north and south side of...",False,False
capable,capable,有能力的 / 熟练精湛的,Unclassified,84,83,"review_e2d4af7c903eec222c6d9cf8 :: Flight to Renton was smooth, educational  and very interesting. Pilot Andrew very professional, capable and enthusiastic.  Highly recommend to all age groups....",False,True
prone,prone,易患（晕机）的,Unclassified,84,84,review_1e6bde0c3142b379dd5fd3c6 :: Excellent Adventure! We chose Friday Harbor Seaplanes for round trip flights during a five day visit to Friday Harbor. Top to bottom excellent experience with this company. Great c...,False,False
simple,simple,简单明了的 / 省心的,Unclassified,84,83,review_d1dbb71690d1453e7bbc4b13 :: This was one of the best days of my life. I can’t say enough good things about this tour and the staff at Westwind. We would have skipped this tour after my mom broke her arm the d...,False,False
wonders,wonder,惊奇 / 奇观,Amazement / Wonder,83,82,"review_34b69f6a4def52d24aa59622 :: What an amazing trip, Captain Jack was not only a great pilot, but was fun and informative. He def. helped with the experience, however the star of the show is the views. Seeing th...",False,False
fascinating,fascinating,令人入迷极具吸引力的,Fascination,83,82,"review_d5214b768412bef008732dba :: We had an incredible experience with Alaska Float Plane Company! Our pilot, Jason, was absolutely fantastic. He was knowledgeable, helpful, and clearly passionate about what he doe...",True,True
grateful,grateful,感激的 / 感恩的,Unclassified,80,78,"review_e1b1a89e3c4bed96938773d0 :: Our family booked the 30 minute seaplane adventure as part of our cruisetour.  Due to rainy weather, we were not able to take the tour but I wanted to acknowledge the wonderful cus...",True,True
delightful,delightful,令人欢欣的,Unclassified,80,79,"review_5b214f13092466c89c4401ef :: The aerial tour of Sedona, Flagstaff and, of course, the Grand Canyon was fabulous. This was further enhanced by the south rim Hummer tour. This was all followed up with a bonus, d...",True,True
advantage,advantage,优势 / 极佳点,Unclassified,78,78,"review_51723800a5b62f088a8bc7d1 :: Honestly, although we absolutely loved Friday Harbor, the trip to and from Seattle ended up being one of the highlights of our trip! The experience and the views are amazing, and w...",True,True
assured,assured,安抚 / 确信,Unclassified,78,76,review_348b4aff02fdf2a7c1edf068 :: We had a once in a lifetime experience on Westwind's Signature Grand Canyon South and Ground Tour. I have a terrible fear of flying but I was desperate to be able to do this tour. ...,True,True
famous,famous,著名的 / 享誉的,Unclassified,77,71,review_786ea7ddef7d606209ef913e :: Friday Harbor Seaplanes are awesome! The views up to Friday Harbor are breathtaking~and you experience this adventure in a famous de Havilland Single Propeller Seaplane. Landing by...,True,False
pride,pride,自豪 / 骄傲,Unclassified,77,76,review_1ce5c9e936be6a39de2f4428 :: My husband and I booked this experience as part of our honeymoon. I can't adequately describe this experience because words like amazing or breathtaking don't do it justice. If you...,True,True
safer,safer,更安全的 / 更安心的,Unclassified,77,77,"review_b63c89982ba33e68605ad516 :: We chose to fly to an escape to Vancouver island and were impressed by the efficiency, hospitality and safety of this airline. We loved the views on the outbound trip - in fact the...",False,True
neat,neat,整洁的 / 干练的,Unclassified,76,75,"review_5b9a0e422d7e3521a3582753 :: We really enjoyed our flight with Alaska Bush Float plane service. Although Denali was clouded in, the pilot still took us as close as he could. He narrated the whole time and poin...",False,True
worthwhile,worthwhile,值得的 / 划算的,Unclassified,75,74,"review_9bfba60ecd923b586acd976b :: very worthwhile and smooth seaplane flight with a friendly and knowledgeable pilot, awesome views. most definitely recommend it....",False,True
coolest,coolest,最酷爽震撼的,Unclassified,75,75,"review_0d4bdc67354c4a2f01fc8010 :: Ethan flew us over Labyrinth Canyon, the Confluence, the Maze, the Needles, up the Colorado, and over the upper Castle Valley/Mill Creek drainages. He was super informative and fle...",False,False
stable,stable,平稳安心的,Unclassified,75,75,"review_d9f26eb9528467b776102553 :: When we got there it was sort of confusing on where to go but we were able to find it eventually. We were excited for the tour but as we got in the plane, it was a bit small uncomf...",True,True
promptly,promptly,及时迅速地,Unclassified,74,73,"review_278b0c04c816a76305f2d62c :: Westwind is unquestionably one of the best experiences I have had in travel.  We were scheduled to fly to the Grand Canyon on December 28th.  On Christmas Eve, we saw that weather ...",False,False
concerns,concerns,担忧 / 关切,Unclassified,73,71,review_032f5b472647ffceb9841d67 :: I scheduled a solo trip with my dog to scatter my mother’s ashes over the Puget Sound as she requested.  I was coming from out of town.  We were delayed one day due to weather cond...,False,False
greatest,greatest,最伟大的 / 极佳的,Unclassified,73,71,"review_6b53dc80f7c179846fa93d72 :: The greatest experience!!! 
I highly recommend doing this, you won’t be disappointed, we flew at night and really the view was spectacular!!! 

Sergio was our pilot and he was grea...",False,True
ideal,ideal,理想的 / 完美的,Unclassified,72,66,review_0feea62cebd439414c25d6fc :: My wife and I decided to spend Valentine’s Day in Sedona and booked an air tour of the Grand Canyon. I booked it over the phone with Lindsey whom seems to be the manager. She lead ...,False,True
peaceful,peaceful,平和宁静的,Unclassified,72,71,review_7dec9327e58c594ad18db947 :: Best part of this trip was the smooth and peaceful plane ride over the canyon!  Felt safe with our professional pilot Tom!...,True,True
understanding,understanding,体谅的 / 理解的,Unclassified,70,70,review_068f16e9ef0eaae251704aeb :: Horrible experience when the third party booking company doesn't communicate with the actual servicing company. And the policies of the booking company don't apply with the servici...,True,False
impossible,impossible,不可能的 / 难以置信的,Unclassified,65,65,review_348b4aff02fdf2a7c1edf068 :: We had a once in a lifetime experience on Westwind's Signature Grand Canyon South and Ground Tour. I have a terrible fear of flying but I was desperate to be able to do this tour. ...,True,False
tremendous,tremendous,震撼巨大的,Unclassified,64,64,"review_67ec29dad499a108c6c2dc7f :: It was great fun and tremendous time saving!  I was in Friday Harbor and just over an hour I was back home.  It made the weekend in the San Juan's possible.
The DeHavilland Beaver ...",False,False
passion,passion,热情 / 激情,Unclassified,64,60,"review_8cd3f2ac0d8514a7f3b61f10 :: What an incredible experience, my favorite thing to do in Alaska, but what brought this to a completely different level, was our pilot Wilbert, Not only did we feel safe, his passi...",True,True
fears,fears,恐惧 / 忧虑,Unclassified,64,61,"review_59c78627992f906fe1ccc656 :: What a fantastic ride with Riley. 
I am afraid of heights, get motion sickness and claustrophobic.
So why do it? My granddaughter said I need to face my fears.
I am SO glad I did.
...",False,True
conscious,conscious,有意识的 / 讲究的,Unclassified,63,63,review_4040be92eb15a7d195167b38 :: Flew into work at floating lodge. Very professional and friendly. Very safety conscious.  Pilot informed us on emergency procedure...,False,False
pristine,pristine,原始纯净的,Unclassified,62,61,review_bed868d19d2a33eb1ac95b60 :: Love to fly with Northwest Seaplane- they link us from remote Northern Vancouver Island right into Seattle for flights out of Seatac to our home in Sacramento.  Flight times vary d...,True,False
dramatic,dramatic,戏剧性的 / 震撼的,Unclassified,61,58,review_9cc699fcb8b3d3fab878cc9f :: I'm conflicted as to how to review Westwind as we had two different planes for our group of 16 family and friends (ages ranging from 25 - 60) who had completely different experienc...,False,False
extraordinary,extraordinary,非凡的 / 卓越的,Unclassified,61,60,review_2a6e0be4eff7d4bad8630a66 :: What a wonderful experience!  My husband Steve and I were in Moab with a few extra hours in the afternoon before starting our train trip though the  Rockies.   While an afternoon t...,True,False
gracious,gracious,亲切和蔼的,Unclassified,61,60,"review_be6ad7ad8d01cad408067c00 :: We saved driving 2 hours to Anacortes plus another hour ferry ride to go from Seattle to Friday Harbor.  Since we went only for the day, the seaplane was the best, most scenic and ...",True,True
moving,moving,令人动容感人的,Unclassified,61,59,"review_0e6241ee723bd441df7f52c5 :: They sold me on flying low and being able to see lots of wildlife close up . . . 
We flew at about 500 - 650 feet above the grounds so any wildlife you see is minimum  600 fret awa...",False,False
passionate,passionate,充满激情的,Unclassified,61,60,"review_d5214b768412bef008732dba :: We had an incredible experience with Alaska Float Plane Company! Our pilot, Jason, was absolutely fantastic. He was knowledgeable, helpful, and clearly passionate about what he doe...",True,True
considerate,considerate,体贴周到的,Kindness / Reassurance,60,60,review_23e045a06437ae9f021d5729 :: Just book it! Amazing Experience and fantastic views of the Grand Canyon. Ample photo opportunities and a pre-recorded commentary. Captain Jack was very knowledgeable and considera...,True,True
joy,joy,喜悦 / 快乐,Unclassified,60,60,review_4e35a460b4ec2c815f0fb70b :: We had an amazing time with Westwinds.  Carla was an amazing pilot and a joy to spend time with in the air.  Seeing the Canyon from the air was a special experience and unforgettab...,True,True
entertained,entertained,感到深受愉悦娱乐的,Joy / Amusement,60,60,"review_02c9a294d2798292e0113aa3 :: Words and pictures do not come close to describing the experience of flying up to view Denali.  We were very happy with our pilot, Billy.  He was funny and very knowledgable about ...",True,True
complimentary,complimentary,赞赏的 / 赠送贴心的,Unclassified,59,56,"review_662f441878fa384baff0ed90 :: We had the most amazing experience, from start to finish, with Redtail Air Adventures! I had originally scheduled a helicopter tour for the morning of my birthday, however due to t...",False,True
convenient,convenient,便捷省心的,Unclassified,59,59,"review_08dec3adeedc3666c165bf28 :: Great experience all around, can't beat it for doing a half-day tour! Airport was very convenient, pilot was awesome, and really fantastic views from the plane and at the canyon....",True,False
excitement,excitement,兴奋 / 激动情绪,Unclassified,59,57,"review_8e155d45b855c5afb9f315f9 :: What an incredible experience - it is hard to put into words how it feels to be flying among the mountains of the park - we had incredible weather and saw Denali, mountains, glacie...",True,True
intimate,intimate,温馨亲切的,Unclassified,59,58,review_64c7908f68d4f84efd504d41 :: Our family of 4 recently experienced this incredible flight around Mt. McKinley. It was a great experience to be so close to the ground and mountains where we could see the texture...,True,False
nerves,nerves,紧张感 / 不安神经,Unclassified,59,57,review_a9d696ccd9dd784f879ec084 :: I am not a fan of small planes & was a little apprehensive about taking this trip which was an add on tour  to Danali after a cruise. We flew from Anchorage to Talkeeta and my nerv...,False,True
unreal,unreal,如梦似幻的 / 震撼的,Unclassified,59,56,review_342b724b8a16e38783a306a6 :: We did the flight seeing with a glacier landing. It was so worth the money. I can’t say enough good things about the whole experience. They got you checked in quickly and there was...,False,False
flawless,flawless,无瑕的 / 完美的,Unclassified,58,58,review_2fe2c33b9820fdd0fb7c15d9 :: My family and I really enjoyed this trip. The flight was flawless . Ben was an excellent pilot and we enjoyed our ride . The views were amazing and your really can't see the canyon...,False,True
fortunately,fortunately,幸运的是,Unclassified,58,58,"review_0e8b415ed6e60f63a677db4d :: This was not a bad experience - but it was a little pricey for what you get.

The hotel pick up was fine. The driver was late. I called - repeatedly. Nobody answered. I was worried...",False,False
disappointing,disappointing,令人失望的,Unclassified,58,57,review_9cc699fcb8b3d3fab878cc9f :: I'm conflicted as to how to review Westwind as we had two different planes for our group of 16 family and friends (ages ranging from 25 - 60) who had completely different experienc...,True,True
lush,lush,郁郁葱葱宜人的,Unclassified,57,56,review_888676466305845f8a0b93d0 :: Had the best time flying with K2! The weather was just right we got to land on a glacier and hang out for about 30 mins. Flew around Denali and saw so many cool views. Started out ...,True,False
negative,negative,负面体验 / 消极评价,Unclassified,57,54,"review_f693e668b8f73742891708ef :: This adventure was the absolute highlight of our trip to Alaska. Although it is an expensive flight tour, it is worth every penny you will spend. We were fortunate enough to have a...",True,True
thankful,thankful,感激的 / 感恩的,Unclassified,57,57,review_348b4aff02fdf2a7c1edf068 :: We had a once in a lifetime experience on Westwind's Signature Grand Canyon South and Ground Tour. I have a terrible fear of flying but I was desperate to be able to do this tour. ...,True,True
thoughtful,thoughtful,贴心周到的,Unclassified,57,57,"review_219726c8df52142c822b8968 :: My husband, mother-in-law and sister-in-law and I enjoyed a wonderful air tour of Seattle aboard one of Northwest Seaplanes' de Havilland Beaver seaplanes. Our pilot, Ken, was grac...",True,True
glorious,glorious,壮丽辉煌的,Unclassified,56,55,"review_2a6e5f10f9e2f67e42081137 :: Glorious experience, felt like I was on a VIP trip soaring about the islands. It was amazing to see the islands in ways that I could never have seen away...",False,True
uncomfortable,uncomfortable,感到不适的 / 不安的,Unclassified,56,54,"review_d9f26eb9528467b776102553 :: When we got there it was sort of confusing on where to go but we were able to find it eventually. We were excited for the tour but as we got in the plane, it was a bit small uncomf...",True,True
fair,fair,公道的 / 划算的,Unclassified,55,55,"review_7e60025c17905c17a11eb481 :: Great experience and really fair price! The booking, the flight and organisation was great. Would definately recommend this!...",True,True
noisy,noisy,喧闹吵杂的,Unclassified,55,54,"review_9d3eaa0a88e516a0261e52f8 :: We had originally thought about doing a helicopter trip of the Canyon, but several people who'd visited suggested the airplane tour was better. We decided to go for it and weren't ...",True,True
remarkable,remarkable,卓越令人瞩目的,Unclassified,54,53,review_c7ec6997e534174bbc6516a0 :: My Boyfriend and I used the seaplane to get to and from the San Juan Islands. The service and knowledge were impeccable! We were able to sit up front and learn about the plane as w...,True,True
genuine,genuine,真诚的 / 地道的,Unclassified,54,52,review_3a236b0e94d395eaea638408 :: A great ride.  Eric the pilot is 100% dedicated to safety and comfort.  His enthusiasm for the beauty of the island is genuine and a pleasure to share.  Flew with my wife and daugh...,True,False
cherish,cherish,珍视 / 珍惜铭记,Unclassified,54,53,review_ed818a4e9f6f3477369ee75d :: The folks at Westwind Air do it right. Top notch service. We were greeted with smiling professional people. Snacks and beverages all ready for us. Our pilot ( Doug) was fantastic. ...,True,True
caring,caring,体贴入微关怀的,Warmth / Kindness,53,52,review_477b30152b988888ed968682 :: Brilliant service even though we had a little too much luggage. Relaxed and caring pilot and a fabulous flight from Friday Harbor to Renton. Worth every cent.......,False,True
appreciation,appreciation,感激 / 欣赏,Unclassified,52,51,review_23e045a06437ae9f021d5729 :: Just book it! Amazing Experience and fantastic views of the Grand Canyon. Ample photo opportunities and a pre-recorded commentary. Captain Jack was very knowledgeable and considera...,True,True
enthusiasm,enthusiasm,热情 / 积极性,Unclassified,52,52,"review_7ca003e4cd5979555b9afcfc :: This helicopter trip around the island exceeded my expectations and was definitely an unforgettable journey! From beginning to end, every detail is very careful, so that you feel t...",True,True
gentle,gentle,平稳柔和的,Unclassified,52,50,"review_874d3d004ca2d69a954110e8 :: Our family took Northwest Seaplanes from Renton to Friday Harbor, then to Nootka Sound, and finally back to Renton.  Shane, our pilot from Renton to Friday Harbor, was excellent, p...",False,True
strong,strong,强烈的,Unclassified,52,49,"review_6523d5d635208035ffc1f596 :: Absolutely to book in advance because you can't do without it.
We booked it a few days before and called to confirm the reservation.
In June 2023 we spent 164 euros each for the fl...",False,True
trouble,trouble,麻烦 / 困扰,Unclassified,52,51,review_562c5fdfe17c7e66d0793c87 :: This was THE MOST MEMORABLE thing we did on our 10 day trip Arizona. We covered from Tombstone  to Page and this left me speechless . It is a completely different perspective than ...,False,True
disappointment,disappointment,失望 / 遗憾失落情绪,Unclassified,51,48,"review_4e27888b553235013b9719d7 :: Our flight could have been a disappointment: clouds kept us from seeing Denali up close and the lack of fresh snow prevented the glacier landing. Despite all that, it was still an ...",True,True
nicer,nicer,更美好/更亲切的,Unclassified,51,51,review_9cc699fcb8b3d3fab878cc9f :: I'm conflicted as to how to review Westwind as we had two different planes for our group of 16 family and friends (ages ranging from 25 - 60) who had completely different experienc...,False,True
hoping,hoping,期盼 / 希望,Unclassified,50,49,review_74583e2676252038a02e2224 :: We were on our boat near River's Inlet and headed South to collect my brother and nephew who we were flying in for my nephew's 16th birthday present.  He had never been on a float ...,False,True
happier,happier,更快乐的 / 更满意的,Unclassified,50,49,review_bfc3f1958db1c16d6534e345 :: This was my second time flying with West Wind and they are fantastic! I couldn’t be happier. Flying over the Grand Canyon with Carson our pilot was an amazing experience and I can’...,False,True
queasy,queasy,恶心反胃的,Unclassified,49,47,review_4af3e5aeefeb06a6a7ef7c95 :: I have a tendency toward motion sickness. The ride was so smooth and awesome there was not a single queasy moment.  Pilot pointed out interesting things.  Best ride EVER....,False,False
seamless,seamless,流畅无缝无摩擦的,Unclassified,49,48,"review_8447cef58620bf41f7a0bf9a :: Lindsey and Destiny did an amazing job in the planning of our event. They were so helpful, patient and friendly as they worked through our changes and were very accommodating! The ...",False,False
satisfied,satisfied,感到满意的,Satisfaction / Contentment,49,49,review_fea58727faaa3a0887fe14ea :: We had a very short time to explore the Grand Canyon. We decided to take the early flight and were completely satisfied in every respect. Of course the views were absolutely magnif...,True,True
delight,delight,欣喜 / 愉快,Unclassified,48,48,review_92c89d45dafc32430c1381c4 :: Just such an amazing experience...from Lindsey's warm welcome when we arrived to the pilots navigating the journey! I would highly recommend this tour...it is truly a once in a lif...,True,True
genuinely,genuinely,真诚地 / 确实,Unclassified,48,46,review_c2c6a7fed06757adb42d94c8 :: It was absolutely incredible and the folks at K2 were so good about working around the weather. We were in the area for three days and pushed the trip from the first day to the sec...,False,False
steady,steady,平稳的 / 稳健的,Unclassified,48,47,"review_6c89ecdf05add32f2e5cb9a7 :: I was able to squeeze in a quick tour at the end of a two-week trip after my flight home was delayed a day, and I'm glad that it worked out - this tour was one of the highlights of...",True,False
terrible,terrible,可怕的 / 糟糕的,Unclassified,46,44,review_348b4aff02fdf2a7c1edf068 :: We had a once in a lifetime experience on Westwind's Signature Grand Canyon South and Ground Tour. I have a terrible fear of flying but I was desperate to be able to do this tour. ...,True,True
warmly,warmly,温暖地 / 热情地,Unclassified,46,46,review_552464983c23bee88efea1ff :: Very impressed with Westwind Tours - the lady who booked my flights is warm and friendly and they called the day before (on Thanksgiving) to re-confirm.  The tour ran smoothly and ...,False,True
unexpected,unexpected,意想不到的惊喜,Unclassified,46,46,"review_7ca003e4cd5979555b9afcfc :: This helicopter trip around the island exceeded my expectations and was definitely an unforgettable journey! From beginning to end, every detail is very careful, so that you feel t...",True,False
sensitive,sensitive,敏感的,Unclassified,46,44,review_e1863fff57d5ce5fbdf870e9 :: Literally the best!!! Was here on a family vacation and this was the main event. Well worth it! Would recommend to anyone visiting Maui. I’m sensitive to motion sickness and this r...,False,False
easier,easier,更容易的 / 更省心的,Unclassified,46,45,"review_62973558ebb173e071202d4b :: For the last two years, my dog and I (along with friends and family) have flown both regular scheduled flights and  chartered flights from Renton to/from Gulf Islands, Desolation S...",False,True
decent,decent,尚可的 / 体面的,Unclassified,45,42,review_2451355c4316d671a28341f1 :: Steve was awesome from the moment he greeted us until our goodbyes. The flight was smooth and well paced. We felt like we had a tour worth every penny which even the cost was decen...,True,False
friendliness,friendliness,友善 / 亲和力,Unclassified,45,45,"review_8112d0e93d02e5220c82a676 :: Evidently, the view is amazing, but it's the friendliness and top notch customer service that stands out. Pearl is amazing! The whole team go the extra mile to make sure your exper...",True,True
loud,loud,吵闹的 / 噪音大的,Unclassified,45,43,"review_856d2aa6a78e7be940af3eac :: This was a once in a lifetime, amazing, beautiful experience. 

- the flight out of Scottsdale through the river valleys is beautiful.
- you get to see both north and south side of...",False,False
relax,relax,放松 / 放轻松,Relaxation,45,45,"review_958b91b7f77500e0af5baf00 :: Short trip to the heart of misty fiords and land in middle fiord, calm and relax to come back the airfloting base...",False,True
terrified,terrified,极度惊恐的,Unclassified,45,43,review_a47243ad5160af5d8023c647 :: As a person who Is terrified of heights this was amazing!! 10/10 would recommend this was absolutely incredible!!! I loved it and I don’t think I will ever forget this!!!...,False,True
encouraged,encouraged,深受鼓舞的,Unclassified,44,43,"review_b128c609e722496c301a2e17 :: Seamless experience throughout, especially given the variable weather.  We were able to delay our experience and still do part of it.  The views were breathtaking and landing on a ...",False,True
happily,happily,快乐地 / 欣然,Unclassified,44,43,"review_025d20c297693588730efa16 :: When my Clipper boat ride from Friday Harbor to Seattle was canceled, I researched seaplane options to get me back to Seattle early enough to catch my flight out of SEATAC. Booking...",True,True
quieter,quieter,更安静宁静的,Unclassified,44,44,"review_464537ddf71164ceb86860ab :: Very nice flight, well reviewed. We chose an afternoon flight and it seems that the early morning ones are quieter because we were a little shaken, which makes the experience a lit...",False,False
beautifully,beautifully,优美地 / 出色地,Unclassified,43,43,review_508885b267bf10eae6772ac6 :: Our family flew with Friday Harbor Seaplanes from Renton/Seattle to and from San Juan Island. The planes are beautifully maintained and the pilots we had were top notch.  This was ...,False,True
calming,calming,令人平息平稳安心的（Calmness State）,Unclassified,42,39,review_348b4aff02fdf2a7c1edf068 :: We had a once in a lifetime experience on Westwind's Signature Grand Canyon South and Ground Tour. I have a terrible fear of flying but I was desperate to be able to do this tour. ...,False,True
adventurous,adventurous,充满冒险刺激感的,Unclassified,41,39,"review_995ca5e901e414eab02045ed :: Our tour guide, Bryan (?) was incredible!
He made it a point to give us equal views of the mountain no matter what seat we were in :)
The flight was extrememly smooth, no turbulenc...",True,True
charming,charming,迷人讨喜的,Unclassified,40,40,"review_baef44aa9a5f04517347694b :: Very nice flight around the wilderness, see 10 bears 3 mooses and caribous
flying out of the heavy crowded of talkeetna is very charming! no stress, very nice approach
over a small...",True,True
responsive,responsive,积极回应的 / 贴心的,Unclassified,40,40,review_c2c6a7fed06757adb42d94c8 :: It was absolutely incredible and the folks at K2 were so good about working around the weather. We were in the area for three days and pushed the trip from the first day to the sec...,True,True
touched,touched,深受感动的,Unclassified,40,39,"review_9e2eeecffb6e74720d2860cd :: We happened by this on the way to Talkeetna and pulled in. Due to the immaculate condition of the facilities and grounds, we decided on the spot to book a half hour wildlife viewin...",True,False
nicest,nicest,最美好的 / 最亲切的,Unclassified,39,39,review_d62107dbf641d3a1f48cacac :: One of the best things you can do on the island. The most gorgeous views I have ever seen and Eric is the nicest pilot you’ll ever meet....,False,True
unsafe,unsafe,感觉不安全的 / 担惊受怕的,Unclassified,39,35,review_9cc699fcb8b3d3fab878cc9f :: I'm conflicted as to how to review Westwind as we had two different planes for our group of 16 family and friends (ages ranging from 25 - 60) who had completely different experienc...,True,False
worst,worst,最糟糕的,Unclassified,39,39,review_9cc699fcb8b3d3fab878cc9f :: I'm conflicted as to how to review Westwind as we had two different planes for our group of 16 family and friends (ages ranging from 25 - 60) who had completely different experienc...,False,True
handle,handle,善于处理 / 掌控感,Unclassified,39,38,review_d4b7b4ce8f5f74c6293cb6ee :: We used Northwest Seaplanes for a rather large family trip to the Hakai Lodge along the Central British Columbia Coast. They were able to handle our group of 29 with absolute profe...,False,False
enjoyment,enjoyment,乐趣 / 享受,Unclassified,39,39,"review_28efb948a887db7190d66ddb :: Trip Reserved: Grand Canyon Deluxe with Hummer
Our Group: 2 families (4 adults, 2 teenage boys)

On a recent trip to Las Vegas, we wanted the views of the South Rim without the 9 h...",False,True
greater,greater,更宏大震撼的,Unclassified,38,37,"review_d1dfcb69be6315d42fc6e8f8 :: DISCLAIMER: I’m a tour professional living and working here in Alaska and not compensated in any way for this review. I do it because these operators are my FELLOW ALASKANS. 

Ther...",True,True
hospitable,hospitable,殷勤好客的,Unclassified,38,37,review_619d8425de350363275a521b :: Very friendly and hospitable owner pilot.  He was guiding all attractions and showed how to fly to my son.  Would love to fly with him again....,False,False
pleasantly,pleasantly,令人愉快地,Unclassified,38,38,review_fac81d8d0af6198b7ccb6653 :: Our group of 6 recently took the trip from Scottsdale to the South Rim of the Grand Canyon.  We were all very happy with the experience.  It was apparent from the start that safety...,False,True
stress,stress,压力 / 紧张感,Unclassified,38,38,"review_baef44aa9a5f04517347694b :: Very nice flight around the wilderness, see 10 bears 3 mooses and caribous
flying out of the heavy crowded of talkeetna is very charming! no stress, very nice approach
over a small...",True,True
wonderfully,wonderfully,极其出色绝妙地,Unclassified,38,38,review_529df595bb7ce698950d060d :: This experience was great! Eric gave us a couple of different tour options and we chose the sea cliffs. Highly recommend this! Eric narrated the tour wonderfully.  Views are awesom...,True,True
worries,worry,担忧 / 挂虑,Anxiety / Worry,38,38,review_1e6bde0c3142b379dd5fd3c6 :: Excellent Adventure! We chose Friday Harbor Seaplanes for round trip flights during a five day visit to Friday Harbor. Top to bottom excellent experience with this company. Great c...,False,True
hopefully,hopefully,怀着希望地,Unclassified,37,37,review_18b130e417f63a131817bb98 :: Thank you so much Sergio for making our experience so special! Would definitely recommend most beautiful views. Hopefully we will be back again soon!...,False,True
nicely,nicely,很好地 / 优雅地,Unclassified,37,36,"review_bc094451a516daefa055857a :: This was one of the most unique experiences I have ever had! The flight from Phoenix to the Canyon was a bit nerve wracking, due to the small aircraft. Since there were only two of...",False,True
cared,cared,得到无微不至关怀的,Unclassified,37,37,"review_e1b1a89e3c4bed96938773d0 :: Our family booked the 30 minute seaplane adventure as part of our cruisetour.  Due to rainy weather, we were not able to take the tour but I wanted to acknowledge the wonderful cus...",False,True
delicious,delicious,美味愉悦的,Unclassified,37,35,"review_dfecc79fa219774441487192 :: Jason, the pilot, was fabulous.  Super smooth flight, & the glacier views were unbelievable.  The guided hike was wonderful.  We spotted a black bear.  Lunch was delicious!...",True,True
nauseous,nauseous,恶心晕车的,Unclassified,36,33,"review_026fa5cb16a2269713f1afd4 :: We had such a great time on our Grand Canyon plane ride! Our pilot was super professional and made sure we felt safe and comfortable, going over all the safety rules before takeoff...",True,False
reliable,reliable,可靠的 / 可信赖的,Unclassified,36,36,review_c48b19006556a0555ed570f4 :: We own a small cabin on a remote (no roads) lake near Talkeetna.  Over the past 10 years we have used Alaska Floatplane Service to fly back and forth from our cabin 2 - 3 times a y...,True,False
marvelous,marvelous,绝妙的 / 令人惊叹的,Unclassified,36,34,review_4dd1502a74c3a580f6d299f0 :: This was a great time. It was just marvelous and we felt safe. We recommend this one hundred percent!...,True,True
humour,humour,幽默感,Unclassified,35,34,review_2fa261146b1acb9f24b8d363 :: We stepped off our cruise ship and chose this tour as it sounded good and reasonably priced compared to price on board the ship where we had not booked earlier. We were immediately...,False,True
superior,superior,优越顶尖的,Unclassified,35,34,"review_1dcb404ae9a08527dc3fa421 :: Ryan was a superior pilot.  Great experience!  A must-do AK experience.  Staff helpful, kind.  Would recommend for sure!...",True,True
picturesque,picturesque,风景如画的,Unclassified,35,35,review_e0ad06300024258fcd9a2b2b :: This was a brilliant afternoon. The setting is picturesque and a great deal of thought and work has gone into making it a pleasant experience overall. The on-site facilities are fi...,True,True
surprisingly,surprisingly,出乎意料赞叹地,Unclassified,35,35,"review_52347e1e494c72afee91a465 :: My cousin told us that the very best use of our money in Alaska would be on a scenic flight around Mt. McKinley. Even though they are expensive, she told us they are worth every pe...",True,True
humorous,humorous,幽默风趣的,Unclassified,35,35,review_aba8195c2b0b93801c285a86 :: Trevor was a great pilot and a great host.He was friendly and humorous as well as knowledgable  in regards to the terrain....,True,True
bother,bother,打扰 / 烦扰,Unclassified,35,34,review_97f419444e7e0e0b7b93a411 :: Our helicopter tour was the BEST way to see the Grand Canyon.  Our tour started with photos with our pilot and proceeded to fly over the forest surrounding the Grand Canyon airport...,True,True
anxious,anxious,焦虑不安的 / 挂虑的,Unclassified,35,33,review_dbbe3c52797bfc3002cf7881 :: Words are inadequate to describe just how wonderful this experience is.   I was somewhat anxious that it would be hard to see but everyone got a window seat and the headset comment...,True,True
anxiety,anxiety,焦虑 / 不安,Unclassified,34,33,"review_b241dd3384839bc487012204 :: Loved the flight ... the plane came in to Friday Harbor a bit late (about 10 minutes), and for those of us used to constant updates on delayed flights on the regularly scheduled ma...",True,True
generous,generous,大方的 / 慷慨的,Unclassified,34,34,review_fdde95a34d56f978c81346e9 :: This was a fantastic experience!  To see the sheer beauty and majesty of Mt. Denali and Denali National Park from the air is unbelievable. Words and pictures don't do it justice. I...,True,True
romantic,romantic,浪漫惬意的,Unclassified,34,31,review_9b47636f319f5bd7e57d0b01 :: Beautiful views of the beach and downtown skyline! Had so much fun. Very romantic. The pilot was very professional....,True,True
sadly,sadly,令人遗憾地 / 悲伤地,Unclassified,34,32,review_94a38ac0637b00f5abd40c9f :: Flew to and back from Friday Harbor.  What a cool experience.  They give ya a tour as you go over the islands.  We were fortunate enough to see a Trident sub on the way back.  Very...,True,True
worse,worse,更糟糕的,Unclassified,34,31,review_9cc699fcb8b3d3fab878cc9f :: I'm conflicted as to how to review Westwind as we had two different planes for our group of 16 family and friends (ages ranging from 25 - 60) who had completely different experienc...,True,True
airsick,airsick,晕机的,Unclassified,33,32,"review_251532d605c192fdae525c25 :: We chose this tour as part of a cruise excursion, KE21 Misty Fjords Sightseeing, run by Taquan Air.  The excursion was well run, the bus transfer from the pier, the prep for the pl...",False,False
hassle,hassle,麻烦 / 烦心事,Unclassified,33,33,"review_fb444b09ca144f104f98424a :: Loved my ride with Northwest Seaplanes! 

Check-in was easy, hangar staff was friendly and promptly answered any questions I had regarding the planes. Drinks along with merchandise...",False,False
overwhelming,overwhelming,铺天盖地震撼的,Unclassified,33,33,"review_64e60d67775683c7a6323836 :: The flight above so familiar places of Canyonlands was a dream! Still in awe from the overwhelming beauty of endless canyons, rivers, arches and mountains in the background. Specia...",True,False
turbulent,turbulent,颠簸不安的,Unclassified,32,30,review_9cc699fcb8b3d3fab878cc9f :: I'm conflicted as to how to review Westwind as we had two different planes for our group of 16 family and friends (ages ranging from 25 - 60) who had completely different experienc...,True,False
upfront,upfront,直率透明的,Unclassified,32,32,review_4011873411e6fac958adb3a8 :: Book your flight well ahead and cross your fingers for good weather! The K2 staff was very upfront with us regarding the weather and offered to allow us to cancel or reschedule.  D...,False,False
skillful,skillful,技术精湛的,Unclassified,32,32,review_eba2dae92e82ce84ca669a20 :: This flight was incredible! The views were spectacular! We were going whale watching from Friday Harbor. The dilemma was that we were in Seattle for only a short time. I didn't wan...,True,False
reassured,reassured,感到安心的,Unclassified,32,32,review_d72411de8fd698a132048a5c :: I took my Husband John on the Adventure Tour to the Grand Canyon and it was absolutely AMAZING!  LINDSEY was so GREAT and answered all my questions and she also has a big heart. I ...,False,True
cute,cute,可爱宜人的,Unclassified,31,30,"review_79fc8f30195e4abc873ad1cf :: We booked a small plane for just my wife and me. Our pilot, Will, couldn't have been more helpful, professional, or cooperative. It was a clear day, except around Denali, but it di...",True,True
economical,economical,划算实惠的,Unclassified,31,31,review_3157addfb7eb1a9225f3a42a :: We had a fabulous trip circumnavigating Maui and Molokai with Captain Bill Wolf yesterday. It was the highlight of our month long visit to Maui! We would highly recommend using the...,False,False
breathtakingly,breathtakingly,令人屏息震撼地（Awe/Amazement Emotion）,Unclassified,30,30,"review_f2ca54d8c40cde99c66061bf :: it was an amazing experience. Staff was really nice and welcoming. Pilot was really experienced, he warned us before every bumps, it was really smooth. On the other side, the tour ...",False,False
kindly,kindly,体贴友善地,Unclassified,30,29,"review_b3c2d80c04bcc5d0082d0a5b :: Having been to Maui twice before, we decided to finally spend the $$ and fly over Haleakala.  After researching the numerous heli tours, we opted to book with Eric and his new-ish ...",False,True
unbelievably,unbelievably,难以置信地,Unclassified,29,29,review_599c37c88c07ed51d872f86f :: We had a wonderful trip to Alaska and this adventure was one of our family's favorites.  We had a clear day so we felt very fortunate to be able to see Denali from various areas an...,False,False
stellar,stellar,璀璨顶尖级的,Unclassified,29,28,review_cd60ca3022a27fd3592f060f :: Such a fun and unique experience. Stellar service. Our pilot was great; very attentive and informative. Excellent views and photos....,True,False
pure,pure,纯粹的 / 纯净震撼的,Unclassified,29,29,review_86e423350ff66f7104f81617 :: The experience must never be repeated! The ride was dizzying with an incompetent pilot without a co-pilot and the microphone that didn't work and at the exit we paid 90 dollars mor...,False,False
interactive,interactive,互动性强的,Unclassified,29,29,review_a224204bd6c7c0aa09593757 :: One of the most amazing and must do experiences to do while at Maui. A private experience just for the family in a plane with an amazing pilot and tour guide. It was a five star ex...,False,False
delighted,delighted,高高兴兴的,Unclassified,29,29,review_65a79e7bd73342c3b9cb8ff0 :: Seeing the Grand Canyon from the air is essential to get an overall sense of the vastness and majesty of the canyon. We chose the plane instead of a helicopter because it was going...,True,True
convinced,convinced,深信不疑的 / 心服口服,Unclassified,29,29,review_08ea8168a1a995b616de3b5c :: I had the chance of a lifetime to go on this amazing adventure with my brother on 6/30/17. My brother had been trying to talk me into going on a float plane trip through the Misty ...,True,True
chatty,chatty,健谈热情的,Unclassified,29,29,"review_14c77a9024b5a000f3d0a440 :: Unfortunately, this was the one cloudy and overcast day on our trip to Denali.  Would have been so much better on a clear day!  That being said, it wasn't the fault of this company...",True,False
gladly,gladly,乐意地 / 高兴地,Joy / Eagerness,29,29,review_cad317c092b4c5fa093dae22 :: Awesome place with great staff!  Well worth the price and much cheaper than other options on the island. Highly recommend and would gladly do again. Great that it was able to accom...,False,True
boring,boring,令人无聊乏味的,Boredom,28,27,"review_c151d1d63c6eb6c9204dd772 :: From takeoff to landing...Pilot John is amazing. professional, knowledgeable, takes the time to make sure you see the sights he is pointing out...very close views of canyons..
Very...",True,True
sad,sad,悲伤的 / 遗憾痛心的,Unclassified,28,28,review_228b3776da2f1ce0239f1b49 :: Amazing trip.  The cliffs are beautiful.  I can't describe the beauty.  The service was amazing.  I would be sad if you didn't do this....,False,True
serene,serene,宁静祥和的,Unclassified,28,28,review_61dad22e7dff7839006c369d :: It’s a must visit experience. It’s off season in winters but less crowded peaceful and serene. I assume summers are the best but then if you enjoy lot of company it’s the season to...,True,True
splendor,splendor,壮丽辉煌的奇观,Unclassified,27,27,review_c9165f59221d7127700e8e97 :: Readying to be picked up by the K-2 shuttle at our hotel (Grand Talkeetna Lodge) we were browsing the gift shop when several people mumbled and looked out the rear window to see De...,True,True
peace,peace,宁静 / 和平,Unclassified,27,27,"review_c151d1d63c6eb6c9204dd772 :: From takeoff to landing...Pilot John is amazing. professional, knowledgeable, takes the time to make sure you see the sights he is pointing out...very close views of canyons..
Very...",True,True
regrets,regrets,遗憾 / 后悔,Unclassified,27,27,"review_be756d082c9857ee2d7f2a8b :: Had a blast! Eric was great and friendly, we had an awesome time flying over Volcanoes National Park and taking a pit stop in Hilo for lunch. 10/10 would definitely recommend! I’ve...",False,True
aside,aside,撇开 / 排除,Unclassified,27,27,"review_2b20b9ac5a5cbd34a14f1330 :: Aside from my nausea, I had great time. Friendly staff, quick and easy. you can take pictures with your headset and it’s great to do with friends. just don’t eat before you board....",False,False
eager,eager,热切的 / 渴望的,Unclassified,27,26,review_06caecdf5a513798162d0ef3 :: The flight over the Grand Canyon is one of the most amazing things I have ever done and it something that I will remember for a very long time. It is ABSOLUTLEY BRILLIANT and I wou...,True,True
comforting,comforting,令人感到安慰抚慰的,Comfort / Relief,27,27,"review_64d4aeae43def032de0e0731 :: If you’re in Maui, actually if you’re in Hawaii at all, you MUST book a plane tour with Maui Plane Rides. This was DEFINITELY the highlight of our trip. Our pilot was the best. He ...",False,True
bang,bang,物超所值（bang for buck）,Unclassified,26,26,"review_780cf18fdb4344b621f69643 :: The views were amazing!! Our pilot, Josh, was super nice, and pointed out things of interest, and did his very best to give us bang for our buck!!  We were able to catch a peak at ...",True,False
basic,basic,基础的 / 简陋的,Unclassified,26,24,review_9cc699fcb8b3d3fab878cc9f :: I'm conflicted as to how to review Westwind as we had two different planes for our group of 16 family and friends (ages ranging from 25 - 60) who had completely different experienc...,False,False
cramped,cramped,拥挤狭窄不适的,Unclassified,26,25,"review_9a34e794ea1f9d86dc7a645e :: We took a flight over Misty Fjords as a cruise ship excursion.  The scenery is incredibly beautiful. Our pilot was great, and his commentary over the headphones was very informativ...",True,False
hate,hate,憎恨 / 讨厌,Hate / Dislike,26,26,"review_58ba87f9326f017e0b3399ae :: I hate to write a review in the midst of COVID for a small business, but unfortunately due to our experience I’m writing this in hopes that nobody else has the same experience. We ...",True,True
mesmerizing,mesmerizing,令人目眩神迷为之倾倒的,Fascination / Awe,26,26,review_d16d06c5b7497022f2a36803 :: The flight was amazing. The views we saw from the flight were beautiful and mesmerizing. The pilot of our flight was really good and he made our ride really memorable....,False,False
upset,upset,感到沮丧难过的,Distress / Sadness,26,23,"review_1dc22965cb562ac33201ebe8 :: Ok so i read the bad reviews. I don't understand them.

I arrived in Talkeetna and everything was closed. Sitting in Denial Brew house i needed something to do because everything w...",True,True
bump,bump,颠簸不适的,Unclassified,25,24,"review_cf263acb50524ef0ab6e5aae :: My 10 year old nephew and I took a seaplane as part of an airfare / whale watching tour.  He hasn't stopped talking about it yet! It was our favorite part of the  vacation, and we ...",False,False
communicative,communicative,善于沟通的,Unclassified,25,25,"review_9686fa4029accd5ed79d9dad :: Today I flew with my friends, We had such a good time! The pilot was very friendly and a good tour guide especially if you’re  not familiar with the area. The pilot was super patie...",True,False
dangerous,dangerous,危险的,Unclassified,25,25,review_3a7cd518188bdcac1848c666 :: We originally booked the Denali Grand Tour with glacier landing but the weather was not cooperating. We rescheduled for a few days later on our way back through the area. Unfortuna...,True,True
ill,ill,生病的 / 恶心呕吐的,Unclassified,25,23,review_9cc699fcb8b3d3fab878cc9f :: I'm conflicted as to how to review Westwind as we had two different planes for our group of 16 family and friends (ages ranging from 25 - 60) who had completely different experienc...,True,True
laughing,laughing,欢声笑语 / 开心大笑,Unclassified,25,24,review_9b1acc3129e953141e227bf8 :: I am physically disabled and wanted to experience the Grand Canyon while vacationing in AZ. I highly recommend taking this tour. The tour was breathtaking and we got to see the Can...,True,True
inclement,inclement,恶劣的气候,Unclassified,24,24,"review_24594131f7462a720a5ecfb9 :: It was a once in a life time awesome surreal experience. Flying through the fog and clouds over glaciers!
 Only regret is that due to inclement weather we could not experience the ...",True,False
magnificence,magnificence,壮丽震撼感,Awe / Grandeur,24,24,"review_ab324eff306941e3251df22d :: Our Grand Canyon Signature Tour - South Rim with Hummer Ground Tour was an absolutely amazing experience, flying over the desert from Phoenix to the Grand Canyon, passing over Sedo...",True,True
impeccable,impeccable,无可挑剔的,Unclassified,23,23,review_96ced9bfb77a81fe0320b4ea :: Fantastic service on extremely well maintained planes. It is obvious this business is owner operated as the attention to detail is impeccable. Highly recommend!...,True,False
talkative,talkative,健谈热情的,Unclassified,23,23,"review_6993a2ad99a052b4ec824bb3 :: Great welcome in a superbly maintained office area. From the moment you come in to the landing you feel that safety is taken to  the upmost level. 

Everyone and every belonging ar...",False,False
horrible,horrible,极度糟糕可怕的,Unclassified,23,22,review_068f16e9ef0eaae251704aeb :: Horrible experience when the third party booking company doesn't communicate with the actual servicing company. And the policies of the booking company don't apply with the servici...,True,True
shining,shining,璀璨夺目的,Unclassified,22,22,"review_4a27422eeebe0186c4cf3dd3 :: Said the weather was bad when the sun was shining and helicopter rides were being conducted with no issues. First they delayed the flight, then made us wait an hour, and cancelled....",True,False
calmed,calmed,心情平静安稳下来的,Unclassified,22,22,review_5189912cd79ae29bc955719a :: What an awesome experience!  Eric calmed the fears of my daughter and sister; so they could really enjoy the experience.  My son had a blast learning to maneuver the plane in high ...,False,True
talented,talented,才华横溢精湛的,Unclassified,22,22,review_d0eb02bcf4aacd821e22ab8e :: Once again Shane and his pro quiver of talented pilots arranged reliable and scenic travel between Renton and Desolation Sound.  It always feels like travel with friends rather tha...,False,True
skeptical,skeptical,怀疑的 / 存疑的,Unclassified,22,22,review_9cc699fcb8b3d3fab878cc9f :: I'm conflicted as to how to review Westwind as we had two different planes for our group of 16 family and friends (ages ranging from 25 - 60) who had completely different experienc...,True,True
tough,tough,严苛倒霉的,Unclassified,22,22,"review_490c8ecf885f76429e319219 :: My Canyon Spirit  helicopter tour was part of a 2200 mile motor trip including Zion, Bryce, Monument Valley and Page.  The decision to view the Grand Canyon by air instead of hikin...",True,True
lasting,lasting,持久的 / 深刻的,Unclassified,22,22,"review_6e846f639212791cada686b4 :: Experienced a fantastic tour of the Misty Fjords.  Loved the Beaver aircraft!  Pilot Larry is a terrific pilot.  Good, trustworthy people at Taquan and a solid organization.  Thank...",False,False
fearful,fearful,恐惧的 / 担心的,Unclassified,22,22,review_637b0b43ea5380f9cc4b150c :: I had a great time on the flight. I was able to ride shotgun both ways since I was a solo traveler. Bryce was very knowledgeable about the area and was super sweet when I got air s...,True,True
favourite,favourite,最喜爱的,Unclassified,22,21,review_8ce1b875dd9d063943515a97 :: The flight was amazing and the best experience ever. My favourite was the pilot and the feeling of soaring in the sky. Amazing....,False,False
bummed,bummed,感到扫兴遗憾失落的,Unclassified,21,20,"review_5b9a0e422d7e3521a3582753 :: We really enjoyed our flight with Alaska Bush Float plane service. Although Denali was clouded in, the pilot still took us as close as he could. He narrated the whole time and poin...",False,False
mild,mild,轻微适度的（颠簸/舒适）,Unclassified,21,20,"review_1d277c51bf0d5a196569e070 :: Maui Plane Rides surpassed our expectations. From the moment our pilot met us at our vehicle, we were his top priority and felt taken care of. Despite the wind that's inevitable in...",False,False
refreshing,refreshing,令人神清气爽耳目一新的,Unclassified,21,21,review_d1337dcb66b3b015beca49b9 :: Thoroughly enjoyed this private plane ride(only one in Maui) with my family of 4. Saw all the 5 islands from a bird’s eye. Saw a whale as well. Our pilot was awesome and gave all t...,True,False
spoil,spoil,破坏 / 毁掉（好心情）,Unclassified,21,20,"review_40ac7f16562d804de9332875 :: Had a great flight and great pilot.   We flew over the Fjords and it was unreal. Except for an obnoxious passenger whose whole family got on the floats, not allowing me to. Then he...",True,False
surprises,surprise,惊喜 / 意料之外,Surprise,21,21,review_3af7d673ddd3268eb2f3b198 :: This is about as intimate of a personal tour by small plane you could ever find! Awe-inspiring views you can't see any other way but by air and some one-of-a-kind surprises you did...,False,True
unbeatable,unbeatable,无可比拟的 / 无敌的,Unclassified,21,20,"review_1eb4fa96ac83266866e6dc19 :: Maverick helicopters was a very professional organization and COVID friendly. I hate to fly, but enjoyed this tour so much. Unbeatable views of the Grand Canyon....",False,False
successful,successful,成功的 / 满意的,Unclassified,20,20,"review_0dd5ca5e1f676799c300d0f7 :: Molly, Elbert and Jason made the flight service of our Alaskan fly in hunt a wonderful experience, in and of itself! I'm from the southern part of the lower 48 and these folks at A...",True,True
mood,mood,心情 / 情绪,Unclassified,20,19,"review_70c5ee0ad9cdc4cdd91b41dc :: Outstanding experience!  Stephen was informative, thorough, meanwhile set the right mood all while piloting.  Highly recommend this!!...",False,False
spiritual,spiritual,精神神圣的,Unclassified,20,19,review_84a78a9d4bfb31d92af294ad :: I can't say enough positive things about this amazing experience. It was worth every penny and then some. Will(bur?) was an excellent pilot and a downright excellent human. He was ...,False,False
cheerful,cheerful,欢快愉悦的,Joy,20,20,review_043cd0741b54d8f2c4e00df8 :: The staff at K2 is cheerful and kind.  While we couldn't take the Denali trip we booked due to weather they were happy suggest an alternative flight which we all enjoyed.  Our pilo...,True,True
amusing,amusing,风趣风趣令人发笑的,Unclassified,20,20,"review_6cca481ca8cb7c7d18e4e7f0 :: We stumbled upon Maui Plane Rides while we were looking for helicopter tours. So glad we found them, such a great experience. Eric is very knowledgeable about Hawaii and is also qu...",True,True
astonishing,astonishing,令人惊叹的,Unclassified,20,20,"review_4e27888b553235013b9719d7 :: Our flight could have been a disappointment: clouds kept us from seeing Denali up close and the lack of fresh snow prevented the glacier landing. Despite all that, it was still an ...",False,False
exquisite,exquisite,精美的 / 绝妙的,Unclassified,19,19,review_9f7a1f060b3104285a7c3fc3 :: This trip was the highlight of my Alaska vacation!!  The pilot was was first class (take off and landing on the glacier was seamless).  The scenery of the mountains and glaciers wa...,True,False
suitable,suitable,合适的 / 满意的,Unclassified,19,19,"review_0c5768e5dfbef01cdc86a1ba :: Flyn from Fra to Seattle on 25.08.24. Flight was in Premium Eco. Flight was on time, plane top clean, space also suitable for very tall people. The service was very good. All in al...",True,False
inspired,inspired,灵感大发 / 深受震撼的,Unclassified,19,19,"review_64c85a47e768780264992f7b :: I have traveled much of the world, and the experience of flying past Denali and the other peaks, then landing on the glacier is one of the top five I have had in my life.  The ""lai...",True,True
touching,touching,令人动容流泪的,Unclassified,19,19,"review_2b40b4841c3dee7f27beb279 :: To see the waterfalls, the green and lush Forrest’s, the breaking waves up close from a birds eyes view, flying along Maui’s coast, touching down in Hana, circling back over the Re...",False,False
comfy,comfy,舒适惬意的,Unclassified,19,18,review_a8f6169950323e157fbeda38 :: This was an awesome experience! Eric was knowledgeable of the island and attentive to our comfort level. The views were spectacular. I would definitely recommend an airplane ride o...,False,False
chilly,chilly,寒冷不适的,Unclassified,19,19,"review_aa1ae3139fbb554b26ec2c15 :: This trip was totally worth it. Everyone at Westwinds was friendly. The narrated flight was informative. The scenery was beautiful. The convenience from Phoenix was awesome. 

The ...",True,False
awestruck,awestruck,充满敬畏震撼的,Unclassified,19,19,review_895e1b6c929f771bf3f87e8e :: This is my second time to be here. I did not fly this time but have in the past.  Two of our group flew and was awestruck by the beauty of Denali.  It was a great experience for th...,False,False
handy,handy,实用的 / 贴心的,Unclassified,18,17,review_e55f985b9a9c0b8f6f16b85a :: Really great flight with views of humpback one way and mountains the other. Ex navy pilot so in good hands. The bear watching was a short 10 min walk through the rain forest with M...,True,False
wondered,wonder,感到惊奇惊叹 (动词变体),Amazement / Wonder,18,18,review_631dfa6d2d3f80afa0e388e5 :: The experience was the most amazing time we have had traveling.very organized in what they do. The pilot was very personable . The flight was on a perfect day . We were told it was...,False,False
witty,witty,风趣幽默的,Unclassified,18,18,"review_eed423882003ad43d2971776 :: A visit to Alaska would be incomplete without this seaplane Ride. 75 minutes of Bliss. Breathtaking scenarios, mountains, lakes, sea, landing on water. The pilot keeps us enlighten...",True,False
soothing,soothing,舒缓抚慰人心的,Unclassified,18,18,review_348b4aff02fdf2a7c1edf068 :: We had a once in a lifetime experience on Westwind's Signature Grand Canyon South and Ground Tour. I have a terrible fear of flying but I was desperate to be able to do this tour. ...,True,True
secret,secret,秘境 / 私密独享感,Unclassified,18,18,"review_031036402b8d1feadd5fe9b6 :: If Maui has a secret tourist menu, Maui plane rides would be on it!

This was easily the highlight of our honeymoon trip. 

We flew from Maui to Hilo with a tour over the crater. 
...",True,False
marvel,marvel,惊叹 / 奇迹,Amazement / Awe,18,17,review_f6caee5941db1facc69fae40 :: After cruising up from Seattle on  the Emerald Princess we didn't think that it could get any better. Our pilot Chuck took us all along Misty Fjords and we saw nature at it's best....,True,True
keen,keen,热情的 / 敏锐的,Unclassified,18,18,review_60473c0e40448c0f8b0b19ae :: We stayed in Best Western at Tusayan and headed out early for our 45 min trip. Stopped at first Helicopter place we saw. Went inside and it was chaos. Luckily it was the wrong plac...,False,True
honesty,honesty,真诚 / 诚信解说,Unclassified,18,18,"review_89e5de5165fe9b07fc56567b :: The same group of us went on another Alaskan fly in hunt in 2015. We posted the review in August 2014 titled ""Top Notch Service"". If I could figure out how to remove the review fro...",True,True
smart,smart,聪慧的 / 明智的,Unclassified,18,18,review_3ba1137cb1b4e9207840a231 :: We found a really nice fishing experiance in Talkeetna.Starting with Molly the office manager to the pilots and guides. All were friendly and accomodating. Yes we did catch many fi...,False,True
haha,haha,哈哈（欢快情绪）,Unclassified,18,18,review_9a2b5565899f58a48d116d2f :: The whole experience was amazing. Get on the tarmac and up in the sky within ten minutes. Fly past beautiful sheer cliffs with waterfalls looking into valleys. Soar over Molokai. P...,False,True
easiest,easiest,最省心的 / 最容易的,Unclassified,18,18,"review_a06da3e67eb4c410ae017b3a :: We have a cabin in the Roche Harbor area and have been going up multiple times a year.  During those years we have used every means of transport to get back and forth, boats, ferri...",False,True
danger,danger,危险 / 威胁,Unclassified,18,15,review_53b0a5ffb78591e0ab138207 :: We visited Ketchikan and did the seaplane excursion with Taquan Air Tours only about a month after a couple of highly publicized accidents involving the company in the summer of 20...,True,True
amazement,amazement,惊叹 / 惊奇,Unclassified,18,18,"review_101f174eb4cfd0a4e16a1f3a :: Fabulous would be a one-word description. As a resident of this area I have explored much of the wonders that exist here and am always amazed, but nothing I have done compared to t...",False,True
chill,chill,惬意轻松的,Unclassified,18,18,review_c644dffed055c9ffed05da8e :: A friend and I took the Canyonlands and Arches tour and it was so worth it! We got amazing views and fabulous information about the area - both current and historical. The scenery ...,False,False
charm,charm,顺畅 / 令人满意,Unclassified,18,17,review_fea58727faaa3a0887fe14ea :: We had a very short time to explore the Grand Canyon. We decided to take the early flight and were completely satisfied in every respect. Of course the views were absolutely magnif...,True,True
astounding,astounding,令人无比震撼惊叹的,Unclassified,18,18,"review_2d970adeab08f42c221055fa :: ""Awesome"" is an overused word, but this trip did inspire awe. Our sunset flight around Maui was worth every penny. Eric, our pilot, was very careful and very deliberate, even in th...",False,True
effective,effective,有效划算的,Unclassified,18,18,"review_76c55e39b0773f8b61bae4b5 :: We are frequent visitors to Maui and decided to do an aerial tour of the island on this trip.  After researching the various options, helicopter vs fixed wing, we decided to book w...",True,True
hopes,hopes,期盼 / 希望,Unclassified,17,17,"review_58ba87f9326f017e0b3399ae :: I hate to write a review in the midst of COVID for a small business, but unfortunately due to our experience I’m writing this in hopes that nobody else has the same experience. We ...",False,True
overwhelmed,overwhelmed,被震撼/感动深深淹没的,Unclassified,17,17,"review_6ff2bf585c38d285c4cfa6ac :: Always be overwhelmed and Thankful for people who made it possible for you all as a travel agency also being specific.
Have about a couple of days rest with Vegetable and Chicken M...",True,True
valuable,valuable,珍贵的 / 有价值的,Unclassified,17,17,"review_78bf3660eb23b17b8c5167ba :: Amazing!! Very safe, friendly, & kiddos (age 10 & 9) had a blast. Eric was so personable, and patient. Taught the kids some valuable life lessons.  Our daughter even got to fly! Th...",True,True
energetic,energetic,精力充沛的,Unclassified,17,17,review_3e7f70010a8da5af58fbdbc6 :: We had a great trip over to San Juan Island! Our pilot was young energetic! From the time we took off and landed was a great experience! I definitely will use this company again...,True,True
discomfort,discomfort,身体/心理不适感,Unclassified,17,17,"review_d54044a5fa913836c42badc4 :: We were picked up by bus from our ship and driven to our destination. Our driver was also a tour guide along the way. After some brief instructions, we boarded the sea plane with 4...",True,True
cordial,cordial,热情亲切礼貌的,Unclassified,17,17,"review_2ab84d4e54ab89b0a6438d07 :: It was absolutelybperfect. The pilot was very informative and cordial.
The views were amazing. I would highly recommend Harbor Island flights....",False,False
claustrophobic,claustrophobic,感到幽闭恐惧压抑的,Unclassified,16,16,"review_59c78627992f906fe1ccc656 :: What a fantastic ride with Riley. 
I am afraid of heights, get motion sickness and claustrophobic.
So why do it? My granddaughter said I need to face my fears.
I am SO glad I did.
...",False,False
insane,insane,疯狂震撼的 / 极端的,Unclassified,16,16,"review_f3c97b61a8daa1ce25a8dc32 :: This experience was totally insane, once in a lifetime.  The K2 staff was so friendly and enthusiastic, and we don't have enough good things to say about our pilot, Doug.  He was e...",True,True
leery,leery,提防警惕 / 顾虑重重的,Unclassified,16,16,review_0b686f86aff924122f4f81be :: Not enough stars to rate our experience!! Went to Alaska on a limited budget so was very leery about what I spent my money on. Came back with an experience we will never forget!! D...,True,False
loving,loving,热爱的 / 充满了爱的,Love / Affection,16,16,review_508885b267bf10eae6772ac6 :: Our family flew with Friday Harbor Seaplanes from Renton/Seattle to and from San Juan Island. The planes are beautifully maintained and the pilots we had were top notch.  This was ...,True,True
sensational,sensational,绝佳轰动震撼的,Unclassified,16,15,"review_69b44dac34b50350cfb373aa :: Steve, our pilot was sensational.   We were greeted by name, promptness, and courtesy.  They took our bags and explained the flight procedure.   Steve pointed out areas of interest...",True,False
sudden,sudden,突然的 / 猝不及防的,Unclassified,16,15,review_8c0db0bdb59e4fa806fefc4d :: We had a great time on our flight over the Grand Canyon. The sightseeing was terrific. The pilot took us down low just before we entered the canyon and it looked like we were going...,True,False
uncertain,uncertain,不确定的 / 顾虑的,Unclassified,16,16,review_4054c024c17b512d4bdf9063 :: On two other trips to Alaska I have booked with K2 and had the flights cancelled due to weather.  Please note that this was no problem for me.  They are not going to fly if it is u...,True,True
worthy,worthy,非常值的 / 值得的,Unclassified,16,16,review_7de9116457ea228570968399 :: Laura was an excellent pilot! My husband was very excited being a co pilot! I so recommend this activity! Super worthy ❤️...,True,True
hilarious,hilarious,爆笑幽默搞笑的,Unclassified,15,15,"review_3b988ac9aff776f3e5253666 :: Best plane ride ever, Eric is hilarious and the views are great. Wonderful pilot with lots of local information....",True,True
warmth,warmth,温暖安心感,Warmth / Comfort,15,15,review_7e1b6930c9a1cc73feb943b6 :: We traveled back to Seattle from Friday Harbor with Jake and it was such a wonderful experience.  Not just technical flying brilliance but also the local information and warmth he ...,False,True
unprofessional,unprofessional,不专业的,Unclassified,15,11,"review_bab7f7cc358ec4ceac7b8c73 :: We got food poisoning the day before the scheduled flight. We sent them the email and call to ask them to refund back, since we are in such a condition. They didnt answer at all, t...",False,True
respectful,respectful,充满敬意的,Unclassified,15,15,"review_ae46e39f1b175714cb75baa9 :: Very beautiful and nice view, we had very excellent flying time , the driver was very respectful kind , it made me feel comfortable , definitely will invite more friends for the to...",True,True
immaculate,immaculate,完美无瑕洁净的,Unclassified,15,15,"review_9e2eeecffb6e74720d2860cd :: We happened by this on the way to Talkeetna and pulled in. Due to the immaculate condition of the facilities and grounds, we decided on the spot to book a half hour wildlife viewin...",True,False
annoying,annoying,令人烦躁恼火的（Annoyance/Irritation Emotion）,Unclassified,15,15,"review_18e608403c49b24b1b1be5a7 :: Since posting my original review a few weeks ago, Maui Plane Rides reached out to see if there was anything they could do to improve my 3-star experience. I appreciate the follow-u...",True,True
fuss,fuss,大惊小怪 / 争吵骚动,Unclassified,15,15,"review_b241dd3384839bc487012204 :: Loved the flight ... the plane came in to Friday Harbor a bit late (about 10 minutes), and for those of us used to constant updates on delayed flights on the regularly scheduled ma...",True,False
awful,awful,极其糟糕的,Unclassified,15,14,"review_58ba87f9326f017e0b3399ae :: I hate to write a review in the midst of COVID for a small business, but unfortunately due to our experience I’m writing this in hopes that nobody else has the same experience. We ...",True,True
awed,awed,感到为之肃然起敬震撼的,Awe,15,15,"review_1b819daf4d0547770ecbf098 :: Had an awesome time flying above Maui, Molokai, Molokini and Lanai. Eric was super informative and helpful in explaining what we saw, pointing the plane to provide the best view an...",False,False
bubbly,bubbly,活泼热情的,Unclassified,15,15,review_3a53d5847c12a4a59f03c46f :: We had an amazing experience! And the views were spectacular! The owner was very attentive and accommodating we arrived earlier than our departure time and he greeted us with bubbl...,False,False
praise,praise,称赞 / 高度赞扬,Unclassified,14,14,"review_e8fa0468f76cbb41cb9681a5 :: I can’t praise this flight enough with Maverick. Well organised, easy to find location at the Grand Canyon airport, and professional pilot. To view the canyon in this way was truly...",True,True
trustworthy,trustworthy,值得信赖靠谱的,Unclassified,14,14,"review_d579c7ce2ec144775d909031 :: My family and I booked a package tour with Friday Harbor Seaplanes and Western Prince Explorer Whale Watching. We all had a great and comfortable time on the flight, which felt saf...",False,True
satisfaction,satisfaction,满意感,Satisfaction,14,14,"review_21f66e9f420ee90433671941 :: Fortunately, we went on a perfect day -- clear skies, moderate wind. K2 is exceptionally well run. We were picked up at our hotel by K2 and the flight was well organized and perfec...",False,True
ruined,ruined,毁掉行程的 / 扫兴糟心的,Unclassified,14,14,review_b663b185089984f92724578d :: I had a confirmed booked through Alaska Shore Tours for the Neets Bay Floatplane bear watch tour. At the time I was not aware that Alaska Shore Tours had subcontracted the tour to ...,True,True
proud,proud,感到自豪骄傲的,Pride,14,14,review_b98c074154fb4a098f4efee3 :: Amazing views of the entire island! My kids and I enjoyed every second of it. Watching my son get a turn to fly was a top life experience. So happy and proud to have done this with...,True,True
marvellous,marvellous,令人叹为观止的,Amazement / Awe,14,13,review_d96bd0a70b3b2506244d6260 :: This is Marvellous trip…it was a fun ride with amazing views …we did it in May 2022 and it give different perspective of the island....,False,False
intrusive,intrusive,突兀扰人的 / 煞风景的,Unclassified,14,14,review_9b671a4a18576bc5f6646fe5 :: This aerial tour of the Ketchikan area and surrounding fjords was outstanding.  The flight contained pre-recorded audio that was informative but not intrusive.  We observed mountai...,True,False
glowing,glowing,极度赞赏口碑极佳的,Unclassified,14,14,review_5115b1af2617860724d7db16 :: We did the Misty Fjords floatplane trip as part of a Princess cruise option package and it came with glowing recommendations. Conditions very wet with low cloud and storms but we d...,True,False
frustrating,frustrating,令人挫败的 / 烦人的,Unclassified,14,13,"review_f1e5a291eae3dccb9e736a5f :: I could not recommend taking a K2 flying tour more. It was the highlight of our trip to Alaska and one of the most unforgettable experiences I've ever had. 

K2 watched the weather...",False,True
bothered,bothered,困扰的 / 烦心的,Unclassified,14,14,review_13cfc297d5624649db5bc70e :: If you come to Alaska for vacation or even if you live here don't miss a flightseeing tour of Denali. It gives you an entirely different perspective on how unique and amazingly hug...,False,True
authentic,authentic,地道的 / 真实无伪的,Unclassified,14,14,review_3905519a1dd7aacea307ddb2 :: My family and I decided to take the longer Denali Flightseeing tour after many phone calls with Alaska Bush Floatplane's office staff. I spoke to both Molly and Nancy on different ...,True,False
tricky,tricky,棘手不安的,Unclassified,13,12,review_57b32ee169e8616c51b67381 :: This was absolutely amazing. Highly recommend. Our pilot and copilot were really fun/funny. The sights were incredible and they made sure to get us the best views since the weather...,False,True
worldly,worldly,超凡脱俗的,Unclassified,13,13,"review_06fe930fc752a207b547256e :: Holy COW!!  An experience that will leave you in constant wonder!  Other worldly, and awe inspiring. Landing on the glacier was truly incredible!  The views are something you’ll ne...",False,False
vibrant,vibrant,生机勃勃色彩斑斓的,Unclassified,13,13,"review_fd864c9ebaaabae89c811cd9 :: Our guide was amazing! We were able to see whales, learn a few facts about the volcano and Valley . The colors this time of year were extremely vibrant and would recommend to any c...",False,True
uneasy,uneasy,心神不宁感到不安的,Unclassified,13,13,review_f06a0bf63ccec9ccaa225eb1 :: Had a spectacular flight with Eric a day after we got married. He made sure to make it extra special for us. We felt a little uneasy about being in a small plane (partly because wi...,True,True
precious,precious,弥足珍贵的 memory,Unclassified,13,12,review_2617675e32c2ff64c2d1776f :: We only had two precious days to spend in Talkeetna and when we left Anchorage to drive up it was totally cloudy and raining. It proceeded to rain for the next 30 hours so we were ...,True,True
safest,safest,最安全平稳的,Unclassified,13,13,"review_660925709b87d39fb41ac888 :: There are not many words that can actually describe this experience. It's one of those things that makes traveling so far, all worth it! Firstly, I have to say that our original to...",False,True
responsible,responsible,负责任的,Unclassified,13,13,review_380d0bf92560e2ddee92a284 :: The company is highly responsible and safe. Clean and neat flights. I loved the experience to be my first seaplane and sky tour of Seattle and the ocean towards Friday Harbor....,True,True
pleasurable,pleasurable,令人愉快的,Unclassified,13,13,"review_62973558ebb173e071202d4b :: For the last two years, my dog and I (along with friends and family) have flown both regular scheduled flights and  chartered flights from Renton to/from Gulf Islands, Desolation S...",True,True
apologetic,apologetic,诚恳抱歉致歉的,Unclassified,13,13,review_424fbb9d6e421999c5c274a3 :: We were initially scheduled for the longer flight with a glacier landing. Weather did not cooperate. When we arrived the staff was very apologetic and switched us to shorter flight...,True,False
bored,bored,感到无聊厌烦的,Boredom,12,12,"review_89c3891c39b10492ae13756e :: Excellent!  Well done tour.  Went on the Ultimate Adventure and one of the best experiences ever.  Never felt pressured or rushed and yet, never waited or was bored.  Ran like a we...",False,True
soaking,soaking,沉浸于（soaking in view）,Unclassified,12,12,"review_396ecb644eb09a1ed120d1b3 :: Absolute amazing, circle island tour was so incredible. My photo library is full of incredible photos and I spent most of the trip just soaking everything in....",False,False
stuffy,stuffy,闷热不适的（体感不适）,Unclassified,12,12,"review_9a34e794ea1f9d86dc7a645e :: We took a flight over Misty Fjords as a cruise ship excursion.  The scenery is incredibly beautiful. Our pilot was great, and his commentary over the headphones was very informativ...",True,False
superbly,superbly,出类拔萃完美地,Unclassified,12,12,"review_6993a2ad99a052b4ec824bb3 :: Great welcome in a superbly maintained office area. From the moment you come in to the landing you feel that safety is taken to  the upmost level. 

Everyone and every belonging ar...",False,False
wondrous,wondrous,惊叹奇妙的,Unclassified,12,12,"review_101f174eb4cfd0a4e16a1f3a :: Fabulous would be a one-word description. As a resident of this area I have explored much of the wonders that exist here and am always amazed, but nothing I have done compared to t...",True,False
satisfying,satisfying,令人称心满意的,Unclassified,11,11,"review_14b7795a7ee7f65e7cbb2b5b :: The business was easy to find. The directions were clear and precise. Eric, the pilot, was friendly and on-time. We were given a detailed safety lesson, and a life preserver per FA...",False,True
wary,wary,警惕顾虑的,Unclassified,11,11,"review_d0e9a48cf416c4341761223b :: I have to admit, I was more than a little wary of getting into a helicopter and flying over the Grand Canyon!  I made the mistake of googling previous accidents! However, we awoke ...",True,False
trepidation,trepidation,惊恐战栗 / 不安,Unclassified,11,10,review_b23941f57eba482fc0380ef3 :: We did the glacier landing tour and some of the Denali Range. We had an exceptional day to fly and the landscape was breathtaking. We did a bus tour the previous day and it was won...,True,False
surprising,surprising,令人出乎意料惊喜的,Surprise,11,11,review_d4243939be6899e9d7a60546 :: My spouse and I enjoyed a fantastic experience flying in a small plane and landing on Ruth glacier. Both takeoff and landing were surprising smooth. Our pilot made sure both sides ...,True,True
superlative,superlative,顶级极致赞赏的,Unclassified,11,11,"review_c99f5ef9ee2e3e43e005ff7a :: AMAZING!!!  The entire experience, from booking to take off was superlative!  WestWind really knows what they are doing, they know how to take care of people.  Cannot recommend eno...",False,False
sketchy,sketchy,令人不安可疑的,Unclassified,11,11,"review_b0700a8634bacd88521c7b35 :: We had sketchy weather but it ended up clearing up..thankfully! Very smooth ride, beautiful views, very informative pilot. We have some great pics of us standing out on the pontoon...",True,False
slick,slick,熟练专业/光滑的,Unclassified,11,11,"review_64c4071e89e9ea3813750482 :: This is a stunning way to see Grand Canyon.  Our 45 minute flight went too quickly and we appreciated the way our Pilot (Alex), put us at ease and guided us through the trip, with ...",False,False
rewarding,rewarding,非常有成就感/物超所值的,Unclassified,11,11,"review_7ca003e4cd5979555b9afcfc :: This helicopter trip around the island exceeded my expectations and was definitely an unforgettable journey! From beginning to end, every detail is very careful, so that you feel t...",False,True
nervousness,nervousness,紧张不安的情绪,Unclassified,11,11,"review_8b5d0e6ee66a727341e87a76 :: Despite a fear of heights and, therefore, a degree of pre flight nervousness this was an experience I would not have missed for the world. A sunny, clear day, magnificent scenery a...",True,True
mad,mad,发怒的 / 生气的,Unclassified,11,11,"review_1c13e4501d06adc6e82c7474 :: We visited the misty fjords today while on an Alaskan cruise.  We had a beautiful sunny day today.  We did the float plane tour this morning.

I really enjoyed the tour but I would...",True,True
inviting,inviting,引人入胜令人愉悦的,Unclassified,11,11,review_39496617c0521efe63e69b0a :: Our trip was a blast! The Pilot was knowledgeable about the area and made the whole experience fun! The flight was smooth and the scenes were beautiful! The office gals were friend...,True,True
cheesy,cheesy,俗气的 / 劣质的,Unclassified,11,11,"review_04494bd45c6b9ff4f0e3e57f :: On 7/25/2023 we took the Misty Fjords flight seeing tour.   There were a total of 8 passengers on a well maintained DHC-3.  

The best I can say is that Taquan Air completely maile...",False,False
admire,admire,钦佩赞赏,Admiration,11,11,"review_6989175ac442dc3629b433f9 :: We booked very last minute through our cruise ship (Norwegian) because we hadn't really planned anything for Ketchikan and boy are we glad we did! 
In reading the reviews I see a l...",True,True
mesmerized,mesmerized,被深深吸引迷住的,Fascination / Awe,10,10,"review_f9cdb9eca2ee3cc58a058227 :: Even on an overcast day, the views were stunning. My hubby said I couldn't stop smiling. I was mesmerized. My first helicopter ride and it was fantastic. Pilot Shawn was just infor...",False,False
unfortunate,unfortunate,不幸遗憾的,Unclassified,10,10,review_2314eff01c8d91698d1ba747 :: My girlfriend and I wanted to do something unique and memorable on our Maui vacation. This was it. We really wanted to see the Molokai sea cliffs and the unfortunate landslide on t...,True,True
stunningly,stunningly,令人震撼地,Unclassified,10,10,review_e8030f9d850853054630dceb :: I literally cried a little - it was so awesome and breathtaking! Landing on the glacier (though I have been on many) was thrilling and stunningly beautiful - don't miss it. Stan wa...,False,False
stunned,stunned,感到目瞪口呆震撼的,Surprise / Amazement,10,9,"review_abb78201714fed1e189fb212 :: After several days of rain, we were driving into Talkeetna to take the Hurricane Turn train, but as we topped the hill leading down into town, we were stunned to see clear skies ov...",True,True
stability,stability,平稳安心感,Unclassified,10,10,"review_2b6664194c28ab702124dcef :: The K2 Glacier landing tour was awesome flying to Denali. Even though we had an overcast day, the sun frequently peeked out between the clouds and presented us with great photos. I...",False,False
raving,raving,赞不绝口极力推荐的,Unclassified,10,10,"review_b1e05db05a5eb7c9b73d9dba :: Eric was so accommodating, he met up with us very last minute as we were heading back to Kaanapali from watching the sunrise at Haleakala. At first we wanted to do a helicopter tou...",True,False
quaint,quaint,古朴宜人的,Unclassified,10,10,review_6b17f5b0218c6e596e18af08 :: Took a noon flight to Friday harbor. Great flight great views!!  Smooth ride.  Friday harbor was lovely.  Quaint shops and restaurants. Took an afternoon flight back.  Also great f...,True,False
wonderfull,wonderful,令人惊叹绝妙的 (错别字变体),Joy / Wonder,10,10,review_7baf052c3762a628a245253c :: Wonderfull experience with Kevin our pilot who answerd allll our questions! Uniques views firts flight for me. Will remerber for sure. Felt very safe!...,False,False
jealous,jealous,令人羡慕嫉妒的,Unclassified,10,9,review_21f52836b887ea5e81a636ac :: Everyone that does the open door helicopter tour will tell you to DO IT. I am telling you try something different and do the BIPLANE. It was fantastic. The tour lasted longer than ...,True,True
improving,improving,不断改善令人满意的,Unclassified,10,10,review_44da0895a8ce427167ab5d1a :: An amazing experience to see Mt. Denali from just five miles away ! We originally booked the Grand Denali tour at 10.30am but the snow conditions were not suitable for a glacier la...,True,True
improvement,improvement,体验改善 / 提升,Unclassified,10,10,"review_446d0be36a207bc3ab9ada7c :: The cancellation of the tour aside, the conduct of the company was troubling and needs improvement. They lack customer service....",True,True
friendlier,friendlier,更加亲切友好的,Unclassified,10,10,"review_baacfd2401e7b5dc89583a66 :: I was a little apprehensive about flying in a small float plane. I'm so glad that I did, because it was one of the most incredible experiences I've ever had!! My group of six were ...",False,True
emotional,emotional,情感上的 / 动情的,Unclassified,10,10,"review_376acad2384794748501485f :: I enjoyed that Jason was a very relaxed and informative pilot.  We flew over the Talkeetna Mountains, the town of Talkeetna, and over Denali National Park and he provided informati...",False,True
ecstatic,ecstatic,狂喜的 / 极度兴奋的,Unclassified,10,10,"review_6dd0b031f85e9729b1e9f559 :: Ive been wanting to take a flight lesson forever... my wife got me a lesson with eric for my birthday and im so glad she did! 
Aside from the ecstatic experience of flying above th...",True,True
conscientious,conscientious,认真负责的,Unclassified,10,10,"review_9008f66337020b1c7b4dccde :: My husband and I are both pilots. My original idea was to get checked out, rent a plane, and fly ourselves. Crazily, we bumped into Eric in Kihei near the beach on our first night ...",True,False
badly,badly,严重地 / 糟糕地,Unclassified,10,9,"review_f0339e7be775276f33b615ca :: Our flight was postponed due to iffy weather but better to be safe than sorry and as it turned out the following morning was GORGEOUS for flying.  

Our pilot had four decades of e...",True,True
unspoiled,unspoiled,未经破坏原始纯粹的,Unclassified,9,9,"review_5d3ecac0e55f148c0b4ac5f0 :: This was a great flight to Misty Fjords National Monument with Trevor Smith, our knowledgable and professional pilot. He obviously loves flying and especially his DeHavilland Beave...",False,False
terribly,terribly,极度负面地 / 抱歉,Unclassified,9,9,"review_8f9c482fa812af808578f428 :: Such a fun and easy ride. For somebody who’s not terribly fond of high places I found this relaxing, gorgeous and just really really fun.  No stress at all. From check in to the do...",True,True
susceptible,susceptible,易受影响脆弱的,Unclassified,9,9,review_a71a7d1d537c10e23e936974 :: We thoroughly enjoyed our scenic flight with Wings over Kauai and we were lucky enough to have Bruce as our very informative and personable pilot! We picked the 9am flight and were...,True,False
stuffed,stuffed,塞满的 / 憋闷不适的,Unclassified,9,9,"review_5017f29c4699cdf6edac026c :: If you had one day in Alaska and had to pick one thing to do, flying with K2 Aviation to Denali National Park for a 3 hour hike (guided by Alaska Alpine Adventures) surrounded by g...",False,False
miserable,miserable,极度痛苦糟糕的,Unclassified,9,8,review_ba62bcb12cd2511fe9b89237 :: Our party of 4 ended up in Talkeetna on a cloudy day in the winter. I was bummed that we wouldn't see McKinley. Garret was willing to work with us on the hourly rate to get us up i...,True,True
hassles,hassles,烦心事 / 摩擦,Unclassified,9,9,"review_e1b1a89e3c4bed96938773d0 :: Our family booked the 30 minute seaplane adventure as part of our cruisetour.  Due to rainy weather, we were not able to take the tour but I wanted to acknowledge the wonderful cus...",False,False
effortless,effortless,轻松平稳的,Unclassified,9,9,review_74583e2676252038a02e2224 :: We were on our boat near River's Inlet and headed South to collect my brother and nephew who we were flying in for my nephew's 16th birthday present.  He had never been on a float ...,False,False
compliment,compliment,赞美 / 赞赏评价,Unclassified,9,9,"review_27054e706b6164a5b18f9d8a :: The K2 Glacier Landing Flight on May 16 was easily the highlight of our Alaska vacation. I cannot compliment our wonderful pilot Chip enough for the great flight, explanations, poi...",True,True
claustrophobia,claustrophobia,幽闭恐惧症（密闭机舱焦虑）,Fear / Anxiety,9,9,"review_0906e867106940cb3451f5d4 :: If you have a chance to go, definitely do it. I was able to do the glacier landing. Our weather that day was perfect. It is amazing to fly around the range and a great way to get a...",False,False
cheerfully,cheerfully,欢快愉悦地,Unclassified,9,8,review_ac50f8863348133ae180cf2f :: Denali makes its own weather. We had a total of 8 reservations over 3 days before it was finally the kind of weather that they could fly the Denali Grand Tour. We were able to wait...,False,True
bummer,bummer,令人扫兴扫兴的事,Unclassified,9,9,review_3790c878601276054187702d :: The views are something you can't get from viewpoints on the ground. Our pilot was great at pointing out all the areas we were flying over. Only bummer because of covid we couldn't...,True,True
awkward,awkward,尴尬的 / 别扭的,Unclassified,9,9,"review_0f50928b644eab8e69fd4905 :: I need to reschedule the flight for 3 times because of Glacier Landing. When I asked a front desk person, when was the last glacier landing, she did not able to answer me which is ...",False,True
automatically,automatically,自动地 / 自然而然,Unclassified,9,9,"review_5b82c75988ee2cfa4a933c29 :: If you are coming to Alaska you must do this!  Our trip was the third weekend in May and the weather was gorgeous.  The trip is once in a lifetime.  Glaciers, mountains, rivers, an...",False,False
mindful,mindful,细心周到的,Unclassified,8,8,"review_740f1ebe506248f7115cec45 :: Amazing flight! Pilot was informative, funny, and mindful. Beautiful scenery, gorgeous ocean views, and so many whales. If you’re thinking about going, book now!...",True,False
yummy,yummy,美味愉悦的,Unclassified,8,8,review_456418da69a603d737b954da :: We booked this exertion through princess cruises! This was amazing and a must do! A big thanks to Kevin who was our pilot and was so enthusiastic and knowledgeable! Went over some ...,False,True
unstable,unstable,不稳定摇晃令人担心的,Unclassified,8,7,"review_2d9a74edc8b5e3011e6d946f :: I was a little afraid of doing this, however our pilot was very reassuring and provided extremely smooth take offs and landings.  It was amazing to see our cruise ship from the air...",True,True
spoiled,spoiled,好心情被破坏毁掉的,Unclassified,8,8,"review_51723800a5b62f088a8bc7d1 :: Honestly, although we absolutely loved Friday Harbor, the trip to and from Seattle ended up being one of the highlights of our trip! The experience and the views are amazing, and w...",False,False
shocked,shocked,感到震惊惊吓的,Surprise / Shock,8,8,"review_5d3aa0665da02a18fbb9d035 :: Our experience was awesome! 

They waterproof shoes that slipped over our own boots for the glacier landing. Our experience was during Covid-19 and the whole staff took extra preca...",False,True
poorly,poorly,糟糕地 / 差劲地,Unclassified,8,7,"review_4511133a8ef35ba847a7d3a6 :: Beautiful flight, confused office staff and dishonest pilot took away from what could've been an amazing experience!  Doing a land tour on our own prior to a cruise, we decided we ...",True,False
nerve,nerve,紧张神经,Unclassified,8,8,"review_bc094451a516daefa055857a :: This was one of the most unique experiences I have ever had! The flight from Phoenix to the Canyon was a bit nerve wracking, due to the small aircraft. Since there were only two of...",True,False
grace,grace,优雅 / 良好风度,Unclassified,8,8,review_b02b203c5e74fa0264e17bd7 :: I cannot recommend the K2 experience enough. Both the flying and the views were far beyond my expectations. I am a pilot myself and I have read about bush flying for years which gi...,True,True
frustration,frustration,挫败感 / 烦恼,Unclassified,8,8,review_b663b185089984f92724578d :: I had a confirmed booked through Alaska Shore Tours for the Neets Bay Floatplane bear watch tour. At the time I was not aware that Alaska Shore Tours had subcontracted the tour to ...,True,True
frightened,frightened,感到受惊吓害怕的,Fear,8,8,"review_839e0560238a0af9aac3153f :: I am a terrible flier. As in PETRIFIED.  Somehow, though, this clean, well kept little dock caught my eye as my husband and I drove into Talkeetna for one overnight. Despite my fea...",True,True
exhilaration,exhilaration,极度兴奋快感,Unclassified,8,8,"review_769ba54a1b0f6a5c4de58e94 :: Accessing the formattable Denali summit is a privilege and one we were glad to share with K2 Aviation. 

Their professionalism and Talkeetna base (great town) allowed us to simply ...",True,False
exhausted,exhausted,精疲力竭极为疲惫的,Unclassified,8,8,review_9f2f86e28d3c8b6181cea0ee :: This was a fantastic trip and left us exhausted but very happy. All the tour guides were excellent and made every effort to make the tours interesting and informative.  Big thanks ...,True,True
dissapointed,disappointed,感到失望的（错别字变体）,Disappointment,8,7,"review_a9dd2820ca31d2ba3296a18c :: Friends and I looked into a flight seeing tour of Denali and the glaciers and we were not dissapointed. The pilot, Jeff, was a great tour guide. He was very informative and managed...",False,False
cherished,cherish,珍视铭记的,Love / Affection,8,8,review_b1f4591ba3fe0c7697725cd4 :: Just an incredible time and an experience to be cherished. We had a lot of fun and really enjoyed enjoyed. We would love to do this again....,False,True
annoyed,annoyed,感到烦恼的 / 恼火的,Unclassified,8,7,review_161b2ce9312f253a91300991 :: My husband is 6'4 and weighs a bit over 270 (just a big guy) and we struggled to find a helicopter that wouldn't charge us for an extra seat for him. I can understand if they were ...,False,True
strange,strange,怪异不安的,Unclassified,7,7,"review_254f46e4a5fb0f6c7e0c50cd :: I am rewriting this review, as my first review was softly forced.  The pilot stopped the golf cart near the hangars and asked us to click the links and do the review on the spot…an...",False,True
reputable,reputable,信誉良好的,Unclassified,7,7,review_44bbe9a73fd23ce4436c395f :: We were fortunate enough to have great weather when we arrived in Ketchikan. (The town gets more than 200 inches of rain per year.) So we opted to book a float plane tour. We did a...,True,False
ridiculous,ridiculous,荒谬的 / 离谱的,Unclassified,7,7,review_a158a996fb85a211763435ea :: The flight itself is really scenic. I liked that we landed in the water about halfway through and could walk out on the sides of the plane to take in the view. Pilot was good but d...,True,True
rudely,rudely,粗鲁地 / 无礼地,Unclassified,7,6,"review_b27a5b6f0ee0a61ed67119b2 :: Flight pilot didn't give full rules & regulations prior to departure.My wife  got up & switch seats  for better view & to avoid gasoline smell
Then the pilot raised his voice spoke...",False,True
serenity,serenity,宁静 / 祥和,Unclassified,7,7,review_57c6364bb1280d3c14c9dc43 :: Taguan picked my group of 4 right at the cruise ship berth and took us to their launching off point. Saw a safety film and was loaded into a small place. The take off was so smooth...,True,False
relieved,relieved,宽慰的 / 松了一口气,Unclassified,7,7,"review_1d1e7c7dceefaede42dd0974 :: We went along the north shore of Maui, to Hana and back with a few circles over the gorgeous green landscapes. I got to sit up front with the pilot, who let me steer the plane when...",False,True
suffered,suffered,遭受身体/晕眩痛苦,Unclassified,7,7,"review_ed5623c2686a38dd56a520c0 :: Was expecting my husband to be the scared one but instead it was me that suffered but the flight was amazing, the views spectacular, from the ground it's just not possible to appre...",False,True
unhappy,unhappy,不高兴不满意的,Unclassified,7,7,"review_6fe4588bd7968f473123bfe2 :: It was a little disorganized and I was unhappy that they refused to transport my mother’s wheelchair on the bus. However, our pilot was just fantastic!!  This should not be missed....",True,True
unpleasant,unpleasant,令人不快令人难受的,Unclassified,7,7,"review_7272e1873ec553c74d1ed77a :: The seaplane trip over Misty Fjords national park was expensive but indeed worthwhile. Our pilot, Sam, was really knowledgeable, amicable and capable. The ride from the quay to Taq...",True,True
powerful,powerful,强烈的 / 感人的,Unclassified,7,7,"review_7e853b1df37878641e258ef2 :: I would like to take this opportunity to thank you again for the wonderful flight experience with K2 Aviation on August 19 2022, around Denali. Soaring above the clouds with Leon w...",True,True
worrying,worry,令人担心的,Anxiety / Worry,7,7,"review_a784ebcd32bff17e126e5b62 :: We did the 45 minute tour and it was one of the best things we have ever done. It is by far the best way to appreciate the scale of the canyon. 

The seating in the chopper is set ...",True,True
weird,weird,古怪令人不安的,Unclassified,7,7,"review_9aaa9c3728058db2efe11eee :: Fly with the best, book with K2 Aviation. This company is professional from general questions before booking to walking away after the flight. They are great people and VERY busy. ...",True,True
painful,painful,痛苦的 / 令人难受的,Unclassified,7,6,"review_e1ea84507de9fcbe67135209 :: Was looking forward to the view from the plane flight we booked for the first plane right out in the morning at 8am.

Received a call at 6:41am the day of the flight to say there w...",True,True
panic,panic,恐慌 / 惊恐状态,Fear / Panic,7,6,"review_b08abf39f399085373741cfc :: This was a 12 hour adventure to remember - it started with a flight over the Grand Canyon to Page, Arizona where we were then taken to the amazing slot canyons of Antelope Canyon v...",True,True
laughter,laughter,欢笑 / 笑声,Unclassified,7,7,"review_ed37e6cf3b90e4f7b69c0038 :: 30 yrs ago, my friends Kitty and Kimball started K2 Aviation.  I was climbing Denali.  This summer, I flew with K2 into the mountains.  A great Pilot.  He guided us threw history, ...",True,True
hopeful,hopeful,怀抱希望的,Unclassified,7,7,"review_4a3abf03e6bbeb110a86e377 :: Like a previous reviewer, I booked this trip as part of my Alaska Inside Passage cruise and wasn't sure if I would really enjoy it. However the Tajuan Air and the team running this...",True,True
hesitating,hesitating,犹豫顾虑（心理活动）,Unclassified,7,7,review_299de90dcf40222bc6b1cf39 :: What an incredible experience that was!!. 😍If you have little time to explore the Grand Canyon or simply want to give it another dimension (or check something off your bucket list ...,False,True
gushing,gushing,滔滔不绝赞赞称道的,Unclassified,7,6,"review_6d89a83a7e6c40e34fc3fabb :: From start to finish, our flightseeing tour from Talkeetna to Mt. McKinley, landing on Ruth Glacier was jaw-droppingly wonderful. I've lived in Alaska for almost 40 years and thoug...",False,False
exhilerating,exhilarating,令人兴奋刺激酣畅地（错别字变体）,Excitement,7,6,"review_182483adf502c67405c09314 :: Our second time with our pilot, and as amazing as the first time. We will do it a third and hopefully a fourth too. Exhilerating...",False,False
enthusiastically,enthusiastically,热情高涨地,Unclassified,7,7,"review_b74b1e78e9cd17594e7f98b2 :: Awesome experience for myself and three teenagers, all visiting the Pacific Northwest from Florida, first time ever in a Seaplane. Northwest Seaplanes in Renton really delivered! W...",False,True
curious,curious,好奇求知的,Unclassified,7,7,"review_3d6a8e26ffe7827f72bd540a :: Flying with Northwest Seaplanes is always a treat and makes for a very manageable commute from Oregon all the way to Roche Harbor.  3 hour drive, leave the car in the secure parkin...",False,True
confusion,confusion,困惑 / 混乱,Unclassified,7,7,review_0feea62cebd439414c25d6fc :: My wife and I decided to spend Valentine’s Day in Sedona and booked an air tour of the Grand Canyon. I booked it over the phone with Lindsey whom seems to be the manager. She lead ...,True,True
classy,classy,高端优雅的,Unclassified,7,7,"review_173f4f867aa20ba8a1793a6e :: Both my dad and I have experience flying single engine planes, and I can tell you that in every sense this was a spectacular tour.  Easily the highlight of the entire AK trip.  We ...",False,True
captivated,captivated,被深深吸引着迷的,Unclassified,7,7,"review_53fcd6e518ab4f8fb6d54d7d :: Unforgettable!  Views stunning, excellent pilot. We were captivated by all of it...views of Denali and surrounding mountains, glaciers, moose, sheep, trumpet swans. Landing on glac...",False,True
alas,alas,唉 / 遗憾的是,Unclassified,7,7,review_c9165f59221d7127700e8e97 :: Readying to be picked up by the K-2 shuttle at our hotel (Grand Talkeetna Lodge) we were browsing the gift shop when several people mumbled and looked out the rear window to see De...,False,True
reassurance,reassurance,令人放心的安抚感,Relief / Reassurance,6,6,"review_a8a25de7a154aae2e3cb58c4 :: Eric was the most wonderful pilot I’ve ever met! His friendliness, attention to detail, reassurance of professional flight experience, and his knowledge of Maui history and the env...",True,True
inspirational,inspirational,鼓舞人心的,Unclassified,6,6,review_36f584d9a4b5daef57911102 :: Our plane tour with Ray was the highlight of our Hawaii trip. We booked it as a birthday surprise for my son who wants to be a pilot and Ray went above and beyond to make it a trul...,False,True
jovial,jovial,欢快风趣的,Unclassified,6,6,review_11c562973251eb3dddcd271c :: Pilot Bruce was a fabulous and jovial companion for our flight tour. The flight was smooth and filled with interesting and notable secrets of the island. He shares fun facts about ...,True,True
precision,precision,精准靠谱的,Unclassified,6,6,review_e4e421cfb94501963c3c2a24 :: We had a really great experience with Eric.  Scheduling and the flight were all performed with precision.  I think any of his trips will be enjoyable. The airplane is great for cou...,True,False
gratitude,gratitude,感激 / 感恩,Unclassified,6,6,review_3cb4c53a6c1c62555cfbaa2c :: This is a bit of a mixed experience for us.  The floatplane ride to Caribou lodge was wonderful - the guided hike from Caribou Lodge at Boomerang Lake was really awesome - Zack sho...,True,True
relief,relief,轻松如释重负感,Relief,6,6,"review_34b482736330103710d534dd :: Joe, the pilot, was not just knowledgable and interesting, he put us all at ease with clear safety instructions,  very obvious attention to his task, and some needed comedic relief...",True,True
sublime,sublime,崇高壮丽绝美的（Aesthetic Emotion/Awe）,Unclassified,6,6,review_9d1f6ad84d606ddca5e4e615 :: This flight was great and the narration was really very interesting and the landing was just sublime...,False,False
timid,timid,胆怯害羞的,Fear / Nervousness,6,6,"review_d5b6da22fea5e1d569198664 :: I am recently retired, and a trip to Alaska was one of my 'bucket list' destinations.  This flightseeing tour over Denali was the crown jewel of the trip.  Truly amazing, and a lif...",True,True
warmest,warmest,最暖心亲切的,Unclassified,6,6,"review_b5bb93bd61e91d0950c9bcb3 :: My wife and I booked the Denali Experience with Glacier Landing for August 29.
  
K2 arranged pick-up and drop off service for us at the Talkeetna Lodge.  The transfers were comple...",False,True
hug,hug,拥抱 / 温暖关怀,Unclassified,6,5,"review_c5feeb86e230b0356bda8c8b :: Let me first state that my wife doesn't like to fly in small planes, and she was very nervous about the water part.  But being the trooper she is she agreed to go for me.  We did b...",True,True
amaze,amaze,使惊叹 / 惊奇,Amazement,6,5,review_106dc23da845ce9e90ce924e :: This is the third time I have taken this trip and it never ceases to amaze. You cannot appreciate the Grand Canyon from just seeing pictures and flying over and through. It gives a...,True,True
frightening,frightening,令人惊恐吓人的,Unclassified,6,6,"review_24f8ec603697c6d9d4611f11 :: We recently went on the K2 flight seeing tour of Denali mountain.  It was an amazing, once in a lifetime experience.  You get up close and personal with Mt. Denali and nearby mount...",False,True
calmer,calmer,更平静安心的,Unclassified,6,6,"review_bddd9f0c13920a19ac41cba3 :: I went with a somewhat nervous 90+ year-old, who is not a fan of planes, let alone small planes, and she loved it! As did I!  The views are spectacular, something you can only see ...",False,True
appropriately,appropriately,恰当地 / 贴心地,Unclassified,6,6,"review_c4cbc3a0ec8aea7d9f373032 :: Just yesterday my wife and I enjoyed the spectacular beauty of Denali from the air with K2!  The pilot was excellent, explaining as we flew along and answering questions; the plane...",False,False
blind,blind,盲目的 / 视线受阻的,Unclassified,6,6,"review_442bd14270e4cf874af0ab43 :: Last year, Taquan (pilot Dave and guide Mark Phillips) did an excellent job at getting us to Anan Creek.  However, due to our ship's limited time in port last year, along with poor...",True,True
broad,broad,宽广的,Unclassified,6,6,review_05de4a8b0825e8b582b8810d :: We took a family trip with a broad age range (8-84) and took a flight tour with this company. The pilot was extremely knowledgeable about the region and we had a fantastic tour of ...,False,False
fascinated,fascinated,深深入迷为之倾倒的,Fascination,6,6,"review_5e1ada412e6d27e61871d3d2 :: My husband and I booked the Canyon Spirit, 45-50min tour with Maverick Helicopters as part of a 3 week tour around the west of America. We booked it online a month before we went t...",False,True
casual,casual,随和轻松的,Unclassified,6,6,"review_18f9b0cb64ddf8f1c45ae3e9 :: Words can't describe it and pictures don't do it justice. Exploring Denali is not a casual undertaking and unless you do a flight seeing tour, you won't really be able to see the m...",False,True
discouraged,discouraged,感到灰心气馁的,Unclassified,6,5,review_229fd4968cfa419bf766b69f :: The pilot was not very friendly and discouraged us from talking for safety reasons but it also discouraged us from asking questions. The little he said was a  bit confusing so we w...,False,True
enthralled,enthralled,被深深吸引迷住的,Unclassified,6,6,"review_b2c05129d491fa8430b16f98 :: What an amazing trip! And a huge Mahalo to our guide, Mel. His knowledge of culture, science, geology is second to none and he enthralled and educated us the whole day with humour,...",False,False
joyful,joyful,充满喜悦欢快的,Unclassified,5,5,"review_27ee31e44dec37dd44a492ba :: Eric, the pilot, is a amazing guy doing a great job! He said we are sharing his dream, actually he was making my dream come true by letting my little girl driving a little bit! Sou...",True,True
wowed,wowed,被深深惊叹震撼的,Amazement / Awe,5,5,"review_5035b0fc89c249531e5a177f :: My family and I toured with K2 on a day that didn't have great weather. We were supposed to have a flightseeing tour and glacier landing at 1 pm, but because the weather was poor, ...",False,True
suprise,surprise,惊喜 / 意料之外（错别字变体）,Surprise,5,5,"review_f30883e46fd48911e17c02fe :: Had no chance to fly, even fully paid in advance. Reasoning gave by operator was that speedometer not working in a plane, so it can not fly. It has been passed to us couple hours b...",False,False
stressful,stressful,令人压力重重焦虑的（Stress/Anxiety State）,Unclassified,5,5,"review_a20afea77622e7f2a696a5b8 :: Friday Harbor seaplanes was an exceptional way to travel into Friday Harbor.  They were friendly, helpful and made the whole experience great.  Getting to FH can be stressful and t...",False,True
shock,shock,震惊 / 冲击,Surprise / Shock,5,5,review_e07d338aaa29596c79153eae :: Denali was not an option the day we went because of bad weather so they offered us another tour.  We had a wonderful pilot and got to see a lot.  I was in the co-pilot seat which w...,True,True
scare,scare,吓人 / 引发恐慌的,Unclassified,5,5,review_b98f86836dab2804df15e3e9 :: What  a great time!! Steve was our pilot and pointed out all the natural wonders that you could never see by land.  I would highly recommend this tours! Its way better than an open...,True,True
overwhelmingly,overwhelmingly,压倒性震撼地,Unclassified,5,5,"review_5b475559d8a53af1419a955a :: In all our research for Alaska, what stood out the most was the encouragement to see Alaska from as many perspectives as we could - land, sea, air. When we figured out that flights...",False,True
marveled,marvel,惊叹赞赏的,Wonder / Awe,5,5,"review_23dd8ca7ccb1504a0fdd0abe :: Having made a reservation to do a flightseeing trip months before we arrived in Talkeetna, I had the very good fortunate to have the sun shining throughout this spectacular trip. M...",False,False
luscious,luscious,秀美令人心旷神怡的,Unclassified,5,5,"review_c899626eb9d5f30c9ce8bb94 :: Our fifth trip to Alaska, and we were so happy to find this combination of two of our favorite excursions.  Wonderful seaplane flight - landed on a lake and walked on the wings - t...",True,False
pity,pity,遗憾 / 同情怜悯,Pity / Sadness,5,5,review_0e57afe5271794777fc522b8 :: The tour was wonderful ! what a pity that no comment is in another language than english and that the pilot doesn't care if the passengers understand or not what he says during the...,True,True
jitters,jitters,忐忑不安 / 紧张发抖感,Nervousness / Anxiety,5,5,"review_805ef5f7c1f0df545b37c9b0 :: Isaac was an excellent pilot and very thorough in explaining island sites, and comforting some first time jitters about flying in a small plane. Loved that it was just me, my husba...",False,False
hates,hate,厌恶 / 讨厌,Anger / Dislike,5,5,"review_a6393fcd3d1377ade8951ba7 :: Our trip was in May 2022. We had a blast. The pilot was knowledgeable and fun. My husband hates flying, especially small planes, but he'd do it again. We plan to book with K2 again...",False,True
hated,hate,讨厌 / 极为憎恶的,Anger / Dislike,5,5,"review_5fe9fad9238c2de93e358451 :: I had a ""reservation"" to fly, but waited over a hour. I saw lightening and storm clouds- I was told by pilot that it was a small cell that we'd fly around. IMMEDIATELY after takeof...",False,True
gloomy,gloomy,阴沉的 / 沮丧的,Unclassified,5,4,"review_a49c3b4b417661efc807e243 :: Well, there really is a reason that this is rated number 1 for attractions and activities...there really is no downside.  Firstly, making a reservation by phone or online via their...",True,True
faultless,faultless,无可挑剔完美的,Unclassified,5,5,review_5910f9ccf0fda94156e304bb :: We tried going to the Na Pali Coast in our car to see the beautiful views but it was not to be as the whole region was covered with clouds and rain. So to make sure we got to see i...,True,True
envy,envy,羡慕 / 嫉妒,Envy,5,5,review_1414273dd7063c526a44d117 :: This was one of lifetime plane trip realy memorable. I simply envy pilots they get to do this and get paid for it. Just seeing the wonderful mountain range up close is breathtaking...,False,True
comforted,comforted,感到安慰安心的,Comfort / Relief,5,5,review_348b4aff02fdf2a7c1edf068 :: We had a once in a lifetime experience on Westwind's Signature Grand Canyon South and Ground Tour. I have a terrible fear of flying but I was desperate to be able to do this tour. ...,False,True
apprehension,apprehension,忧虑 / 疑虑不安,Anxiety / Fear,5,4,review_c542b91f8f33b62598c7e8e7 :: The whole experience was fabulous from the convenience of short notice booking to the easy check in and ultimately with the flight and our pilot! The facility is welcoming and the ...,True,True
intimidating,intimidating,令人胆怯令人畏惧的,Unclassified,5,5,review_366a0217246d209bb9329b77 :: How do you describe something that takes your words away and leaves you speechless?  This was meant to be a Floatplane and Alaskan Bear excursion.  We definitely saw the floatplane...,False,True
tranquil,tranquil,清幽宁静的（Calmness/Serenity State）,Unclassified,4,4,review_e6cf6dd7ddebb8be79394b82 :: This is one of the most amazing trips we have ever been on. The scenery was breathtaking. Great ambience and very tranquil to see the view from the plane. Thank you for such a grea...,True,True
spellbinding,spellbinding,扣人心弦迷人的,Unclassified,4,4,review_c0a1d7abe2043556cd658a2c :: This was my second time doing a flightsee of Denali and landing on the glacier.  Tales from the first time prompted some friends to come up from L48 and do one.  As with the first ...,False,False
spellbound,spellbound,出神为之入迷的,Fascination / Awe,4,4,review_74b3950bfc8651a0c192c5f7 :: From the moment we took off to the moment we landed back at the airport we were all spellbound!  The ride was amazing and I would highly recommend it.  We landed on Ruth Glacier an...,False,False
stoked,stoked,极为激动期待的,Excitement,4,4,"review_6a2174ace00b3c34805ab86a :: When you live on Kauai, you have the ability to pick and choose. One of our best choices (other than making the decision to move here) was picking to take a Wings Over Kauai flight...",False,False
subtle,subtle,微妙精细的,Unclassified,4,4,"review_fad64ae50bf3442f53016b8f :: What better way to go view bears feeding than by float plane?!!!

Awesome experience flying in a float plane. We were all very tentative at the experience. Our pilot had a great se...",False,False
suprised,surprised,感到惊喜惊讶的（错别字变体）,Surprise,4,4,review_690cc278985c56f33f02481e :: We booked this trip through our Disney cruise.  The day we went the weather was beautiful.  But Ketchikan is in an artic rain forest so I understand these tours are often cancelled...,False,False
thrills,thrills,刺激 / 快感,Unclassified,4,4,review_9ddf6fdd501ee2d077fd2f6c :: I have wanted to see Denali since I was a kid and it was still named Mt. McKinley. It took my breath away when I saw it from Talkeeta. But up close from the air it was sublime. Lan...,False,True
unnerving,unnerving,令人发慌不安吓人的,Unclassified,4,4,"review_5e1ada412e6d27e61871d3d2 :: My husband and I booked the Canyon Spirit, 45-50min tour with Maverick Helicopters as part of a 3 week tour around the west of America. We booked it online a month before we went t...",False,False
tranquility,tranquility,宁静 / 平和,Unclassified,4,4,review_8b4c172e7b644d8c4b931cc0 :: We got of our cruise ship early and were able to purchase our trip from one of the operators at the end of the dock.  Apparently they sell what the cruise lines have been unable to...,True,True
underwhelmed,underwhelmed,大失所望未达预期的,Disappointment,4,4,review_e07d338aaa29596c79153eae :: Denali was not an option the day we went because of bad weather so they offered us another tour.  We had a wonderful pilot and got to see a lot.  I was in the co-pilot seat which w...,False,False
unfair,unfair,不公平的 / 冤枉的,Unclassified,4,3,review_bed38cb5492cc85e5a6942a8 :: If you are in the front you get a panoramic view of the canyon but in the back you get a panoramic view of the front passengers. Its very unfair that Maverick charge the same price...,True,True
unfriendly,unfriendly,不友善的,Unclassified,4,4,review_dea6554bb253c3a9200497a0 :: Never book this tour! The tour didn‘t take place without notice! We stood infront of the company and we couldn’t fly WITHOUT any notice! The person on the phone was super unfriendl...,True,True
wicked,wicked,太棒了 / 绝妙的,Unclassified,4,4,review_8b057101f491fb760b653664 :: K2 Aviation Pilot Chad Smith and his De Havilland DHC-2 Turbo Beaver delivered us an incredible aerial tour within one of Alaska's gems: Denali National Park. Our glacier landing w...,True,True
wildest,wildest,最疯狂的（狂想）,Unclassified,4,4,review_8f1a70042c9eaad97513c1ff :: We love to fly but this was beyond our wildest expectation.  Would highly recommend to anyone that is on the fence about going.  Taking off and landing from the water is truly an a...,False,False
profound,profound,深刻震撼的,Unclassified,4,4,"review_8440145fbb3c7547df5b2cb4 :: It was an absolutely spectacular experience!! The glacier landing was epic.Being on the glacier, surrounded by majestic mountains was so intensely profound. K2 Aviation is excellen...",False,False
regretting,regret,感到后悔遗憾的,Regret,4,4,"review_2ced2be9a338446e48906797 :: ""Best hour of my life""--or at least that's how my daughter (not a little kid, but rather a highly accomplished and well travelled professional) described it.  While I trust her exc...",True,True
nasty,nasty,令人厌恶的 / 恶劣的,Unclassified,4,3,"review_af08902c4c1b7326756e9e93 :: In a nutshell, the views of Mckinley were stunning however the pilot, a gentleman from Pennsylvania, exhibited the height of rudeness. And no, I'm not misunderstood. He was blatant...",True,True
pleasing,pleasing,令人愉悦满意的,Pleasure / Satisfaction,4,4,"review_1bbaf9835eaf9a0a0592eb35 :: We were ""in the clouds"" both figuratively and in reality.  The day was less than ideal and we knew we would not see Mt Mckinley, so K2 gave us option to cancel.  Thankfully, we did...",False,True
frustrated,frustrated,感到沮丧的 / 挫败的,Unclassified,4,4,review_ed42ef9dc4fa813cfcacdfdb :: My family of 4 did this tour last week and were beyond impressed.  We opted for Maverick because of their fleet of newer helicopters with ample windows spanning down to the floor i...,True,True
captivating,captivating,扣人心弦引人入胜的,Fascination / Awe,4,4,"review_e64fadc568774df30ea12ccb :: Our pilot, Rosemarie, provided a wonderful flight and narration.   She was consistently focused on meeting our needs, answering questions with insightful responses, and proactively...",True,False
phobia,phobia,恐惧症 / 恐高心理,Fear,4,3,review_e9b2f31c772c2b7cb28b91a6 :: I am a very anxious flyer but wanted to see the Na Pali coast badly so I booked a private tour in the Cessna.  Bruce was our pilot and he was excellent at giving the tour and makin...,False,True
disconcerting,disconcerting,令人不安的,Unclassified,4,4,review_b70a4a0ae56a29332a7fd7e6 :: We took Friday Harbor Seaplanes to and from Renton/San Juan Island. The flight was on time and the pilots seemed knowledgeable. Scenery was fantastic. My only complaint is that bot...,False,False
dreaded,dread,令人害怕恐惧的 / 提心吊胆,Fear / Dread,4,4,review_1dd85bf8878c66fc279b0b60 :: We travelled from Scotland to the USA to ride down the famous Route 66. One of my most anticipated stops was to see the Grand Canyon. But it was also one of my most dreaded... perh...,False,True
dreading,dread,感到十分恐惧担心的,Fear / Dread,4,4,"review_71241e031e521f6c6963b901 :: I am terrified of flying and was really dreading the Grand Canyon tour.
 As we drove to Boulder airport I was becoming more and more terrified. As I walked into the airport a lovel...",False,True
emotion,emotion,情感 / 情绪,Unclassified,4,4,"review_ae461d0213d7b365caf8ccdf :: When I first reading reviews about a flight around Denali, K2 always seemed well reviewed.  I also struggled to justify the price for the tour.  It's expensive yes.  I must admit i...",False,False
exhilarated,exhilarated,感到无比兴奋酣畅的,Excitement / Joy,4,4,review_721ad19aff869f0d170db596 :: Our five island tour started out overlooking West Maui and then we set across the channel to the Molokai sea cliffs...just beautiful.  We then circled around for a 180-degree view ...,False,True
embarrassed,embarrassed,感到尴尬难堪的,Unclassified,4,4,"review_c5991b9ca1903f1735d674f0 :: My friend and I scheduled our flight several months in advance online, with no problem whatsoever.  We arrived early for the flight, were greeted and checked in and weighed and the...",False,True
giddy,giddy,兴奋得头晕目眩欢欣的,Excitement / Joy,4,4,"review_3586d47de5356ce1da25e642 :: Everything about K2 inspires confidence, which is essential if you're planning to ride a small plane up thousands of feet for a closer look at mountains and glaciers. The planes ar...",False,True
hungry,hungry,贪婪的（money hungry）,Unclassified,4,4,review_782108ad97fa0d3252690e48 :: Booked weeks in advance qhe wecwere at home on New Zealand. Acidently bookex yhe wrong mouth. Booked August 19 instead of September 19. Was not in US o  August 19. No refund from M...,True,False
irritated,irritated,感到恼火烦躁的,Unclassified,4,4,review_b226b58865dcbe2109b81484 :: We recently took a flight seeing trip to Misty Fjords with Taquan Air.  We chose this company because of the B1G1 free coupon offered in the Toursaver coupon book.  I really didn't...,False,True
irritating,irritating,令人烦躁恼火的,Annoyance / Irritation,4,4,"review_e0e8c4638a54285feff0cfbc :: CHEAPER IF BOOKED DIRECTLY, but if there are scheduling problems with your cruise line and you're late, it's better to have booked thru the cruise line.  There is an option especia...",True,True
ominous,ominous,不详的 / 不妙的,Unclassified,4,3,"review_f1afb11c14a20df3c0e654e1 :: All I can say is GO. And K2 is the company to GO with.
That's our experience. And what an experience it was...

If you have the means and the wherewithall to
afford this trip, it i...",True,True
peacefulness,peacefulness,宁静详和感,Calm / Serenity,4,4,"review_a1479d7709ac1f0657a6be34 :: I was a little nervous about this-especially since I am 62 and my husband is 73-
but I went ahead with it since it was something my husband was very excited to experience.
From the...",False,True
reassure,reassure,使人感到安心放心的,Relief / Reassurance,3,3,"review_6f6e76e335be827620150250 :: A warm and kind welcome from the professional teams. 
An outstanding pilot who knows how to reassure you with a ⭐⭐⭐‐‐ pilot. A well explained tour despite my basic English. A disco...",True,True
heartfelt,heartfelt,真挚的 / 出自内心的,Unclassified,3,3,"review_1d2e3b9096eb301db6126594 :: Halfway through our 45-minute tour, our pilot, BJ, asked us to let him know as soon as he'd made it to the top of our ""coolest thing ever done"" list. I replied, ""You hit that the s...",True,True
horribly,horrible,糟糕恐怖地,Disgust / Distress,3,3,review_51a202e4d0258cc2f7bb9e04 :: My ten year old daughter and I chose the Indian adventure tour and it was the best part of our entire vacation. We got picked up from circus circus at 4:30am by a very nice shuttle...,True,True
incomprehensible,incomprehensible,难以理解令人困惑的,Unclassified,3,3,review_90ae941636917345fd7de0d3 :: We had a very limited amount of time in Alaska and wanted to maximize it. I've never done a flight tour but thought it was our only chance to see Denali. We drove to talkeetna gett...,True,False
indulge,indulge,尽情享受 / 犒劳自己,Unclassified,3,3,"review_389ef05347a1156d41434876 :: We decided to splurge during our visit to Kauai and booked a private flight on Wings Over Kauai's Cessna 172.  It was a bit more expensive than the group flight on the Caravan, but...",False,False
joking,joking,开玩笑的,Unclassified,3,3,"review_423900e8c6f71dee36ddccef :: Weather forecast wasn´t so good, but finaly - excelent weather for such a amazing experince. So nice - to start from lowland and slowly fly closer and higher to Denali summit acros...",True,True
marvelously,marvelously,奇妙极其出色地,Unclassified,3,3,"review_101f174eb4cfd0a4e16a1f3a :: Fabulous would be a one-word description. As a resident of this area I have explored much of the wonders that exist here and am always amazed, but nothing I have done compared to t...",True,False
overjoyed,overjoyed,欣喜若狂的,Joy,3,3,"review_8bc91ab41a9ca49ce95dc25c :: I was overjoyed by this seaplane experience!  Breathtaking views, some of the prettiest scenery I have ever seen.  Our pilot, Shane, was very engaging and informative.  The landing...",True,True
peacefully,peacefully,宁静和平地,Unclassified,3,3,"review_9f9111190c4a6d851371d2f7 :: We want to express our appreciation to Chip Sonn, our K2 pilot for our fantastic late afternoon/evening flight excursion while recently visiting Talkeetna, Alaska.  As part of our ...",False,True
sympathy,sympathy,同情 / 体谅,Sympathy,3,3,"review_f630d22ae67bb1aea6cde23c :: Steve was great captain. We had 9 passenger. Didn’t have to pay extra $15 for window seat. If you end up going into larger flight you will be asked if you want to. 
Ps. Thank you S...",True,True
remorse,remorse,懊悔 / 悔恨,Regret / Guilt,3,3,"review_be756d082c9857ee2d7f2a8b :: Had a blast! Eric was great and friendly, we had an awesome time flying over Volcanoes National Park and taking a pit stop in Hilo for lunch. 10/10 would definitely recommend! I’ve...",True,True
rickety,rickety,摇摇欲坠的,Unclassified,3,3,review_7610caa1138d8b33b74c4e88 :: Each seat had excellent views of the Grand Canyon. Taking the whole scene in by air is maybe the best way to understand the size and majesty of the canyon. The crew was professiona...,True,False
scaring,scare,使人害怕恐惧的,Fear,3,3,"review_274015d30b5b852508a42740 :: I took my wife on an Alaskan Cruise to celebrate her Big 5-0.  We've been on several cruises before, but this was hands down the best ever!  We took a helicopter out to the Mendenh...",False,True
securely,securely,安全平稳地,Unclassified,3,3,"review_168aab1a1f0b80f2400963aa :: This was a spectacular flight! We had a sunny day and Denali was out in all it's glory.
Our pilot Stan started off with all the safety features and then after we were securely in o...",False,True
sickening,sickening,令人作呕恶心的,Disgust,3,3,review_9cc699fcb8b3d3fab878cc9f :: I'm conflicted as to how to review Westwind as we had two different planes for our group of 16 family and friends (ages ranging from 25 - 60) who had completely different experienc...,True,True
spoilt,spoilt,被破坏败兴的,Unclassified,3,3,"review_38726fbf15fea6ee0b2055ab :: First of all book with another airline ,there's lots.We booked our trip through the web and were told to meet at the sunshine sign outside the tourist information centre in Ketchik...",False,False
uneasiness,uneasiness,不安 / 忐忑感,Anxiety,3,3,review_3e78e4ee92bd76c4cb21392e :: There were 8 of us on the plane. We all had window seats so great viewing. They provide an automated narration via headphones which is interesting  and informative. We were a group...,True,True
unsettled,unsettled,心神不宁忐忑的,Uneasiness / Anxiety,3,3,"review_afef78fc89e72cc13bcb4c60 :: When we arrived in Ketchikan on Tuesday, June 23, 2015, it was a beautiful day so we decided to book a seaplane excursion of the Misty Fjords.  We ended up at Taquan Air and everyo...",True,True
happiness,happiness,幸福快乐感,Unclassified,3,3,"review_c71a138c1f37c7f15dbbb3a4 :: My husband and i booked our Connoisseur tour to go to the Grand Canyon South on the 19th and below is are overall experience:
Pros: 
- Beautiful views as promised 
- Very friendly ...",True,True
harrowing,harrowing,令人触目惊心惊恐的,Fear / Dread,3,3,review_9cc699fcb8b3d3fab878cc9f :: I'm conflicted as to how to review Westwind as we had two different planes for our group of 16 family and friends (ages ranging from 25 - 60) who had completely different experienc...,True,False
curiosity,curiosity,好奇心 / 探索欲,Unclassified,3,3,"review_52347e1e494c72afee91a465 :: My cousin told us that the very best use of our money in Alaska would be on a scenic flight around Mt. McKinley. Even though they are expensive, she told us they are worth every pe...",True,False
guilty,guilty,内疚内疚感,Guilt,3,3,review_a3f8d14b3c831abdc1614668 :: With a young family we found our options for aerial tours was limited as most helicopter tours would not take a child under 2 years.  While we didn't take our young child on the to...,True,True
carefree,carefree,无忧无虑自在的,Unclassified,3,3,"review_85a9ee4e779f9e90667b94cd :: It was a very easy and carefree experience. We’ve been on another helicopter tour, in Kauai, and it was far more complicated....",False,True
ecstasy,ecstasy,狂喜 / 极乐状态,Intense Joy,3,3,review_84a78a9d4bfb31d92af294ad :: I can't say enough positive things about this amazing experience. It was worth every penny and then some. Will(bur?) was an excellent pilot and a downright excellent human. He was ...,True,True
aggressively,aggressively,挑衅攻击地 / 极其恶劣地,Unclassified,3,3,review_9cc699fcb8b3d3fab878cc9f :: I'm conflicted as to how to review Westwind as we had two different planes for our group of 16 family and friends (ages ranging from 25 - 60) who had completely different experienc...,False,True
ambivalent,ambivalent,矛盾复杂心理的,Mixed Emotion,3,3,"review_4a582265ded51274209a4ffc :: The Denali flightseeing adventure was oustanding. Beautiful day, 10 passenger plane, smooth flight, great pilot and the most unbelievable views of the mountain and glaciers. In 40 ...",False,True
apprehensions,apprehension,顾虑 / 忧虑不安,Anxiety / Fear,3,3,"review_9502735c5977685b4e9511be :: Nice way to see beautiful Kauai. Glad we chose these guys, the whole team was great. We will recommend this to our friends.

Our pilot, Josh was amazing. Friendly, experienced and ...",False,True
aprehensive,apprehensive,感到忧虑不安的（错别字变体）,Anxiety / Fear,3,3,"review_fd2e1ec4090146c614767640 :: I don't like to fly in small planes or helicopters (fear of heights!) - but this was awesome! Bruce gave us a special glimpse of the beautiful Kauai, and his information and commen...",False,False
astonished,astonished,感到十分惊异惊叹的,Amazement / Surprise,3,3,"review_103f4440d6a6486ab6782f17 :: Taquan is situated across the channel from the Ketchikan Airport, a 5 minute ride on the ferry. With wheeled luggage an easy hop from the terminal. No taxi required. I showed up an...",False,True
beneficial,beneficial,有益的 / 有帮助的,Unclassified,3,3,"review_9f823d87ce664378d2eacee2 :: When we arrived, Bruce greeted my family warmly, got us oriented to what was going to happen on our Sky Van flight and even helped me track down a parking spot for my vehicle.  Our...",True,True
candid,candid,坦率真诚的,Unclassified,3,3,review_73f14a3f53218184c4bbe8c9 :: We had the most amazing time with Eric today. Not only did we get to fly over the islands of Maui and Hawaii but we saw the craters from an amazing perspective in the air. We could...,True,False
astounded,astounded,感到十分震惊震撼的,Amazement,3,3,"review_539ab35db100ef8bcf0f37b8 :: I'm older (60s) my friend is OLDER (72) and yet we really wanted to go--K2 has great staff, so kind and helpful in many ways. The biggest part of the trip is in the plane looking o...",False,True
cheer,cheer,振奋 / 欢呼,Unclassified,3,3,review_50087c058cc38daa21b82926 :: We took this flight combined with “The Original Grand Canyon Jeep and Safari Tour.”  No words can appropriately describe this awe inspiring experience.  At one time I found myself ...,True,True
deaf,deaf,听而不闻冷漠的（fell on deaf ears）,Unclassified,3,3,review_1a1601cda603ad2706af1666 :: I know this goes against the other reviews but our trip was marred by a lack of commentary either by the pilot or the pre recorded...I mentioned it to the pilot but it fell on deaf...,True,False
dreaming,dreaming,梦寐以求 / 心驰神往,Unclassified,3,3,"review_66a4fcc5850ed47eb61fb160 :: Booked 4 on the Grand Denali flight. The weather was great, and the views were unbelievable. Our pilot, Sean, did a great job of making sure everyone got a good view and told us lo...",False,False
compassion,compassion,同理心 / 关切,Compassion,3,3,"review_ff7695c5a050f9db720f89a9 :: This company at least needs to train there employees to have some compassion or emotion for a helicopter ride that needs to be cancelled because of the weather (high winds).  Yes, ...",True,True
disappointingly,disappointed,令人失望地,Disappointment,3,3,"review_6634ed598f094be637deaf3a :: Boat ride was disappointingly short, especially considering the trek down to the dock.  Should have been at least 30 minutes.  We also spent A LOT of time standing in lines.  There...",False,True
dissatisfied,dissatisfied,感到不满意的,Disappointment / Dissatisfaction,3,3,review_0feea62cebd439414c25d6fc :: My wife and I decided to spend Valentine’s Day in Sedona and booked an air tour of the Grand Canyon. I booked it over the phone with Lindsey whom seems to be the manager. She lead ...,False,True
dazzled,dazzled,目眩神迷震撼的,Amazement / Awe,3,3,review_61a9d3d1fdbcd064bf4345ca :: We had an amazing Denali experience with Matt as our wonderful pilot!  Staff at the facility were very helpful and friendly making sure we knew what to do prior to boarding aircraf...,False,False
daunting,daunting,令人望而生畏胆怯的,Fear / Anxiety,3,3,"review_b7f01c12e058877205debe1a :: This was a great experience from start to finish, starting with quick responses to initial enquiries, preflight contacts and information, safety briefing and the engagement of an e...",False,False
compassionate,compassionate,富有同理心体贴的,Compassion,3,3,review_a485c5e820c7e55c86de9a0b :: We decided on a whim to do a plane tour of Maui. WOW did we pick the right guy. The plane was as smooth as the operator. Absolutely flawless. We have done a ton of things so far on...,True,True
humility,humility,谦逊贴心,Unclassified,2,1,"review_d1dfcb69be6315d42fc6e8f8 :: DISCLAIMER: I’m a tour professional living and working here in Alaska and not compensated in any way for this review. I do it because these operators are my FELLOW ALASKANS. 

Ther...",True,False
threaten,threaten,受到威胁/令人不安的,Unclassified,2,2,"review_ce23c1ddd00fe162177658fe :: To be fair, I want to say upfront that this review focuses not only on the provider but also on Trip Advisor (based on the comments of the owner/vendor that Trip Advisor is horribl...",True,True
suffering,suffering,受苦受难不适,Unclassified,2,2,review_90e8ef5965fc9ab5018a2dde :: Great group of people but may be suffering from their own success. The operation appears top notch like others I have reviewed. But they seem to lack the ability to easily manage t...,True,True
squeamish,squeamish,胆怯恶心体质易受惊的,Unclassified,2,2,review_be8faf48d8d937ed7f366e98 :: K2 Aviation is a super friendly and well-run organization. Views were amazing. So glad my teenage kids got to really see a glacier for what it is. We'd talked about them so much on...,True,False
rigid,rigid,刻板不近人情的,Unclassified,2,2,review_4e12b4a1176793651a28a048 :: My husband and I visited Alaska for my first time in early August.  We knew we wanted to experience a fly over Denali National Park.  After researching the various tour operators o...,True,True
pumped,pumped,兴奋激动的 / 跃跃欲试,Unclassified,2,2,review_1dd85bf8878c66fc279b0b60 :: We travelled from Scotland to the USA to ride down the famous Route 66. One of my most anticipated stops was to see the Grand Canyon. But it was also one of my most dreaded... perh...,False,False
positively,positively,积极正面地,Unclassified,2,2,review_536e18c70c45f6079ab4ba5b :: Trip was amazing Eric was wonderful positively wonderful take this trip. We love this this is a must do on your trip to Hawaii you say everything....,False,True
offensive,offensive,冒犯的 / 令人不适的,Unclassified,2,2,review_942191570bc6c27e6f1ef0b4 :: My experience was awful. The pilot literally ignored every sentence I had spoken and pretended like we were invisible. He was only friendly to another family that were on the plane...,True,True
primo,primo,一流的 / 顶级的,Unclassified,2,1,"review_50ad674985c5646672bc62e8 :: We dealt directly wit Taquan Air by email to book this rather than through our ship. Much cheaper and really easy to do, they are really easy to deal with directly and are happy to...",False,False
favourable,favourable,有利的 / 良好的,Unclassified,2,2,"review_088122d77a9ff92ab3462c97 :: This was the highlight of my 4 day trip to Kauai. Everyone we dealt with at the company were lovely ,even advising us to change our flight from 24 Nov to 25 Nov as they believed th...",False,False
desperate,desperate,感到绝望迫切的,Unclassified,2,2,review_348b4aff02fdf2a7c1edf068 :: We had a once in a lifetime experience on Westwind's Signature Grand Canyon South and Ground Tour. I have a terrible fear of flying but I was desperate to be able to do this tour. ...,True,True
darling,darling,可爱的 / 亲切的,Unclassified,2,2,review_d69b109ba203e4a6c76abb27 :: The Grand Canyon National Park is 18 miles wide and one mile deep and one of the 7 Natural Wonders of The World! I brought my 15 yr old granddaughter on the Canyon Dream trip with ...,True,True
compliant,compliant,顺从的 / 合规安心的,Unclassified,2,2,"review_c110ea1b9e7e9c3f31748a8c :: As we had hoped, this was the highlight of our entire trip, but you need some advance knowledge and preparation.  Read the cancellation policy closely when you book—no refunds for ...",True,False
clever,clever,聪明睿智的,Unclassified,2,2,review_bb3a9cb8ec67e136fcaefc32 :: Had a great time! Cool vintage plane! Perfect amount of time and narration. Oren was a clever guide. Highly recommend. Our teenager loved it....,True,True
bothering,bothering,打扰令人烦心的,Unclassified,2,2,review_681de2d4792f314e3d00d90a :: My husband and I were in Kauai for our honeymoon and we were on the fence about doing an aerial tour.  We opted for the airplane tour with Air Ventures over a helicopter because it...,True,True
animated,animated,生动的 / 活力充沛的,Unclassified,2,2,"review_9a6426dc1c3d9f04489aec57 :: We chose this company to do a flightseeing tour of Denali with glacier 
landing. They were very professsional, prompt in their responses when arranging the tour. I had no doubts as...",True,False
agreeable,agreeable,宜人的 / 令人满意的,Unclassified,2,2,review_e260da5ed867253b4fc60778 :: We flew with Kim from Redtail up to the launch point for our Green river rafting trip. This particular morning was quite challenging in terms of the weather conditions and the extr...,True,True
exhausting,exhausting,令人筋疲力尽的,Fatigue / Exhaustion,2,2,review_8405aa4c5aaa1a8476e0746a :: We took the Grand canyon Airlines scenic tours from the Papillon Helicopter rides.  We opted for the all day airplane ride vs the helicopter as we wanted to be able to walk around ...,False,True
shady,shady,可疑不诚信的,Unclassified,1,1,"review_54ae5b5d8364deffe47809c6 :: My husband and children (18,19) had a great time on this trip!  The early morning plane ride was terrific, and as we had read before, it’s best to sit on the left side of the plane...",True,False
quell,quell,镇定 / 平息（恐惧）,Unclassified,1,1,"review_f5388b1e976e59c78115bdce :: We came for a flight seeing tour of Denali but due to weather weren’t able to fly that day. I wish I had known to check my email on the morning of the trip, it would have saved me ...",True,False
racist,racist,种族歧视的,Unclassified,1,1,review_585fd4de71474864f99ab2f5 :: I had taken a family summer trip for a half hour seaplane with lake landing. The pilot had a terrible and rude attitude and was not willing to provide any conversation. He seemed t...,False,True
regrettably,regrettably,遗憾地 / 抱歉,Unclassified,1,1,"review_aa76425694a5e2a07140dc28 :: We were scheduled to fly over Denali, but weather did not cooperate and pilots had to regrettably cancel flights.  The folks at K2 were very apologetic and understood our disappoin...",False,True
reward,reward,赏心悦目的奖赏体验,Unclassified,1,1,"review_62065bd2615e8936538e71b3 :: You cannot go wrong snagging a flight to the Alaska Mountain Range and Denali up close. While it seems like a scary thing to do, I felt safe 100% of the time. The reward was the cl...",True,True
wasbeautiful,wasbeautiful,美丽动人的（美感）,Unclassified,1,1,"review_e2dc2a31bed85af6df3536af :: We took the Page to Monument Valley, with Ground Tour in October. It was a lovely sunny day. Started from Page airport, which is very small, easy to find, and very informal. There ...",False,False
truthful,truthful,真实可信的,Unclassified,1,1,review_f32161287cbdcd87c87a048a :: Heads up for people booking with K2.  They are eager to book (W/ Glacier Landing) any one of 4 Denali flightseeing trips.  The problem is when you get there (in our case after a 2 ...,True,True
ungodly,ungodly,糟糕恶劣的,Unclassified,1,1,"review_53ff5143a41d862350d136a5 :: Having booked a week in Las Vegas over the 4th July weekend, one of our top priorities was to get to see the Grand Canyon. We originally planned on hiring a car and driving there, ...",True,False
unwell,unwell,身体不适的,Unclassified,1,1,"review_ced58d8c691f443c16cbfe37 :: It was beautiful, couldn't see Denali but tried. The pilot was very knowledgeable about glaciers. Some of it was so technical I couldn't follow along but it was really neat. I get ...",True,False
immeasurable,immeasurable,无法估量的 / 极致的,Unclassified,1,1,"review_83fe4d7e7dc015a14d52be74 :: The entire experience was beyond our wildest expectations.  Stan, the pilot, and the K2 office staff were very kind and helpful.  The flight scenery is hard to convey with words......",False,False
whelmed,whelmed,被深深震撼淹没的,Unclassified,1,1,review_73ea364d5cf3ab4aeb05cc52 :: Only negative in th whole trip was the back 2 seats. It was very cramped for me. But the views over whelmed the tight squeeze...,False,False
worthful,worthful,物有所值的,Unclassified,1,1,"review_49d6bd5b0908e91752ac4a6c :: Flying over the Denali National Park and landing on the glacier close to highest mountain of North America is definitely a lifetime experience.

The trip is very expensive but wort...",False,False
miraculously,miraculously,奇迹般地,Unclassified,1,1,review_f32161287cbdcd87c87a048a :: Heads up for people booking with K2.  They are eager to book (W/ Glacier Landing) any one of 4 Denali flightseeing trips.  The problem is when you get there (in our case after a 2 ...,False,False
grumpy,grumpy,脾气暴躁的 / 不悦的,Unclassified,1,1,"review_0007fe1c2b3216a8645c4245 :: After being in Alaska for about a week, we were really looking forward to our float plane ride - as we had already seen so many fly by.  We had an absolutely perfect day for flying...",True,False
hostile,hostile,敌意的 / 恶劣的,Unclassified,1,1,"review_4899b603a9d2f1beb416a798 :: This company does not deliver pleasant experiences.

This company makes guest violently ill and then act aggressively toward the guest in a hostile manner causing the guest to beco...",True,True
hazardous,hazardous,危险的 / 有隐患的,Unclassified,1,1,review_5bc1dd064ce1bf7325638ddb :: A party of 4 of us took the Grand Voyager tour in June 2008. The cost for 4 people being nearly $1300. You would expect with that sort of price that your tour would be organise pro...,True,False
harsh,harsh,严酷恶劣的,Unclassified,1,1,"review_123bf9f58334923a62ba4371 :: We love this air charter tour company and have taken their tours several times while on Kauai. Most of Kauai is not viewable because of the terrain, so seeing the island by air is ...",False,True
grandest,grandest,最宏大的 / 极其壮丽的,Unclassified,1,1,"review_f1afb11c14a20df3c0e654e1 :: All I can say is GO. And K2 is the company to GO with.
That's our experience. And what an experience it was...

If you have the means and the wherewithall to
afford this trip, it i...",False,True
gloom,gloom,阴郁忧伤,Sadness / Gloom,1,1,"review_11c9d80933dfc6ee6d645364 :: After poor weather cancelled our flight the first day, we were pleasantly surprised to get to fly the following morning.  Weather on the mountain was stunning, especially compared ...",True,True
flaky,flaky,不靠谱的 / 经常取消的,Unclassified,1,1,"review_07a4d180b1c3927f6d90e08e :: Booked direct, over two months in advance. With only a couple hours to go before our flight they tell us it's cancelled, since not enough people signed up for the time slot. They o...",False,False
disrespectful,disrespectful,无礼的 / 冒犯的,Unclassified,1,1,"review_cbe4d099bc688920d0a3a2b9 :: My two sisters and I planned a lovely, activity filled Christmas in Kauai. We picked this company for our air tour because of the great reviews. Although the flight was nice (Marcu...",True,False
dismay,dismay,感到沮丧吃惊,Disappointment / Distress,1,1,review_b3611bb117be728e25d5ddec :: We had booked the 11 am tour online even before we reached Kauai. We called ahead and the person who answered told us we could come by 10:45 am or so. We reached round about then o...,True,True
decency,decency,礼貌体面 / 服务缺乏礼貌体面,Unclassified,1,1,"review_af08902c4c1b7326756e9e93 :: In a nutshell, the views of Mckinley were stunning however the pilot, a gentleman from Pennsylvania, exhibited the height of rudeness. And no, I'm not misunderstood. He was blatant...",True,False
bluntly,bluntly,直言不讳地,Unclassified,1,1,"review_23cf34800c98795a842db371 :: So I bought 4 Groupons at $75 for our family (a total of $300) when we visited Miami in June 2012. The booking process was very easy. They answered the phone promptly, had our Grou...",False,False
bluest,bluest,最湛蓝的（极致景色）,Unclassified,1,1,"review_a0e5554c9ea393f975ce70db :: Eric, my son, Tina his wife, and I were happy that we had added a Talkeetna Air Taxi flight that included a glacier landing to our itinerary. That flight was awesome to Mt. Denali,...",False,False
askance,askance,怀疑斜视地（不信任）,Unclassified,1,1,"review_cbe4d099bc688920d0a3a2b9 :: My two sisters and I planned a lovely, activity filled Christmas in Kauai. We picked this company for our air tour because of the great reviews. Although the flight was nice (Marcu...",False,False
zing,zing,刺激快感,Unclassified,1,1,"review_1e0c948582ed23b06a40f486 :: So glad i decided to do this tour at the last minute ! It was A-MA-ZING !!! The pilot was awesome ! Friendly staff :)  Highly recommend when in Talkeetna. 
Bucketlist checked :)...",False,False
