word,canonical_lemma,frequency_21215,chinese_translation,post_rescued_category_id,post_rescued_category_name,rescued_nrc_emotion,lemma_transformation_mapping,strict_raw_category_id,strict_raw_category_name
great,great,11541,非常棒的 / 极好的,1a,1a. Post-Rescued NRC Covered: Directly Mapped to NRC 8-Emotions (286 Words),Joy (喜悦),Direct Exact Match: great (Joy (喜悦)),2. Class 2 Colloquial,Class 2: Colloquial Superlatives & Base Terms (128 Words)
amazing,amazing,6251,极其震撼赞叹的 / 太棒了,1a,1a. Post-Rescued NRC Covered: Directly Mapped to NRC 8-Emotions (286 Words),Joy (喜悦),Direct Exact Match: amazing (Joy (喜悦)),2. Class 2 Colloquial,Class 2: Colloquial Superlatives & Base Terms (128 Words)
beautiful,beautiful,3485,美丽绝伦的,1a,1a. Post-Rescued NRC Covered: Directly Mapped to NRC 8-Emotions (286 Words),Joy (喜悦),Direct Exact Match: beautiful (Joy (喜悦)),0. Direct NRC,Direct NRC Included (358 Words)
best,best,3420,最棒的 / 顶级的,1a,1a. Post-Rescued NRC Covered: Directly Mapped to NRC 8-Emotions (286 Words),Joy (喜悦),Direct Exact Match: best (Joy (喜悦)),2. Class 2 Colloquial,Class 2: Colloquial Superlatives & Base Terms (128 Words)
friendly,friendly,3416,友好的 / 亲切的,1a,1a. Post-Rescued NRC Covered: Directly Mapped to NRC 8-Emotions (286 Words),Joy (喜悦),Direct Exact Match: friendly (Joy (喜悦)),0. Direct NRC,Direct NRC Included (358 Words)
worth,worth,2799,物有所值的 / 绝对值得的,1a,1a. Post-Rescued NRC Covered: Directly Mapped to NRC 8-Emotions (286 Words),Positive Polarity Only (仅正向),Direct Exact Match: worth (Positive Polarity Only (仅正向)),0. Direct NRC,Direct NRC Included (358 Words)
wonderful,wonderful,2677,精彩美妙的,1a,1a. Post-Rescued NRC Covered: Directly Mapped to NRC 8-Emotions (286 Words),Joy (喜悦),Direct Exact Match: wonderful (Joy (喜悦)),0. Direct NRC,Direct NRC Included (358 Words)
good,good,2635,良好的 / 棒的（服务与体验）,1a,1a. Post-Rescued NRC Covered: Directly Mapped to NRC 8-Emotions (286 Words),Joy (喜悦),Direct Exact Match: good (Joy (喜悦)),0. Direct NRC,Direct NRC Included (358 Words)
awesome,awesome,2530,太棒了 / 极为赞叹的,1a,1a. Post-Rescued NRC Covered: Directly Mapped to NRC 8-Emotions (286 Words),Joy (喜悦),Direct Exact Match: awesome (Joy (喜悦)),2. Class 2 Colloquial,Class 2: Colloquial Superlatives & Base Terms (128 Words)
excellent,excellent,2284,卓越极佳的 / 顶级的,1a,1a. Post-Rescued NRC Covered: Directly Mapped to NRC 8-Emotions (286 Words),Joy (喜悦),Direct Exact Match: excellent (Joy (喜悦)),0. Direct NRC,Direct NRC Included (358 Words)
fantastic,fantastic,2026,奇妙太棒的,1a,1a. Post-Rescued NRC Covered: Directly Mapped to NRC 8-Emotions (286 Words),Joy (喜悦),Direct Exact Match: fantastic (Joy (喜悦)),2. Class 2 Colloquial,Class 2: Colloquial Superlatives & Base Terms (128 Words)
nice,nice,1794,美好的 / 良好的,1a,1a. Post-Rescued NRC Covered: Directly Mapped to NRC 8-Emotions (286 Words),Joy (喜悦),Direct Exact Match: nice (Joy (喜悦)),2. Class 2 Colloquial,Class 2: Colloquial Superlatives & Base Terms (128 Words)
fun,fun,1729,乐趣十足的 / 充满乐趣的,1a,1a. Post-Rescued NRC Covered: Directly Mapped to NRC 8-Emotions (286 Words),Joy (喜悦),Direct Exact Match: fun (Joy (喜悦)),0. Direct NRC,Direct NRC Included (358 Words)
spectacular,spectacular,1616,壮观震撼的（高空景观）,1a,1a. Post-Rescued NRC Covered: Directly Mapped to NRC 8-Emotions (286 Words),Surprise (惊喜),Direct Exact Match: spectacular (Surprise (惊喜)),0. Direct NRC,Direct NRC Included (358 Words)
incredible,incredible,1612,难以置信震撼的,1a,1a. Post-Rescued NRC Covered: Directly Mapped to NRC 8-Emotions (286 Words),Joy (喜悦),Direct Exact Match: incredible (Joy (喜悦)),2. Class 2 Colloquial,Class 2: Colloquial Superlatives & Base Terms (128 Words)
better,better,1585,更好的 / 更满意的（超过预期）,1a,1a. Post-Rescued NRC Covered: Directly Mapped to NRC 8-Emotions (286 Words),Joy (喜悦),Direct Exact Match: better (Joy (喜悦)),2. Class 2 Colloquial,Class 2: Colloquial Superlatives & Base Terms (128 Words)
perfect,perfect,1474,完美的 / 无瑕的,1a,1a. Post-Rescued NRC Covered: Directly Mapped to NRC 8-Emotions (286 Words),Joy (喜悦),Direct Exact Match: perfect (Joy (喜悦)),0. Direct NRC,Direct NRC Included (358 Words)
loved,loved,1473,喜爱 / 热爱（体验）,1a,1a. Post-Rescued NRC Covered: Directly Mapped to NRC 8-Emotions (286 Words),Joy (喜悦),Direct Exact Match: loved (Joy (喜悦)),2. Class 2 Colloquial,Class 2: Colloquial Superlatives & Base Terms (128 Words)
comfortable,comfortable,1446,舒适的 / 安心的,1a,1a. Post-Rescued NRC Covered: Directly Mapped to NRC 8-Emotions (286 Words),Joy (喜悦),Direct Exact Match: comfortable (Joy (喜悦)),2. Class 2 Colloquial,Class 2: Colloquial Superlatives & Base Terms (128 Words)
breathtaking,breathtaking,1346,令人屏息震撼的,1a,1a. Post-Rescued NRC Covered: Directly Mapped to NRC 8-Emotions (286 Words),Joy (喜悦),Direct Exact Match: breathtaking (Joy (喜悦)),3. Class 3 Domain,Class 3: Low-Altitude Domain Lexicon (17 Words) ⭐
helpful,helpful,1157,热心有帮助的 / 周到解说,1a,1a. Post-Rescued NRC Covered: Directly Mapped to NRC 8-Emotions (286 Words),Joy (喜悦),Direct Exact Match: helpful (Joy (喜悦)),0. Direct NRC,Direct NRC Included (358 Words)
glad,glad,897,感到高兴放心的,1a,1a. Post-Rescued NRC Covered: Directly Mapped to NRC 8-Emotions (286 Words),Joy (喜悦),Direct Exact Match: glad (Joy (喜悦)),0. Direct NRC,Direct NRC Included (358 Words)
interesting,interesting,886,引人入胜的 / 趣味盎然的,1a,1a. Post-Rescued NRC Covered: Directly Mapped to NRC 8-Emotions (286 Words),Positive Polarity Only (仅正向),Direct Exact Match: interesting (Positive Polarity Only (仅正向)),0. Direct NRC,Direct NRC Included (358 Words)
cool,cool,652,酷的 / 爽快的,1a,1a. Post-Rescued NRC Covered: Directly Mapped to NRC 8-Emotions (286 Words),Positive Polarity Only (仅正向),Direct Exact Match: cool (Positive Polarity Only (仅正向)),0. Direct NRC,Direct NRC Included (358 Words)
special,special,631,特别的 / 珍贵的,1a,1a. Post-Rescued NRC Covered: Directly Mapped to NRC 8-Emotions (286 Words),Joy (喜悦),Direct Exact Match: special (Joy (喜悦)),0. Direct NRC,Direct NRC Included (358 Words)
lucky,lucky,607,感到幸运的,1a,1a. Post-Rescued NRC Covered: Directly Mapped to NRC 8-Emotions (286 Words),Joy (喜悦),Direct Exact Match: lucky (Joy (喜悦)),0. Direct NRC,Direct NRC Included (358 Words)
kind,kind,587,亲切的 / 友善的,1a,1a. Post-Rescued NRC Covered: Directly Mapped to NRC 8-Emotions (286 Words),Joy (喜悦),Direct Exact Match: kind (Joy (喜悦)),0. Direct NRC,Direct NRC Included (358 Words)
memorable,memorable,580,令人终生难忘的,1a,1a. Post-Rescued NRC Covered: Directly Mapped to NRC 8-Emotions (286 Words),Joy (喜悦),Direct Exact Match: memorable (Joy (喜悦)),0. Direct NRC,Direct NRC Included (358 Words)
happy,happy,555,高兴的 / 快乐的,1a,1a. Post-Rescued NRC Covered: Directly Mapped to NRC 8-Emotions (286 Words),Joy (喜悦),Direct Exact Match: happy (Joy (喜悦)),0. Direct NRC,Direct NRC Included (358 Words)
stunning,stunning,552,令人目眩震撼的,1a,1a. Post-Rescued NRC Covered: Directly Mapped to NRC 8-Emotions (286 Words),Joy (喜悦),Direct Exact Match: stunning (Joy (喜悦)),3. Class 3 Domain,Class 3: Low-Altitude Domain Lexicon (17 Words) ⭐
nervous,nervous,513,紧张的 / 焦虑不安的,1a,1a. Post-Rescued NRC Covered: Directly Mapped to NRC 8-Emotions (286 Words),Fear (恐惧),Direct Exact Match: nervous (Fear (恐惧)),0. Direct NRC,Direct NRC Included (358 Words)
fabulous,fabulous,508,绝妙的 / 极好的,1a,1a. Post-Rescued NRC Covered: Directly Mapped to NRC 8-Emotions (286 Words),Joy (喜悦),Direct Exact Match: fabulous (Joy (喜悦)),2. Class 2 Colloquial,Class 2: Colloquial Superlatives & Base Terms (128 Words)
disappointed,disappointed,488,感到失望的 / 遗憾的,1a,1a. Post-Rescued NRC Covered: Directly Mapped to NRC 8-Emotions (286 Words),Sadness (悲伤),Direct Exact Match: disappointed (Sadness (悲伤)),0. Direct NRC,Direct NRC Included (358 Words)
outstanding,outstanding,462,杰出出色的,1a,1a. Post-Rescued NRC Covered: Directly Mapped to NRC 8-Emotions (286 Words),Joy (喜悦),Direct Exact Match: outstanding (Joy (喜悦)),0. Direct NRC,Direct NRC Included (358 Words)
enjoyable,enjoyable,460,令人愉快的 / 趣味盎然的,1a,1a. Post-Rescued NRC Covered: Directly Mapped to NRC 8-Emotions (286 Words),Joy (喜悦),Direct Exact Match: enjoyable (Joy (喜悦)),2. Class 2 Colloquial,Class 2: Colloquial Superlatives & Base Terms (128 Words)
unforgettable,unforgettable,459,令人难忘的 / 铭心的,1a,1a. Post-Rescued NRC Covered: Directly Mapped to NRC 8-Emotions (286 Words),Joy (喜悦),Direct Exact Match: unforgettable (Joy (喜悦)),2. Class 2 Colloquial,Class 2: Colloquial Superlatives & Base Terms (128 Words)
love,love,450,喜爱 / 极度热爱的,1a,1a. Post-Rescued NRC Covered: Directly Mapped to NRC 8-Emotions (286 Words),Joy (喜悦),Direct Exact Match: love (Joy (喜悦)),0. Direct NRC,Direct NRC Included (358 Words)
unique,unique,435,独一无二的 / 独特的,1a,1a. Post-Rescued NRC Covered: Directly Mapped to NRC 8-Emotions (286 Words),Surprise (惊喜),Direct Exact Match: unique (Surprise (惊喜)),0. Direct NRC,Direct NRC Included (358 Words)
gorgeous,gorgeous,414,极其漂亮的 / 绚丽的,1a,1a. Post-Rescued NRC Covered: Directly Mapped to NRC 8-Emotions (286 Words),Joy (喜悦),Direct Exact Match: gorgeous (Joy (喜悦)),0. Direct NRC,Direct NRC Included (358 Words)
scenic,scenic,400,风景优美的 / 宜人的,1a,1a. Post-Rescued NRC Covered: Directly Mapped to NRC 8-Emotions (286 Words),Joy (喜悦),Direct Exact Match: scenic (Joy (喜悦)),3. Class 3 Domain,Class 3: Low-Altitude Domain Lexicon (17 Words) ⭐
bad,bad,373,糟糕的 / 坏的,1a,1a. Post-Rescued NRC Covered: Directly Mapped to NRC 8-Emotions (286 Words),Fear (恐惧),Direct Exact Match: bad (Fear (恐惧)),0. Direct NRC,Direct NRC Included (358 Words)
exciting,exciting,324,令人兴奋刺激的,1a,1a. Post-Rescued NRC Covered: Directly Mapped to NRC 8-Emotions (286 Words),Joy (喜悦),Direct Exact Match: exciting (Joy (喜悦)),0. Direct NRC,Direct NRC Included (358 Words)
incredibly,incredibly,315,难以置信地 / 极其,1a,1a. Post-Rescued NRC Covered: Directly Mapped to NRC 8-Emotions (286 Words),Joy (喜悦),Direct Exact Match: incredibly (Joy (喜悦)),2. Class 2 Colloquial,Class 2: Colloquial Superlatives & Base Terms (128 Words)
pleasant,pleasant,306,令人愉快的 / 宜人的,1a,1a. Post-Rescued NRC Covered: Directly Mapped to NRC 8-Emotions (286 Words),Joy (喜悦),Direct Exact Match: pleasant (Joy (喜悦)),0. Direct NRC,Direct NRC Included (358 Words)
awe,awe,304,敬畏 / 震撼,1a,1a. Post-Rescued NRC Covered: Directly Mapped to NRC 8-Emotions (286 Words),Joy (喜悦),Direct Exact Match: awe (Joy (喜悦)),3. Class 3 Domain,Class 3: Low-Altitude Domain Lexicon (17 Words) ⭐
unbelievable,unbelievable,302,难以置信的 / 震撼的,1a,1a. Post-Rescued NRC Covered: Directly Mapped to NRC 8-Emotions (286 Words),Negative Polarity Only (仅负向),Direct Exact Match: unbelievable (Negative Polarity Only (仅负向)),0. Direct NRC,Direct NRC Included (358 Words)
funny,funny,301,幽默风趣的,1a,1a. Post-Rescued NRC Covered: Directly Mapped to NRC 8-Emotions (286 Words),Joy (喜悦),Direct Exact Match: funny (Joy (喜悦)),2. Class 2 Colloquial,Class 2: Colloquial Superlatives & Base Terms (128 Words)
plenty,plenty,298,丰富的 / 充足的,1a,1a. Post-Rescued NRC Covered: Directly Mapped to NRC 8-Emotions (286 Words),Joy (喜悦),Direct Exact Match: plenty (Joy (喜悦)),2. Class 2 Colloquial,Class 2: Colloquial Superlatives & Base Terms (128 Words)
hard,hard,297,困难的 / 艰辛的,1a,1a. Post-Rescued NRC Covered: Directly Mapped to NRC 8-Emotions (286 Words),Joy (喜悦),Direct Exact Match: hard (Joy (喜悦)),2. Class 2 Colloquial,Class 2: Colloquial Superlatives & Base Terms (128 Words)
regret,regret,293,遗憾 / 后悔,1a,1a. Post-Rescued NRC Covered: Directly Mapped to NRC 8-Emotions (286 Words),Sadness (悲伤),Direct Exact Match: regret (Sadness (悲伤)),0. Direct NRC,Direct NRC Included (358 Words)
magnificent,magnificent,282,壮丽的 / 宏伟震撼的（Awe）,1a,1a. Post-Rescued NRC Covered: Directly Mapped to NRC 8-Emotions (286 Words),Joy (喜悦),Direct Exact Match: magnificent (Joy (喜悦)),0. Direct NRC,Direct NRC Included (358 Words)
exceptional,exceptional,276,卓越的 / 杰出的（顶级评价）,1a,1a. Post-Rescued NRC Covered: Directly Mapped to NRC 8-Emotions (286 Words),Joy (喜悦),Direct Exact Match: exceptional (Joy (喜悦)),2. Class 2 Colloquial,Class 2: Colloquial Superlatives & Base Terms (128 Words)
sick,sick,274,晕机的 / 身体不适的,1a,1a. Post-Rescued NRC Covered: Directly Mapped to NRC 8-Emotions (286 Words),Sadness (悲伤),Direct Exact Match: sick (Sadness (悲伤)),0. Direct NRC,Direct NRC Included (358 Words)
lovely,lovely,266,令人愉悦的 / 可爱的,1a,1a. Post-Rescued NRC Covered: Directly Mapped to NRC 8-Emotions (286 Words),Joy (喜悦),Direct Exact Match: lovely (Joy (喜悦)),0. Direct NRC,Direct NRC Included (358 Words)
terrific,terrific,260,极好的 / 太棒了,1a,1a. Post-Rescued NRC Covered: Directly Mapped to NRC 8-Emotions (286 Words),Sadness (悲伤),Direct Exact Match: terrific (Sadness (悲伤)),0. Direct NRC,Direct NRC Included (358 Words)
calm,calm,259,镇定 / 平息情绪的,1a,1a. Post-Rescued NRC Covered: Directly Mapped to NRC 8-Emotions (286 Words),Positive Polarity Only (仅正向),Direct Exact Match: calm (Positive Polarity Only (仅正向)),0. Direct NRC,Direct NRC Included (358 Words)
impressed,impressed,255,感到深深被折服/留下深刻印象,1a,1a. Post-Rescued NRC Covered: Directly Mapped to NRC 8-Emotions (286 Words),Joy (喜悦),Direct Exact Match: impressed (Joy (喜悦)),2. Class 2 Colloquial,Class 2: Colloquial Superlatives & Base Terms (128 Words)
unfortunately,unfortunately,240,不幸的是 / 遗憾的是,1a,1a. Post-Rescued NRC Covered: Directly Mapped to NRC 8-Emotions (286 Words),Joy (喜悦),Direct Exact Match: unfortunately (Joy (喜悦)),2. Class 2 Colloquial,Class 2: Colloquial Superlatives & Base Terms (128 Words)
fortunate,fortunate,235,幸运的 / 幸运地,1a,1a. Post-Rescued NRC Covered: Directly Mapped to NRC 8-Emotions (286 Words),Positive Polarity Only (仅正向),Direct Exact Match: fortunate (Positive Polarity Only (仅正向)),0. Direct NRC,Direct NRC Included (358 Words)
efficient,efficient,215,高效省心的,1a,1a. Post-Rescued NRC Covered: Directly Mapped to NRC 8-Emotions (286 Words),Trust (信任),Direct Exact Match: efficient (Trust (信任)),0. Direct NRC,Direct NRC Included (358 Words)
welcome,welcome,212,受欢迎的 / 感受温暖的,1a,1a. Post-Rescued NRC Covered: Directly Mapped to NRC 8-Emotions (286 Words),Joy (喜悦),Direct Exact Match: welcome (Joy (喜悦)),2. Class 2 Colloquial,Class 2: Colloquial Superlatives & Base Terms (128 Words)
entertaining,entertaining,210,引人入胜生动有趣的,1a,1a. Post-Rescued NRC Covered: Directly Mapped to NRC 8-Emotions (286 Words),Joy (喜悦),Direct Exact Match: entertaining (Joy (喜悦)),0. Direct NRC,Direct NRC Included (358 Words)
inspiring,inspiring,210,令人启发震慑的,1a,1a. Post-Rescued NRC Covered: Directly Mapped to NRC 8-Emotions (286 Words),Joy (喜悦),Direct Exact Match: inspiring (Joy (喜悦)),2. Class 2 Colloquial,Class 2: Colloquial Superlatives & Base Terms (128 Words)
cheaper,cheaper,208,更实惠的 / 较便宜的,1a,1a. Post-Rescued NRC Covered: Directly Mapped to NRC 8-Emotions (286 Words),Joy (喜悦),Direct Exact Match: cheaper (Joy (喜悦)),2. Class 2 Colloquial,Class 2: Colloquial Superlatives & Base Terms (128 Words)
phenomenal,phenomenal,200,现象级震撼的,1a,1a. Post-Rescued NRC Covered: Directly Mapped to NRC 8-Emotions (286 Words),Joy (喜悦),Direct Exact Match: phenomenal (Joy (喜悦)),2. Class 2 Colloquial,Class 2: Colloquial Superlatives & Base Terms (128 Words)
superb,superb,196,极好精湛的,1a,1a. Post-Rescued NRC Covered: Directly Mapped to NRC 8-Emotions (286 Words),Positive Polarity Only (仅正向),Direct Exact Match: superb (Positive Polarity Only (仅正向)),0. Direct NRC,Direct NRC Included (358 Words)
surprised,surprised,196,感到惊喜惊讶的,1a,1a. Post-Rescued NRC Covered: Directly Mapped to NRC 8-Emotions (286 Words),Surprise (惊喜),Direct Exact Match: surprised (Surprise (惊喜)),0. Direct NRC,Direct NRC Included (358 Words)
surprise,surprise,195,惊喜 / 意料之外的喜悦,1a,1a. Post-Rescued NRC Covered: Directly Mapped to NRC 8-Emotions (286 Words),Joy (喜悦),Direct Exact Match: surprise (Joy (喜悦)),0. Direct NRC,Direct NRC Included (358 Words)
fine,fine,190,良好的 / 优秀的,1a,1a. Post-Rescued NRC Covered: Directly Mapped to NRC 8-Emotions (286 Words),Joy (喜悦),Direct Exact Match: fine (Joy (喜悦)),2. Class 2 Colloquial,Class 2: Colloquial Superlatives & Base Terms (128 Words)
brilliant,brilliant,184,璀璨的 / 出色的,1a,1a. Post-Rescued NRC Covered: Directly Mapped to NRC 8-Emotions (286 Words),Joy (喜悦),Direct Exact Match: brilliant (Joy (喜悦)),0. Direct NRC,Direct NRC Included (358 Words)
forward,forward,183,期待（look forward）,1a,1a. Post-Rescued NRC Covered: Directly Mapped to NRC 8-Emotions (286 Words),Positive Polarity Only (仅正向),Direct Exact Match: forward (Positive Polarity Only (仅正向)),0. Direct NRC,Direct NRC Included (358 Words)
reasonable,reasonable,179,合理的 / 公道的,1a,1a. Post-Rescued NRC Covered: Directly Mapped to NRC 8-Emotions (286 Words),Joy (喜悦),Direct Exact Match: reasonable (Joy (喜悦)),2. Class 2 Colloquial,Class 2: Colloquial Superlatives & Base Terms (128 Words)
ready,ready,171,准备就绪的 / 心安的,1a,1a. Post-Rescued NRC Covered: Directly Mapped to NRC 8-Emotions (286 Words),Anticipation (期待),Direct Exact Match: ready (Anticipation (期待)),0. Direct NRC,Direct NRC Included (358 Words)
excited,excited,167,兴奋的 / 激动的,1a,1a. Post-Rescued NRC Covered: Directly Mapped to NRC 8-Emotions (286 Words),Joy (喜悦),Direct Exact Match: excited (Joy (喜悦)),0. Direct NRC,Direct NRC Included (358 Words)
majestic,majestic,165,雄伟的 / 壮丽的,1a,1a. Post-Rescued NRC Covered: Directly Mapped to NRC 8-Emotions (286 Words),Joy (喜悦),Direct Exact Match: majestic (Joy (喜悦)),0. Direct NRC,Direct NRC Included (358 Words)
competent,competent,163,称职的 / 有能力的,1a,1a. Post-Rescued NRC Covered: Directly Mapped to NRC 8-Emotions (286 Words),Trust (信任),Direct Exact Match: competent (Trust (信任)),0. Direct NRC,Direct NRC Included (358 Words)
quiet,quiet,161,宁静的 / 幽雅安静的,1a,1a. Post-Rescued NRC Covered: Directly Mapped to NRC 8-Emotions (286 Words),Sadness (悲伤),Direct Exact Match: quiet (Sadness (悲伤)),0. Direct NRC,Direct NRC Included (358 Words)
relaxed,relaxed,159,放松的 / 从容的,1a,1a. Post-Rescued NRC Covered: Directly Mapped to NRC 8-Emotions (286 Words),Joy (喜悦),Direct Exact Match: relaxed (Joy (喜悦)),2. Class 2 Colloquial,Class 2: Colloquial Superlatives & Base Terms (128 Words)
hope,hope,159,希望 / 期盼,1a,1a. Post-Rescued NRC Covered: Directly Mapped to NRC 8-Emotions (286 Words),Joy (喜悦),Direct Exact Match: hope (Joy (喜悦)),0. Direct NRC,Direct NRC Included (358 Words)
perfectly,perfectly,155,完美地 / 无可挑剔地,1a,1a. Post-Rescued NRC Covered: Directly Mapped to NRC 8-Emotions (286 Words),Joy (喜悦),Direct Exact Match: perfectly (Joy (喜悦)),2. Class 2 Colloquial,Class 2: Colloquial Superlatives & Base Terms (128 Words)
concerned,concern,155,感到担心的,1a,1a. Post-Rescued NRC Covered: Directly Mapped to NRC 8-Emotions (286 Words),Fear (恐惧),Morphological Mapping: concerned -> concern (Fear (恐惧)),0. Direct NRC,Direct NRC Included (358 Words)
interested,interested,153,感兴趣的 / 充满好奇的,1a,1a. Post-Rescued NRC Covered: Directly Mapped to NRC 8-Emotions (286 Words),Sadness (悲伤),Direct Exact Match: interested (Sadness (悲伤)),0. Direct NRC,Direct NRC Included (358 Words)
pleasure,pleasure,153,乐趣 / 愉悦,1a,1a. Post-Rescued NRC Covered: Directly Mapped to NRC 8-Emotions (286 Words),Joy (喜悦),Direct Exact Match: pleasure (Joy (喜悦)),2. Class 2 Colloquial,Class 2: Colloquial Superlatives & Base Terms (128 Words)
magical,magical,152,神奇的 / 魔幻般的,1a,1a. Post-Rescued NRC Covered: Directly Mapped to NRC 8-Emotions (286 Words),Joy (喜悦),Direct Exact Match: magical (Joy (喜悦)),0. Direct NRC,Direct NRC Included (358 Words)
afraid,afraid,150,害怕的 / 恐惧的,1a,1a. Post-Rescued NRC Covered: Directly Mapped to NRC 8-Emotions (286 Words),Fear (恐惧),Direct Exact Match: afraid (Fear (恐惧)),0. Direct NRC,Direct NRC Included (358 Words)
worried,worried,149,感到担心的,1a,1a. Post-Rescued NRC Covered: Directly Mapped to NRC 8-Emotions (286 Words),Sadness (悲伤),Direct Exact Match: worried (Sadness (悲伤)),0. Direct NRC,Direct NRC Included (358 Words)
scared,scared,144,感到恐惧害怕的,1a,1a. Post-Rescued NRC Covered: Directly Mapped to NRC 8-Emotions (286 Words),Joy (喜悦),Direct Exact Match: scared (Joy (喜悦)),2. Class 2 Colloquial,Class 2: Colloquial Superlatives & Base Terms (128 Words)
smoother,smoother,143,更平稳的 / 更顺畅的,1a,1a. Post-Rescued NRC Covered: Directly Mapped to NRC 8-Emotions (286 Words),Joy (喜悦),Direct Exact Match: smoother (Joy (喜悦)),2. Class 2 Colloquial,Class 2: Colloquial Superlatives & Base Terms (128 Words)
fully,fully,143,完全地 / 充分地,1a,1a. Post-Rescued NRC Covered: Directly Mapped to NRC 8-Emotions (286 Words),Trust (信任),Direct Exact Match: fully (Trust (信任)),0. Direct NRC,Direct NRC Included (358 Words)
wrong,wrong,137,出差错的 / 错误的（负面体验）,1a,1a. Post-Rescued NRC Covered: Directly Mapped to NRC 8-Emotions (286 Words),Negative Polarity Only (仅负向),Direct Exact Match: wrong (Negative Polarity Only (仅负向)),0. Direct NRC,Direct NRC Included (358 Words)
cheap,cheap,134,便宜的 / 廉价的,1a,1a. Post-Rescued NRC Covered: Directly Mapped to NRC 8-Emotions (286 Words),Negative Polarity Only (仅负向),Direct Exact Match: cheap (Negative Polarity Only (仅负向)),0. Direct NRC,Direct NRC Included (358 Words)
blessed,blessed,133,感到有福的 / 幸运的,1a,1a. Post-Rescued NRC Covered: Directly Mapped to NRC 8-Emotions (286 Words),Joy (喜悦),Direct Exact Match: blessed (Joy (喜悦)),0. Direct NRC,Direct NRC Included (358 Words)
pleased,pleased,132,感到满意的,1a,1a. Post-Rescued NRC Covered: Directly Mapped to NRC 8-Emotions (286 Words),Joy (喜悦),Direct Exact Match: pleased (Joy (喜悦)),0. Direct NRC,Direct NRC Included (358 Words)
safely,safely,132,安全平稳地,1a,1a. Post-Rescued NRC Covered: Directly Mapped to NRC 8-Emotions (286 Words),Joy (喜悦),Direct Exact Match: safely (Joy (喜悦)),2. Class 2 Colloquial,Class 2: Colloquial Superlatives & Base Terms (128 Words)
exactly,exactly,130,精准地 / 正是,1a,1a. Post-Rescued NRC Covered: Directly Mapped to NRC 8-Emotions (286 Words),Joy (喜悦),Direct Exact Match: exactly (Joy (喜悦)),2. Class 2 Colloquial,Class 2: Colloquial Superlatives & Base Terms (128 Words)
impressive,impressive,130,令人印象深刻的,1a,1a. Post-Rescued NRC Covered: Directly Mapped to NRC 8-Emotions (286 Words),Joy (喜悦),Direct Exact Match: impressive (Joy (喜悦)),2. Class 2 Colloquial,Class 2: Colloquial Superlatives & Base Terms (128 Words)
thrill,thrill,129,刺激 / 震慑感,1a,1a. Post-Rescued NRC Covered: Directly Mapped to NRC 8-Emotions (286 Words),Joy (喜悦),Direct Exact Match: thrill (Joy (喜悦)),0. Direct NRC,Direct NRC Included (358 Words)
thrilling,thrilling,126,令人惊险刺激酣畅的,1a,1a. Post-Rescued NRC Covered: Directly Mapped to NRC 8-Emotions (286 Words),Joy (喜悦),Direct Exact Match: thrilling (Joy (喜悦)),0. Direct NRC,Direct NRC Included (358 Words)
humor,humor,125,幽默感,1a,1a. Post-Rescued NRC Covered: Directly Mapped to NRC 8-Emotions (286 Words),Joy (喜悦),Direct Exact Match: humor (Joy (喜悦)),2. Class 2 Colloquial,Class 2: Colloquial Superlatives & Base Terms (128 Words)
dream,dream,124,梦寐以求的,1a,1a. Post-Rescued NRC Covered: Directly Mapped to NRC 8-Emotions (286 Words),Joy (喜悦),Direct Exact Match: dream (Joy (喜悦)),2. Class 2 Colloquial,Class 2: Colloquial Superlatives & Base Terms (128 Words)
sorry,sorry,123,感到抱歉遗憾的,1a,1a. Post-Rescued NRC Covered: Directly Mapped to NRC 8-Emotions (286 Words),Joy (喜悦),Direct Exact Match: sorry (Joy (喜悦)),2. Class 2 Colloquial,Class 2: Colloquial Superlatives & Base Terms (128 Words)
relaxing,relaxing,122,令人放松惬意的,1a,1a. Post-Rescued NRC Covered: Directly Mapped to NRC 8-Emotions (286 Words),Joy (喜悦),Direct Exact Match: relaxing (Joy (喜悦)),2. Class 2 Colloquial,Class 2: Colloquial Superlatives & Base Terms (128 Words)
comfort,comfort,121,舒适 / 宽慰安心,1a,1a. Post-Rescued NRC Covered: Directly Mapped to NRC 8-Emotions (286 Words),Joy (喜悦),Direct Exact Match: comfort (Joy (喜悦)),0. Direct NRC,Direct NRC Included (358 Words)
disappoint,disappoint,121,使失望,1a,1a. Post-Rescued NRC Covered: Directly Mapped to NRC 8-Emotions (286 Words),Sadness (悲伤),Direct Exact Match: disappoint (Sadness (悲伤)),0. Direct NRC,Direct NRC Included (358 Words)
wonder,wonder,121,惊奇 / 赞叹,1a,1a. Post-Rescued NRC Covered: Directly Mapped to NRC 8-Emotions (286 Words),Joy (喜悦),Direct Exact Match: wonder (Joy (喜悦)),2. Class 2 Colloquial,Class 2: Colloquial Superlatives & Base Terms (128 Words)
amazed,amazed,120,感到吃惊惊叹的,1a,1a. Post-Rescued NRC Covered: Directly Mapped to NRC 8-Emotions (286 Words),Joy (喜悦),Direct Exact Match: amazed (Joy (喜悦)),2. Class 2 Colloquial,Class 2: Colloquial Superlatives & Base Terms (128 Words)
fear,fear,120,恐惧 / 害怕,1a,1a. Post-Rescued NRC Covered: Directly Mapped to NRC 8-Emotions (286 Words),Fear (恐惧),Direct Exact Match: fear (Fear (恐惧)),0. Direct NRC,Direct NRC Included (358 Words)
unable,unable,114,无法的 / 无能为力的,1a,1a. Post-Rescued NRC Covered: Directly Mapped to NRC 8-Emotions (286 Words),Sadness (悲伤),Direct Exact Match: unable (Sadness (悲伤)),0. Direct NRC,Direct NRC Included (358 Words)
thrilled,thrilled,113,极度兴奋的,1a,1a. Post-Rescued NRC Covered: Directly Mapped to NRC 8-Emotions (286 Words),Joy (喜悦),Direct Exact Match: thrilled (Joy (喜悦)),2. Class 2 Colloquial,Class 2: Colloquial Superlatives & Base Terms (128 Words)
confidence,confidence,112,信心 / 确信,1a,1a. Post-Rescued NRC Covered: Directly Mapped to NRC 8-Emotions (286 Words),Joy (喜悦),Direct Exact Match: confidence (Joy (喜悦)),0. Direct NRC,Direct NRC Included (358 Words)
difficult,difficult,112,困难的 / 令人头疼的,1a,1a. Post-Rescued NRC Covered: Directly Mapped to NRC 8-Emotions (286 Words),Fear (恐惧),Direct Exact Match: difficult (Fear (恐惧)),0. Direct NRC,Direct NRC Included (358 Words)
expert,expert,112,专家级的 / 娴熟的,1a,1a. Post-Rescued NRC Covered: Directly Mapped to NRC 8-Emotions (286 Words),Trust (信任),Direct Exact Match: expert (Trust (信任)),0. Direct NRC,Direct NRC Included (358 Words)
honestly,honestly,111,老实说 / 真诚地,1a,1a. Post-Rescued NRC Covered: Directly Mapped to NRC 8-Emotions (286 Words),Joy (喜悦),Direct Exact Match: honestly (Joy (喜悦)),2. Class 2 Colloquial,Class 2: Colloquial Superlatives & Base Terms (128 Words)
confident,confident,109,自信的 / 确信的,1a,1a. Post-Rescued NRC Covered: Directly Mapped to NRC 8-Emotions (286 Words),Joy (喜悦),Direct Exact Match: confident (Joy (喜悦)),0. Direct NRC,Direct NRC Included (358 Words)
willing,willing,108,乐意的 / 愿意的,1a,1a. Post-Rescued NRC Covered: Directly Mapped to NRC 8-Emotions (286 Words),Joy (喜悦),Direct Exact Match: willing (Joy (喜悦)),2. Class 2 Colloquial,Class 2: Colloquial Superlatives & Base Terms (128 Words)
worry,worry,106,担心 / 忧虑感,1a,1a. Post-Rescued NRC Covered: Directly Mapped to NRC 8-Emotions (286 Words),Fear (恐惧),Direct Exact Match: worry (Fear (恐惧)),0. Direct NRC,Direct NRC Included (358 Words)
smoothest,smoothest,105,最平稳的,1a,1a. Post-Rescued NRC Covered: Directly Mapped to NRC 8-Emotions (286 Words),Joy (喜悦),Direct Exact Match: smoothest (Joy (喜悦)),2. Class 2 Colloquial,Class 2: Colloquial Superlatives & Base Terms (128 Words)
positive,positive,101,积极正面的,1a,1a. Post-Rescued NRC Covered: Directly Mapped to NRC 8-Emotions (286 Words),Joy (喜悦),Direct Exact Match: positive (Joy (喜悦)),2. Class 2 Colloquial,Class 2: Colloquial Superlatives & Base Terms (128 Words)
surreal,surreal,98,超现实的 / 梦幻般的,1a,1a. Post-Rescued NRC Covered: Directly Mapped to NRC 8-Emotions (286 Words),Joy (喜悦),Direct Exact Match: surreal (Joy (喜悦)),3. Class 3 Domain,Class 3: Low-Altitude Domain Lexicon (17 Words) ⭐
reassuring,reassuring,97,令人安心放心的,1a,1a. Post-Rescued NRC Covered: Directly Mapped to NRC 8-Emotions (286 Words),Joy (喜悦),Direct Exact Match: reassuring (Joy (喜悦)),2. Class 2 Colloquial,Class 2: Colloquial Superlatives & Base Terms (128 Words)
sweet,sweet,97,甜蜜的 / 甜美的,1a,1a. Post-Rescued NRC Covered: Directly Mapped to NRC 8-Emotions (286 Words),Joy (喜悦),Direct Exact Match: sweet (Joy (喜悦)),0. Direct NRC,Direct NRC Included (358 Words)
concern,concern,96,担忧 / 关切（焦虑感）,1a,1a. Post-Rescued NRC Covered: Directly Mapped to NRC 8-Emotions (286 Words),Joy (喜悦),Direct Exact Match: concern (Joy (喜悦)),2. Class 2 Colloquial,Class 2: Colloquial Superlatives & Base Terms (128 Words)
luckily,luckily,96,幸运地 / 幸亏,1a,1a. Post-Rescued NRC Covered: Directly Mapped to NRC 8-Emotions (286 Words),Joy (喜悦),Direct Exact Match: luckily (Joy (喜悦)),2. Class 2 Colloquial,Class 2: Colloquial Superlatives & Base Terms (128 Words)
poor,poor,95,贫乏的 / 差劲的,1a,1a. Post-Rescued NRC Covered: Directly Mapped to NRC 8-Emotions (286 Words),Joy (喜悦),Direct Exact Match: poor (Joy (喜悦)),2. Class 2 Colloquial,Class 2: Colloquial Superlatives & Base Terms (128 Words)
scary,scary,94,令人害怕的 / 吓人的,1a,1a. Post-Rescued NRC Covered: Directly Mapped to NRC 8-Emotions (286 Words),Joy (喜悦),Direct Exact Match: scary (Joy (喜悦)),2. Class 2 Colloquial,Class 2: Colloquial Superlatives & Base Terms (128 Words)
enthusiastic,enthusiastic,93,热情的 / 充满激情的,1a,1a. Post-Rescued NRC Covered: Directly Mapped to NRC 8-Emotions (286 Words),Joy (喜悦),Direct Exact Match: enthusiastic (Joy (喜悦)),2. Class 2 Colloquial,Class 2: Colloquial Superlatives & Base Terms (128 Words)
apprehensive,apprehensive,92,忧虑的 / 不安的,1a,1a. Post-Rescued NRC Covered: Directly Mapped to NRC 8-Emotions (286 Words),Fear (恐惧),Direct Exact Match: apprehensive (Fear (恐惧)),0. Direct NRC,Direct NRC Included (358 Words)
exhilarating,exhilarating,90,令人极为兴奋刺激的,1a,1a. Post-Rescued NRC Covered: Directly Mapped to NRC 8-Emotions (286 Words),Joy (喜悦),Direct Exact Match: exhilarating (Joy (喜悦)),2. Class 2 Colloquial,Class 2: Colloquial Superlatives & Base Terms (128 Words)
honest,honest,88,诚实的 / 坦诚的,1a,1a. Post-Rescued NRC Covered: Directly Mapped to NRC 8-Emotions (286 Words),Joy (喜悦),Direct Exact Match: honest (Joy (喜悦)),0. Direct NRC,Direct NRC Included (358 Words)
inaccessible,inaccessible,86,难以到达的 / 偏远秘境感,1a,1a. Post-Rescued NRC Covered: Directly Mapped to NRC 8-Emotions (286 Words),Negative Polarity Only (仅负向),Direct Exact Match: inaccessible (Negative Polarity Only (仅负向)),0. Direct NRC,Direct NRC Included (358 Words)
lucked,lucky,86,幸运地 (动词变体),1a,1a. Post-Rescued NRC Covered: Directly Mapped to NRC 8-Emotions (286 Words),Joy (喜悦),Morphological Mapping: lucked -> lucky (Joy (喜悦)),1. Class 1 Morphological,Class 1: Participle & Morphological Variance Gaps (127 Words)
rushed,rushed,85,仓促的 / 匆忙的,1a,1a. Post-Rescued NRC Covered: Directly Mapped to NRC 8-Emotions (286 Words),Joy (喜悦),Direct Exact Match: rushed (Joy (喜悦)),2. Class 2 Colloquial,Class 2: Colloquial Superlatives & Base Terms (128 Words)
capable,capable,84,有能力的 / 熟练精湛的,1a,1a. Post-Rescued NRC Covered: Directly Mapped to NRC 8-Emotions (286 Words),Joy (喜悦),Direct Exact Match: capable (Joy (喜悦)),2. Class 2 Colloquial,Class 2: Colloquial Superlatives & Base Terms (128 Words)
prone,prone,84,易患（晕机）的,1a,1a. Post-Rescued NRC Covered: Directly Mapped to NRC 8-Emotions (286 Words),Joy (喜悦),Direct Exact Match: prone (Joy (喜悦)),2. Class 2 Colloquial,Class 2: Colloquial Superlatives & Base Terms (128 Words)
simple,simple,84,简单明了的 / 省心的,1a,1a. Post-Rescued NRC Covered: Directly Mapped to NRC 8-Emotions (286 Words),Joy (喜悦),Direct Exact Match: simple (Joy (喜悦)),2. Class 2 Colloquial,Class 2: Colloquial Superlatives & Base Terms (128 Words)
wonders,wonder,83,惊奇 / 奇观,1a,1a. Post-Rescued NRC Covered: Directly Mapped to NRC 8-Emotions (286 Words),Joy (喜悦),Morphological Mapping: wonders -> wonder (Joy (喜悦)),2. Class 2 Colloquial,Class 2: Colloquial Superlatives & Base Terms (128 Words)
fascinating,fascinating,83,令人入迷极具吸引力的,1a,1a. Post-Rescued NRC Covered: Directly Mapped to NRC 8-Emotions (286 Words),Positive Polarity Only (仅正向),Direct Exact Match: fascinating (Positive Polarity Only (仅正向)),0. Direct NRC,Direct NRC Included (358 Words)
grateful,grateful,80,感激的 / 感恩的,1a,1a. Post-Rescued NRC Covered: Directly Mapped to NRC 8-Emotions (286 Words),Positive Polarity Only (仅正向),Direct Exact Match: grateful (Positive Polarity Only (仅正向)),0. Direct NRC,Direct NRC Included (358 Words)
delightful,delightful,80,令人欢欣的,1a,1a. Post-Rescued NRC Covered: Directly Mapped to NRC 8-Emotions (286 Words),Joy (喜悦),Direct Exact Match: delightful (Joy (喜悦)),0. Direct NRC,Direct NRC Included (358 Words)
advantage,advantage,78,优势 / 极佳点,1a,1a. Post-Rescued NRC Covered: Directly Mapped to NRC 8-Emotions (286 Words),Positive Polarity Only (仅正向),Direct Exact Match: advantage (Positive Polarity Only (仅正向)),0. Direct NRC,Direct NRC Included (358 Words)
assured,assured,78,安抚 / 确信,1a,1a. Post-Rescued NRC Covered: Directly Mapped to NRC 8-Emotions (286 Words),Trust (信任),Direct Exact Match: assured (Trust (信任)),0. Direct NRC,Direct NRC Included (358 Words)
famous,famous,77,著名的 / 享誉的,1a,1a. Post-Rescued NRC Covered: Directly Mapped to NRC 8-Emotions (286 Words),Positive Polarity Only (仅正向),Direct Exact Match: famous (Positive Polarity Only (仅正向)),0. Direct NRC,Direct NRC Included (358 Words)
pride,pride,77,自豪 / 骄傲,1a,1a. Post-Rescued NRC Covered: Directly Mapped to NRC 8-Emotions (286 Words),Joy (喜悦),Direct Exact Match: pride (Joy (喜悦)),0. Direct NRC,Direct NRC Included (358 Words)
safer,safer,77,更安全的 / 更安心的,1a,1a. Post-Rescued NRC Covered: Directly Mapped to NRC 8-Emotions (286 Words),Joy (喜悦),Direct Exact Match: safer (Joy (喜悦)),2. Class 2 Colloquial,Class 2: Colloquial Superlatives & Base Terms (128 Words)
neat,neat,76,整洁的 / 干练的,1a,1a. Post-Rescued NRC Covered: Directly Mapped to NRC 8-Emotions (286 Words),Joy (喜悦),Direct Exact Match: neat (Joy (喜悦)),2. Class 2 Colloquial,Class 2: Colloquial Superlatives & Base Terms (128 Words)
worthwhile,worthwhile,75,值得的 / 划算的,1a,1a. Post-Rescued NRC Covered: Directly Mapped to NRC 8-Emotions (286 Words),Joy (喜悦),Direct Exact Match: worthwhile (Joy (喜悦)),2. Class 2 Colloquial,Class 2: Colloquial Superlatives & Base Terms (128 Words)
coolest,coolest,75,最酷爽震撼的,1a,1a. Post-Rescued NRC Covered: Directly Mapped to NRC 8-Emotions (286 Words),Joy (喜悦),Direct Exact Match: coolest (Joy (喜悦)),2. Class 2 Colloquial,Class 2: Colloquial Superlatives & Base Terms (128 Words)
stable,stable,75,平稳安心的,1a,1a. Post-Rescued NRC Covered: Directly Mapped to NRC 8-Emotions (286 Words),Trust (信任),Direct Exact Match: stable (Trust (信任)),0. Direct NRC,Direct NRC Included (358 Words)
promptly,promptly,74,及时迅速地,1a,1a. Post-Rescued NRC Covered: Directly Mapped to NRC 8-Emotions (286 Words),Joy (喜悦),Direct Exact Match: promptly (Joy (喜悦)),2. Class 2 Colloquial,Class 2: Colloquial Superlatives & Base Terms (128 Words)
concerns,concerns,73,担忧 / 关切,1a,1a. Post-Rescued NRC Covered: Directly Mapped to NRC 8-Emotions (286 Words),Joy (喜悦),Direct Exact Match: concerns (Joy (喜悦)),2. Class 2 Colloquial,Class 2: Colloquial Superlatives & Base Terms (128 Words)
greatest,greatest,73,最伟大的 / 极佳的,1a,1a. Post-Rescued NRC Covered: Directly Mapped to NRC 8-Emotions (286 Words),Joy (喜悦),Direct Exact Match: greatest (Joy (喜悦)),2. Class 2 Colloquial,Class 2: Colloquial Superlatives & Base Terms (128 Words)
ideal,ideal,72,理想的 / 完美的,1a,1a. Post-Rescued NRC Covered: Directly Mapped to NRC 8-Emotions (286 Words),Joy (喜悦),Direct Exact Match: ideal (Joy (喜悦)),2. Class 2 Colloquial,Class 2: Colloquial Superlatives & Base Terms (128 Words)
peaceful,peaceful,72,平和宁静的,1a,1a. Post-Rescued NRC Covered: Directly Mapped to NRC 8-Emotions (286 Words),Joy (喜悦),Direct Exact Match: peaceful (Joy (喜悦)),0. Direct NRC,Direct NRC Included (358 Words)
understanding,understanding,70,体谅的 / 理解的,1a,1a. Post-Rescued NRC Covered: Directly Mapped to NRC 8-Emotions (286 Words),Trust (信任),Direct Exact Match: understanding (Trust (信任)),0. Direct NRC,Direct NRC Included (358 Words)
impossible,impossible,65,不可能的 / 难以置信的,1a,1a. Post-Rescued NRC Covered: Directly Mapped to NRC 8-Emotions (286 Words),Sadness (悲伤),Direct Exact Match: impossible (Sadness (悲伤)),0. Direct NRC,Direct NRC Included (358 Words)
tremendous,tremendous,64,震撼巨大的,1a,1a. Post-Rescued NRC Covered: Directly Mapped to NRC 8-Emotions (286 Words),Joy (喜悦),Direct Exact Match: tremendous (Joy (喜悦)),2. Class 2 Colloquial,Class 2: Colloquial Superlatives & Base Terms (128 Words)
passion,passion,64,热情 / 激情,1a,1a. Post-Rescued NRC Covered: Directly Mapped to NRC 8-Emotions (286 Words),Joy (喜悦),Direct Exact Match: passion (Joy (喜悦)),0. Direct NRC,Direct NRC Included (358 Words)
fears,fears,64,恐惧 / 忧虑,1a,1a. Post-Rescued NRC Covered: Directly Mapped to NRC 8-Emotions (286 Words),Joy (喜悦),Direct Exact Match: fears (Joy (喜悦)),2. Class 2 Colloquial,Class 2: Colloquial Superlatives & Base Terms (128 Words)
conscious,conscious,63,有意识的 / 讲究的,1a,1a. Post-Rescued NRC Covered: Directly Mapped to NRC 8-Emotions (286 Words),Joy (喜悦),Direct Exact Match: conscious (Joy (喜悦)),2. Class 2 Colloquial,Class 2: Colloquial Superlatives & Base Terms (128 Words)
pristine,pristine,62,原始纯净的,1a,1a. Post-Rescued NRC Covered: Directly Mapped to NRC 8-Emotions (286 Words),Positive Polarity Only (仅正向),Direct Exact Match: pristine (Positive Polarity Only (仅正向)),0. Direct NRC,Direct NRC Included (358 Words)
dramatic,dramatic,61,戏剧性的 / 震撼的,1a,1a. Post-Rescued NRC Covered: Directly Mapped to NRC 8-Emotions (286 Words),Joy (喜悦),Direct Exact Match: dramatic (Joy (喜悦)),2. Class 2 Colloquial,Class 2: Colloquial Superlatives & Base Terms (128 Words)
extraordinary,extraordinary,61,非凡的 / 卓越的,1a,1a. Post-Rescued NRC Covered: Directly Mapped to NRC 8-Emotions (286 Words),Positive Polarity Only (仅正向),Direct Exact Match: extraordinary (Positive Polarity Only (仅正向)),0. Direct NRC,Direct NRC Included (358 Words)
gracious,gracious,61,亲切和蔼的,1a,1a. Post-Rescued NRC Covered: Directly Mapped to NRC 8-Emotions (286 Words),Positive Polarity Only (仅正向),Direct Exact Match: gracious (Positive Polarity Only (仅正向)),0. Direct NRC,Direct NRC Included (358 Words)
moving,moving,61,令人动容感人的,1a,1a. Post-Rescued NRC Covered: Directly Mapped to NRC 8-Emotions (286 Words),Joy (喜悦),Direct Exact Match: moving (Joy (喜悦)),2. Class 2 Colloquial,Class 2: Colloquial Superlatives & Base Terms (128 Words)
passionate,passionate,61,充满激情的,1a,1a. Post-Rescued NRC Covered: Directly Mapped to NRC 8-Emotions (286 Words),Joy (喜悦),Direct Exact Match: passionate (Joy (喜悦)),0. Direct NRC,Direct NRC Included (358 Words)
considerate,considerate,60,体贴周到的,1a,1a. Post-Rescued NRC Covered: Directly Mapped to NRC 8-Emotions (286 Words),Trust (信任),Direct Exact Match: considerate (Trust (信任)),0. Direct NRC,Direct NRC Included (358 Words)
joy,joy,60,喜悦 / 快乐,1a,1a. Post-Rescued NRC Covered: Directly Mapped to NRC 8-Emotions (286 Words),Joy (喜悦),Direct Exact Match: joy (Joy (喜悦)),0. Direct NRC,Direct NRC Included (358 Words)
entertained,entertained,60,感到深受愉悦娱乐的,1a,1a. Post-Rescued NRC Covered: Directly Mapped to NRC 8-Emotions (286 Words),Joy (喜悦),Direct Exact Match: entertained (Joy (喜悦)),0. Direct NRC,Direct NRC Included (358 Words)
complimentary,complimentary,59,赞赏的 / 赠送贴心的,1a,1a. Post-Rescued NRC Covered: Directly Mapped to NRC 8-Emotions (286 Words),Joy (喜悦),Direct Exact Match: complimentary (Joy (喜悦)),2. Class 2 Colloquial,Class 2: Colloquial Superlatives & Base Terms (128 Words)
convenient,convenient,59,便捷省心的,1a,1a. Post-Rescued NRC Covered: Directly Mapped to NRC 8-Emotions (286 Words),Positive Polarity Only (仅正向),Direct Exact Match: convenient (Positive Polarity Only (仅正向)),0. Direct NRC,Direct NRC Included (358 Words)
excitement,excitement,59,兴奋 / 激动情绪,1a,1a. Post-Rescued NRC Covered: Directly Mapped to NRC 8-Emotions (286 Words),Joy (喜悦),Direct Exact Match: excitement (Joy (喜悦)),0. Direct NRC,Direct NRC Included (358 Words)
intimate,intimate,59,温馨亲切的,1a,1a. Post-Rescued NRC Covered: Directly Mapped to NRC 8-Emotions (286 Words),Joy (喜悦),Direct Exact Match: intimate (Joy (喜悦)),0. Direct NRC,Direct NRC Included (358 Words)
nerves,nerves,59,紧张感 / 不安神经,1a,1a. Post-Rescued NRC Covered: Directly Mapped to NRC 8-Emotions (286 Words),Joy (喜悦),Direct Exact Match: nerves (Joy (喜悦)),2. Class 2 Colloquial,Class 2: Colloquial Superlatives & Base Terms (128 Words)
unreal,unreal,59,如梦似幻的 / 震撼的,1a,1a. Post-Rescued NRC Covered: Directly Mapped to NRC 8-Emotions (286 Words),Joy (喜悦),Direct Exact Match: unreal (Joy (喜悦)),2. Class 2 Colloquial,Class 2: Colloquial Superlatives & Base Terms (128 Words)
flawless,flawless,58,无瑕的 / 完美的,1a,1a. Post-Rescued NRC Covered: Directly Mapped to NRC 8-Emotions (286 Words),Joy (喜悦),Direct Exact Match: flawless (Joy (喜悦)),2. Class 2 Colloquial,Class 2: Colloquial Superlatives & Base Terms (128 Words)
fortunately,fortunately,58,幸运的是,1a,1a. Post-Rescued NRC Covered: Directly Mapped to NRC 8-Emotions (286 Words),Joy (喜悦),Direct Exact Match: fortunately (Joy (喜悦)),2. Class 2 Colloquial,Class 2: Colloquial Superlatives & Base Terms (128 Words)
disappointing,disappointing,58,令人失望的,1a,1a. Post-Rescued NRC Covered: Directly Mapped to NRC 8-Emotions (286 Words),Sadness (悲伤),Direct Exact Match: disappointing (Sadness (悲伤)),0. Direct NRC,Direct NRC Included (358 Words)
lush,lush,57,郁郁葱葱宜人的,1a,1a. Post-Rescued NRC Covered: Directly Mapped to NRC 8-Emotions (286 Words),Sadness (悲伤),Direct Exact Match: lush (Sadness (悲伤)),0. Direct NRC,Direct NRC Included (358 Words)
negative,negative,57,负面体验 / 消极评价,1a,1a. Post-Rescued NRC Covered: Directly Mapped to NRC 8-Emotions (286 Words),Sadness (悲伤),Direct Exact Match: negative (Sadness (悲伤)),0. Direct NRC,Direct NRC Included (358 Words)
thankful,thankful,57,感激的 / 感恩的,1a,1a. Post-Rescued NRC Covered: Directly Mapped to NRC 8-Emotions (286 Words),Joy (喜悦),Direct Exact Match: thankful (Joy (喜悦)),0. Direct NRC,Direct NRC Included (358 Words)
thoughtful,thoughtful,57,贴心周到的,1a,1a. Post-Rescued NRC Covered: Directly Mapped to NRC 8-Emotions (286 Words),Trust (信任),Direct Exact Match: thoughtful (Trust (信任)),0. Direct NRC,Direct NRC Included (358 Words)
glorious,glorious,56,壮丽辉煌的,1a,1a. Post-Rescued NRC Covered: Directly Mapped to NRC 8-Emotions (286 Words),Joy (喜悦),Direct Exact Match: glorious (Joy (喜悦)),2. Class 2 Colloquial,Class 2: Colloquial Superlatives & Base Terms (128 Words)
uncomfortable,uncomfortable,56,感到不适的 / 不安的,1a,1a. Post-Rescued NRC Covered: Directly Mapped to NRC 8-Emotions (286 Words),Negative Polarity Only (仅负向),Direct Exact Match: uncomfortable (Negative Polarity Only (仅负向)),0. Direct NRC,Direct NRC Included (358 Words)
fair,fair,55,公道的 / 划算的,1a,1a. Post-Rescued NRC Covered: Directly Mapped to NRC 8-Emotions (286 Words),Positive Polarity Only (仅正向),Direct Exact Match: fair (Positive Polarity Only (仅正向)),0. Direct NRC,Direct NRC Included (358 Words)
noisy,noisy,55,喧闹吵杂的,1a,1a. Post-Rescued NRC Covered: Directly Mapped to NRC 8-Emotions (286 Words),Anger (愤怒),Direct Exact Match: noisy (Anger (愤怒)),0. Direct NRC,Direct NRC Included (358 Words)
remarkable,remarkable,54,卓越令人瞩目的,1a,1a. Post-Rescued NRC Covered: Directly Mapped to NRC 8-Emotions (286 Words),Joy (喜悦),Direct Exact Match: remarkable (Joy (喜悦)),0. Direct NRC,Direct NRC Included (358 Words)
genuine,genuine,54,真诚的 / 地道的,1a,1a. Post-Rescued NRC Covered: Directly Mapped to NRC 8-Emotions (286 Words),Trust (信任),Direct Exact Match: genuine (Trust (信任)),0. Direct NRC,Direct NRC Included (358 Words)
cherish,cherish,54,珍视 / 珍惜铭记,1a,1a. Post-Rescued NRC Covered: Directly Mapped to NRC 8-Emotions (286 Words),Joy (喜悦),Direct Exact Match: cherish (Joy (喜悦)),0. Direct NRC,Direct NRC Included (358 Words)
caring,caring,53,体贴入微关怀的,1a,1a. Post-Rescued NRC Covered: Directly Mapped to NRC 8-Emotions (286 Words),Joy (喜悦),Direct Exact Match: caring (Joy (喜悦)),2. Class 2 Colloquial,Class 2: Colloquial Superlatives & Base Terms (128 Words)
appreciation,appreciation,52,感激 / 欣赏,1a,1a. Post-Rescued NRC Covered: Directly Mapped to NRC 8-Emotions (286 Words),Joy (喜悦),Direct Exact Match: appreciation (Joy (喜悦)),0. Direct NRC,Direct NRC Included (358 Words)
enthusiasm,enthusiasm,52,热情 / 积极性,1a,1a. Post-Rescued NRC Covered: Directly Mapped to NRC 8-Emotions (286 Words),Joy (喜悦),Direct Exact Match: enthusiasm (Joy (喜悦)),0. Direct NRC,Direct NRC Included (358 Words)
gentle,gentle,52,平稳柔和的,1a,1a. Post-Rescued NRC Covered: Directly Mapped to NRC 8-Emotions (286 Words),Joy (喜悦),Direct Exact Match: gentle (Joy (喜悦)),2. Class 2 Colloquial,Class 2: Colloquial Superlatives & Base Terms (128 Words)
strong,strong,52,强烈的,1a,1a. Post-Rescued NRC Covered: Directly Mapped to NRC 8-Emotions (286 Words),Joy (喜悦),Direct Exact Match: strong (Joy (喜悦)),2. Class 2 Colloquial,Class 2: Colloquial Superlatives & Base Terms (128 Words)
trouble,trouble,52,麻烦 / 困扰,1a,1a. Post-Rescued NRC Covered: Directly Mapped to NRC 8-Emotions (286 Words),Joy (喜悦),Direct Exact Match: trouble (Joy (喜悦)),2. Class 2 Colloquial,Class 2: Colloquial Superlatives & Base Terms (128 Words)
disappointment,disappointment,51,失望 / 遗憾失落情绪,1a,1a. Post-Rescued NRC Covered: Directly Mapped to NRC 8-Emotions (286 Words),Sadness (悲伤),Direct Exact Match: disappointment (Sadness (悲伤)),0. Direct NRC,Direct NRC Included (358 Words)
nicer,nicer,51,更美好/更亲切的,1a,1a. Post-Rescued NRC Covered: Directly Mapped to NRC 8-Emotions (286 Words),Joy (喜悦),Direct Exact Match: nicer (Joy (喜悦)),2. Class 2 Colloquial,Class 2: Colloquial Superlatives & Base Terms (128 Words)
hoping,hoping,50,期盼 / 希望,1a,1a. Post-Rescued NRC Covered: Directly Mapped to NRC 8-Emotions (286 Words),Joy (喜悦),Direct Exact Match: hoping (Joy (喜悦)),2. Class 2 Colloquial,Class 2: Colloquial Superlatives & Base Terms (128 Words)
happier,happier,50,更快乐的 / 更满意的,1a,1a. Post-Rescued NRC Covered: Directly Mapped to NRC 8-Emotions (286 Words),Joy (喜悦),Direct Exact Match: happier (Joy (喜悦)),2. Class 2 Colloquial,Class 2: Colloquial Superlatives & Base Terms (128 Words)
queasy,queasy,49,恶心反胃的,1a,1a. Post-Rescued NRC Covered: Directly Mapped to NRC 8-Emotions (286 Words),Joy (喜悦),Direct Exact Match: queasy (Joy (喜悦)),2. Class 2 Colloquial,Class 2: Colloquial Superlatives & Base Terms (128 Words)
seamless,seamless,49,流畅无缝无摩擦的,1a,1a. Post-Rescued NRC Covered: Directly Mapped to NRC 8-Emotions (286 Words),Joy (喜悦),Direct Exact Match: seamless (Joy (喜悦)),2. Class 2 Colloquial,Class 2: Colloquial Superlatives & Base Terms (128 Words)
satisfied,satisfied,49,感到满意的,1a,1a. Post-Rescued NRC Covered: Directly Mapped to NRC 8-Emotions (286 Words),Joy (喜悦),Direct Exact Match: satisfied (Joy (喜悦)),0. Direct NRC,Direct NRC Included (358 Words)
delight,delight,48,欣喜 / 愉快,1a,1a. Post-Rescued NRC Covered: Directly Mapped to NRC 8-Emotions (286 Words),Joy (喜悦),Direct Exact Match: delight (Joy (喜悦)),0. Direct NRC,Direct NRC Included (358 Words)
genuinely,genuinely,48,真诚地 / 确实,1a,1a. Post-Rescued NRC Covered: Directly Mapped to NRC 8-Emotions (286 Words),Joy (喜悦),Direct Exact Match: genuinely (Joy (喜悦)),2. Class 2 Colloquial,Class 2: Colloquial Superlatives & Base Terms (128 Words)
steady,steady,48,平稳的 / 稳健的,1a,1a. Post-Rescued NRC Covered: Directly Mapped to NRC 8-Emotions (286 Words),Trust (信任),Direct Exact Match: steady (Trust (信任)),0. Direct NRC,Direct NRC Included (358 Words)
terrible,terrible,46,可怕的 / 糟糕的,1a,1a. Post-Rescued NRC Covered: Directly Mapped to NRC 8-Emotions (286 Words),Fear (恐惧),Direct Exact Match: terrible (Fear (恐惧)),0. Direct NRC,Direct NRC Included (358 Words)
warmly,warmly,46,温暖地 / 热情地,1a,1a. Post-Rescued NRC Covered: Directly Mapped to NRC 8-Emotions (286 Words),Joy (喜悦),Direct Exact Match: warmly (Joy (喜悦)),2. Class 2 Colloquial,Class 2: Colloquial Superlatives & Base Terms (128 Words)
unexpected,unexpected,46,意想不到的惊喜,1a,1a. Post-Rescued NRC Covered: Directly Mapped to NRC 8-Emotions (286 Words),Joy (喜悦),Direct Exact Match: unexpected (Joy (喜悦)),0. Direct NRC,Direct NRC Included (358 Words)
sensitive,sensitive,46,敏感的,1a,1a. Post-Rescued NRC Covered: Directly Mapped to NRC 8-Emotions (286 Words),Joy (喜悦),Direct Exact Match: sensitive (Joy (喜悦)),2. Class 2 Colloquial,Class 2: Colloquial Superlatives & Base Terms (128 Words)
easier,easier,46,更容易的 / 更省心的,1a,1a. Post-Rescued NRC Covered: Directly Mapped to NRC 8-Emotions (286 Words),Joy (喜悦),Direct Exact Match: easier (Joy (喜悦)),2. Class 2 Colloquial,Class 2: Colloquial Superlatives & Base Terms (128 Words)
decent,decent,45,尚可的 / 体面的,1a,1a. Post-Rescued NRC Covered: Directly Mapped to NRC 8-Emotions (286 Words),Positive Polarity Only (仅正向),Direct Exact Match: decent (Positive Polarity Only (仅正向)),0. Direct NRC,Direct NRC Included (358 Words)
friendliness,friendliness,45,友善 / 亲和力,1a,1a. Post-Rescued NRC Covered: Directly Mapped to NRC 8-Emotions (286 Words),Joy (喜悦),Direct Exact Match: friendliness (Joy (喜悦)),0. Direct NRC,Direct NRC Included (358 Words)
loud,loud,45,吵闹的 / 噪音大的,1a,1a. Post-Rescued NRC Covered: Directly Mapped to NRC 8-Emotions (286 Words),Joy (喜悦),Direct Exact Match: loud (Joy (喜悦)),2. Class 2 Colloquial,Class 2: Colloquial Superlatives & Base Terms (128 Words)
relax,relax,45,放松 / 放轻松,1a,1a. Post-Rescued NRC Covered: Directly Mapped to NRC 8-Emotions (286 Words),Joy (喜悦),Direct Exact Match: relax (Joy (喜悦)),2. Class 2 Colloquial,Class 2: Colloquial Superlatives & Base Terms (128 Words)
terrified,terrified,45,极度惊恐的,1a,1a. Post-Rescued NRC Covered: Directly Mapped to NRC 8-Emotions (286 Words),Joy (喜悦),Direct Exact Match: terrified (Joy (喜悦)),2. Class 2 Colloquial,Class 2: Colloquial Superlatives & Base Terms (128 Words)
encouraged,encouraged,44,深受鼓舞的,1a,1a. Post-Rescued NRC Covered: Directly Mapped to NRC 8-Emotions (286 Words),Joy (喜悦),Direct Exact Match: encouraged (Joy (喜悦)),2. Class 2 Colloquial,Class 2: Colloquial Superlatives & Base Terms (128 Words)
happily,happily,44,快乐地 / 欣然,1a,1a. Post-Rescued NRC Covered: Directly Mapped to NRC 8-Emotions (286 Words),Joy (喜悦),Direct Exact Match: happily (Joy (喜悦)),0. Direct NRC,Direct NRC Included (358 Words)
quieter,quieter,44,更安静宁静的,1a,1a. Post-Rescued NRC Covered: Directly Mapped to NRC 8-Emotions (286 Words),Joy (喜悦),Direct Exact Match: quieter (Joy (喜悦)),2. Class 2 Colloquial,Class 2: Colloquial Superlatives & Base Terms (128 Words)
beautifully,beautifully,43,优美地 / 出色地,1a,1a. Post-Rescued NRC Covered: Directly Mapped to NRC 8-Emotions (286 Words),Joy (喜悦),Direct Exact Match: beautifully (Joy (喜悦)),2. Class 2 Colloquial,Class 2: Colloquial Superlatives & Base Terms (128 Words)
calming,calming,42,令人平息平稳安心的（Calmness State）,1a,1a. Post-Rescued NRC Covered: Directly Mapped to NRC 8-Emotions (286 Words),Joy (喜悦),Direct Exact Match: calming (Joy (喜悦)),2. Class 2 Colloquial,Class 2: Colloquial Superlatives & Base Terms (128 Words)
adventurous,adventurous,41,充满冒险刺激感的,1a,1a. Post-Rescued NRC Covered: Directly Mapped to NRC 8-Emotions (286 Words),Positive Polarity Only (仅正向),Direct Exact Match: adventurous (Positive Polarity Only (仅正向)),0. Direct NRC,Direct NRC Included (358 Words)
charming,charming,40,迷人讨喜的,1a,1a. Post-Rescued NRC Covered: Directly Mapped to NRC 8-Emotions (286 Words),Positive Polarity Only (仅正向),Direct Exact Match: charming (Positive Polarity Only (仅正向)),0. Direct NRC,Direct NRC Included (358 Words)
responsive,responsive,40,积极回应的 / 贴心的,1a,1a. Post-Rescued NRC Covered: Directly Mapped to NRC 8-Emotions (286 Words),Trust (信任),Direct Exact Match: responsive (Trust (信任)),0. Direct NRC,Direct NRC Included (358 Words)
touched,touched,40,深受感动的,1a,1a. Post-Rescued NRC Covered: Directly Mapped to NRC 8-Emotions (286 Words),Negative Polarity Only (仅负向),Direct Exact Match: touched (Negative Polarity Only (仅负向)),0. Direct NRC,Direct NRC Included (358 Words)
nicest,nicest,39,最美好的 / 最亲切的,1a,1a. Post-Rescued NRC Covered: Directly Mapped to NRC 8-Emotions (286 Words),Joy (喜悦),Direct Exact Match: nicest (Joy (喜悦)),2. Class 2 Colloquial,Class 2: Colloquial Superlatives & Base Terms (128 Words)
unsafe,unsafe,39,感觉不安全的 / 担惊受怕的,1a,1a. Post-Rescued NRC Covered: Directly Mapped to NRC 8-Emotions (286 Words),Fear (恐惧),Direct Exact Match: unsafe (Fear (恐惧)),0. Direct NRC,Direct NRC Included (358 Words)
worst,worst,39,最糟糕的,1a,1a. Post-Rescued NRC Covered: Directly Mapped to NRC 8-Emotions (286 Words),Joy (喜悦),Direct Exact Match: worst (Joy (喜悦)),2. Class 2 Colloquial,Class 2: Colloquial Superlatives & Base Terms (128 Words)
handle,handle,39,善于处理 / 掌控感,1a,1a. Post-Rescued NRC Covered: Directly Mapped to NRC 8-Emotions (286 Words),Joy (喜悦),Direct Exact Match: handle (Joy (喜悦)),2. Class 2 Colloquial,Class 2: Colloquial Superlatives & Base Terms (128 Words)
enjoyment,enjoyment,39,乐趣 / 享受,1a,1a. Post-Rescued NRC Covered: Directly Mapped to NRC 8-Emotions (286 Words),Joy (喜悦),Direct Exact Match: enjoyment (Joy (喜悦)),2. Class 2 Colloquial,Class 2: Colloquial Superlatives & Base Terms (128 Words)
greater,greater,38,更宏大震撼的,1a,1a. Post-Rescued NRC Covered: Directly Mapped to NRC 8-Emotions (286 Words),Positive Polarity Only (仅正向),Direct Exact Match: greater (Positive Polarity Only (仅正向)),0. Direct NRC,Direct NRC Included (358 Words)
hospitable,hospitable,38,殷勤好客的,1a,1a. Post-Rescued NRC Covered: Directly Mapped to NRC 8-Emotions (286 Words),Joy (喜悦),Direct Exact Match: hospitable (Joy (喜悦)),2. Class 2 Colloquial,Class 2: Colloquial Superlatives & Base Terms (128 Words)
pleasantly,pleasantly,38,令人愉快地,1a,1a. Post-Rescued NRC Covered: Directly Mapped to NRC 8-Emotions (286 Words),Joy (喜悦),Direct Exact Match: pleasantly (Joy (喜悦)),2. Class 2 Colloquial,Class 2: Colloquial Superlatives & Base Terms (128 Words)
stress,stress,38,压力 / 紧张感,1a,1a. Post-Rescued NRC Covered: Directly Mapped to NRC 8-Emotions (286 Words),Negative Polarity Only (仅负向),Direct Exact Match: stress (Negative Polarity Only (仅负向)),0. Direct NRC,Direct NRC Included (358 Words)
wonderfully,wonderfully,38,极其出色绝妙地,1a,1a. Post-Rescued NRC Covered: Directly Mapped to NRC 8-Emotions (286 Words),Joy (喜悦),Direct Exact Match: wonderfully (Joy (喜悦)),0. Direct NRC,Direct NRC Included (358 Words)
worries,worry,38,担忧 / 挂虑,1a,1a. Post-Rescued NRC Covered: Directly Mapped to NRC 8-Emotions (286 Words),Fear (恐惧),Morphological Mapping: worries -> worry (Fear (恐惧)),1. Class 1 Morphological,Class 1: Participle & Morphological Variance Gaps (127 Words)
hopefully,hopefully,37,怀着希望地,1a,1a. Post-Rescued NRC Covered: Directly Mapped to NRC 8-Emotions (286 Words),Joy (喜悦),Direct Exact Match: hopefully (Joy (喜悦)),2. Class 2 Colloquial,Class 2: Colloquial Superlatives & Base Terms (128 Words)
nicely,nicely,37,很好地 / 优雅地,1a,1a. Post-Rescued NRC Covered: Directly Mapped to NRC 8-Emotions (286 Words),Joy (喜悦),Direct Exact Match: nicely (Joy (喜悦)),2. Class 2 Colloquial,Class 2: Colloquial Superlatives & Base Terms (128 Words)
cared,cared,37,得到无微不至关怀的,1a,1a. Post-Rescued NRC Covered: Directly Mapped to NRC 8-Emotions (286 Words),Joy (喜悦),Direct Exact Match: cared (Joy (喜悦)),2. Class 2 Colloquial,Class 2: Colloquial Superlatives & Base Terms (128 Words)
delicious,delicious,37,美味愉悦的,1a,1a. Post-Rescued NRC Covered: Directly Mapped to NRC 8-Emotions (286 Words),Joy (喜悦),Direct Exact Match: delicious (Joy (喜悦)),0. Direct NRC,Direct NRC Included (358 Words)
nauseous,nauseous,36,恶心晕车的,1a,1a. Post-Rescued NRC Covered: Directly Mapped to NRC 8-Emotions (286 Words),Sadness (悲伤),Direct Exact Match: nauseous (Sadness (悲伤)),0. Direct NRC,Direct NRC Included (358 Words)
reliable,reliable,36,可靠的 / 可信赖的,1a,1a. Post-Rescued NRC Covered: Directly Mapped to NRC 8-Emotions (286 Words),Trust (信任),Direct Exact Match: reliable (Trust (信任)),0. Direct NRC,Direct NRC Included (358 Words)
marvelous,marvelous,36,绝妙的 / 令人惊叹的,1a,1a. Post-Rescued NRC Covered: Directly Mapped to NRC 8-Emotions (286 Words),Joy (喜悦),Direct Exact Match: marvelous (Joy (喜悦)),0. Direct NRC,Direct NRC Included (358 Words)
humour,humour,35,幽默感,1a,1a. Post-Rescued NRC Covered: Directly Mapped to NRC 8-Emotions (286 Words),Joy (喜悦),Direct Exact Match: humour (Joy (喜悦)),2. Class 2 Colloquial,Class 2: Colloquial Superlatives & Base Terms (128 Words)
superior,superior,35,优越顶尖的,1a,1a. Post-Rescued NRC Covered: Directly Mapped to NRC 8-Emotions (286 Words),Positive Polarity Only (仅正向),Direct Exact Match: superior (Positive Polarity Only (仅正向)),0. Direct NRC,Direct NRC Included (358 Words)
picturesque,picturesque,35,风景如画的,1a,1a. Post-Rescued NRC Covered: Directly Mapped to NRC 8-Emotions (286 Words),Joy (喜悦),Direct Exact Match: picturesque (Joy (喜悦)),0. Direct NRC,Direct NRC Included (358 Words)
surprisingly,surprisingly,35,出乎意料赞叹地,1a,1a. Post-Rescued NRC Covered: Directly Mapped to NRC 8-Emotions (286 Words),Surprise (惊喜),Direct Exact Match: surprisingly (Surprise (惊喜)),0. Direct NRC,Direct NRC Included (358 Words)
humorous,humorous,35,幽默风趣的,1a,1a. Post-Rescued NRC Covered: Directly Mapped to NRC 8-Emotions (286 Words),Joy (喜悦),Direct Exact Match: humorous (Joy (喜悦)),0. Direct NRC,Direct NRC Included (358 Words)
bother,bother,35,打扰 / 烦扰,1a,1a. Post-Rescued NRC Covered: Directly Mapped to NRC 8-Emotions (286 Words),Negative Polarity Only (仅负向),Direct Exact Match: bother (Negative Polarity Only (仅负向)),0. Direct NRC,Direct NRC Included (358 Words)
anxious,anxious,35,焦虑不安的 / 挂虑的,1a,1a. Post-Rescued NRC Covered: Directly Mapped to NRC 8-Emotions (286 Words),Fear (恐惧),Direct Exact Match: anxious (Fear (恐惧)),0. Direct NRC,Direct NRC Included (358 Words)
anxiety,anxiety,34,焦虑 / 不安,1a,1a. Post-Rescued NRC Covered: Directly Mapped to NRC 8-Emotions (286 Words),Fear (恐惧),Direct Exact Match: anxiety (Fear (恐惧)),0. Direct NRC,Direct NRC Included (358 Words)
generous,generous,34,大方的 / 慷慨的,1a,1a. Post-Rescued NRC Covered: Directly Mapped to NRC 8-Emotions (286 Words),Joy (喜悦),Direct Exact Match: generous (Joy (喜悦)),0. Direct NRC,Direct NRC Included (358 Words)
romantic,romantic,34,浪漫惬意的,1a,1a. Post-Rescued NRC Covered: Directly Mapped to NRC 8-Emotions (286 Words),Joy (喜悦),Direct Exact Match: romantic (Joy (喜悦)),0. Direct NRC,Direct NRC Included (358 Words)
sadly,sadly,34,令人遗憾地 / 悲伤地,1a,1a. Post-Rescued NRC Covered: Directly Mapped to NRC 8-Emotions (286 Words),Sadness (悲伤),Direct Exact Match: sadly (Sadness (悲伤)),0. Direct NRC,Direct NRC Included (358 Words)
worse,worse,34,更糟糕的,1a,1a. Post-Rescued NRC Covered: Directly Mapped to NRC 8-Emotions (286 Words),Fear (恐惧),Direct Exact Match: worse (Fear (恐惧)),0. Direct NRC,Direct NRC Included (358 Words)
airsick,airsick,33,晕机的,1a,1a. Post-Rescued NRC Covered: Directly Mapped to NRC 8-Emotions (286 Words),Joy (喜悦),Direct Exact Match: airsick (Joy (喜悦)),3. Class 3 Domain,Class 3: Low-Altitude Domain Lexicon (17 Words) ⭐
hassle,hassle,33,麻烦 / 烦心事,1a,1a. Post-Rescued NRC Covered: Directly Mapped to NRC 8-Emotions (286 Words),Joy (喜悦),Direct Exact Match: hassle (Joy (喜悦)),2. Class 2 Colloquial,Class 2: Colloquial Superlatives & Base Terms (128 Words)
overwhelming,overwhelming,33,铺天盖地震撼的,1a,1a. Post-Rescued NRC Covered: Directly Mapped to NRC 8-Emotions (286 Words),Positive Polarity Only (仅正向),Direct Exact Match: overwhelming (Positive Polarity Only (仅正向)),0. Direct NRC,Direct NRC Included (358 Words)
turbulent,turbulent,32,颠簸不安的,1a,1a. Post-Rescued NRC Covered: Directly Mapped to NRC 8-Emotions (286 Words),Fear (恐惧),Direct Exact Match: turbulent (Fear (恐惧)),0. Direct NRC,Direct NRC Included (358 Words)
upfront,upfront,32,直率透明的,1a,1a. Post-Rescued NRC Covered: Directly Mapped to NRC 8-Emotions (286 Words),Joy (喜悦),Direct Exact Match: upfront (Joy (喜悦)),2. Class 2 Colloquial,Class 2: Colloquial Superlatives & Base Terms (128 Words)
skillful,skillful,32,技术精湛的,1a,1a. Post-Rescued NRC Covered: Directly Mapped to NRC 8-Emotions (286 Words),Trust (信任),Direct Exact Match: skillful (Trust (信任)),0. Direct NRC,Direct NRC Included (358 Words)
reassured,reassured,32,感到安心的,1a,1a. Post-Rescued NRC Covered: Directly Mapped to NRC 8-Emotions (286 Words),Joy (喜悦),Direct Exact Match: reassured (Joy (喜悦)),2. Class 2 Colloquial,Class 2: Colloquial Superlatives & Base Terms (128 Words)
cute,cute,31,可爱宜人的,1a,1a. Post-Rescued NRC Covered: Directly Mapped to NRC 8-Emotions (286 Words),Positive Polarity Only (仅正向),Direct Exact Match: cute (Positive Polarity Only (仅正向)),0. Direct NRC,Direct NRC Included (358 Words)
economical,economical,31,划算实惠的,1a,1a. Post-Rescued NRC Covered: Directly Mapped to NRC 8-Emotions (286 Words),Joy (喜悦),Direct Exact Match: economical (Joy (喜悦)),2. Class 2 Colloquial,Class 2: Colloquial Superlatives & Base Terms (128 Words)
breathtakingly,breathtakingly,30,令人屏息震撼地（Awe/Amazement Emotion）,1a,1a. Post-Rescued NRC Covered: Directly Mapped to NRC 8-Emotions (286 Words),Joy (喜悦),Direct Exact Match: breathtakingly (Joy (喜悦)),3. Class 3 Domain,Class 3: Low-Altitude Domain Lexicon (17 Words) ⭐
kindly,kindly,30,体贴友善地,1a,1a. Post-Rescued NRC Covered: Directly Mapped to NRC 8-Emotions (286 Words),Joy (喜悦),Direct Exact Match: kindly (Joy (喜悦)),2. Class 2 Colloquial,Class 2: Colloquial Superlatives & Base Terms (128 Words)
unbelievably,unbelievably,29,难以置信地,1a,1a. Post-Rescued NRC Covered: Directly Mapped to NRC 8-Emotions (286 Words),Joy (喜悦),Direct Exact Match: unbelievably (Joy (喜悦)),2. Class 2 Colloquial,Class 2: Colloquial Superlatives & Base Terms (128 Words)
stellar,stellar,29,璀璨顶尖级的,1a,1a. Post-Rescued NRC Covered: Directly Mapped to NRC 8-Emotions (286 Words),Positive Polarity Only (仅正向),Direct Exact Match: stellar (Positive Polarity Only (仅正向)),0. Direct NRC,Direct NRC Included (358 Words)
pure,pure,29,纯粹的 / 纯净震撼的,1a,1a. Post-Rescued NRC Covered: Directly Mapped to NRC 8-Emotions (286 Words),Joy (喜悦),Direct Exact Match: pure (Joy (喜悦)),2. Class 2 Colloquial,Class 2: Colloquial Superlatives & Base Terms (128 Words)
interactive,interactive,29,互动性强的,1a,1a. Post-Rescued NRC Covered: Directly Mapped to NRC 8-Emotions (286 Words),Joy (喜悦),Direct Exact Match: interactive (Joy (喜悦)),2. Class 2 Colloquial,Class 2: Colloquial Superlatives & Base Terms (128 Words)
delighted,delighted,29,高高兴兴的,1a,1a. Post-Rescued NRC Covered: Directly Mapped to NRC 8-Emotions (286 Words),Joy (喜悦),Direct Exact Match: delighted (Joy (喜悦)),0. Direct NRC,Direct NRC Included (358 Words)
convinced,convinced,29,深信不疑的 / 心服口服,1a,1a. Post-Rescued NRC Covered: Directly Mapped to NRC 8-Emotions (286 Words),Trust (信任),Direct Exact Match: convinced (Trust (信任)),0. Direct NRC,Direct NRC Included (358 Words)
chatty,chatty,29,健谈热情的,1a,1a. Post-Rescued NRC Covered: Directly Mapped to NRC 8-Emotions (286 Words),Negative Polarity Only (仅负向),Direct Exact Match: chatty (Negative Polarity Only (仅负向)),0. Direct NRC,Direct NRC Included (358 Words)
gladly,gladly,29,乐意地 / 高兴地,1a,1a. Post-Rescued NRC Covered: Directly Mapped to NRC 8-Emotions (286 Words),Joy (喜悦),Direct Exact Match: gladly (Joy (喜悦)),2. Class 2 Colloquial,Class 2: Colloquial Superlatives & Base Terms (128 Words)
boring,boring,28,令人无聊乏味的,1a,1a. Post-Rescued NRC Covered: Directly Mapped to NRC 8-Emotions (286 Words),Negative Polarity Only (仅负向),Direct Exact Match: boring (Negative Polarity Only (仅负向)),0. Direct NRC,Direct NRC Included (358 Words)
sad,sad,28,悲伤的 / 遗憾痛心的,1a,1a. Post-Rescued NRC Covered: Directly Mapped to NRC 8-Emotions (286 Words),Joy (喜悦),Direct Exact Match: sad (Joy (喜悦)),2. Class 2 Colloquial,Class 2: Colloquial Superlatives & Base Terms (128 Words)
serene,serene,28,宁静祥和的,1a,1a. Post-Rescued NRC Covered: Directly Mapped to NRC 8-Emotions (286 Words),Trust (信任),Direct Exact Match: serene (Trust (信任)),0. Direct NRC,Direct NRC Included (358 Words)
splendor,splendor,27,壮丽辉煌的奇观,1a,1a. Post-Rescued NRC Covered: Directly Mapped to NRC 8-Emotions (286 Words),Joy (喜悦),Direct Exact Match: splendor (Joy (喜悦)),0. Direct NRC,Direct NRC Included (358 Words)
peace,peace,27,宁静 / 和平,1a,1a. Post-Rescued NRC Covered: Directly Mapped to NRC 8-Emotions (286 Words),Joy (喜悦),Direct Exact Match: peace (Joy (喜悦)),0. Direct NRC,Direct NRC Included (358 Words)
regrets,regrets,27,遗憾 / 后悔,1a,1a. Post-Rescued NRC Covered: Directly Mapped to NRC 8-Emotions (286 Words),Joy (喜悦),Direct Exact Match: regrets (Joy (喜悦)),2. Class 2 Colloquial,Class 2: Colloquial Superlatives & Base Terms (128 Words)
aside,aside,27,撇开 / 排除,1a,1a. Post-Rescued NRC Covered: Directly Mapped to NRC 8-Emotions (286 Words),Joy (喜悦),Direct Exact Match: aside (Joy (喜悦)),2. Class 2 Colloquial,Class 2: Colloquial Superlatives & Base Terms (128 Words)
eager,eager,27,热切的 / 渴望的,1a,1a. Post-Rescued NRC Covered: Directly Mapped to NRC 8-Emotions (286 Words),Joy (喜悦),Direct Exact Match: eager (Joy (喜悦)),0. Direct NRC,Direct NRC Included (358 Words)
comforting,comforting,27,令人感到安慰抚慰的,1a,1a. Post-Rescued NRC Covered: Directly Mapped to NRC 8-Emotions (286 Words),Joy (喜悦),Direct Exact Match: comforting (Joy (喜悦)),2. Class 2 Colloquial,Class 2: Colloquial Superlatives & Base Terms (128 Words)
bang,bang,26,物超所值（bang for buck）,1a,1a. Post-Rescued NRC Covered: Directly Mapped to NRC 8-Emotions (286 Words),Fear (恐惧),Direct Exact Match: bang (Fear (恐惧)),0. Direct NRC,Direct NRC Included (358 Words)
basic,basic,26,基础的 / 简陋的,1a,1a. Post-Rescued NRC Covered: Directly Mapped to NRC 8-Emotions (286 Words),Joy (喜悦),Direct Exact Match: basic (Joy (喜悦)),2. Class 2 Colloquial,Class 2: Colloquial Superlatives & Base Terms (128 Words)
cramped,cramped,26,拥挤狭窄不适的,1a,1a. Post-Rescued NRC Covered: Directly Mapped to NRC 8-Emotions (286 Words),Negative Polarity Only (仅负向),Direct Exact Match: cramped (Negative Polarity Only (仅负向)),0. Direct NRC,Direct NRC Included (358 Words)
hate,hate,26,憎恨 / 讨厌,1a,1a. Post-Rescued NRC Covered: Directly Mapped to NRC 8-Emotions (286 Words),Fear (恐惧),Direct Exact Match: hate (Fear (恐惧)),0. Direct NRC,Direct NRC Included (358 Words)
mesmerizing,mesmerizing,26,令人目眩神迷为之倾倒的,1a,1a. Post-Rescued NRC Covered: Directly Mapped to NRC 8-Emotions (286 Words),Joy (喜悦),Direct Exact Match: mesmerizing (Joy (喜悦)),3. Class 3 Domain,Class 3: Low-Altitude Domain Lexicon (17 Words) ⭐
upset,upset,26,感到沮丧难过的,1b,1b. Post-Rescued NRC Covered: Directly Mapped to Polarity Only (72 Words),Sadness (悲伤),Direct Exact Match: upset (Sadness (悲伤)),0. Direct NRC,Direct NRC Included (358 Words)
bump,bump,25,颠簸不适的,1b,1b. Post-Rescued NRC Covered: Directly Mapped to Polarity Only (72 Words),Joy (喜悦),Direct Exact Match: bump (Joy (喜悦)),2. Class 2 Colloquial,Class 2: Colloquial Superlatives & Base Terms (128 Words)
communicative,communicative,25,善于沟通的,1b,1b. Post-Rescued NRC Covered: Directly Mapped to Polarity Only (72 Words),Positive Polarity Only (仅正向),Direct Exact Match: communicative (Positive Polarity Only (仅正向)),0. Direct NRC,Direct NRC Included (358 Words)
dangerous,dangerous,25,危险的,1b,1b. Post-Rescued NRC Covered: Directly Mapped to Polarity Only (72 Words),Fear (恐惧),Direct Exact Match: dangerous (Fear (恐惧)),0. Direct NRC,Direct NRC Included (358 Words)
ill,ill,25,生病的 / 恶心呕吐的,1b,1b. Post-Rescued NRC Covered: Directly Mapped to Polarity Only (72 Words),Fear (恐惧),Direct Exact Match: ill (Fear (恐惧)),0. Direct NRC,Direct NRC Included (358 Words)
laughing,laughing,25,欢声笑语 / 开心大笑,1b,1b. Post-Rescued NRC Covered: Directly Mapped to Polarity Only (72 Words),Joy (喜悦),Direct Exact Match: laughing (Joy (喜悦)),0. Direct NRC,Direct NRC Included (358 Words)
inclement,inclement,24,恶劣的气候,1b,1b. Post-Rescued NRC Covered: Directly Mapped to Polarity Only (72 Words),Negative Polarity Only (仅负向),Direct Exact Match: inclement (Negative Polarity Only (仅负向)),0. Direct NRC,Direct NRC Included (358 Words)
magnificence,magnificence,24,壮丽震撼感,1b,1b. Post-Rescued NRC Covered: Directly Mapped to Polarity Only (72 Words),Joy (喜悦),Direct Exact Match: magnificence (Joy (喜悦)),0. Direct NRC,Direct NRC Included (358 Words)
impeccable,impeccable,23,无可挑剔的,1b,1b. Post-Rescued NRC Covered: Directly Mapped to Polarity Only (72 Words),Trust (信任),Direct Exact Match: impeccable (Trust (信任)),0. Direct NRC,Direct NRC Included (358 Words)
talkative,talkative,23,健谈热情的,1b,1b. Post-Rescued NRC Covered: Directly Mapped to Polarity Only (72 Words),Joy (喜悦),Direct Exact Match: talkative (Joy (喜悦)),2. Class 2 Colloquial,Class 2: Colloquial Superlatives & Base Terms (128 Words)
horrible,horrible,23,极度糟糕可怕的,1b,1b. Post-Rescued NRC Covered: Directly Mapped to Polarity Only (72 Words),Fear (恐惧),Direct Exact Match: horrible (Fear (恐惧)),0. Direct NRC,Direct NRC Included (358 Words)
shining,shining,22,璀璨夺目的,1b,1b. Post-Rescued NRC Covered: Directly Mapped to Polarity Only (72 Words),Joy (喜悦),Direct Exact Match: shining (Joy (喜悦)),0. Direct NRC,Direct NRC Included (358 Words)
calmed,calmed,22,心情平静安稳下来的,1b,1b. Post-Rescued NRC Covered: Directly Mapped to Polarity Only (72 Words),Joy (喜悦),Direct Exact Match: calmed (Joy (喜悦)),2. Class 2 Colloquial,Class 2: Colloquial Superlatives & Base Terms (128 Words)
talented,talented,22,才华横溢精湛的,1b,1b. Post-Rescued NRC Covered: Directly Mapped to Polarity Only (72 Words),Joy (喜悦),Direct Exact Match: talented (Joy (喜悦)),2. Class 2 Colloquial,Class 2: Colloquial Superlatives & Base Terms (128 Words)
skeptical,skeptical,22,怀疑的 / 存疑的,1b,1b. Post-Rescued NRC Covered: Directly Mapped to Polarity Only (72 Words),Negative Polarity Only (仅负向),Direct Exact Match: skeptical (Negative Polarity Only (仅负向)),0. Direct NRC,Direct NRC Included (358 Words)
tough,tough,22,严苛倒霉的,1b,1b. Post-Rescued NRC Covered: Directly Mapped to Polarity Only (72 Words),Sadness (悲伤),Direct Exact Match: tough (Sadness (悲伤)),0. Direct NRC,Direct NRC Included (358 Words)
lasting,lasting,22,持久的 / 深刻的,1b,1b. Post-Rescued NRC Covered: Directly Mapped to Polarity Only (72 Words),Joy (喜悦),Direct Exact Match: lasting (Joy (喜悦)),2. Class 2 Colloquial,Class 2: Colloquial Superlatives & Base Terms (128 Words)
fearful,fearful,22,恐惧的 / 担心的,1b,1b. Post-Rescued NRC Covered: Directly Mapped to Polarity Only (72 Words),Fear (恐惧),Direct Exact Match: fearful (Fear (恐惧)),0. Direct NRC,Direct NRC Included (358 Words)
favourite,favourite,22,最喜爱的,1b,1b. Post-Rescued NRC Covered: Directly Mapped to Polarity Only (72 Words),Joy (喜悦),Direct Exact Match: favourite (Joy (喜悦)),2. Class 2 Colloquial,Class 2: Colloquial Superlatives & Base Terms (128 Words)
bummed,bummed,21,感到扫兴遗憾失落的,1b,1b. Post-Rescued NRC Covered: Directly Mapped to Polarity Only (72 Words),Joy (喜悦),Direct Exact Match: bummed (Joy (喜悦)),2. Class 2 Colloquial,Class 2: Colloquial Superlatives & Base Terms (128 Words)
mild,mild,21,轻微适度的（颠簸/舒适）,1b,1b. Post-Rescued NRC Covered: Directly Mapped to Polarity Only (72 Words),Joy (喜悦),Direct Exact Match: mild (Joy (喜悦)),2. Class 2 Colloquial,Class 2: Colloquial Superlatives & Base Terms (128 Words)
refreshing,refreshing,21,令人神清气爽耳目一新的,1b,1b. Post-Rescued NRC Covered: Directly Mapped to Polarity Only (72 Words),Positive Polarity Only (仅正向),Direct Exact Match: refreshing (Positive Polarity Only (仅正向)),0. Direct NRC,Direct NRC Included (358 Words)
spoil,spoil,21,破坏 / 毁掉（好心情）,1b,1b. Post-Rescued NRC Covered: Directly Mapped to Polarity Only (72 Words),Disgust (厌恶),Direct Exact Match: spoil (Disgust (厌恶)),0. Direct NRC,Direct NRC Included (358 Words)
surprises,surprise,21,惊喜 / 意料之外,1b,1b. Post-Rescued NRC Covered: Directly Mapped to Polarity Only (72 Words),Joy (喜悦),Morphological Mapping: surprises -> surprise (Joy (喜悦)),1. Class 1 Morphological,Class 1: Participle & Morphological Variance Gaps (127 Words)
unbeatable,unbeatable,21,无可比拟的 / 无敌的,1b,1b. Post-Rescued NRC Covered: Directly Mapped to Polarity Only (72 Words),Joy (喜悦),Direct Exact Match: unbeatable (Joy (喜悦)),2. Class 2 Colloquial,Class 2: Colloquial Superlatives & Base Terms (128 Words)
successful,successful,20,成功的 / 满意的,1b,1b. Post-Rescued NRC Covered: Directly Mapped to Polarity Only (72 Words),Joy (喜悦),Direct Exact Match: successful (Joy (喜悦)),0. Direct NRC,Direct NRC Included (358 Words)
mood,mood,20,心情 / 情绪,1b,1b. Post-Rescued NRC Covered: Directly Mapped to Polarity Only (72 Words),Joy (喜悦),Direct Exact Match: mood (Joy (喜悦)),2. Class 2 Colloquial,Class 2: Colloquial Superlatives & Base Terms (128 Words)
spiritual,spiritual,20,精神神圣的,1b,1b. Post-Rescued NRC Covered: Directly Mapped to Polarity Only (72 Words),Joy (喜悦),Direct Exact Match: spiritual (Joy (喜悦)),2. Class 2 Colloquial,Class 2: Colloquial Superlatives & Base Terms (128 Words)
cheerful,cheerful,20,欢快愉悦的,1b,1b. Post-Rescued NRC Covered: Directly Mapped to Polarity Only (72 Words),Joy (喜悦),Direct Exact Match: cheerful (Joy (喜悦)),0. Direct NRC,Direct NRC Included (358 Words)
amusing,amusing,20,风趣风趣令人发笑的,1b,1b. Post-Rescued NRC Covered: Directly Mapped to Polarity Only (72 Words),Joy (喜悦),Direct Exact Match: amusing (Joy (喜悦)),0. Direct NRC,Direct NRC Included (358 Words)
astonishing,astonishing,20,令人惊叹的,1b,1b. Post-Rescued NRC Covered: Directly Mapped to Polarity Only (72 Words),Joy (喜悦),Direct Exact Match: astonishing (Joy (喜悦)),2. Class 2 Colloquial,Class 2: Colloquial Superlatives & Base Terms (128 Words)
exquisite,exquisite,19,精美的 / 绝妙的,1b,1b. Post-Rescued NRC Covered: Directly Mapped to Polarity Only (72 Words),Joy (喜悦),Direct Exact Match: exquisite (Joy (喜悦)),0. Direct NRC,Direct NRC Included (358 Words)
suitable,suitable,19,合适的 / 满意的,1b,1b. Post-Rescued NRC Covered: Directly Mapped to Polarity Only (72 Words),Positive Polarity Only (仅正向),Direct Exact Match: suitable (Positive Polarity Only (仅正向)),0. Direct NRC,Direct NRC Included (358 Words)
inspired,inspired,19,灵感大发 / 深受震撼的,1b,1b. Post-Rescued NRC Covered: Directly Mapped to Polarity Only (72 Words),Joy (喜悦),Direct Exact Match: inspired (Joy (喜悦)),0. Direct NRC,Direct NRC Included (358 Words)
touching,touching,19,令人动容流泪的,1b,1b. Post-Rescued NRC Covered: Directly Mapped to Polarity Only (72 Words),Joy (喜悦),Direct Exact Match: touching (Joy (喜悦)),2. Class 2 Colloquial,Class 2: Colloquial Superlatives & Base Terms (128 Words)
comfy,comfy,19,舒适惬意的,1b,1b. Post-Rescued NRC Covered: Directly Mapped to Polarity Only (72 Words),Joy (喜悦),Direct Exact Match: comfy (Joy (喜悦)),2. Class 2 Colloquial,Class 2: Colloquial Superlatives & Base Terms (128 Words)
chilly,chilly,19,寒冷不适的,1b,1b. Post-Rescued NRC Covered: Directly Mapped to Polarity Only (72 Words),Negative Polarity Only (仅负向),Direct Exact Match: chilly (Negative Polarity Only (仅负向)),0. Direct NRC,Direct NRC Included (358 Words)
awestruck,awestruck,19,充满敬畏震撼的,1b,1b. Post-Rescued NRC Covered: Directly Mapped to Polarity Only (72 Words),Joy (喜悦),Direct Exact Match: awestruck (Joy (喜悦)),2. Class 2 Colloquial,Class 2: Colloquial Superlatives & Base Terms (128 Words)
handy,handy,18,实用的 / 贴心的,1b,1b. Post-Rescued NRC Covered: Directly Mapped to Polarity Only (72 Words),Positive Polarity Only (仅正向),Direct Exact Match: handy (Positive Polarity Only (仅正向)),0. Direct NRC,Direct NRC Included (358 Words)
wondered,wonder,18,感到惊奇惊叹 (动词变体),1b,1b. Post-Rescued NRC Covered: Directly Mapped to Polarity Only (72 Words),Joy (喜悦),Morphological Mapping: wondered -> wonder (Joy (喜悦)),2. Class 2 Colloquial,Class 2: Colloquial Superlatives & Base Terms (128 Words)
witty,witty,18,风趣幽默的,1b,1b. Post-Rescued NRC Covered: Directly Mapped to Polarity Only (72 Words),Joy (喜悦),Direct Exact Match: witty (Joy (喜悦)),0. Direct NRC,Direct NRC Included (358 Words)
soothing,soothing,18,舒缓抚慰人心的,1b,1b. Post-Rescued NRC Covered: Directly Mapped to Polarity Only (72 Words),Joy (喜悦),Direct Exact Match: soothing (Joy (喜悦)),0. Direct NRC,Direct NRC Included (358 Words)
secret,secret,18,秘境 / 私密独享感,1b,1b. Post-Rescued NRC Covered: Directly Mapped to Polarity Only (72 Words),Trust (信任),Direct Exact Match: secret (Trust (信任)),0. Direct NRC,Direct NRC Included (358 Words)
marvel,marvel,18,惊叹 / 奇迹,1b,1b. Post-Rescued NRC Covered: Directly Mapped to Polarity Only (72 Words),Surprise (惊喜),Direct Exact Match: marvel (Surprise (惊喜)),0. Direct NRC,Direct NRC Included (358 Words)
keen,keen,18,热情的 / 敏锐的,1b,1b. Post-Rescued NRC Covered: Directly Mapped to Polarity Only (72 Words),Joy (喜悦),Direct Exact Match: keen (Joy (喜悦)),2. Class 2 Colloquial,Class 2: Colloquial Superlatives & Base Terms (128 Words)
honesty,honesty,18,真诚 / 诚信解说,1b,1b. Post-Rescued NRC Covered: Directly Mapped to Polarity Only (72 Words),Trust (信任),Direct Exact Match: honesty (Trust (信任)),0. Direct NRC,Direct NRC Included (358 Words)
smart,smart,18,聪慧的 / 明智的,1b,1b. Post-Rescued NRC Covered: Directly Mapped to Polarity Only (72 Words),Joy (喜悦),Direct Exact Match: smart (Joy (喜悦)),2. Class 2 Colloquial,Class 2: Colloquial Superlatives & Base Terms (128 Words)
haha,haha,18,哈哈（欢快情绪）,1b,1b. Post-Rescued NRC Covered: Directly Mapped to Polarity Only (72 Words),Joy (喜悦),Direct Exact Match: haha (Joy (喜悦)),2. Class 2 Colloquial,Class 2: Colloquial Superlatives & Base Terms (128 Words)
easiest,easiest,18,最省心的 / 最容易的,1b,1b. Post-Rescued NRC Covered: Directly Mapped to Polarity Only (72 Words),Joy (喜悦),Direct Exact Match: easiest (Joy (喜悦)),2. Class 2 Colloquial,Class 2: Colloquial Superlatives & Base Terms (128 Words)
danger,danger,18,危险 / 威胁,1b,1b. Post-Rescued NRC Covered: Directly Mapped to Polarity Only (72 Words),Fear (恐惧),Direct Exact Match: danger (Fear (恐惧)),0. Direct NRC,Direct NRC Included (358 Words)
amazement,amazement,18,惊叹 / 惊奇,1b,1b. Post-Rescued NRC Covered: Directly Mapped to Polarity Only (72 Words),Joy (喜悦),Direct Exact Match: amazement (Joy (喜悦)),2. Class 2 Colloquial,Class 2: Colloquial Superlatives & Base Terms (128 Words)
chill,chill,18,惬意轻松的,1b,1b. Post-Rescued NRC Covered: Directly Mapped to Polarity Only (72 Words),Joy (喜悦),Direct Exact Match: chill (Joy (喜悦)),2. Class 2 Colloquial,Class 2: Colloquial Superlatives & Base Terms (128 Words)
charm,charm,18,顺畅 / 令人满意,1b,1b. Post-Rescued NRC Covered: Directly Mapped to Polarity Only (72 Words),Positive Polarity Only (仅正向),Direct Exact Match: charm (Positive Polarity Only (仅正向)),0. Direct NRC,Direct NRC Included (358 Words)
astounding,astounding,18,令人无比震撼惊叹的,1b,1b. Post-Rescued NRC Covered: Directly Mapped to Polarity Only (72 Words),Joy (喜悦),Direct Exact Match: astounding (Joy (喜悦)),2. Class 2 Colloquial,Class 2: Colloquial Superlatives & Base Terms (128 Words)
effective,effective,18,有效划算的,1b,1b. Post-Rescued NRC Covered: Directly Mapped to Polarity Only (72 Words),Trust (信任),Direct Exact Match: effective (Trust (信任)),0. Direct NRC,Direct NRC Included (358 Words)
hopes,hopes,17,期盼 / 希望,1b,1b. Post-Rescued NRC Covered: Directly Mapped to Polarity Only (72 Words),Joy (喜悦),Direct Exact Match: hopes (Joy (喜悦)),2. Class 2 Colloquial,Class 2: Colloquial Superlatives & Base Terms (128 Words)
overwhelmed,overwhelmed,17,被震撼/感动深深淹没的,1b,1b. Post-Rescued NRC Covered: Directly Mapped to Polarity Only (72 Words),Sadness (悲伤),Direct Exact Match: overwhelmed (Sadness (悲伤)),0. Direct NRC,Direct NRC Included (358 Words)
valuable,valuable,17,珍贵的 / 有价值的,1b,1b. Post-Rescued NRC Covered: Directly Mapped to Polarity Only (72 Words),Positive Polarity Only (仅正向),Direct Exact Match: valuable (Positive Polarity Only (仅正向)),0. Direct NRC,Direct NRC Included (358 Words)
energetic,energetic,17,精力充沛的,1b,1b. Post-Rescued NRC Covered: Directly Mapped to Polarity Only (72 Words),Positive Polarity Only (仅正向),Direct Exact Match: energetic (Positive Polarity Only (仅正向)),0. Direct NRC,Direct NRC Included (358 Words)
discomfort,discomfort,17,身体/心理不适感,1b,1b. Post-Rescued NRC Covered: Directly Mapped to Polarity Only (72 Words),Sadness (悲伤),Direct Exact Match: discomfort (Sadness (悲伤)),0. Direct NRC,Direct NRC Included (358 Words)
cordial,cordial,17,热情亲切礼貌的,1b,1b. Post-Rescued NRC Covered: Directly Mapped to Polarity Only (72 Words),Joy (喜悦),Direct Exact Match: cordial (Joy (喜悦)),2. Class 2 Colloquial,Class 2: Colloquial Superlatives & Base Terms (128 Words)
claustrophobic,claustrophobic,16,感到幽闭恐惧压抑的,1b,1b. Post-Rescued NRC Covered: Directly Mapped to Polarity Only (72 Words),Joy (喜悦),Direct Exact Match: claustrophobic (Joy (喜悦)),3. Class 3 Domain,Class 3: Low-Altitude Domain Lexicon (17 Words) ⭐
insane,insane,16,疯狂震撼的 / 极端的,1b,1b. Post-Rescued NRC Covered: Directly Mapped to Polarity Only (72 Words),Fear (恐惧),Direct Exact Match: insane (Fear (恐惧)),0. Direct NRC,Direct NRC Included (358 Words)
leery,leery,16,提防警惕 / 顾虑重重的,1b,1b. Post-Rescued NRC Covered: Directly Mapped to Polarity Only (72 Words),Surprise (惊喜),Direct Exact Match: leery (Surprise (惊喜)),0. Direct NRC,Direct NRC Included (358 Words)
loving,loving,16,热爱的 / 充满了爱的,1b,1b. Post-Rescued NRC Covered: Directly Mapped to Polarity Only (72 Words),Joy (喜悦),Direct Exact Match: loving (Joy (喜悦)),0. Direct NRC,Direct NRC Included (358 Words)
sensational,sensational,16,绝佳轰动震撼的,1b,1b. Post-Rescued NRC Covered: Directly Mapped to Polarity Only (72 Words),Joy (喜悦),Direct Exact Match: sensational (Joy (喜悦)),0. Direct NRC,Direct NRC Included (358 Words)
sudden,sudden,16,突然的 / 猝不及防的,1b,1b. Post-Rescued NRC Covered: Directly Mapped to Polarity Only (72 Words),Surprise (惊喜),Direct Exact Match: sudden (Surprise (惊喜)),0. Direct NRC,Direct NRC Included (358 Words)
uncertain,uncertain,16,不确定的 / 顾虑的,1b,1b. Post-Rescued NRC Covered: Directly Mapped to Polarity Only (72 Words),Fear (恐惧),Direct Exact Match: uncertain (Fear (恐惧)),0. Direct NRC,Direct NRC Included (358 Words)
worthy,worthy,16,非常值的 / 值得的,1b,1b. Post-Rescued NRC Covered: Directly Mapped to Polarity Only (72 Words),Trust (信任),Direct Exact Match: worthy (Trust (信任)),0. Direct NRC,Direct NRC Included (358 Words)
hilarious,hilarious,15,爆笑幽默搞笑的,1b,1b. Post-Rescued NRC Covered: Directly Mapped to Polarity Only (72 Words),Joy (喜悦),Direct Exact Match: hilarious (Joy (喜悦)),0. Direct NRC,Direct NRC Included (358 Words)
warmth,warmth,15,温暖安心感,1b,1b. Post-Rescued NRC Covered: Directly Mapped to Polarity Only (72 Words),Joy (喜悦),Direct Exact Match: warmth (Joy (喜悦)),2. Class 2 Colloquial,Class 2: Colloquial Superlatives & Base Terms (128 Words)
unprofessional,unprofessional,15,不专业的,1b,1b. Post-Rescued NRC Covered: Directly Mapped to Polarity Only (72 Words),Joy (喜悦),Direct Exact Match: unprofessional (Joy (喜悦)),2. Class 2 Colloquial,Class 2: Colloquial Superlatives & Base Terms (128 Words)
respectful,respectful,15,充满敬意的,1c,1c. Post-Rescued NRC Covered: Class 1 Morphological Rescued Words (127 Words),Trust (信任),Class 1 Rescued: respectful -> respectful (Rescued into Trust (信任)),0. Direct NRC,Direct NRC Included (358 Words)
immaculate,immaculate,15,完美无瑕洁净的,1c,1c. Post-Rescued NRC Covered: Class 1 Morphological Rescued Words (127 Words),Joy (喜悦),Class 1 Rescued: immaculate -> immaculate (Rescued into Joy (喜悦)),0. Direct NRC,Direct NRC Included (358 Words)
annoying,annoying,15,令人烦躁恼火的（Annoyance/Irritation Emotion）,1c,1c. Post-Rescued NRC Covered: Class 1 Morphological Rescued Words (127 Words),Anger (愤怒),Class 1 Rescued: annoying -> annoying (Rescued into Anger (愤怒)),0. Direct NRC,Direct NRC Included (358 Words)
fuss,fuss,15,大惊小怪 / 争吵骚动,1c,1c. Post-Rescued NRC Covered: Class 1 Morphological Rescued Words (127 Words),Sadness (悲伤),Class 1 Rescued: fuss -> fuss (Rescued into Sadness (悲伤)),0. Direct NRC,Direct NRC Included (358 Words)
awful,awful,15,极其糟糕的,1c,1c. Post-Rescued NRC Covered: Class 1 Morphological Rescued Words (127 Words),Fear (恐惧),Class 1 Rescued: awful -> awful (Rescued into Fear (恐惧)),0. Direct NRC,Direct NRC Included (358 Words)
awed,awed,15,感到为之肃然起敬震撼的,1c,1c. Post-Rescued NRC Covered: Class 1 Morphological Rescued Words (127 Words),Joy (喜悦),Class 1 Rescued: awed -> awed (Rescued into Joy (喜悦)),3. Class 3 Domain,Class 3: Low-Altitude Domain Lexicon (17 Words) ⭐
bubbly,bubbly,15,活泼热情的,1c,1c. Post-Rescued NRC Covered: Class 1 Morphological Rescued Words (127 Words),Joy (喜悦),Class 1 Rescued: bubbly -> bubbly (Rescued into Joy (喜悦)),2. Class 2 Colloquial,Class 2: Colloquial Superlatives & Base Terms (128 Words)
praise,praise,14,称赞 / 高度赞扬,1c,1c. Post-Rescued NRC Covered: Class 1 Morphological Rescued Words (127 Words),Joy (喜悦),Class 1 Rescued: praise -> praise (Rescued into Joy (喜悦)),0. Direct NRC,Direct NRC Included (358 Words)
trustworthy,trustworthy,14,值得信赖靠谱的,1c,1c. Post-Rescued NRC Covered: Class 1 Morphological Rescued Words (127 Words),Joy (喜悦),Class 1 Rescued: trustworthy -> trustworthy (Rescued into Joy (喜悦)),2. Class 2 Colloquial,Class 2: Colloquial Superlatives & Base Terms (128 Words)
satisfaction,satisfaction,14,满意感,1c,1c. Post-Rescued NRC Covered: Class 1 Morphological Rescued Words (127 Words),Joy (喜悦),Class 1 Rescued: satisfaction -> satisfaction (Rescued into Joy (喜悦)),2. Class 2 Colloquial,Class 2: Colloquial Superlatives & Base Terms (128 Words)
ruined,ruined,14,毁掉行程的 / 扫兴糟心的,1c,1c. Post-Rescued NRC Covered: Class 1 Morphological Rescued Words (127 Words),Fear (恐惧),Class 1 Rescued: ruined -> ruined (Rescued into Fear (恐惧)),0. Direct NRC,Direct NRC Included (358 Words)
proud,proud,14,感到自豪骄傲的,1c,1c. Post-Rescued NRC Covered: Class 1 Morphological Rescued Words (127 Words),Joy (喜悦),Class 1 Rescued: proud -> proud (Rescued into Joy (喜悦)),0. Direct NRC,Direct NRC Included (358 Words)
marvellous,marvellous,14,令人叹为观止的,1c,1c. Post-Rescued NRC Covered: Class 1 Morphological Rescued Words (127 Words),Joy (喜悦),Class 1 Rescued: marvellous -> marvellous (Rescued into Joy (喜悦)),2. Class 2 Colloquial,Class 2: Colloquial Superlatives & Base Terms (128 Words)
intrusive,intrusive,14,突兀扰人的 / 煞风景的,1c,1c. Post-Rescued NRC Covered: Class 1 Morphological Rescued Words (127 Words),Fear (恐惧),Class 1 Rescued: intrusive -> intrusive (Rescued into Fear (恐惧)),0. Direct NRC,Direct NRC Included (358 Words)
glowing,glowing,14,极度赞赏口碑极佳的,1c,1c. Post-Rescued NRC Covered: Class 1 Morphological Rescued Words (127 Words),Positive Polarity Only (仅正向),Class 1 Rescued: glowing -> glowing (Rescued into Positive Polarity Only (仅正向)),0. Direct NRC,Direct NRC Included (358 Words)
frustrating,frustrating,14,令人挫败的 / 烦人的,1c,1c. Post-Rescued NRC Covered: Class 1 Morphological Rescued Words (127 Words),Joy (喜悦),Class 1 Rescued: frustrating -> frustrating (Rescued into Joy (喜悦)),2. Class 2 Colloquial,Class 2: Colloquial Superlatives & Base Terms (128 Words)
bothered,bothered,14,困扰的 / 烦心的,1c,1c. Post-Rescued NRC Covered: Class 1 Morphological Rescued Words (127 Words),Joy (喜悦),Class 1 Rescued: bothered -> bothered (Rescued into Joy (喜悦)),2. Class 2 Colloquial,Class 2: Colloquial Superlatives & Base Terms (128 Words)
authentic,authentic,14,地道的 / 真实无伪的,1c,1c. Post-Rescued NRC Covered: Class 1 Morphological Rescued Words (127 Words),Joy (喜悦),Class 1 Rescued: authentic -> authentic (Rescued into Joy (喜悦)),0. Direct NRC,Direct NRC Included (358 Words)
tricky,tricky,13,棘手不安的,1c,1c. Post-Rescued NRC Covered: Class 1 Morphological Rescued Words (127 Words),Joy (喜悦),Class 1 Rescued: tricky -> tricky (Rescued into Joy (喜悦)),2. Class 2 Colloquial,Class 2: Colloquial Superlatives & Base Terms (128 Words)
worldly,worldly,13,超凡脱俗的,1c,1c. Post-Rescued NRC Covered: Class 1 Morphological Rescued Words (127 Words),Joy (喜悦),Class 1 Rescued: worldly -> worldly (Rescued into Joy (喜悦)),2. Class 2 Colloquial,Class 2: Colloquial Superlatives & Base Terms (128 Words)
vibrant,vibrant,13,生机勃勃色彩斑斓的,1c,1c. Post-Rescued NRC Covered: Class 1 Morphological Rescued Words (127 Words),Joy (喜悦),Class 1 Rescued: vibrant -> vibrant (Rescued into Joy (喜悦)),2. Class 2 Colloquial,Class 2: Colloquial Superlatives & Base Terms (128 Words)
uneasy,uneasy,13,心神不宁感到不安的,1c,1c. Post-Rescued NRC Covered: Class 1 Morphological Rescued Words (127 Words),Fear (恐惧),Class 1 Rescued: uneasy -> uneasy (Rescued into Fear (恐惧)),0. Direct NRC,Direct NRC Included (358 Words)
precious,precious,13,弥足珍贵的 memory,1c,1c. Post-Rescued NRC Covered: Class 1 Morphological Rescued Words (127 Words),Joy (喜悦),Class 1 Rescued: precious -> precious (Rescued into Joy (喜悦)),0. Direct NRC,Direct NRC Included (358 Words)
safest,safest,13,最安全平稳的,1c,1c. Post-Rescued NRC Covered: Class 1 Morphological Rescued Words (127 Words),Joy (喜悦),Class 1 Rescued: safest -> safest (Rescued into Joy (喜悦)),2. Class 2 Colloquial,Class 2: Colloquial Superlatives & Base Terms (128 Words)
responsible,responsible,13,负责任的,1c,1c. Post-Rescued NRC Covered: Class 1 Morphological Rescued Words (127 Words),Trust (信任),Class 1 Rescued: responsible -> responsible (Rescued into Trust (信任)),0. Direct NRC,Direct NRC Included (358 Words)
pleasurable,pleasurable,13,令人愉快的,1c,1c. Post-Rescued NRC Covered: Class 1 Morphological Rescued Words (127 Words),Joy (喜悦),Class 1 Rescued: pleasurable -> pleasurable (Rescued into Joy (喜悦)),0. Direct NRC,Direct NRC Included (358 Words)
apologetic,apologetic,13,诚恳抱歉致歉的,1c,1c. Post-Rescued NRC Covered: Class 1 Morphological Rescued Words (127 Words),Trust (信任),Class 1 Rescued: apologetic -> apologetic (Rescued into Trust (信任)),0. Direct NRC,Direct NRC Included (358 Words)
bored,bored,12,感到无聊厌烦的,1c,1c. Post-Rescued NRC Covered: Class 1 Morphological Rescued Words (127 Words),Joy (喜悦),Class 1 Rescued: bored -> bored (Rescued into Joy (喜悦)),2. Class 2 Colloquial,Class 2: Colloquial Superlatives & Base Terms (128 Words)
soaking,soaking,12,沉浸于（soaking in view）,1c,1c. Post-Rescued NRC Covered: Class 1 Morphological Rescued Words (127 Words),Joy (喜悦),Class 1 Rescued: soaking -> soaking (Rescued into Joy (喜悦)),2. Class 2 Colloquial,Class 2: Colloquial Superlatives & Base Terms (128 Words)
stuffy,stuffy,12,闷热不适的（体感不适）,1c,1c. Post-Rescued NRC Covered: Class 1 Morphological Rescued Words (127 Words),Negative Polarity Only (仅负向),Class 1 Rescued: stuffy -> stuffy (Rescued into Negative Polarity Only (仅负向)),0. Direct NRC,Direct NRC Included (358 Words)
superbly,superbly,12,出类拔萃完美地,1c,1c. Post-Rescued NRC Covered: Class 1 Morphological Rescued Words (127 Words),Joy (喜悦),Class 1 Rescued: superbly -> superbly (Rescued into Joy (喜悦)),2. Class 2 Colloquial,Class 2: Colloquial Superlatives & Base Terms (128 Words)
wondrous,wondrous,12,惊叹奇妙的,1c,1c. Post-Rescued NRC Covered: Class 1 Morphological Rescued Words (127 Words),Positive Polarity Only (仅正向),Class 1 Rescued: wondrous -> wondrous (Rescued into Positive Polarity Only (仅正向)),0. Direct NRC,Direct NRC Included (358 Words)
satisfying,satisfying,11,令人称心满意的,1c,1c. Post-Rescued NRC Covered: Class 1 Morphological Rescued Words (127 Words),Joy (喜悦),Class 1 Rescued: satisfying -> satisfying (Rescued into Joy (喜悦)),2. Class 2 Colloquial,Class 2: Colloquial Superlatives & Base Terms (128 Words)
wary,wary,11,警惕顾虑的,1c,1c. Post-Rescued NRC Covered: Class 1 Morphological Rescued Words (127 Words),Fear (恐惧),Class 1 Rescued: wary -> wary (Rescued into Fear (恐惧)),0. Direct NRC,Direct NRC Included (358 Words)
trepidation,trepidation,11,惊恐战栗 / 不安,1c,1c. Post-Rescued NRC Covered: Class 1 Morphological Rescued Words (127 Words),Fear (恐惧),Class 1 Rescued: trepidation -> trepidation (Rescued into Fear (恐惧)),0. Direct NRC,Direct NRC Included (358 Words)
surprising,surprising,11,令人出乎意料惊喜的,1c,1c. Post-Rescued NRC Covered: Class 1 Morphological Rescued Words (127 Words),Surprise (惊喜),Class 1 Rescued: surprising -> surprising (Rescued into Surprise (惊喜)),0. Direct NRC,Direct NRC Included (358 Words)
superlative,superlative,11,顶级极致赞赏的,1c,1c. Post-Rescued NRC Covered: Class 1 Morphological Rescued Words (127 Words),Joy (喜悦),Class 1 Rescued: superlative -> superlative (Rescued into Joy (喜悦)),2. Class 2 Colloquial,Class 2: Colloquial Superlatives & Base Terms (128 Words)
sketchy,sketchy,11,令人不安可疑的,1c,1c. Post-Rescued NRC Covered: Class 1 Morphological Rescued Words (127 Words),Negative Polarity Only (仅负向),Class 1 Rescued: sketchy -> sketchy (Rescued into Negative Polarity Only (仅负向)),0. Direct NRC,Direct NRC Included (358 Words)
slick,slick,11,熟练专业/光滑的,1c,1c. Post-Rescued NRC Covered: Class 1 Morphological Rescued Words (127 Words),Joy (喜悦),Class 1 Rescued: slick -> slick (Rescued into Joy (喜悦)),2. Class 2 Colloquial,Class 2: Colloquial Superlatives & Base Terms (128 Words)
rewarding,rewarding,11,非常有成就感/物超所值的,1c,1c. Post-Rescued NRC Covered: Class 1 Morphological Rescued Words (127 Words),Joy (喜悦),Class 1 Rescued: rewarding -> rewarding (Rescued into Joy (喜悦)),2. Class 2 Colloquial,Class 2: Colloquial Superlatives & Base Terms (128 Words)
nervousness,nervousness,11,紧张不安的情绪,1c,1c. Post-Rescued NRC Covered: Class 1 Morphological Rescued Words (127 Words),Fear (恐惧),Class 1 Rescued: nervousness -> nervousness (Rescued into Fear (恐惧)),0. Direct NRC,Direct NRC Included (358 Words)
mad,mad,11,发怒的 / 生气的,1c,1c. Post-Rescued NRC Covered: Class 1 Morphological Rescued Words (127 Words),Fear (恐惧),Class 1 Rescued: mad -> mad (Rescued into Fear (恐惧)),0. Direct NRC,Direct NRC Included (358 Words)
inviting,inviting,11,引人入胜令人愉悦的,1c,1c. Post-Rescued NRC Covered: Class 1 Morphological Rescued Words (127 Words),Joy (喜悦),Class 1 Rescued: inviting -> inviting (Rescued into Joy (喜悦)),0. Direct NRC,Direct NRC Included (358 Words)
cheesy,cheesy,11,俗气的 / 劣质的,1c,1c. Post-Rescued NRC Covered: Class 1 Morphological Rescued Words (127 Words),Joy (喜悦),Class 1 Rescued: cheesy -> cheesy (Rescued into Joy (喜悦)),2. Class 2 Colloquial,Class 2: Colloquial Superlatives & Base Terms (128 Words)
admire,admire,11,钦佩赞赏,1c,1c. Post-Rescued NRC Covered: Class 1 Morphological Rescued Words (127 Words),Trust (信任),Class 1 Rescued: admire -> admire (Rescued into Trust (信任)),0. Direct NRC,Direct NRC Included (358 Words)
mesmerized,mesmerized,10,被深深吸引迷住的,1c,1c. Post-Rescued NRC Covered: Class 1 Morphological Rescued Words (127 Words),Joy (喜悦),Class 1 Rescued: mesmerized -> mesmerized (Rescued into Joy (喜悦)),2. Class 2 Colloquial,Class 2: Colloquial Superlatives & Base Terms (128 Words)
unfortunate,unfortunate,10,不幸遗憾的,1c,1c. Post-Rescued NRC Covered: Class 1 Morphological Rescued Words (127 Words),Sadness (悲伤),Class 1 Rescued: unfortunate -> unfortunate (Rescued into Sadness (悲伤)),0. Direct NRC,Direct NRC Included (358 Words)
stunningly,stunningly,10,令人震撼地,1c,1c. Post-Rescued NRC Covered: Class 1 Morphological Rescued Words (127 Words),Joy (喜悦),Class 1 Rescued: stunningly -> stunningly (Rescued into Joy (喜悦)),3. Class 3 Domain,Class 3: Low-Altitude Domain Lexicon (17 Words) ⭐
stunned,stunned,10,感到目瞪口呆震撼的,1c,1c. Post-Rescued NRC Covered: Class 1 Morphological Rescued Words (127 Words),Fear (恐惧),Class 1 Rescued: stunned -> stunned (Rescued into Fear (恐惧)),0. Direct NRC,Direct NRC Included (358 Words)
stability,stability,10,平稳安心感,1c,1c. Post-Rescued NRC Covered: Class 1 Morphological Rescued Words (127 Words),Joy (喜悦),Class 1 Rescued: stability -> stability (Rescued into Joy (喜悦)),2. Class 2 Colloquial,Class 2: Colloquial Superlatives & Base Terms (128 Words)
raving,raving,10,赞不绝口极力推荐的,1c,1c. Post-Rescued NRC Covered: Class 1 Morphological Rescued Words (127 Words),Joy (喜悦),Class 1 Rescued: raving -> raving (Rescued into Joy (喜悦)),0. Direct NRC,Direct NRC Included (358 Words)
quaint,quaint,10,古朴宜人的,1c,1c. Post-Rescued NRC Covered: Class 1 Morphological Rescued Words (127 Words),Joy (喜悦),Class 1 Rescued: quaint -> quaint (Rescued into Joy (喜悦)),0. Direct NRC,Direct NRC Included (358 Words)
wonderfull,wonderful,10,令人惊叹绝妙的 (错别字变体),1c,1c. Post-Rescued NRC Covered: Class 1 Morphological Rescued Words (127 Words),Joy (喜悦),Class 1 Rescued: wonderfull -> wonderful (Rescued into Joy (喜悦)),1. Class 1 Morphological,Class 1: Participle & Morphological Variance Gaps (127 Words)
jealous,jealous,10,令人羡慕嫉妒的,1c,1c. Post-Rescued NRC Covered: Class 1 Morphological Rescued Words (127 Words),Disgust (厌恶),Class 1 Rescued: jealous -> jealous (Rescued into Disgust (厌恶)),0. Direct NRC,Direct NRC Included (358 Words)
improving,improving,10,不断改善令人满意的,1c,1c. Post-Rescued NRC Covered: Class 1 Morphological Rescued Words (127 Words),Positive Polarity Only (仅正向),Class 1 Rescued: improving -> improving (Rescued into Positive Polarity Only (仅正向)),0. Direct NRC,Direct NRC Included (358 Words)
improvement,improvement,10,体验改善 / 提升,1c,1c. Post-Rescued NRC Covered: Class 1 Morphological Rescued Words (127 Words),Joy (喜悦),Class 1 Rescued: improvement -> improvement (Rescued into Joy (喜悦)),0. Direct NRC,Direct NRC Included (358 Words)
friendlier,friendlier,10,更加亲切友好的,1c,1c. Post-Rescued NRC Covered: Class 1 Morphological Rescued Words (127 Words),Joy (喜悦),Class 1 Rescued: friendlier -> friendlier (Rescued into Joy (喜悦)),2. Class 2 Colloquial,Class 2: Colloquial Superlatives & Base Terms (128 Words)
emotional,emotional,10,情感上的 / 动情的,1c,1c. Post-Rescued NRC Covered: Class 1 Morphological Rescued Words (127 Words),Joy (喜悦),Class 1 Rescued: emotional -> emotional (Rescued into Joy (喜悦)),2. Class 2 Colloquial,Class 2: Colloquial Superlatives & Base Terms (128 Words)
ecstatic,ecstatic,10,狂喜的 / 极度兴奋的,1c,1c. Post-Rescued NRC Covered: Class 1 Morphological Rescued Words (127 Words),Joy (喜悦),Class 1 Rescued: ecstatic -> ecstatic (Rescued into Joy (喜悦)),0. Direct NRC,Direct NRC Included (358 Words)
conscientious,conscientious,10,认真负责的,1c,1c. Post-Rescued NRC Covered: Class 1 Morphological Rescued Words (127 Words),Trust (信任),Class 1 Rescued: conscientious -> conscientious (Rescued into Trust (信任)),0. Direct NRC,Direct NRC Included (358 Words)
badly,badly,10,严重地 / 糟糕地,1c,1c. Post-Rescued NRC Covered: Class 1 Morphological Rescued Words (127 Words),Sadness (悲伤),Class 1 Rescued: badly -> badly (Rescued into Sadness (悲伤)),0. Direct NRC,Direct NRC Included (358 Words)
unspoiled,unspoiled,9,未经破坏原始纯粹的,1c,1c. Post-Rescued NRC Covered: Class 1 Morphological Rescued Words (127 Words),Joy (喜悦),Class 1 Rescued: unspoiled -> unspoiled (Rescued into Joy (喜悦)),2. Class 2 Colloquial,Class 2: Colloquial Superlatives & Base Terms (128 Words)
terribly,terribly,9,极度负面地 / 抱歉,1c,1c. Post-Rescued NRC Covered: Class 1 Morphological Rescued Words (127 Words),Sadness (悲伤),Class 1 Rescued: terribly -> terribly (Rescued into Sadness (悲伤)),0. Direct NRC,Direct NRC Included (358 Words)
susceptible,susceptible,9,易受影响脆弱的,1c,1c. Post-Rescued NRC Covered: Class 1 Morphological Rescued Words (127 Words),Negative Polarity Only (仅负向),Class 1 Rescued: susceptible -> susceptible (Rescued into Negative Polarity Only (仅负向)),0. Direct NRC,Direct NRC Included (358 Words)
stuffed,stuffed,9,塞满的 / 憋闷不适的,1c,1c. Post-Rescued NRC Covered: Class 1 Morphological Rescued Words (127 Words),Joy (喜悦),Class 1 Rescued: stuffed -> stuffed (Rescued into Joy (喜悦)),2. Class 2 Colloquial,Class 2: Colloquial Superlatives & Base Terms (128 Words)
miserable,miserable,9,极度痛苦糟糕的,1c,1c. Post-Rescued NRC Covered: Class 1 Morphological Rescued Words (127 Words),Sadness (悲伤),Class 1 Rescued: miserable -> miserable (Rescued into Sadness (悲伤)),0. Direct NRC,Direct NRC Included (358 Words)
hassles,hassles,9,烦心事 / 摩擦,1c,1c. Post-Rescued NRC Covered: Class 1 Morphological Rescued Words (127 Words),Joy (喜悦),Class 1 Rescued: hassles -> hassles (Rescued into Joy (喜悦)),2. Class 2 Colloquial,Class 2: Colloquial Superlatives & Base Terms (128 Words)
effortless,effortless,9,轻松平稳的,1c,1c. Post-Rescued NRC Covered: Class 1 Morphological Rescued Words (127 Words),Joy (喜悦),Class 1 Rescued: effortless -> effortless (Rescued into Joy (喜悦)),2. Class 2 Colloquial,Class 2: Colloquial Superlatives & Base Terms (128 Words)
compliment,compliment,9,赞美 / 赞赏评价,1c,1c. Post-Rescued NRC Covered: Class 1 Morphological Rescued Words (127 Words),Joy (喜悦),Class 1 Rescued: compliment -> compliment (Rescued into Joy (喜悦)),0. Direct NRC,Direct NRC Included (358 Words)
claustrophobia,claustrophobia,9,幽闭恐惧症（密闭机舱焦虑）,1c,1c. Post-Rescued NRC Covered: Class 1 Morphological Rescued Words (127 Words),Joy (喜悦),Class 1 Rescued: claustrophobia -> claustrophobia (Rescued into Joy (喜悦)),3. Class 3 Domain,Class 3: Low-Altitude Domain Lexicon (17 Words) ⭐
cheerfully,cheerfully,9,欢快愉悦地,1c,1c. Post-Rescued NRC Covered: Class 1 Morphological Rescued Words (127 Words),Joy (喜悦),Class 1 Rescued: cheerfully -> cheerfully (Rescued into Joy (喜悦)),2. Class 2 Colloquial,Class 2: Colloquial Superlatives & Base Terms (128 Words)
bummer,bummer,9,令人扫兴扫兴的事,1c,1c. Post-Rescued NRC Covered: Class 1 Morphological Rescued Words (127 Words),Disgust (厌恶),Class 1 Rescued: bummer -> bummer (Rescued into Disgust (厌恶)),0. Direct NRC,Direct NRC Included (358 Words)
awkward,awkward,9,尴尬的 / 别扭的,1c,1c. Post-Rescued NRC Covered: Class 1 Morphological Rescued Words (127 Words),Joy (喜悦),Class 1 Rescued: awkward -> awkward (Rescued into Joy (喜悦)),2. Class 2 Colloquial,Class 2: Colloquial Superlatives & Base Terms (128 Words)
automatically,automatically,9,自动地 / 自然而然,1c,1c. Post-Rescued NRC Covered: Class 1 Morphological Rescued Words (127 Words),Joy (喜悦),Class 1 Rescued: automatically -> automatically (Rescued into Joy (喜悦)),2. Class 2 Colloquial,Class 2: Colloquial Superlatives & Base Terms (128 Words)
mindful,mindful,8,细心周到的,1c,1c. Post-Rescued NRC Covered: Class 1 Morphological Rescued Words (127 Words),Positive Polarity Only (仅正向),Class 1 Rescued: mindful -> mindful (Rescued into Positive Polarity Only (仅正向)),0. Direct NRC,Direct NRC Included (358 Words)
yummy,yummy,8,美味愉悦的,1c,1c. Post-Rescued NRC Covered: Class 1 Morphological Rescued Words (127 Words),Joy (喜悦),Class 1 Rescued: yummy -> yummy (Rescued into Joy (喜悦)),2. Class 2 Colloquial,Class 2: Colloquial Superlatives & Base Terms (128 Words)
unstable,unstable,8,不稳定摇晃令人担心的,1c,1c. Post-Rescued NRC Covered: Class 1 Morphological Rescued Words (127 Words),Fear (恐惧),Class 1 Rescued: unstable -> unstable (Rescued into Fear (恐惧)),0. Direct NRC,Direct NRC Included (358 Words)
spoiled,spoiled,8,好心情被破坏毁掉的,1c,1c. Post-Rescued NRC Covered: Class 1 Morphological Rescued Words (127 Words),Joy (喜悦),Class 1 Rescued: spoiled -> spoiled (Rescued into Joy (喜悦)),2. Class 2 Colloquial,Class 2: Colloquial Superlatives & Base Terms (128 Words)
shocked,shocked,8,感到震惊惊吓的,1c,1c. Post-Rescued NRC Covered: Class 1 Morphological Rescued Words (127 Words),Joy (喜悦),Class 1 Rescued: shocked -> shocked (Rescued into Joy (喜悦)),2. Class 2 Colloquial,Class 2: Colloquial Superlatives & Base Terms (128 Words)
poorly,poorly,8,糟糕地 / 差劲地,1c,1c. Post-Rescued NRC Covered: Class 1 Morphological Rescued Words (127 Words),Negative Polarity Only (仅负向),Class 1 Rescued: poorly -> poorly (Rescued into Negative Polarity Only (仅负向)),0. Direct NRC,Direct NRC Included (358 Words)
nerve,nerve,8,紧张神经,1c,1c. Post-Rescued NRC Covered: Class 1 Morphological Rescued Words (127 Words),Positive Polarity Only (仅正向),Class 1 Rescued: nerve -> nerve (Rescued into Positive Polarity Only (仅正向)),0. Direct NRC,Direct NRC Included (358 Words)
grace,grace,8,优雅 / 良好风度,1c,1c. Post-Rescued NRC Covered: Class 1 Morphological Rescued Words (127 Words),Positive Polarity Only (仅正向),Class 1 Rescued: grace -> grace (Rescued into Positive Polarity Only (仅正向)),0. Direct NRC,Direct NRC Included (358 Words)
frustration,frustration,8,挫败感 / 烦恼,1c,1c. Post-Rescued NRC Covered: Class 1 Morphological Rescued Words (127 Words),Anger (愤怒),Class 1 Rescued: frustration -> frustration (Rescued into Anger (愤怒)),0. Direct NRC,Direct NRC Included (358 Words)
frightened,frightened,8,感到受惊吓害怕的,1c,1c. Post-Rescued NRC Covered: Class 1 Morphological Rescued Words (127 Words),Fear (恐惧),Class 1 Rescued: frightened -> frightened (Rescued into Fear (恐惧)),0. Direct NRC,Direct NRC Included (358 Words)
exhilaration,exhilaration,8,极度兴奋快感,1c,1c. Post-Rescued NRC Covered: Class 1 Morphological Rescued Words (127 Words),Joy (喜悦),Class 1 Rescued: exhilaration -> exhilaration (Rescued into Joy (喜悦)),0. Direct NRC,Direct NRC Included (358 Words)
exhausted,exhausted,8,精疲力竭极为疲惫的,1c,1c. Post-Rescued NRC Covered: Class 1 Morphological Rescued Words (127 Words),Sadness (悲伤),Class 1 Rescued: exhausted -> exhausted (Rescued into Sadness (悲伤)),0. Direct NRC,Direct NRC Included (358 Words)
dissapointed,disappointed,8,感到失望的（错别字变体）,1c,1c. Post-Rescued NRC Covered: Class 1 Morphological Rescued Words (127 Words),Sadness (悲伤),Class 1 Rescued: dissapointed -> disappointed (Rescued into Sadness (悲伤)),1. Class 1 Morphological,Class 1: Participle & Morphological Variance Gaps (127 Words)
cherished,cherish,8,珍视铭记的,1c,1c. Post-Rescued NRC Covered: Class 1 Morphological Rescued Words (127 Words),Joy (喜悦),Class 1 Rescued: cherished -> cherish (Rescued into Joy (喜悦)),1. Class 1 Morphological,Class 1: Participle & Morphological Variance Gaps (127 Words)
annoyed,annoyed,8,感到烦恼的 / 恼火的,1c,1c. Post-Rescued NRC Covered: Class 1 Morphological Rescued Words (127 Words),Joy (喜悦),Class 1 Rescued: annoyed -> annoyed (Rescued into Joy (喜悦)),2. Class 2 Colloquial,Class 2: Colloquial Superlatives & Base Terms (128 Words)
strange,strange,7,怪异不安的,1c,1c. Post-Rescued NRC Covered: Class 1 Morphological Rescued Words (127 Words),Joy (喜悦),Class 1 Rescued: strange -> strange (Rescued into Joy (喜悦)),2. Class 2 Colloquial,Class 2: Colloquial Superlatives & Base Terms (128 Words)
reputable,reputable,7,信誉良好的,1c,1c. Post-Rescued NRC Covered: Class 1 Morphological Rescued Words (127 Words),Trust (信任),Class 1 Rescued: reputable -> reputable (Rescued into Trust (信任)),0. Direct NRC,Direct NRC Included (358 Words)
ridiculous,ridiculous,7,荒谬的 / 离谱的,1c,1c. Post-Rescued NRC Covered: Class 1 Morphological Rescued Words (127 Words),Disgust (厌恶),Class 1 Rescued: ridiculous -> ridiculous (Rescued into Disgust (厌恶)),0. Direct NRC,Direct NRC Included (358 Words)
rudely,rudely,7,粗鲁地 / 无礼地,1c,1c. Post-Rescued NRC Covered: Class 1 Morphological Rescued Words (127 Words),Joy (喜悦),Class 1 Rescued: rudely -> rudely (Rescued into Joy (喜悦)),2. Class 2 Colloquial,Class 2: Colloquial Superlatives & Base Terms (128 Words)
serenity,serenity,7,宁静 / 祥和,1c,1c. Post-Rescued NRC Covered: Class 1 Morphological Rescued Words (127 Words),Joy (喜悦),Class 1 Rescued: serenity -> serenity (Rescued into Joy (喜悦)),0. Direct NRC,Direct NRC Included (358 Words)
relieved,relieved,7,宽慰的 / 松了一口气,1c,1c. Post-Rescued NRC Covered: Class 1 Morphological Rescued Words (127 Words),Joy (喜悦),Class 1 Rescued: relieved -> relieved (Rescued into Joy (喜悦)),2. Class 2 Colloquial,Class 2: Colloquial Superlatives & Base Terms (128 Words)
suffered,suffered,7,遭受身体/晕眩痛苦,1c,1c. Post-Rescued NRC Covered: Class 1 Morphological Rescued Words (127 Words),Joy (喜悦),Class 1 Rescued: suffered -> suffered (Rescued into Joy (喜悦)),2. Class 2 Colloquial,Class 2: Colloquial Superlatives & Base Terms (128 Words)
unhappy,unhappy,7,不高兴不满意的,1c,1c. Post-Rescued NRC Covered: Class 1 Morphological Rescued Words (127 Words),Sadness (悲伤),Class 1 Rescued: unhappy -> unhappy (Rescued into Sadness (悲伤)),0. Direct NRC,Direct NRC Included (358 Words)
unpleasant,unpleasant,7,令人不快令人难受的,1c,1c. Post-Rescued NRC Covered: Class 1 Morphological Rescued Words (127 Words),Sadness (悲伤),Class 1 Rescued: unpleasant -> unpleasant (Rescued into Sadness (悲伤)),0. Direct NRC,Direct NRC Included (358 Words)
powerful,powerful,7,强烈的 / 感人的,1c,1c. Post-Rescued NRC Covered: Class 1 Morphological Rescued Words (127 Words),Joy (喜悦),Class 1 Rescued: powerful -> powerful (Rescued into Joy (喜悦)),0. Direct NRC,Direct NRC Included (358 Words)
worrying,worry,7,令人担心的,1c,1c. Post-Rescued NRC Covered: Class 1 Morphological Rescued Words (127 Words),Fear (恐惧),Class 1 Rescued: worrying -> worry (Rescued into Fear (恐惧)),0. Direct NRC,Direct NRC Included (358 Words)
weird,weird,7,古怪令人不安的,1c,1c. Post-Rescued NRC Covered: Class 1 Morphological Rescued Words (127 Words),Disgust (厌恶),Class 1 Rescued: weird -> weird (Rescued into Disgust (厌恶)),0. Direct NRC,Direct NRC Included (358 Words)
painful,painful,7,痛苦的 / 令人难受的,1c,1c. Post-Rescued NRC Covered: Class 1 Morphological Rescued Words (127 Words),Fear (恐惧),Class 1 Rescued: painful -> painful (Rescued into Fear (恐惧)),0. Direct NRC,Direct NRC Included (358 Words)
panic,panic,7,恐慌 / 惊恐状态,1c,1c. Post-Rescued NRC Covered: Class 1 Morphological Rescued Words (127 Words),Fear (恐惧),Class 1 Rescued: panic -> panic (Rescued into Fear (恐惧)),0. Direct NRC,Direct NRC Included (358 Words)
laughter,laughter,7,欢笑 / 笑声,1c,1c. Post-Rescued NRC Covered: Class 1 Morphological Rescued Words (127 Words),Joy (喜悦),Class 1 Rescued: laughter -> laughter (Rescued into Joy (喜悦)),0. Direct NRC,Direct NRC Included (358 Words)
hopeful,hopeful,7,怀抱希望的,1c,1c. Post-Rescued NRC Covered: Class 1 Morphological Rescued Words (127 Words),Joy (喜悦),Class 1 Rescued: hopeful -> hopeful (Rescued into Joy (喜悦)),0. Direct NRC,Direct NRC Included (358 Words)
hesitating,hesitating,7,犹豫顾虑（心理活动）,1c,1c. Post-Rescued NRC Covered: Class 1 Morphological Rescued Words (127 Words),Joy (喜悦),Class 1 Rescued: hesitating -> hesitating (Rescued into Joy (喜悦)),2. Class 2 Colloquial,Class 2: Colloquial Superlatives & Base Terms (128 Words)
gushing,gushing,7,滔滔不绝赞赞称道的,1c,1c. Post-Rescued NRC Covered: Class 1 Morphological Rescued Words (127 Words),Joy (喜悦),Class 1 Rescued: gushing -> gushing (Rescued into Joy (喜悦)),2. Class 2 Colloquial,Class 2: Colloquial Superlatives & Base Terms (128 Words)
exhilerating,exhilarating,7,令人兴奋刺激酣畅地（错别字变体）,1c,1c. Post-Rescued NRC Covered: Class 1 Morphological Rescued Words (127 Words),Joy (喜悦),Class 1 Rescued: exhilerating -> exhilarating (Rescued into Joy (喜悦)),2. Class 2 Colloquial,Class 2: Colloquial Superlatives & Base Terms (128 Words)
enthusiastically,enthusiastically,7,热情高涨地,1c,1c. Post-Rescued NRC Covered: Class 1 Morphological Rescued Words (127 Words),Joy (喜悦),Class 1 Rescued: enthusiastically -> enthusiastically (Rescued into Joy (喜悦)),2. Class 2 Colloquial,Class 2: Colloquial Superlatives & Base Terms (128 Words)
curious,curious,7,好奇求知的,1c,1c. Post-Rescued NRC Covered: Class 1 Morphological Rescued Words (127 Words),Joy (喜悦),Class 1 Rescued: curious -> curious (Rescued into Joy (喜悦)),2. Class 2 Colloquial,Class 2: Colloquial Superlatives & Base Terms (128 Words)
confusion,confusion,7,困惑 / 混乱,1c,1c. Post-Rescued NRC Covered: Class 1 Morphological Rescued Words (127 Words),Fear (恐惧),Class 1 Rescued: confusion -> confusion (Rescued into Fear (恐惧)),0. Direct NRC,Direct NRC Included (358 Words)
classy,classy,7,高端优雅的,1c,1c. Post-Rescued NRC Covered: Class 1 Morphological Rescued Words (127 Words),Joy (喜悦),Class 1 Rescued: classy -> classy (Rescued into Joy (喜悦)),2. Class 2 Colloquial,Class 2: Colloquial Superlatives & Base Terms (128 Words)
captivated,captivated,7,被深深吸引着迷的,1c,1c. Post-Rescued NRC Covered: Class 1 Morphological Rescued Words (127 Words),Joy (喜悦),Class 1 Rescued: captivated -> captivated (Rescued into Joy (喜悦)),2. Class 2 Colloquial,Class 2: Colloquial Superlatives & Base Terms (128 Words)
alas,alas,7,唉 / 遗憾的是,1c,1c. Post-Rescued NRC Covered: Class 1 Morphological Rescued Words (127 Words),Joy (喜悦),Class 1 Rescued: alas -> alas (Rescued into Joy (喜悦)),2. Class 2 Colloquial,Class 2: Colloquial Superlatives & Base Terms (128 Words)
reassurance,reassurance,6,令人放心的安抚感,1c,1c. Post-Rescued NRC Covered: Class 1 Morphological Rescued Words (127 Words),Trust (信任),Class 1 Rescued: reassurance -> reassurance (Rescued into Trust (信任)),0. Direct NRC,Direct NRC Included (358 Words)
inspirational,inspirational,6,鼓舞人心的,1c,1c. Post-Rescued NRC Covered: Class 1 Morphological Rescued Words (127 Words),Joy (喜悦),Class 1 Rescued: inspirational -> inspirational (Rescued into Joy (喜悦)),2. Class 2 Colloquial,Class 2: Colloquial Superlatives & Base Terms (128 Words)
jovial,jovial,6,欢快风趣的,1c,1c. Post-Rescued NRC Covered: Class 1 Morphological Rescued Words (127 Words),Joy (喜悦),Class 1 Rescued: jovial -> jovial (Rescued into Joy (喜悦)),0. Direct NRC,Direct NRC Included (358 Words)
precision,precision,6,精准靠谱的,1c,1c. Post-Rescued NRC Covered: Class 1 Morphological Rescued Words (127 Words),Positive Polarity Only (仅正向),Class 1 Rescued: precision -> precision (Rescued into Positive Polarity Only (仅正向)),0. Direct NRC,Direct NRC Included (358 Words)
gratitude,gratitude,6,感激 / 感恩,1c,1c. Post-Rescued NRC Covered: Class 1 Morphological Rescued Words (127 Words),Joy (喜悦),Class 1 Rescued: gratitude -> gratitude (Rescued into Joy (喜悦)),0. Direct NRC,Direct NRC Included (358 Words)
relief,relief,6,轻松如释重负感,1c,1c. Post-Rescued NRC Covered: Class 1 Morphological Rescued Words (127 Words),Positive Polarity Only (仅正向),Class 1 Rescued: relief -> relief (Rescued into Positive Polarity Only (仅正向)),0. Direct NRC,Direct NRC Included (358 Words)
sublime,sublime,6,崇高壮丽绝美的（Aesthetic Emotion/Awe）,1c,1c. Post-Rescued NRC Covered: Class 1 Morphological Rescued Words (127 Words),Joy (喜悦),Class 1 Rescued: sublime -> sublime (Rescued into Joy (喜悦)),3. Class 3 Domain,Class 3: Low-Altitude Domain Lexicon (17 Words) ⭐
timid,timid,6,胆怯害羞的,1c,1c. Post-Rescued NRC Covered: Class 1 Morphological Rescued Words (127 Words),Fear (恐惧),Class 1 Rescued: timid -> timid (Rescued into Fear (恐惧)),0. Direct NRC,Direct NRC Included (358 Words)
warmest,warmest,6,最暖心亲切的,1c,1c. Post-Rescued NRC Covered: Class 1 Morphological Rescued Words (127 Words),Joy (喜悦),Class 1 Rescued: warmest -> warmest (Rescued into Joy (喜悦)),2. Class 2 Colloquial,Class 2: Colloquial Superlatives & Base Terms (128 Words)
hug,hug,6,拥抱 / 温暖关怀,1c,1c. Post-Rescued NRC Covered: Class 1 Morphological Rescued Words (127 Words),Joy (喜悦),Class 1 Rescued: hug -> hug (Rescued into Joy (喜悦)),0. Direct NRC,Direct NRC Included (358 Words)
amaze,amaze,6,使惊叹 / 惊奇,1c,1c. Post-Rescued NRC Covered: Class 1 Morphological Rescued Words (127 Words),Surprise (惊喜),Class 1 Rescued: amaze -> amaze (Rescued into Surprise (惊喜)),0. Direct NRC,Direct NRC Included (358 Words)
frightening,frightening,6,令人惊恐吓人的,1c,1c. Post-Rescued NRC Covered: Class 1 Morphological Rescued Words (127 Words),Joy (喜悦),Class 1 Rescued: frightening -> frightening (Rescued into Joy (喜悦)),2. Class 2 Colloquial,Class 2: Colloquial Superlatives & Base Terms (128 Words)
calmer,calmer,6,更平静安心的,1c,1c. Post-Rescued NRC Covered: Class 1 Morphological Rescued Words (127 Words),Joy (喜悦),Class 1 Rescued: calmer -> calmer (Rescued into Joy (喜悦)),2. Class 2 Colloquial,Class 2: Colloquial Superlatives & Base Terms (128 Words)
appropriately,appropriately,6,恰当地 / 贴心地,2a,2a. Uncovered Domain Gap: Class 2 Web 2.0 Colloquial Superlatives (128 Words),CATE (Colloquial Superlative),Direct Exact Match: appropriately (CATE (Colloquial Superlative)),2. Class 2 Colloquial,Class 2: Colloquial Superlatives & Base Terms (128 Words)
blind,blind,6,盲目的 / 视线受阻的,2a,2a. Uncovered Domain Gap: Class 2 Web 2.0 Colloquial Superlatives (128 Words),Negative Polarity Only (仅负向),Direct Exact Match: blind (Negative Polarity Only (仅负向)),0. Direct NRC,Direct NRC Included (358 Words)
broad,broad,6,宽广的,2a,2a. Uncovered Domain Gap: Class 2 Web 2.0 Colloquial Superlatives (128 Words),CATE (Colloquial Superlative),Direct Exact Match: broad (CATE (Colloquial Superlative)),2. Class 2 Colloquial,Class 2: Colloquial Superlatives & Base Terms (128 Words)
fascinated,fascinated,6,深深入迷为之倾倒的,2a,2a. Uncovered Domain Gap: Class 2 Web 2.0 Colloquial Superlatives (128 Words),CATE (Colloquial Superlative),Direct Exact Match: fascinated (CATE (Colloquial Superlative)),2. Class 2 Colloquial,Class 2: Colloquial Superlatives & Base Terms (128 Words)
casual,casual,6,随和轻松的,2a,2a. Uncovered Domain Gap: Class 2 Web 2.0 Colloquial Superlatives (128 Words),CATE (Colloquial Superlative),Direct Exact Match: casual (CATE (Colloquial Superlative)),2. Class 2 Colloquial,Class 2: Colloquial Superlatives & Base Terms (128 Words)
discouraged,discouraged,6,感到灰心气馁的,2a,2a. Uncovered Domain Gap: Class 2 Web 2.0 Colloquial Superlatives (128 Words),CATE (Colloquial Superlative),Direct Exact Match: discouraged (CATE (Colloquial Superlative)),2. Class 2 Colloquial,Class 2: Colloquial Superlatives & Base Terms (128 Words)
enthralled,enthralled,6,被深深吸引迷住的,2a,2a. Uncovered Domain Gap: Class 2 Web 2.0 Colloquial Superlatives (128 Words),CATE (Colloquial Superlative),Direct Exact Match: enthralled (CATE (Colloquial Superlative)),2. Class 2 Colloquial,Class 2: Colloquial Superlatives & Base Terms (128 Words)
joyful,joyful,5,充满喜悦欢快的,2a,2a. Uncovered Domain Gap: Class 2 Web 2.0 Colloquial Superlatives (128 Words),Joy (喜悦),Direct Exact Match: joyful (Joy (喜悦)),0. Direct NRC,Direct NRC Included (358 Words)
wowed,wowed,5,被深深惊叹震撼的,2a,2a. Uncovered Domain Gap: Class 2 Web 2.0 Colloquial Superlatives (128 Words),CATE (Colloquial Superlative),Direct Exact Match: wowed (CATE (Colloquial Superlative)),2. Class 2 Colloquial,Class 2: Colloquial Superlatives & Base Terms (128 Words)
suprise,surprise,5,惊喜 / 意料之外（错别字变体）,2a,2a. Uncovered Domain Gap: Class 2 Web 2.0 Colloquial Superlatives (128 Words),Joy (喜悦),Morphological Mapping: suprise -> surprise (Joy (喜悦)),1. Class 1 Morphological,Class 1: Participle & Morphological Variance Gaps (127 Words)
stressful,stressful,5,令人压力重重焦虑的（Stress/Anxiety State）,2a,2a. Uncovered Domain Gap: Class 2 Web 2.0 Colloquial Superlatives (128 Words),CATE (Colloquial Superlative),Direct Exact Match: stressful (CATE (Colloquial Superlative)),2. Class 2 Colloquial,Class 2: Colloquial Superlatives & Base Terms (128 Words)
shock,shock,5,震惊 / 冲击,2a,2a. Uncovered Domain Gap: Class 2 Web 2.0 Colloquial Superlatives (128 Words),Fear (恐惧),Direct Exact Match: shock (Fear (恐惧)),0. Direct NRC,Direct NRC Included (358 Words)
scare,scare,5,吓人 / 引发恐慌的,2a,2a. Uncovered Domain Gap: Class 2 Web 2.0 Colloquial Superlatives (128 Words),Fear (恐惧),Direct Exact Match: scare (Fear (恐惧)),0. Direct NRC,Direct NRC Included (358 Words)
overwhelmingly,overwhelmingly,5,压倒性震撼地,2a,2a. Uncovered Domain Gap: Class 2 Web 2.0 Colloquial Superlatives (128 Words),CATE (Colloquial Superlative),Direct Exact Match: overwhelmingly (CATE (Colloquial Superlative)),2. Class 2 Colloquial,Class 2: Colloquial Superlatives & Base Terms (128 Words)
marveled,marvel,5,惊叹赞赏的,2a,2a. Uncovered Domain Gap: Class 2 Web 2.0 Colloquial Superlatives (128 Words),Surprise (惊喜),Morphological Mapping: marveled -> marvel (Surprise (惊喜)),1. Class 1 Morphological,Class 1: Participle & Morphological Variance Gaps (127 Words)
luscious,luscious,5,秀美令人心旷神怡的,2a,2a. Uncovered Domain Gap: Class 2 Web 2.0 Colloquial Superlatives (128 Words),Joy (喜悦),Direct Exact Match: luscious (Joy (喜悦)),0. Direct NRC,Direct NRC Included (358 Words)
pity,pity,5,遗憾 / 同情怜悯,2a,2a. Uncovered Domain Gap: Class 2 Web 2.0 Colloquial Superlatives (128 Words),Sadness (悲伤),Direct Exact Match: pity (Sadness (悲伤)),0. Direct NRC,Direct NRC Included (358 Words)
jitters,jitters,5,忐忑不安 / 紧张发抖感,2a,2a. Uncovered Domain Gap: Class 2 Web 2.0 Colloquial Superlatives (128 Words),CATE (Colloquial Superlative),Direct Exact Match: jitters (CATE (Colloquial Superlative)),3. Class 3 Domain,Class 3: Low-Altitude Domain Lexicon (17 Words) ⭐
hates,hate,5,厌恶 / 讨厌,2a,2a. Uncovered Domain Gap: Class 2 Web 2.0 Colloquial Superlatives (128 Words),Fear (恐惧),Morphological Mapping: hates -> hate (Fear (恐惧)),1. Class 1 Morphological,Class 1: Participle & Morphological Variance Gaps (127 Words)
hated,hate,5,讨厌 / 极为憎恶的,2a,2a. Uncovered Domain Gap: Class 2 Web 2.0 Colloquial Superlatives (128 Words),Fear (恐惧),Morphological Mapping: hated -> hate (Fear (恐惧)),1. Class 1 Morphological,Class 1: Participle & Morphological Variance Gaps (127 Words)
gloomy,gloomy,5,阴沉的 / 沮丧的,2a,2a. Uncovered Domain Gap: Class 2 Web 2.0 Colloquial Superlatives (128 Words),Sadness (悲伤),Direct Exact Match: gloomy (Sadness (悲伤)),0. Direct NRC,Direct NRC Included (358 Words)
faultless,faultless,5,无可挑剔完美的,2a,2a. Uncovered Domain Gap: Class 2 Web 2.0 Colloquial Superlatives (128 Words),Trust (信任),Direct Exact Match: faultless (Trust (信任)),0. Direct NRC,Direct NRC Included (358 Words)
envy,envy,5,羡慕 / 嫉妒,2a,2a. Uncovered Domain Gap: Class 2 Web 2.0 Colloquial Superlatives (128 Words),CATE (Colloquial Superlative),Direct Exact Match: envy (CATE (Colloquial Superlative)),2. Class 2 Colloquial,Class 2: Colloquial Superlatives & Base Terms (128 Words)
comforted,comforted,5,感到安慰安心的,2a,2a. Uncovered Domain Gap: Class 2 Web 2.0 Colloquial Superlatives (128 Words),CATE (Colloquial Superlative),Direct Exact Match: comforted (CATE (Colloquial Superlative)),2. Class 2 Colloquial,Class 2: Colloquial Superlatives & Base Terms (128 Words)
apprehension,apprehension,5,忧虑 / 疑虑不安,2a,2a. Uncovered Domain Gap: Class 2 Web 2.0 Colloquial Superlatives (128 Words),Fear (恐惧),Direct Exact Match: apprehension (Fear (恐惧)),0. Direct NRC,Direct NRC Included (358 Words)
intimidating,intimidating,5,令人胆怯令人畏惧的,2a,2a. Uncovered Domain Gap: Class 2 Web 2.0 Colloquial Superlatives (128 Words),CATE (Colloquial Superlative),Direct Exact Match: intimidating (CATE (Colloquial Superlative)),2. Class 2 Colloquial,Class 2: Colloquial Superlatives & Base Terms (128 Words)
tranquil,tranquil,4,清幽宁静的（Calmness/Serenity State）,2a,2a. Uncovered Domain Gap: Class 2 Web 2.0 Colloquial Superlatives (128 Words),Joy (喜悦),Direct Exact Match: tranquil (Joy (喜悦)),0. Direct NRC,Direct NRC Included (358 Words)
spellbinding,spellbinding,4,扣人心弦迷人的,2a,2a. Uncovered Domain Gap: Class 2 Web 2.0 Colloquial Superlatives (128 Words),CATE (Colloquial Superlative),Direct Exact Match: spellbinding (CATE (Colloquial Superlative)),3. Class 3 Domain,Class 3: Low-Altitude Domain Lexicon (17 Words) ⭐
spellbound,spellbound,4,出神为之入迷的,2a,2a. Uncovered Domain Gap: Class 2 Web 2.0 Colloquial Superlatives (128 Words),CATE (Colloquial Superlative),Direct Exact Match: spellbound (CATE (Colloquial Superlative)),2. Class 2 Colloquial,Class 2: Colloquial Superlatives & Base Terms (128 Words)
stoked,stoked,4,极为激动期待的,2a,2a. Uncovered Domain Gap: Class 2 Web 2.0 Colloquial Superlatives (128 Words),CATE (Colloquial Superlative),Direct Exact Match: stoked (CATE (Colloquial Superlative)),2. Class 2 Colloquial,Class 2: Colloquial Superlatives & Base Terms (128 Words)
subtle,subtle,4,微妙精细的,2a,2a. Uncovered Domain Gap: Class 2 Web 2.0 Colloquial Superlatives (128 Words),CATE (Colloquial Superlative),Direct Exact Match: subtle (CATE (Colloquial Superlative)),2. Class 2 Colloquial,Class 2: Colloquial Superlatives & Base Terms (128 Words)
suprised,surprised,4,感到惊喜惊讶的（错别字变体）,2a,2a. Uncovered Domain Gap: Class 2 Web 2.0 Colloquial Superlatives (128 Words),Surprise (惊喜),Morphological Mapping: suprised -> surprised (Surprise (惊喜)),1. Class 1 Morphological,Class 1: Participle & Morphological Variance Gaps (127 Words)
thrills,thrills,4,刺激 / 快感,2a,2a. Uncovered Domain Gap: Class 2 Web 2.0 Colloquial Superlatives (128 Words),CATE (Colloquial Superlative),Direct Exact Match: thrills (CATE (Colloquial Superlative)),2. Class 2 Colloquial,Class 2: Colloquial Superlatives & Base Terms (128 Words)
unnerving,unnerving,4,令人发慌不安吓人的,2a,2a. Uncovered Domain Gap: Class 2 Web 2.0 Colloquial Superlatives (128 Words),CATE (Colloquial Superlative),Direct Exact Match: unnerving (CATE (Colloquial Superlative)),3. Class 3 Domain,Class 3: Low-Altitude Domain Lexicon (17 Words) ⭐
tranquility,tranquility,4,宁静 / 平和,2a,2a. Uncovered Domain Gap: Class 2 Web 2.0 Colloquial Superlatives (128 Words),Joy (喜悦),Direct Exact Match: tranquility (Joy (喜悦)),0. Direct NRC,Direct NRC Included (358 Words)
underwhelmed,underwhelmed,4,大失所望未达预期的,2a,2a. Uncovered Domain Gap: Class 2 Web 2.0 Colloquial Superlatives (128 Words),CATE (Colloquial Superlative),Direct Exact Match: underwhelmed (CATE (Colloquial Superlative)),2. Class 2 Colloquial,Class 2: Colloquial Superlatives & Base Terms (128 Words)
unfair,unfair,4,不公平的 / 冤枉的,2a,2a. Uncovered Domain Gap: Class 2 Web 2.0 Colloquial Superlatives (128 Words),Sadness (悲伤),Direct Exact Match: unfair (Sadness (悲伤)),0. Direct NRC,Direct NRC Included (358 Words)
unfriendly,unfriendly,4,不友善的,2a,2a. Uncovered Domain Gap: Class 2 Web 2.0 Colloquial Superlatives (128 Words),Fear (恐惧),Direct Exact Match: unfriendly (Fear (恐惧)),0. Direct NRC,Direct NRC Included (358 Words)
wicked,wicked,4,太棒了 / 绝妙的,2a,2a. Uncovered Domain Gap: Class 2 Web 2.0 Colloquial Superlatives (128 Words),Fear (恐惧),Direct Exact Match: wicked (Fear (恐惧)),0. Direct NRC,Direct NRC Included (358 Words)
wildest,wildest,4,最疯狂的（狂想）,2a,2a. Uncovered Domain Gap: Class 2 Web 2.0 Colloquial Superlatives (128 Words),CATE (Colloquial Superlative),Direct Exact Match: wildest (CATE (Colloquial Superlative)),2. Class 2 Colloquial,Class 2: Colloquial Superlatives & Base Terms (128 Words)
profound,profound,4,深刻震撼的,2a,2a. Uncovered Domain Gap: Class 2 Web 2.0 Colloquial Superlatives (128 Words),CATE (Colloquial Superlative),Direct Exact Match: profound (CATE (Colloquial Superlative)),2. Class 2 Colloquial,Class 2: Colloquial Superlatives & Base Terms (128 Words)
regretting,regret,4,感到后悔遗憾的,2a,2a. Uncovered Domain Gap: Class 2 Web 2.0 Colloquial Superlatives (128 Words),Sadness (悲伤),Morphological Mapping: regretting -> regret (Sadness (悲伤)),0. Direct NRC,Direct NRC Included (358 Words)
nasty,nasty,4,令人厌恶的 / 恶劣的,2a,2a. Uncovered Domain Gap: Class 2 Web 2.0 Colloquial Superlatives (128 Words),Fear (恐惧),Direct Exact Match: nasty (Fear (恐惧)),0. Direct NRC,Direct NRC Included (358 Words)
pleasing,pleasing,4,令人愉悦满意的,2a,2a. Uncovered Domain Gap: Class 2 Web 2.0 Colloquial Superlatives (128 Words),CATE (Colloquial Superlative),Direct Exact Match: pleasing (CATE (Colloquial Superlative)),2. Class 2 Colloquial,Class 2: Colloquial Superlatives & Base Terms (128 Words)
frustrated,frustrated,4,感到沮丧的 / 挫败的,2a,2a. Uncovered Domain Gap: Class 2 Web 2.0 Colloquial Superlatives (128 Words),Anger (愤怒),Direct Exact Match: frustrated (Anger (愤怒)),0. Direct NRC,Direct NRC Included (358 Words)
captivating,captivating,4,扣人心弦引人入胜的,2a,2a. Uncovered Domain Gap: Class 2 Web 2.0 Colloquial Superlatives (128 Words),Positive Polarity Only (仅正向),Direct Exact Match: captivating (Positive Polarity Only (仅正向)),0. Direct NRC,Direct NRC Included (358 Words)
phobia,phobia,4,恐惧症 / 恐高心理,2a,2a. Uncovered Domain Gap: Class 2 Web 2.0 Colloquial Superlatives (128 Words),CATE (Colloquial Superlative),Direct Exact Match: phobia (CATE (Colloquial Superlative)),3. Class 3 Domain,Class 3: Low-Altitude Domain Lexicon (17 Words) ⭐
disconcerting,disconcerting,4,令人不安的,2a,2a. Uncovered Domain Gap: Class 2 Web 2.0 Colloquial Superlatives (128 Words),CATE (Colloquial Superlative),Direct Exact Match: disconcerting (CATE (Colloquial Superlative)),2. Class 2 Colloquial,Class 2: Colloquial Superlatives & Base Terms (128 Words)
dreaded,dread,4,令人害怕恐惧的 / 提心吊胆,2a,2a. Uncovered Domain Gap: Class 2 Web 2.0 Colloquial Superlatives (128 Words),Fear (恐惧),Morphological Mapping: dreaded -> dread (Fear (恐惧)),1. Class 1 Morphological,Class 1: Participle & Morphological Variance Gaps (127 Words)
dreading,dread,4,感到十分恐惧担心的,2a,2a. Uncovered Domain Gap: Class 2 Web 2.0 Colloquial Superlatives (128 Words),Fear (恐惧),Morphological Mapping: dreading -> dread (Fear (恐惧)),1. Class 1 Morphological,Class 1: Participle & Morphological Variance Gaps (127 Words)
emotion,emotion,4,情感 / 情绪,2a,2a. Uncovered Domain Gap: Class 2 Web 2.0 Colloquial Superlatives (128 Words),CATE (Colloquial Superlative),Direct Exact Match: emotion (CATE (Colloquial Superlative)),2. Class 2 Colloquial,Class 2: Colloquial Superlatives & Base Terms (128 Words)
exhilarated,exhilarated,4,感到无比兴奋酣畅的,2a,2a. Uncovered Domain Gap: Class 2 Web 2.0 Colloquial Superlatives (128 Words),CATE (Colloquial Superlative),Direct Exact Match: exhilarated (CATE (Colloquial Superlative)),2. Class 2 Colloquial,Class 2: Colloquial Superlatives & Base Terms (128 Words)
embarrassed,embarrassed,4,感到尴尬难堪的,2a,2a. Uncovered Domain Gap: Class 2 Web 2.0 Colloquial Superlatives (128 Words),CATE (Colloquial Superlative),Direct Exact Match: embarrassed (CATE (Colloquial Superlative)),2. Class 2 Colloquial,Class 2: Colloquial Superlatives & Base Terms (128 Words)
giddy,giddy,4,兴奋得头晕目眩欢欣的,2a,2a. Uncovered Domain Gap: Class 2 Web 2.0 Colloquial Superlatives (128 Words),CATE (Colloquial Superlative),Direct Exact Match: giddy (CATE (Colloquial Superlative)),2. Class 2 Colloquial,Class 2: Colloquial Superlatives & Base Terms (128 Words)
hungry,hungry,4,贪婪的（money hungry）,2a,2a. Uncovered Domain Gap: Class 2 Web 2.0 Colloquial Superlatives (128 Words),Anticipation (期待),Direct Exact Match: hungry (Anticipation (期待)),0. Direct NRC,Direct NRC Included (358 Words)
irritated,irritated,4,感到恼火烦躁的,2a,2a. Uncovered Domain Gap: Class 2 Web 2.0 Colloquial Superlatives (128 Words),CATE (Colloquial Superlative),Direct Exact Match: irritated (CATE (Colloquial Superlative)),2. Class 2 Colloquial,Class 2: Colloquial Superlatives & Base Terms (128 Words)
irritating,irritating,4,令人烦躁恼火的,2a,2a. Uncovered Domain Gap: Class 2 Web 2.0 Colloquial Superlatives (128 Words),Disgust (厌恶),Direct Exact Match: irritating (Disgust (厌恶)),0. Direct NRC,Direct NRC Included (358 Words)
ominous,ominous,4,不详的 / 不妙的,2a,2a. Uncovered Domain Gap: Class 2 Web 2.0 Colloquial Superlatives (128 Words),Fear (恐惧),Direct Exact Match: ominous (Fear (恐惧)),0. Direct NRC,Direct NRC Included (358 Words)
peacefulness,peacefulness,4,宁静详和感,2a,2a. Uncovered Domain Gap: Class 2 Web 2.0 Colloquial Superlatives (128 Words),CATE (Colloquial Superlative),Direct Exact Match: peacefulness (CATE (Colloquial Superlative)),2. Class 2 Colloquial,Class 2: Colloquial Superlatives & Base Terms (128 Words)
reassure,reassure,3,使人感到安心放心的,2a,2a. Uncovered Domain Gap: Class 2 Web 2.0 Colloquial Superlatives (128 Words),Trust (信任),Direct Exact Match: reassure (Trust (信任)),0. Direct NRC,Direct NRC Included (358 Words)
heartfelt,heartfelt,3,真挚的 / 出自内心的,2a,2a. Uncovered Domain Gap: Class 2 Web 2.0 Colloquial Superlatives (128 Words),Joy (喜悦),Direct Exact Match: heartfelt (Joy (喜悦)),0. Direct NRC,Direct NRC Included (358 Words)
horribly,horrible,3,糟糕恐怖地,2a,2a. Uncovered Domain Gap: Class 2 Web 2.0 Colloquial Superlatives (128 Words),Fear (恐惧),Morphological Mapping: horribly -> horrible (Fear (恐惧)),0. Direct NRC,Direct NRC Included (358 Words)
incomprehensible,incomprehensible,3,难以理解令人困惑的,2a,2a. Uncovered Domain Gap: Class 2 Web 2.0 Colloquial Superlatives (128 Words),Negative Polarity Only (仅负向),Direct Exact Match: incomprehensible (Negative Polarity Only (仅负向)),0. Direct NRC,Direct NRC Included (358 Words)
indulge,indulge,3,尽情享受 / 犒劳自己,2a,2a. Uncovered Domain Gap: Class 2 Web 2.0 Colloquial Superlatives (128 Words),CATE (Colloquial Superlative),Direct Exact Match: indulge (CATE (Colloquial Superlative)),2. Class 2 Colloquial,Class 2: Colloquial Superlatives & Base Terms (128 Words)
joking,joking,3,开玩笑的,2a,2a. Uncovered Domain Gap: Class 2 Web 2.0 Colloquial Superlatives (128 Words),Positive Polarity Only (仅正向),Direct Exact Match: joking (Positive Polarity Only (仅正向)),0. Direct NRC,Direct NRC Included (358 Words)
marvelously,marvelously,3,奇妙极其出色地,2a,2a. Uncovered Domain Gap: Class 2 Web 2.0 Colloquial Superlatives (128 Words),Joy (喜悦),Direct Exact Match: marvelously (Joy (喜悦)),0. Direct NRC,Direct NRC Included (358 Words)
overjoyed,overjoyed,3,欣喜若狂的,2a,2a. Uncovered Domain Gap: Class 2 Web 2.0 Colloquial Superlatives (128 Words),Joy (喜悦),Direct Exact Match: overjoyed (Joy (喜悦)),0. Direct NRC,Direct NRC Included (358 Words)
peacefully,peacefully,3,宁静和平地,2a,2a. Uncovered Domain Gap: Class 2 Web 2.0 Colloquial Superlatives (128 Words),CATE (Colloquial Superlative),Direct Exact Match: peacefully (CATE (Colloquial Superlative)),2. Class 2 Colloquial,Class 2: Colloquial Superlatives & Base Terms (128 Words)
sympathy,sympathy,3,同情 / 体谅,2a,2a. Uncovered Domain Gap: Class 2 Web 2.0 Colloquial Superlatives (128 Words),Sadness (悲伤),Direct Exact Match: sympathy (Sadness (悲伤)),0. Direct NRC,Direct NRC Included (358 Words)
remorse,remorse,3,懊悔 / 悔恨,2a,2a. Uncovered Domain Gap: Class 2 Web 2.0 Colloquial Superlatives (128 Words),Sadness (悲伤),Direct Exact Match: remorse (Sadness (悲伤)),0. Direct NRC,Direct NRC Included (358 Words)
rickety,rickety,3,摇摇欲坠的,2a,2a. Uncovered Domain Gap: Class 2 Web 2.0 Colloquial Superlatives (128 Words),Negative Polarity Only (仅负向),Direct Exact Match: rickety (Negative Polarity Only (仅负向)),0. Direct NRC,Direct NRC Included (358 Words)
scaring,scare,3,使人害怕恐惧的,2a,2a. Uncovered Domain Gap: Class 2 Web 2.0 Colloquial Superlatives (128 Words),Fear (恐惧),Morphological Mapping: scaring -> scare (Fear (恐惧)),1. Class 1 Morphological,Class 1: Participle & Morphological Variance Gaps (127 Words)
securely,securely,3,安全平稳地,2a,2a. Uncovered Domain Gap: Class 2 Web 2.0 Colloquial Superlatives (128 Words),CATE (Colloquial Superlative),Direct Exact Match: securely (CATE (Colloquial Superlative)),2. Class 2 Colloquial,Class 2: Colloquial Superlatives & Base Terms (128 Words)
sickening,sickening,3,令人作呕恶心的,2a,2a. Uncovered Domain Gap: Class 2 Web 2.0 Colloquial Superlatives (128 Words),Fear (恐惧),Direct Exact Match: sickening (Fear (恐惧)),0. Direct NRC,Direct NRC Included (358 Words)
spoilt,spoilt,3,被破坏败兴的,2a,2a. Uncovered Domain Gap: Class 2 Web 2.0 Colloquial Superlatives (128 Words),CATE (Colloquial Superlative),Direct Exact Match: spoilt (CATE (Colloquial Superlative)),2. Class 2 Colloquial,Class 2: Colloquial Superlatives & Base Terms (128 Words)
uneasiness,uneasiness,3,不安 / 忐忑感,2a,2a. Uncovered Domain Gap: Class 2 Web 2.0 Colloquial Superlatives (128 Words),Sadness (悲伤),Direct Exact Match: uneasiness (Sadness (悲伤)),0. Direct NRC,Direct NRC Included (358 Words)
unsettled,unsettled,3,心神不宁忐忑的,2a,2a. Uncovered Domain Gap: Class 2 Web 2.0 Colloquial Superlatives (128 Words),Fear (恐惧),Direct Exact Match: unsettled (Fear (恐惧)),0. Direct NRC,Direct NRC Included (358 Words)
happiness,happiness,3,幸福快乐感,2a,2a. Uncovered Domain Gap: Class 2 Web 2.0 Colloquial Superlatives (128 Words),Joy (喜悦),Direct Exact Match: happiness (Joy (喜悦)),0. Direct NRC,Direct NRC Included (358 Words)
harrowing,harrowing,3,令人触目惊心惊恐的,2a,2a. Uncovered Domain Gap: Class 2 Web 2.0 Colloquial Superlatives (128 Words),Fear (恐惧),Direct Exact Match: harrowing (Fear (恐惧)),0. Direct NRC,Direct NRC Included (358 Words)
curiosity,curiosity,3,好奇心 / 探索欲,2a,2a. Uncovered Domain Gap: Class 2 Web 2.0 Colloquial Superlatives (128 Words),Surprise (惊喜),Direct Exact Match: curiosity (Surprise (惊喜)),0. Direct NRC,Direct NRC Included (358 Words)
guilty,guilty,3,内疚内疚感,2a,2a. Uncovered Domain Gap: Class 2 Web 2.0 Colloquial Superlatives (128 Words),Sadness (悲伤),Direct Exact Match: guilty (Sadness (悲伤)),0. Direct NRC,Direct NRC Included (358 Words)
carefree,carefree,3,无忧无虑自在的,2a,2a. Uncovered Domain Gap: Class 2 Web 2.0 Colloquial Superlatives (128 Words),CATE (Colloquial Superlative),Direct Exact Match: carefree (CATE (Colloquial Superlative)),2. Class 2 Colloquial,Class 2: Colloquial Superlatives & Base Terms (128 Words)
ecstasy,ecstasy,3,狂喜 / 极乐状态,2a,2a. Uncovered Domain Gap: Class 2 Web 2.0 Colloquial Superlatives (128 Words),Joy (喜悦),Direct Exact Match: ecstasy (Joy (喜悦)),0. Direct NRC,Direct NRC Included (358 Words)
aggressively,aggressively,3,挑衅攻击地 / 极其恶劣地,2a,2a. Uncovered Domain Gap: Class 2 Web 2.0 Colloquial Superlatives (128 Words),CATE (Colloquial Superlative),Direct Exact Match: aggressively (CATE (Colloquial Superlative)),2. Class 2 Colloquial,Class 2: Colloquial Superlatives & Base Terms (128 Words)
ambivalent,ambivalent,3,矛盾复杂心理的,2a,2a. Uncovered Domain Gap: Class 2 Web 2.0 Colloquial Superlatives (128 Words),CATE (Colloquial Superlative),Direct Exact Match: ambivalent (CATE (Colloquial Superlative)),2. Class 2 Colloquial,Class 2: Colloquial Superlatives & Base Terms (128 Words)
apprehensions,apprehension,3,顾虑 / 忧虑不安,2a,2a. Uncovered Domain Gap: Class 2 Web 2.0 Colloquial Superlatives (128 Words),Fear (恐惧),Morphological Mapping: apprehensions -> apprehension (Fear (恐惧)),1. Class 1 Morphological,Class 1: Participle & Morphological Variance Gaps (127 Words)
aprehensive,apprehensive,3,感到忧虑不安的（错别字变体）,2a,2a. Uncovered Domain Gap: Class 2 Web 2.0 Colloquial Superlatives (128 Words),Fear (恐惧),Morphological Mapping: aprehensive -> apprehensive (Fear (恐惧)),1. Class 1 Morphological,Class 1: Participle & Morphological Variance Gaps (127 Words)
astonished,astonished,3,感到十分惊异惊叹的,2a,2a. Uncovered Domain Gap: Class 2 Web 2.0 Colloquial Superlatives (128 Words),CATE (Colloquial Superlative),Direct Exact Match: astonished (CATE (Colloquial Superlative)),2. Class 2 Colloquial,Class 2: Colloquial Superlatives & Base Terms (128 Words)
beneficial,beneficial,3,有益的 / 有帮助的,2a,2a. Uncovered Domain Gap: Class 2 Web 2.0 Colloquial Superlatives (128 Words),Positive Polarity Only (仅正向),Direct Exact Match: beneficial (Positive Polarity Only (仅正向)),0. Direct NRC,Direct NRC Included (358 Words)
candid,candid,3,坦率真诚的,2a,2a. Uncovered Domain Gap: Class 2 Web 2.0 Colloquial Superlatives (128 Words),Joy (喜悦),Direct Exact Match: candid (Joy (喜悦)),0. Direct NRC,Direct NRC Included (358 Words)
astounded,astounded,3,感到十分震惊震撼的,2a,2a. Uncovered Domain Gap: Class 2 Web 2.0 Colloquial Superlatives (128 Words),CATE (Colloquial Superlative),Direct Exact Match: astounded (CATE (Colloquial Superlative)),2. Class 2 Colloquial,Class 2: Colloquial Superlatives & Base Terms (128 Words)
cheer,cheer,3,振奋 / 欢呼,2a,2a. Uncovered Domain Gap: Class 2 Web 2.0 Colloquial Superlatives (128 Words),Joy (喜悦),Direct Exact Match: cheer (Joy (喜悦)),0. Direct NRC,Direct NRC Included (358 Words)
deaf,deaf,3,听而不闻冷漠的（fell on deaf ears）,2a,2a. Uncovered Domain Gap: Class 2 Web 2.0 Colloquial Superlatives (128 Words),Negative Polarity Only (仅负向),Direct Exact Match: deaf (Negative Polarity Only (仅负向)),0. Direct NRC,Direct NRC Included (358 Words)
dreaming,dreaming,3,梦寐以求 / 心驰神往,2a,2a. Uncovered Domain Gap: Class 2 Web 2.0 Colloquial Superlatives (128 Words),CATE (Colloquial Superlative),Direct Exact Match: dreaming (CATE (Colloquial Superlative)),2. Class 2 Colloquial,Class 2: Colloquial Superlatives & Base Terms (128 Words)
compassion,compassion,3,同理心 / 关切,2a,2a. Uncovered Domain Gap: Class 2 Web 2.0 Colloquial Superlatives (128 Words),Fear (恐惧),Direct Exact Match: compassion (Fear (恐惧)),0. Direct NRC,Direct NRC Included (358 Words)
disappointingly,disappointed,3,令人失望地,2a,2a. Uncovered Domain Gap: Class 2 Web 2.0 Colloquial Superlatives (128 Words),Sadness (悲伤),Morphological Mapping: disappointingly -> disappointed (Sadness (悲伤)),1. Class 1 Morphological,Class 1: Participle & Morphological Variance Gaps (127 Words)
dissatisfied,dissatisfied,3,感到不满意的,2a,2a. Uncovered Domain Gap: Class 2 Web 2.0 Colloquial Superlatives (128 Words),CATE (Colloquial Superlative),Direct Exact Match: dissatisfied (CATE (Colloquial Superlative)),2. Class 2 Colloquial,Class 2: Colloquial Superlatives & Base Terms (128 Words)
dazzled,dazzled,3,目眩神迷震撼的,2a,2a. Uncovered Domain Gap: Class 2 Web 2.0 Colloquial Superlatives (128 Words),CATE (Colloquial Superlative),Direct Exact Match: dazzled (CATE (Colloquial Superlative)),2. Class 2 Colloquial,Class 2: Colloquial Superlatives & Base Terms (128 Words)
daunting,daunting,3,令人望而生畏胆怯的,2a,2a. Uncovered Domain Gap: Class 2 Web 2.0 Colloquial Superlatives (128 Words),CATE (Colloquial Superlative),Direct Exact Match: daunting (CATE (Colloquial Superlative)),2. Class 2 Colloquial,Class 2: Colloquial Superlatives & Base Terms (128 Words)
compassionate,compassionate,3,富有同理心体贴的,2a,2a. Uncovered Domain Gap: Class 2 Web 2.0 Colloquial Superlatives (128 Words),Positive Polarity Only (仅正向),Direct Exact Match: compassionate (Positive Polarity Only (仅正向)),0. Direct NRC,Direct NRC Included (358 Words)
humility,humility,2,谦逊贴心,2a,2a. Uncovered Domain Gap: Class 2 Web 2.0 Colloquial Superlatives (128 Words),Trust (信任),Direct Exact Match: humility (Trust (信任)),0. Direct NRC,Direct NRC Included (358 Words)
threaten,threaten,2,受到威胁/令人不安的,2a,2a. Uncovered Domain Gap: Class 2 Web 2.0 Colloquial Superlatives (128 Words),Fear (恐惧),Direct Exact Match: threaten (Fear (恐惧)),0. Direct NRC,Direct NRC Included (358 Words)
suffering,suffering,2,受苦受难不适,2a,2a. Uncovered Domain Gap: Class 2 Web 2.0 Colloquial Superlatives (128 Words),Fear (恐惧),Direct Exact Match: suffering (Fear (恐惧)),0. Direct NRC,Direct NRC Included (358 Words)
squeamish,squeamish,2,胆怯恶心体质易受惊的,2a,2a. Uncovered Domain Gap: Class 2 Web 2.0 Colloquial Superlatives (128 Words),Fear (恐惧),Direct Exact Match: squeamish (Fear (恐惧)),0. Direct NRC,Direct NRC Included (358 Words)
rigid,rigid,2,刻板不近人情的,2a,2a. Uncovered Domain Gap: Class 2 Web 2.0 Colloquial Superlatives (128 Words),Negative Polarity Only (仅负向),Direct Exact Match: rigid (Negative Polarity Only (仅负向)),0. Direct NRC,Direct NRC Included (358 Words)
pumped,pumped,2,兴奋激动的 / 跃跃欲试,2a,2a. Uncovered Domain Gap: Class 2 Web 2.0 Colloquial Superlatives (128 Words),CATE (Colloquial Superlative),Direct Exact Match: pumped (CATE (Colloquial Superlative)),2. Class 2 Colloquial,Class 2: Colloquial Superlatives & Base Terms (128 Words)
positively,positively,2,积极正面地,2a,2a. Uncovered Domain Gap: Class 2 Web 2.0 Colloquial Superlatives (128 Words),CATE (Colloquial Superlative),Direct Exact Match: positively (CATE (Colloquial Superlative)),2. Class 2 Colloquial,Class 2: Colloquial Superlatives & Base Terms (128 Words)
offensive,offensive,2,冒犯的 / 令人不适的,2a,2a. Uncovered Domain Gap: Class 2 Web 2.0 Colloquial Superlatives (128 Words),Disgust (厌恶),Direct Exact Match: offensive (Disgust (厌恶)),0. Direct NRC,Direct NRC Included (358 Words)
primo,primo,2,一流的 / 顶级的,2a,2a. Uncovered Domain Gap: Class 2 Web 2.0 Colloquial Superlatives (128 Words),CATE (Colloquial Superlative),Direct Exact Match: primo (CATE (Colloquial Superlative)),2. Class 2 Colloquial,Class 2: Colloquial Superlatives & Base Terms (128 Words)
favourable,favourable,2,有利的 / 良好的,2a,2a. Uncovered Domain Gap: Class 2 Web 2.0 Colloquial Superlatives (128 Words),CATE (Colloquial Superlative),Direct Exact Match: favourable (CATE (Colloquial Superlative)),2. Class 2 Colloquial,Class 2: Colloquial Superlatives & Base Terms (128 Words)
desperate,desperate,2,感到绝望迫切的,2a,2a. Uncovered Domain Gap: Class 2 Web 2.0 Colloquial Superlatives (128 Words),Negative Polarity Only (仅负向),Direct Exact Match: desperate (Negative Polarity Only (仅负向)),0. Direct NRC,Direct NRC Included (358 Words)
darling,darling,2,可爱的 / 亲切的,2a,2a. Uncovered Domain Gap: Class 2 Web 2.0 Colloquial Superlatives (128 Words),Joy (喜悦),Direct Exact Match: darling (Joy (喜悦)),0. Direct NRC,Direct NRC Included (358 Words)
compliant,compliant,2,顺从的 / 合规安心的,2a,2a. Uncovered Domain Gap: Class 2 Web 2.0 Colloquial Superlatives (128 Words),Positive Polarity Only (仅正向),Direct Exact Match: compliant (Positive Polarity Only (仅正向)),0. Direct NRC,Direct NRC Included (358 Words)
clever,clever,2,聪明睿智的,2a,2a. Uncovered Domain Gap: Class 2 Web 2.0 Colloquial Superlatives (128 Words),Positive Polarity Only (仅正向),Direct Exact Match: clever (Positive Polarity Only (仅正向)),0. Direct NRC,Direct NRC Included (358 Words)
bothering,bothering,2,打扰令人烦心的,2a,2a. Uncovered Domain Gap: Class 2 Web 2.0 Colloquial Superlatives (128 Words),Sadness (悲伤),Direct Exact Match: bothering (Sadness (悲伤)),0. Direct NRC,Direct NRC Included (358 Words)
animated,animated,2,生动的 / 活力充沛的,2a,2a. Uncovered Domain Gap: Class 2 Web 2.0 Colloquial Superlatives (128 Words),Joy (喜悦),Direct Exact Match: animated (Joy (喜悦)),0. Direct NRC,Direct NRC Included (358 Words)
agreeable,agreeable,2,宜人的 / 令人满意的,2a,2a. Uncovered Domain Gap: Class 2 Web 2.0 Colloquial Superlatives (128 Words),Trust (信任),Direct Exact Match: agreeable (Trust (信任)),0. Direct NRC,Direct NRC Included (358 Words)
exhausting,exhausting,2,令人筋疲力尽的,2a,2a. Uncovered Domain Gap: Class 2 Web 2.0 Colloquial Superlatives (128 Words),CATE (Colloquial Superlative),Direct Exact Match: exhausting (CATE (Colloquial Superlative)),2. Class 2 Colloquial,Class 2: Colloquial Superlatives & Base Terms (128 Words)
shady,shady,1,可疑不诚信的,2a,2a. Uncovered Domain Gap: Class 2 Web 2.0 Colloquial Superlatives (128 Words),Fear (恐惧),Direct Exact Match: shady (Fear (恐惧)),0. Direct NRC,Direct NRC Included (358 Words)
quell,quell,1,镇定 / 平息（恐惧）,2a,2a. Uncovered Domain Gap: Class 2 Web 2.0 Colloquial Superlatives (128 Words),Negative Polarity Only (仅负向),Direct Exact Match: quell (Negative Polarity Only (仅负向)),0. Direct NRC,Direct NRC Included (358 Words)
racist,racist,1,种族歧视的,2a,2a. Uncovered Domain Gap: Class 2 Web 2.0 Colloquial Superlatives (128 Words),CATE (Colloquial Superlative),Direct Exact Match: racist (CATE (Colloquial Superlative)),2. Class 2 Colloquial,Class 2: Colloquial Superlatives & Base Terms (128 Words)
regrettably,regrettably,1,遗憾地 / 抱歉,2a,2a. Uncovered Domain Gap: Class 2 Web 2.0 Colloquial Superlatives (128 Words),CATE (Colloquial Superlative),Direct Exact Match: regrettably (CATE (Colloquial Superlative)),2. Class 2 Colloquial,Class 2: Colloquial Superlatives & Base Terms (128 Words)
reward,reward,1,赏心悦目的奖赏体验,2a,2a. Uncovered Domain Gap: Class 2 Web 2.0 Colloquial Superlatives (128 Words),Joy (喜悦),Direct Exact Match: reward (Joy (喜悦)),0. Direct NRC,Direct NRC Included (358 Words)
wasbeautiful,wasbeautiful,1,美丽动人的（美感）,2a,2a. Uncovered Domain Gap: Class 2 Web 2.0 Colloquial Superlatives (128 Words),CATE (Colloquial Superlative),Direct Exact Match: wasbeautiful (CATE (Colloquial Superlative)),2. Class 2 Colloquial,Class 2: Colloquial Superlatives & Base Terms (128 Words)
truthful,truthful,1,真实可信的,2a,2a. Uncovered Domain Gap: Class 2 Web 2.0 Colloquial Superlatives (128 Words),Trust (信任),Direct Exact Match: truthful (Trust (信任)),0. Direct NRC,Direct NRC Included (358 Words)
ungodly,ungodly,1,糟糕恶劣的,2a,2a. Uncovered Domain Gap: Class 2 Web 2.0 Colloquial Superlatives (128 Words),Sadness (悲伤),Direct Exact Match: ungodly (Sadness (悲伤)),0. Direct NRC,Direct NRC Included (358 Words)
unwell,unwell,1,身体不适的,2a,2a. Uncovered Domain Gap: Class 2 Web 2.0 Colloquial Superlatives (128 Words),Sadness (悲伤),Direct Exact Match: unwell (Sadness (悲伤)),0. Direct NRC,Direct NRC Included (358 Words)
immeasurable,immeasurable,1,无法估量的 / 极致的,2a,2a. Uncovered Domain Gap: Class 2 Web 2.0 Colloquial Superlatives (128 Words),CATE (Colloquial Superlative),Direct Exact Match: immeasurable (CATE (Colloquial Superlative)),2. Class 2 Colloquial,Class 2: Colloquial Superlatives & Base Terms (128 Words)
whelmed,whelmed,1,被深深震撼淹没的,2b,2b. Uncovered Domain Gap: Class 3 Low-Altitude Domain Lexicon (17 Words),CATE (Low-Altitude Domain Lexicon),Direct Exact Match: whelmed (CATE (Low-Altitude Domain Lexicon)),2. Class 2 Colloquial,Class 2: Colloquial Superlatives & Base Terms (128 Words)
worthful,worthful,1,物有所值的,2b,2b. Uncovered Domain Gap: Class 3 Low-Altitude Domain Lexicon (17 Words),CATE (Low-Altitude Domain Lexicon),Direct Exact Match: worthful (CATE (Low-Altitude Domain Lexicon)),2. Class 2 Colloquial,Class 2: Colloquial Superlatives & Base Terms (128 Words)
miraculously,miraculously,1,奇迹般地,2b,2b. Uncovered Domain Gap: Class 3 Low-Altitude Domain Lexicon (17 Words),CATE (Low-Altitude Domain Lexicon),Direct Exact Match: miraculously (CATE (Low-Altitude Domain Lexicon)),2. Class 2 Colloquial,Class 2: Colloquial Superlatives & Base Terms (128 Words)
grumpy,grumpy,1,脾气暴躁的 / 不悦的,2b,2b. Uncovered Domain Gap: Class 3 Low-Altitude Domain Lexicon (17 Words),Sadness (悲伤),Direct Exact Match: grumpy (Sadness (悲伤)),0. Direct NRC,Direct NRC Included (358 Words)
hostile,hostile,1,敌意的 / 恶劣的,2b,2b. Uncovered Domain Gap: Class 3 Low-Altitude Domain Lexicon (17 Words),Fear (恐惧),Direct Exact Match: hostile (Fear (恐惧)),0. Direct NRC,Direct NRC Included (358 Words)
hazardous,hazardous,1,危险的 / 有隐患的,2b,2b. Uncovered Domain Gap: Class 3 Low-Altitude Domain Lexicon (17 Words),Fear (恐惧),Direct Exact Match: hazardous (Fear (恐惧)),0. Direct NRC,Direct NRC Included (358 Words)
harsh,harsh,1,严酷恶劣的,2b,2b. Uncovered Domain Gap: Class 3 Low-Altitude Domain Lexicon (17 Words),CATE (Low-Altitude Domain Lexicon),Direct Exact Match: harsh (CATE (Low-Altitude Domain Lexicon)),2. Class 2 Colloquial,Class 2: Colloquial Superlatives & Base Terms (128 Words)
grandest,grandest,1,最宏大的 / 极其壮丽的,2b,2b. Uncovered Domain Gap: Class 3 Low-Altitude Domain Lexicon (17 Words),CATE (Low-Altitude Domain Lexicon),Direct Exact Match: grandest (CATE (Low-Altitude Domain Lexicon)),2. Class 2 Colloquial,Class 2: Colloquial Superlatives & Base Terms (128 Words)
gloom,gloom,1,阴郁忧伤,2b,2b. Uncovered Domain Gap: Class 3 Low-Altitude Domain Lexicon (17 Words),Sadness (悲伤),Direct Exact Match: gloom (Sadness (悲伤)),0. Direct NRC,Direct NRC Included (358 Words)
flaky,flaky,1,不靠谱的 / 经常取消的,2b,2b. Uncovered Domain Gap: Class 3 Low-Altitude Domain Lexicon (17 Words),CATE (Low-Altitude Domain Lexicon),Direct Exact Match: flaky (CATE (Low-Altitude Domain Lexicon)),2. Class 2 Colloquial,Class 2: Colloquial Superlatives & Base Terms (128 Words)
disrespectful,disrespectful,1,无礼的 / 冒犯的,2b,2b. Uncovered Domain Gap: Class 3 Low-Altitude Domain Lexicon (17 Words),Fear (恐惧),Direct Exact Match: disrespectful (Fear (恐惧)),0. Direct NRC,Direct NRC Included (358 Words)
dismay,dismay,1,感到沮丧吃惊,2b,2b. Uncovered Domain Gap: Class 3 Low-Altitude Domain Lexicon (17 Words),Fear (恐惧),Direct Exact Match: dismay (Fear (恐惧)),0. Direct NRC,Direct NRC Included (358 Words)
decency,decency,1,礼貌体面 / 服务缺乏礼貌体面,2b,2b. Uncovered Domain Gap: Class 3 Low-Altitude Domain Lexicon (17 Words),Positive Polarity Only (仅正向),Direct Exact Match: decency (Positive Polarity Only (仅正向)),0. Direct NRC,Direct NRC Included (358 Words)
bluntly,bluntly,1,直言不讳地,2b,2b. Uncovered Domain Gap: Class 3 Low-Altitude Domain Lexicon (17 Words),CATE (Low-Altitude Domain Lexicon),Direct Exact Match: bluntly (CATE (Low-Altitude Domain Lexicon)),2. Class 2 Colloquial,Class 2: Colloquial Superlatives & Base Terms (128 Words)
bluest,bluest,1,最湛蓝的（极致景色）,2b,2b. Uncovered Domain Gap: Class 3 Low-Altitude Domain Lexicon (17 Words),CATE (Low-Altitude Domain Lexicon),Direct Exact Match: bluest (CATE (Low-Altitude Domain Lexicon)),2. Class 2 Colloquial,Class 2: Colloquial Superlatives & Base Terms (128 Words)
askance,askance,1,怀疑斜视地（不信任）,2b,2b. Uncovered Domain Gap: Class 3 Low-Altitude Domain Lexicon (17 Words),CATE (Low-Altitude Domain Lexicon),Direct Exact Match: askance (CATE (Low-Altitude Domain Lexicon)),2. Class 2 Colloquial,Class 2: Colloquial Superlatives & Base Terms (128 Words)
zing,zing,1,刺激快感,2b,2b. Uncovered Domain Gap: Class 3 Low-Altitude Domain Lexicon (17 Words),CATE (Low-Altitude Domain Lexicon),Direct Exact Match: zing (CATE (Low-Altitude Domain Lexicon)),2. Class 2 Colloquial,Class 2: Colloquial Superlatives & Base Terms (128 Words)
