"User Name","User Profile","User Avatar","User Location","Rating","Rating Text","Review Title","Review Text","Trip Type","Helpful Votes","Photos","Published Date","Disclaimer"
"nubia r","https://www.tripadvisor.com/Profile/450nubiar","https://media-cdn.tripadvisor.com/media/photo-o/1a/f6/e4/59/default-avatar-2020-49.jpg","","5","Jan 2025 • Couples","Beautiful view of Portland","Pilot JP the experience fun and safe ! My husband and I are definitely coming back ! It was such a beautiful experience!!!","Couples","0","https://media-cdn.tripadvisor.com/media/photo-w/2e/d9/d9/97/caption.jpg
https://media-cdn.tripadvisor.com/media/photo-m/1280/2e/d9/d9/96/caption.jpg","Written February 11, 2025","This review is the subjective opinion of a Tripadvisor member and not of Tripadvisor LLC."
"Cody H","https://www.tripadvisor.com/Profile/codyhZ7224NF","https://media-cdn.tripadvisor.com/media/photo-o/1a/f6/e6/ea/default-avatar-2020-54.jpg","","5","Feb 2025 • Couples","Pilot J.P. is a Guaranteed Good Time","Hello!! My (now) fiancée and I just took a tour of Portland with Envi. Our pilot, J.P, was phenomenal and accommodating. I have a phobia of flying and, while being in a smaller plane is certainly more exciting than a jumbo jet, I felt safe and had an amazing time. I proposed to my girlfriend during the flight and J.P. was great about naturally conversing and being part of the moment without interrupting at all. I would highly recommend him and Envi to anyone!!","Couples","0","","Written February 2, 2025","This review is the subjective opinion of a Tripadvisor member and not of Tripadvisor LLC."
"Ness T","https://www.tripadvisor.com/Profile/841nesst","https://media-cdn.tripadvisor.com/media/photo-o/1a/f6/f0/48/default-avatar-2020-15.jpg","","5","Jan 2025 • Couples","Beautiful views, awesome experience!","JP was awesome! He explained when it would be bumpy, especially since we are riding in the winter. The views are amazing, you cannot get over the views and pictures do not do it justice. Thank you JP for such an awesome experience and for making flight as smooth as possible even with the crazy winds. It’s our first time in Oregon and when we come back, we will definitely come back to Envi!","Couples","0","https://media-cdn.tripadvisor.com/media/photo-w/2e/ad/61/ac/caption.jpg","Written January 27, 2025","This review is the subjective opinion of a Tripadvisor member and not of Tripadvisor LLC."
"Clark J","https://www.tripadvisor.com/Profile/244clarkj","","","5","Jan 2025 • Couples","Columbia River Gorge 2025","Highly recommend Envi and pilot JP. We kicked off 2025 with a beautiful flight up the Columbia River Gorge. JP is an excellent pilot. We appreciated his engaging explanation of what we were seeing. The size of the plane was perfect for this adventure.","Couples","0","https://media-cdn.tripadvisor.com/media/photo-m/1280/2e/7b/1d/54/caption.jpg
https://media-cdn.tripadvisor.com/media/photo-m/1280/2e/7b/1d/53/caption.jpg
https://media-cdn.tripadvisor.com/media/photo-m/1280/2e/7b/1d/52/caption.jpg
https://media-cdn.tripadvisor.com/media/photo-m/1280/2e/7b/1d/51/caption.jpg
https://media-cdn.tripadvisor.com/media/photo-w/2e/7b/1d/50/caption.jpg","Written January 3, 2025","This review is the subjective opinion of a Tripadvisor member and not of Tripadvisor LLC."
"Carolyn D","https://www.tripadvisor.com/Profile/F3979HUcarolynd","https://media-cdn.tripadvisor.com/media/photo-o/1a/f6/f4/d0/default-avatar-2020-33.jpg","","5","Dec 2024 • Couples","Magic","It was amazing a real thrill.  My pilot was very experienced & professional. We enjoyed it immensely  definitely want to give it a go","Couples","0","","Written December 11, 2024","This review is the subjective opinion of a Tripadvisor member and not of Tripadvisor LLC."
"Lauren L","https://www.tripadvisor.com/Profile/laurenl893","https://media-cdn.tripadvisor.com/media/photo-o/1a/f6/e3/1f/default-avatar-2020-46.jpg","Orlando, Florida, United States","5","Nov 2024 • Family","What a unique and beautiful way to see the waterfalls!","We had an unbelievable adventure! We weren't sure what to expect, especially with a 7-year-old who is a little afraid to try new things, but John (our pilot) was incredible! He made everyone feel at ease and did a wonderful job showing us all the waterfalls (and even sea lions) on our journey. Highly recommend if you want a non-traditional way to see a beautiful section of the PNW.","Family","0","https://media-cdn.tripadvisor.com/media/photo-m/1280/2e/3a/16/26/caption.jpg
https://media-cdn.tripadvisor.com/media/photo-m/1280/2e/3a/16/25/caption.jpg
https://media-cdn.tripadvisor.com/media/photo-w/2e/3a/16/24/caption.jpg
https://media-cdn.tripadvisor.com/media/photo-m/1280/2e/3a/16/23/caption.jpg","Written November 27, 2024","This review is the subjective opinion of a Tripadvisor member and not of Tripadvisor LLC."
"Sondra J","https://www.tripadvisor.com/Profile/sondraj336","https://media-cdn.tripadvisor.com/media/photo-o/2e/22/7e/e6/sondra-j.jpg","","5","Nov 2024 • Family","Awesome view","This was amazing, breathtaking!  We enjoyed the whole ride.  JP, was knowledgeable and pointed out the waterfalls along the way.  This is a must do!!! We will be back!","Family","0","","Written November 17, 2024","This review is the subjective opinion of a Tripadvisor member and not of Tripadvisor LLC."
"Doshna U","https://www.tripadvisor.com/Profile/doshnau","https://media-cdn.tripadvisor.com/media/photo-o/1a/f6/e4/59/default-avatar-2020-49.jpg","","5","Nov 2024 • Family","Nice and smooth ride","We with elderly parents, JP gave us an amazing ride. JP was patient and friendly. JP briefed us about different places as we viewed them from the sky.","Family","0","https://media-cdn.tripadvisor.com/media/photo-m/1280/2e/1d/8c/ac/caption.jpg
https://media-cdn.tripadvisor.com/media/photo-w/2e/1d/8c/ab/caption.jpg
https://media-cdn.tripadvisor.com/media/photo-w/2e/1d/8c/aa/caption.jpg
https://media-cdn.tripadvisor.com/media/photo-w/2e/1d/8c/a9/caption.jpg","Written November 13, 2024","This review is the subjective opinion of a Tripadvisor member and not of Tripadvisor LLC."
"Odyssey27228328298","https://www.tripadvisor.com/Profile/Odyssey27228328298","https://media-cdn.tripadvisor.com/media/photo-o/1a/f6/f6/0d/default-avatar-2020-34.jpg","","5","Nov 2024 • Solo","Nice smooth ride!","KJ was friendly, helpful and an excellent pilot! A little windy but smooth. Would fly again on next trip to Portland. ****","Solo","0","","Written November 2, 2024","This review is the subjective opinion of a Tripadvisor member and not of Tripadvisor LLC."
"R S","https://www.tripadvisor.com/Profile/H7226LArs","https://media-cdn.tripadvisor.com/media/photo-o/1a/f6/e2/4a/default-avatar-2020-42.jpg","San Jose, California","5","Oct 2024 • Solo","Wonderful flight and views of the river.","The entire flight was a complete joy. Both the pilot KJ and the plane were first class and the views of river and waterfalls were spectacular. <br />Highly recommended.","Solo","0","","Written October 19, 2024","This review is the subjective opinion of a Tripadvisor member and not of Tripadvisor LLC."
"Sara H","https://www.tripadvisor.com/Profile/sarahW2426AU","https://media-cdn.tripadvisor.com/media/photo-o/1a/f6/e5/2b/default-avatar-2020-52.jpg","","5","Oct 2024 • Couples","Loved this Aerial Tour","This aerial tour was such a great time - JP was our pilot and we had a blast with him. Mt. Hood was covered by clouds but the alternate route was still awesome and we took fantastic pics. 10/10!!","Couples","0","","Written October 18, 2024","This review is the subjective opinion of a Tripadvisor member and not of Tripadvisor LLC."
"Kevin L","https://www.tripadvisor.com/Profile/kevinlC8745YX","","","5","Oct 2024 • Family","We Love KJ","KJ was the absolute best pilot and guide! He provided us with a fantastic experience that we will never forget. I will definitely go back and take more tours with this company. Especially if we get KJ as our pilot again.","Family","0","https://media-cdn.tripadvisor.com/media/photo-w/2d/ca/62/47/caption.jpg
https://media-cdn.tripadvisor.com/media/photo-w/2d/ca/62/46/caption.jpg
https://media-cdn.tripadvisor.com/media/photo-m/1280/2d/ca/62/45/caption.jpg","Written October 14, 2024","This review is the subjective opinion of a Tripadvisor member and not of Tripadvisor LLC."
"Edward L","https://www.tripadvisor.com/Profile/edwardlA7820JW","https://media-cdn.tripadvisor.com/media/photo-o/1a/f6/f2/b8/default-avatar-2020-26.jpg","","5","Oct 2024 • Couples","Fabulous views from a small plane.","Everything was perfect. Flying in a single engine plane is an experience much different than a large plane or helicopter. A ride you should try. The view were amazing. KJ was very professional and very informing as to sites we were seeing as we passed by them. I believe I will try the Mt Hood or Mt Helen's tour next. We just caught a glimpse of Mt Hood on this trip, but like to see it closer.","Couples","0","","Written October 13, 2024","This review is the subjective opinion of a Tripadvisor member and not of Tripadvisor LLC."
"Ranger G","https://www.tripadvisor.com/Profile/rangerg2024","https://media-cdn.tripadvisor.com/media/photo-o/1a/f6/ef/32/default-avatar-2020-12.jpg","","5","Oct 2024 • Couples","Great experience!","Jon the Pilot was a great, calm, professional tour guide of the Portland and Columbia Gorge flight. Recommended as a fun experience!","Couples","0","","Written October 7, 2024","This review is the subjective opinion of a Tripadvisor member and not of Tripadvisor LLC."
"Kimberly N","https://www.tripadvisor.com/Profile/kimberlynP9885XG","https://media-cdn.tripadvisor.com/media/photo-o/1a/f6/f2/eb/default-avatar-2020-27.jpg","","5","Oct 2024 • Couples","JP was great!","Great tour! JP was very friendly and knowledgeable. We had a 5pm flight over the Columbia gorge. Great flight! Would do it again!","Couples","0","https://media-cdn.tripadvisor.com/media/photo-w/2d/b6/6c/ea/caption.jpg","Written October 5, 2024","This review is the subjective opinion of a Tripadvisor member and not of Tripadvisor LLC."
"Resort598764","https://www.tripadvisor.com/Profile/Resort598764","https://media-cdn.tripadvisor.com/media/photo-o/1a/f6/ea/2e/default-avatar-2020-67.jpg","Talty, TX","5","Sep 2024 • Couples","Fantastic trip with great company !","We actually were able to combine St Helen's mount and Columbia River Gorge Waterfalls.   That option is not available from the drop down.  Great tour, views spectacular. Really great company , we had a very nice pilot.  Ride was very smooth. I highly recommend to anyone to take a tour.  It is a great way , if not the best way, to see it ALL .","Couples","0","","Written September 25, 2024","This review is the subjective opinion of a Tripadvisor member and not of Tripadvisor LLC."
"Kiprop K","https://www.tripadvisor.com/Profile/kipropk790","","","5","Sep 2024 • Family","Aerial view of Portland","Awesome  experience with the pilot. It was out first experience viewing the evening aerial view of Portland. I am looking forward for the mountain view","Family","0","","Written September 20, 2024","This review is the subjective opinion of a Tripadvisor member and not of Tripadvisor LLC."
"David M","https://www.tripadvisor.com/Profile/dmathewYEG","https://media-cdn.tripadvisor.com/media/photo-o/05/bf/1e/71/dmathewyeg.jpg","Edmonton, Canada","5","Sep 2024 • Couples","Go for it!","We had booked a Mt. St. Helen's tour, but unfortunately the weather was not in our favour. Since we were only in town for a few days, ENVI took us up the gorge and for the tour around Mount Hood. The entire experience was so enjoyable! Our pilot (whom I cannot remember the name of, unfortunately) provide a great deal of very interesting information as we flew. Given the mixed clouds, they navigated a course to make it as smooth as possible. I would highly recommend taking any of ENVI's flights!","Couples","0","","Written September 16, 2024","This review is the subjective opinion of a Tripadvisor member and not of Tripadvisor LLC."
"Sunshine01263737652","https://www.tripadvisor.com/Profile/Sunshine01263737652","https://media-cdn.tripadvisor.com/media/photo-o/1a/f6/e8/ea/default-avatar-2020-63.jpg","","5","Sep 2024 • Couples","Fantastic sunset sightseeing flight with JP","Our pilot JP made our sightseeing flight “Quicksand Triangle” an unforgettable moment. Although the air was a bit milky due to forest fires, we were able to see Mt. Hood. Mt. Adams and Mt. See St Helens. The way back across the Columbia River Gorge at sunset will stay with us forever. JP is a humorous, insanely friendly guy who gave us an absolutely safe feeling during takeoff, flight and landing.","Couples","0","https://media-cdn.tripadvisor.com/media/photo-w/2d/5e/13/84/caption.jpg","Written September 5, 2024","This review is the subjective opinion of a Tripadvisor member and not of Tripadvisor LLC."
"Shane B","https://www.tripadvisor.com/Profile/shanebZ5006YQ","https://media-cdn.tripadvisor.com/media/photo-o/1a/f6/e3/1f/default-avatar-2020-46.jpg","","5","Aug 2024 • Family","Downtown Portland air tour","Awesome experience! Kids loved being able to see PDX from the air! Our pilot Jon was awesome and very friendly! Already planning another flight very soon!","Family","0","","Written August 26, 2024","This review is the subjective opinion of a Tripadvisor member and not of Tripadvisor LLC."
"Kaylie","https://www.tripadvisor.com/Profile/kayliesmichaels","https://media-cdn.tripadvisor.com/media/photo-o/1a/f6/eb/a3/default-avatar-2020-38.jpg","","5","Aug 2024 • Family","10/10","We had a blast flying with Envi Adventures! The sights were amazing! KJ and Ethan were awesome pilots. They ensured both me and my dad got to view all the amazing sights. Seeing the sun set over the river was breathtaking. If we are ever back in the area, I would love to take another flight with Envi!!!","Family","0","https://media-cdn.tripadvisor.com/media/photo-w/2d/0a/b5/53/caption.jpg
https://media-cdn.tripadvisor.com/media/photo-w/2d/0a/b5/52/caption.jpg
https://media-cdn.tripadvisor.com/media/photo-w/2d/0a/b5/51/caption.jpg
https://media-cdn.tripadvisor.com/media/photo-w/2d/0a/b5/50/caption.jpg
https://media-cdn.tripadvisor.com/media/photo-m/1280/2d/0a/b5/4f/caption.jpg","Written August 3, 2024","This review is the subjective opinion of a Tripadvisor member and not of Tripadvisor LLC."
"wanderwithcarter","https://www.tripadvisor.com/Profile/wanderwithcarter","https://media-cdn.tripadvisor.com/media/photo-o/2c/ef/3b/77/wanderwithcarter.jpg","Dripping Springs, TX","5","Jul 2024 • Couples","ENVI Adventures is the GOAT","I booked this flight while we were in Portland for my wife's birthday. Very cool to see the geography and get the lay of the land from an aerial view. Our pilot, John, was super friendly and reassuring to my wife, who was terrified of getting into a small plane. John knew exactly out to calm her nerves and took great care of us in the sky. <br /><br />He also provided a lot of good history and recommendations for places to check out. I also want to give a shout out to Corey, who booked our flight, and helped me choose the best option for my wife.","Couples","0","https://media-cdn.tripadvisor.com/media/photo-o/2c/ef/6f/56/caption.jpg
https://media-cdn.tripadvisor.com/media/photo-o/2c/ef/6f/46/caption.jpg
https://media-cdn.tripadvisor.com/media/photo-o/2c/ef/6f/36/caption.jpg
https://media-cdn.tripadvisor.com/media/photo-o/2c/ef/6e/dc/caption.jpg
https://media-cdn.tripadvisor.com/media/photo-o/2c/ef/6e/c6/caption.jpg","Written July 23, 2024","This review is the subjective opinion of a Tripadvisor member and not of Tripadvisor LLC."
"FruitFan","https://www.tripadvisor.com/Profile/FruitFan","https://media-cdn.tripadvisor.com/media/photo-s/07/17/9b/92/fruitfan.jpg","Gaston, OR","5","Jul 2024 • Family","Great for treating your out-of-town visitors!","We flew The Figure 8 tour with our pilot, John. Excellent views of the western end of the Columbia Gorge and the Portland metro area!  John did a great job of putting us at ease with his friendly manner and confident flying skills. Highly recommend this company.","Family","0","","Written July 21, 2024","This review is the subjective opinion of a Tripadvisor member and not of Tripadvisor LLC."
"SSK728","https://www.tripadvisor.com/Profile/samuelk985","https://media-cdn.tripadvisor.com/media/photo-o/1a/f6/eb/a3/default-avatar-2020-38.jpg","Chicago, IL","5","Jul 2024 • Family","Best view of the Columbia River gorge, several waterfalls, and downtown Portland!!!","This was such a cool airplane tour!! Our tour guide KJ was awesome! Such a friendly guy that made us feel safe at all times. He's a great pilot. The plane ride got us the best view of the Columbia river gorge and downtown Portland! For the price of this tour, this was a very good value for the experience. This tour was the highlight of our vacation!","Family","0","https://media-cdn.tripadvisor.com/media/photo-m/1280/2c/c7/77/fa/caption.jpg
https://media-cdn.tripadvisor.com/media/photo-w/2c/c7/77/f9/caption.jpg
https://media-cdn.tripadvisor.com/media/photo-w/2c/c7/77/f8/caption.jpg
https://media-cdn.tripadvisor.com/media/photo-w/2c/c7/77/f7/caption.jpg","Written July 7, 2024","This review is the subjective opinion of a Tripadvisor member and not of Tripadvisor LLC."
"ruby D","https://www.tripadvisor.com/Profile/B2029KHrubyd","https://media-cdn.tripadvisor.com/media/photo-o/1a/f6/f1/79/default-avatar-2020-21.jpg","","5","Jul 2024 • Friends","Sunset tour","Loved the tour! Kj was a great tour guide. He was very informative and patient. He made us feel conformable and was descriptive on what and where we were passing by. My friend and i love taking pictures, and he allowed us to take our time. We would definitely do this tour again!","Friends","0","https://media-cdn.tripadvisor.com/media/photo-m/1280/2c/c4/f5/d6/caption.jpg
https://media-cdn.tripadvisor.com/media/photo-w/2c/c4/f5/d5/caption.jpg","Written July 6, 2024","This review is the subjective opinion of a Tripadvisor member and not of Tripadvisor LLC."
"KJTraveller78","https://www.tripadvisor.com/Profile/KJTraveller78","","Toronto, Canada","5","Jul 2024 • Family","Highly recommended!","Jon was a great pilot. He was informative, patient and flexible. The sights were amazing and we were lucky that Jon was able to get above the clouds.","Family","0","https://media-cdn.tripadvisor.com/media/photo-m/1280/2c/c4/ab/74/caption.jpg
https://media-cdn.tripadvisor.com/media/photo-m/1280/2c/c4/ab/73/caption.jpg
https://media-cdn.tripadvisor.com/media/photo-m/1280/2c/c4/ab/72/caption.jpg","Written July 6, 2024","This review is the subjective opinion of a Tripadvisor member and not of Tripadvisor LLC."
"Matthew H","https://www.tripadvisor.com/Profile/matthewhI3528XC","https://media-cdn.tripadvisor.com/media/photo-o/1a/f6/ea/b2/default-avatar-2020-69.jpg","","5","Jul 2024 • Family","Aerial Tour of Portland and the Columbia River Gorge","The tour was amazing! We got to go down the Gorge and through downtown Portland. KJ is a great guide and experienced pilot. He was even able to get us clearance to fly directly over PDX! It was so cool to see all the mountains of the area at once, highly recommended and I'll for sure be back for another tour!","Family","0","","Written July 5, 2024","This review is the subjective opinion of a Tripadvisor member and not of Tripadvisor LLC."
"Ocean F","https://www.tripadvisor.com/Profile/238oceanf","https://media-cdn.tripadvisor.com/media/photo-o/07/c3/0c/45/ocean-f.jpg","Los Angeles, CA","5","","Air tour of Portland and its stunning nature.","This air tour was great! We have teenage boys - they were entertained as well for their attention level. :). Our pilot was KJ he did a great job of getting us prepped making us feel safe, and having a fun time. Good info / tour about the sites we saw  and very smooth ride, take and landing even though it was an overcast day weather wise. Great way to see Seattle. Easy to get to the Envi airstrip from downtown Portland via Uber.  Highly recommend!<br />Very easy way to see all the beauty, nature of Portland without spending days in a car : traffic etc. <br /><br />**If this review was helpful - please do rate it helpful on trip advisor by clicking the button below the review! Keeps me reviewing :)**","","0","","Written July 3, 2024","This review is the subjective opinion of a Tripadvisor member and not of Tripadvisor LLC."
"Scott P","https://www.tripadvisor.com/Profile/P7009BJscottp","https://media-cdn.tripadvisor.com/media/photo-o/1a/f6/de/5a/default-avatar-2020-36.jpg","","5","Jun 2024 • Couples","Amazing, simply amazing.","Absolutely amazing. We thoroughly enjoyed the Trifecta Tour with Jon. Highly recommend. Thank you Jon for such an amazing experience.","Couples","0","https://media-cdn.tripadvisor.com/media/photo-m/1280/2c/b6/cf/6d/caption.jpg
https://media-cdn.tripadvisor.com/media/photo-m/1280/2c/b6/cf/6c/caption.jpg
https://media-cdn.tripadvisor.com/media/photo-m/1280/2c/b6/cf/6b/caption.jpg
https://media-cdn.tripadvisor.com/media/photo-w/2c/b6/cf/6a/caption.jpg","Written June 30, 2024","This review is the subjective opinion of a Tripadvisor member and not of Tripadvisor LLC."
"Bob B","https://www.tripadvisor.com/Profile/K6170QHbobb","https://media-cdn.tripadvisor.com/media/photo-o/1a/f6/77/ae/default-avatar-2020-2.jpg","","5","Jun 2024 • Couples","The best way to see Mt Hood and the Columbia Gorge","Awesome way to end our week in Oregon….it was the exclamation point to a great week in the Willamette Valley and Oregon coast.  JP was a terrific pilot and full of knowledge about Mt Hood, Mt Jefferson, Mt Adams, Mt Ranier, and Mt St Helens.  The flight back thru the gorge was wonderful.  JP made sure we could get good photos of the waterfalls.  Take the time for this adventure!!","Couples","0","https://media-cdn.tripadvisor.com/media/photo-m/1280/2c/a8/72/c0/caption.jpg
https://media-cdn.tripadvisor.com/media/photo-m/1280/2c/a8/72/bf/caption.jpg
https://media-cdn.tripadvisor.com/media/photo-m/1280/2c/a8/72/be/caption.jpg","Written June 24, 2024","This review is the subjective opinion of a Tripadvisor member and not of Tripadvisor LLC."
"Kendra R","https://www.tripadvisor.com/Profile/769kendrar","https://media-cdn.tripadvisor.com/media/photo-o/1a/f6/ea/b2/default-avatar-2020-69.jpg","","5","Jun 2024 • Family","Badass flyover the columbia Gorge","JP did amazing. Such a nice guy. I loved being able to fly over our hometown. I'm definitely bringing my husband and kids. Thanks again for today","Family","0","","Written June 22, 2024","This review is the subjective opinion of a Tripadvisor member and not of Tripadvisor LLC."
"GCc","https://www.tripadvisor.com/Profile/M1103YMgabrielac","https://media-cdn.tripadvisor.com/media/photo-o/1a/f6/f0/48/default-avatar-2020-15.jpg","Los Angeles, CA","5","","Please fly with Jon and TJ they will make your experience inolvidable. !","Wow !  Simply epic <br /><br />What a wonderful experience provided by Jon and KJ <br /><br />From the service to the treat, to the information and safety.  Everything was extraordinarily amazing <br /><br />Highly recommended and shoutout to these phenomenal pilots. <br /><br />Can’t wait to go back !","","0","https://media-cdn.tripadvisor.com/media/photo-w/2c/a0/c8/4b/caption.jpg
https://media-cdn.tripadvisor.com/media/photo-w/2c/a0/c8/4a/caption.jpg
https://media-cdn.tripadvisor.com/media/photo-w/2c/a0/c8/49/caption.jpg","Written June 21, 2024","This review is the subjective opinion of a Tripadvisor member and not of Tripadvisor LLC."
"Jen","https://www.tripadvisor.com/Profile/jenqreview","https://media-cdn.tripadvisor.com/media/photo-o/1a/f6/f3/e4/default-avatar-2020-30.jpg","Bellingham, WA","5","Jun 2024 • Couples","Gorgeous Scenery! Worth doing once!","We went on the Waterfalls & Gorge tour out of Troutdale (near Portland). Went for the waterfalls, but the scenery was what we were most amazed with! Pictures don’t capture how gorgeous this area is from above! You get a great view of some mountains too! The pilot KJ was professional, knowledgeable, and did an amazing job! Super smooth ride! If you’re afraid of small planes, going with KJ is a totally safe bet!","Couples","0","https://media-cdn.tripadvisor.com/media/photo-m/1280/2c/9d/1a/02/caption.jpg
https://media-cdn.tripadvisor.com/media/photo-m/1280/2c/9d/1a/01/caption.jpg
https://media-cdn.tripadvisor.com/media/photo-m/1280/2c/9d/1a/00/caption.jpg
https://media-cdn.tripadvisor.com/media/photo-m/1280/2c/9d/19/ff/caption.jpg
https://media-cdn.tripadvisor.com/media/photo-m/1280/2c/9d/19/fe/caption.jpg
https://media-cdn.tripadvisor.com/media/photo-w/2c/9d/19/fd/caption.jpg
https://media-cdn.tripadvisor.com/media/photo-w/2c/9d/19/fc/caption.jpg","Written June 20, 2024","This review is the subjective opinion of a Tripadvisor member and not of Tripadvisor LLC."
"Emmi H","https://www.tripadvisor.com/Profile/emryan87","https://media-cdn.tripadvisor.com/media/photo-o/1a/f6/ec/3d/default-avatar-2020-1.jpg","","5","Jun 2024 • Family","What a blast!","We had such a great time. Jon was very knowledgeable and informative it was a great time. We saw the mountains, 7 waterfalls, the gorge, the train going through the mountains, all amazing views.","Family","0","https://media-cdn.tripadvisor.com/media/photo-w/2c/99/1b/55/caption.jpg
https://media-cdn.tripadvisor.com/media/photo-m/1280/2c/99/1b/54/caption.jpg
https://media-cdn.tripadvisor.com/media/photo-w/2c/99/1b/53/caption.jpg
https://media-cdn.tripadvisor.com/media/photo-w/2c/99/1b/52/caption.jpg
https://media-cdn.tripadvisor.com/media/photo-w/2c/99/1b/51/caption.jpg
https://media-cdn.tripadvisor.com/media/photo-w/2c/99/1b/50/caption.jpg
https://media-cdn.tripadvisor.com/media/photo-w/2c/99/1b/4f/caption.jpg
https://media-cdn.tripadvisor.com/media/photo-w/2c/99/1b/4e/caption.jpg
https://media-cdn.tripadvisor.com/media/photo-w/2c/99/1b/4d/caption.jpg
https://media-cdn.tripadvisor.com/media/photo-w/2c/99/1b/4c/caption.jpg
https://media-cdn.tripadvisor.com/media/photo-m/1280/2c/99/1b/4b/caption.jpg
https://media-cdn.tripadvisor.com/media/photo-m/1280/2c/99/1b/4a/caption.jpg
https://media-cdn.tripadvisor.com/media/photo-m/1280/2c/99/1b/49/caption.jpg","Written June 18, 2024","This review is the subjective opinion of a Tripadvisor member and not of Tripadvisor LLC."
"Kristin Cate M","https://www.tripadvisor.com/Profile/kristincatem","https://media-cdn.tripadvisor.com/media/photo-o/1a/f6/e3/1f/default-avatar-2020-46.jpg","","5","Jun 2024 • Family","Amazing Multnomah Falls Tour","First of all Thanks to our amazing pilot Mr. JP from Envi. He’s really accommodating and nice. We had a fantastic and amazing experienced.  We really enjoyed the views. The Multnomah waterfalls are pretty.","Family","0","","Written June 11, 2024","This review is the subjective opinion of a Tripadvisor member and not of Tripadvisor LLC."
"Cindy K","https://www.tripadvisor.com/Profile/ronaldk739","https://media-cdn.tripadvisor.com/media/photo-o/1a/f6/f3/e4/default-avatar-2020-30.jpg","","5","","Amazing Fun","The pilot was able to answer all our questions, and we had an amazing view of Mount St Helen . We were able to the crater and where the blast zone was. We had a great time. ","","0","","Written June 8, 2024","This review is the subjective opinion of a Tripadvisor member and not of Tripadvisor LLC."
"Alyssa S","https://www.tripadvisor.com/Profile/J9338AHalyssas","https://media-cdn.tripadvisor.com/media/photo-o/1a/f6/7c/01/default-avatar-2020-5.jpg","","5","","Amazing Flight, Gorgeous Views!","The River Gorge tour was awesome!! We went out at 8pm on a gorgeous evening to got to see great views of the river during golden hour. My only regret was not choosing a longer flight! JP was a fabulous pilot and guide, he was very friendly and knowledgeable. This was the perfect way to end our weekend in Portland, highly recommend!","","0","https://media-cdn.tripadvisor.com/media/photo-w/2c/69/2f/a5/caption.jpg
https://media-cdn.tripadvisor.com/media/photo-w/2c/69/2f/a4/caption.jpg","Written May 28, 2024","This review is the subjective opinion of a Tripadvisor member and not of Tripadvisor LLC."
"nemykinkatya","https://www.tripadvisor.com/Profile/nemykinkatya","https://media-cdn.tripadvisor.com/media/photo-o/1a/f6/f3/23/default-avatar-2020-28.jpg","Vancouver, WA","5","Nov 2023","Exceptional service","The pilot was very polite and held a good conversation. Not to mention he was nice enough to take our picture as well!","","0","","Written May 24, 2024","This review is the subjective opinion of a Tripadvisor member and not of Tripadvisor LLC."
"MICHELLE J","https://www.tripadvisor.com/Profile/michellejX2496ES","https://media-cdn.tripadvisor.com/media/photo-o/1a/f6/e9/ef/default-avatar-2020-66.jpg","","5","May 2024 • Family","Great treat for flying enthusiasts","Despite the cloudy weather, our pilot was able to make it a great flight! We were able to see great views of Portland and the Gorge, and get a few history and cultural lessons along the way. Highly recommend!","Family","0","","Written May 20, 2024","This review is the subjective opinion of a Tripadvisor member and not of Tripadvisor LLC."
"Alyssa C","https://www.tripadvisor.com/Profile/E2870BEalyssac","https://media-cdn.tripadvisor.com/media/photo-o/1a/f6/e6/ea/default-avatar-2020-54.jpg","","5","May 2024 • Couples","A great choice","This was an excellent experience! It was a little cloudy when we were flying so our pilot gave us the option to see another mountain and observe the waterfalls. We ended up still seeing Mt St Helens and it was well worth it!! Our pilot was John and he was informed and able to point out all of the sights.","Couples","0","","Written May 20, 2024","This review is the subjective opinion of a Tripadvisor member and not of Tripadvisor LLC."
"Lexxi E","https://www.tripadvisor.com/Profile/lexxie2023","https://media-cdn.tripadvisor.com/media/photo-o/1a/f6/f0/d5/default-avatar-2020-17.jpg","","5","May 2024 • Family","Must-Do!","We can’t recommend this experience enough! Our pilot KJ was friendly yet professional. We were flying to celebrate our son’s birthday, and KJ let him sit up front. We felt safe the entire time and had a great trip. Our son is completely hooked and now wants to be a pilot too, and KJ talked with him a lot on how to make those dreams happen. We’ll be back to fly again soon!","Family","0","","Written May 13, 2024","This review is the subjective opinion of a Tripadvisor member and not of Tripadvisor LLC."
"Rocio S","https://www.tripadvisor.com/Profile/rociosT9875XE","https://media-cdn.tripadvisor.com/media/photo-o/1a/f6/f3/e4/default-avatar-2020-30.jpg","","5","May 2024 • Couples","Amazing","Wonderful experience with our pilot John. Super professional and pleasant. I will definitely repeat. Wonderful views","Couples","0","https://media-cdn.tripadvisor.com/media/photo-w/2c/25/84/c8/caption.jpg
https://media-cdn.tripadvisor.com/media/photo-w/2c/25/84/c7/caption.jpg
https://media-cdn.tripadvisor.com/media/photo-w/2c/25/84/c6/caption.jpg","Written May 12, 2024","This review is the subjective opinion of a Tripadvisor member and not of Tripadvisor LLC."
"Vee D","https://www.tripadvisor.com/Profile/78veed","https://media-cdn.tripadvisor.com/media/photo-o/1a/f6/de/0a/default-avatar-2020-35.jpg","","5","Apr 2024 • Family","Memory","Piolit was great, he was calm, cool,knowledgeable,  great guy named Jon or John. <br />My teenage son was scared to get on at first but everything worked out.","Family","0","https://media-cdn.tripadvisor.com/media/photo-m/1280/2b/f8/01/53/caption.jpg
https://media-cdn.tripadvisor.com/media/photo-m/1280/2b/f8/01/29/caption.jpg","Written April 27, 2024","This review is the subjective opinion of a Tripadvisor member and not of Tripadvisor LLC."
"Grafher","https://www.tripadvisor.com/Profile/Grafher","https://media-cdn.tripadvisor.com/media/photo-o/1a/f6/eb/e3/default-avatar-2020-59.jpg","Beaverton, OR","5","Apr 2024 • Family","Exited adventure","Everything was so wonderful and marvelous Jon make us feel so comfortable so secure and all the abuse where he took the plane was awesome. Everything on the fly was really great and super adventure I never regret thank you Joffer lettuce feel so comfortable.","Family","0","","Written April 25, 2024","This review is the subjective opinion of a Tripadvisor member and not of Tripadvisor LLC."
"Natasha L","https://www.tripadvisor.com/Profile/natashal213","","Camas, WA","5","Feb 2024 • Family","Great experience!","We loved our trip over Portland.  The pilot and staff were helpful and professional.  The mini plane was fun but didn't feel unsafe at all even with the high winds.  It was fascinating to see the city from above.  We would definitely do another tour again in the future.  ","Family","0","","Written April 24, 2024","This review is the subjective opinion of a Tripadvisor member and not of Tripadvisor LLC."
"samhutchinson2016","https://www.tripadvisor.com/Profile/samhutchinson2016","https://media-cdn.tripadvisor.com/media/photo-o/1a/f6/e4/59/default-avatar-2020-49.jpg","","5","Oct 2023","Bucket list item: Check!","My girlfriend gifted me a tour of Mt Hood for my birthday as a surprise. The two of us went up and the pilot was more than happy to talk aviation with a civilian enthusiast like me. ","","0","","Written April 24, 2024","This review is the subjective opinion of a Tripadvisor member and not of Tripadvisor LLC."
"Amanda B","https://www.tripadvisor.com/Profile/amandabZ7464UA","","","5","Apr 2024 • Couples","Surprised my husband for his Birthday","Took my husband for his birthday yesterday and it was great. We had the best time. Jade and Jon made my husband day for the start of the trip to the finish. I grew up around here but my husband moved here a few years ago from Mississippi. So getting to see all the waterfalls the vistas house the dam from the sky was amazing.","Couples","0","https://media-cdn.tripadvisor.com/media/photo-m/1280/2b/d9/c2/cc/caption.jpg
https://media-cdn.tripadvisor.com/media/photo-w/2b/d9/c2/cb/caption.jpg
https://media-cdn.tripadvisor.com/media/photo-w/2b/d9/c2/ca/caption.jpg
https://media-cdn.tripadvisor.com/media/photo-w/2b/d9/c2/c9/caption.jpg
https://media-cdn.tripadvisor.com/media/photo-w/2b/d9/c2/c8/caption.jpg","Written April 12, 2024","This review is the subjective opinion of a Tripadvisor member and not of Tripadvisor LLC."
"elenedrik","https://www.tripadvisor.com/Profile/elenedrik","https://media-cdn.tripadvisor.com/media/photo-m/1280/2b/d5/3c/1d/ekar-l.jpg","Portland, OR","5","Apr 2024 • Couples","BEST FIRST EXPERIENCE EVER","I just want to say thank you to KJ for being friendly and accommodating & also for making me & my other half first experience on our first plane ride smooth and comfortable. The tour was phenomenal and very breathtaking especially at night . 10/10 would recommend to anyone and everyone to come experience & hopefully get KJ as your pilot! Also s/o to my partner Jacob for booking this experience and making our 1st year anni the best <3","Couples","0","","Written April 10, 2024","This review is the subjective opinion of a Tripadvisor member and not of Tripadvisor LLC."
"jason t","https://www.tripadvisor.com/Profile/jasontP3040PZ","https://media-cdn.tripadvisor.com/media/photo-s/09/11/46/cd/jason-t.jpg","","5","","Cool pilots, cool area, cool thing to do","Jon and KJ were fantastic guides on this highly recommended flight around Mt St Helens! The day before we caught up on the event from 1980 by watching docs so we knew exactly what we were looking at. ","","0","","Written April 7, 2024","This review is the subjective opinion of a Tripadvisor member and not of Tripadvisor LLC."
"Rickey T","https://www.tripadvisor.com/Profile/RowdyRick626","https://media-cdn.tripadvisor.com/media/photo-o/1a/f6/e8/ea/default-avatar-2020-63.jpg","","5","Mar 2024 • Couples","Super Fun Air Tour","Anyone interested in raising the vacation stakes past donuts, wine and hiking should consider this air tour.<br /><br />Jade and Josh gave my wife and I a lovely experience over the gorge, where we saw a waterfall, several sea lions and rode alongside a train. They told us all about the lay of the land on both sides of the river. Totally worth it!","Couples","0","","Written March 27, 2024","This review is the subjective opinion of a Tripadvisor member and not of Tripadvisor LLC."
"Sanaa R","https://www.tripadvisor.com/Profile/146sanaar","https://media-cdn.tripadvisor.com/media/photo-o/1a/f6/ed/00/default-avatar-2020-4.jpg","","5","Mar 2024 • Family","Beautiful, smooth, amazing experience!","Everything from the maintenance of the planes, to the smoothness of the flight, to the comfort during our time in the air, to the breathtaking views of Multnomah below us, this experience was definitely one we were glad to try out! Our flight was safely captained by KJ, who did a really great job of thoroughly explaining the sights we saw down below and made sure the flight was smooth and enjoyable!","Family","0","","Written March 19, 2024","This review is the subjective opinion of a Tripadvisor member and not of Tripadvisor LLC."
"ag152017","https://www.tripadvisor.com/Profile/ag152017","https://media-cdn.tripadvisor.com/media/photo-o/1a/f6/e9/bb/default-avatar-2020-65.jpg","","5","Mar 2024 • Friends","Great adventure","The flight was very fun. Our pilot was friendly and pointed out more than just the waterfalls as we toured the gorge. They were super flexible when we needed to make adjustments and it was a very great experience.","Friends","0","","Written March 19, 2024","This review is the subjective opinion of a Tripadvisor member and not of Tripadvisor LLC."
"Sarah K","https://www.tripadvisor.com/Profile/F1181AFsarahk","https://media-cdn.tripadvisor.com/media/photo-o/1a/f6/e2/11/default-avatar-2020-41.jpg","","5","Feb 2024 • Family","We love Envi Adventures!!","We have used Envi Adventures several times now and every tour we taken with them has been an amazing adventure that the whole family has loved. They have great pilots, great adventures and great prices.","Family","0","https://media-cdn.tripadvisor.com/media/photo-m/1280/2b/76/a0/ab/caption.jpg
https://media-cdn.tripadvisor.com/media/photo-m/1280/2b/76/a0/74/caption.jpg","Written February 20, 2024","This review is the subjective opinion of a Tripadvisor member and not of Tripadvisor LLC."
"Anissa M","https://www.tripadvisor.com/Profile/42anissam","","","5","Feb 2024 • Couples","Awesome experience","We went with great people and they were very awesome! It was such a great experience and I would do it again in a heart beat. They made us feel very comfortable it was one of the best times we had thank you.","Couples","0","https://media-cdn.tripadvisor.com/media/photo-w/2b/6b/9b/63/caption.jpg
https://media-cdn.tripadvisor.com/media/photo-w/2b/6b/9b/62/caption.jpg","Written February 14, 2024","This review is the subjective opinion of a Tripadvisor member and not of Tripadvisor LLC."
"iwubtravel","https://www.tripadvisor.com/Profile/iwubtravel","https://media-cdn.tripadvisor.com/media/photo-o/1a/f6/e5/66/default-avatar-2020-53.jpg","Odenton, MD","5","","Great tour to see the River","Flew with John. I highly recommend this tour. I had limited time but wanted to see the Columbia River gorge and didn’t have a half day to spend hiking. This was perfect!","","0","https://media-cdn.tripadvisor.com/media/photo-w/2b/61/65/fe/caption.jpg","Written February 7, 2024","This review is the subjective opinion of a Tripadvisor member and not of Tripadvisor LLC."
"Xanni D","https://www.tripadvisor.com/Profile/xannid","https://media-cdn.tripadvisor.com/media/photo-o/1a/f6/e7/3d/default-avatar-2020-55.jpg","","5","Jul 2023 • Friends","10/10 Recommend","Been on a few flights with Envi and always have an incredible time! Recommend the Mt Hood flight on at sunny day or PDX at sunset with Jon.","Friends","0","https://media-cdn.tripadvisor.com/media/photo-m/1280/2b/5c/a8/2f/caption.jpg
https://media-cdn.tripadvisor.com/media/photo-w/2b/5c/a8/2e/caption.jpg
https://media-cdn.tripadvisor.com/media/photo-w/2b/5c/a8/2d/caption.jpg
https://media-cdn.tripadvisor.com/media/photo-w/2b/5c/a8/2c/caption.jpg","Written February 4, 2024","This review is the subjective opinion of a Tripadvisor member and not of Tripadvisor LLC."
"Joel D","https://www.tripadvisor.com/Profile/C8330DPjoeld","https://media-cdn.tripadvisor.com/media/photo-o/1a/f6/e3/6a/default-avatar-2020-47.jpg","","5","Nov 2023 • Friends","Mt. Hood and Dam from the air.","Went last Tuesday with friends, Jon was piloting. It was a great day, very good visibility and quite an experience. I felt very safe and confident in the capabilities of aircraft and pilot. Would definitely do this again!","Friends","0","https://media-cdn.tripadvisor.com/media/photo-w/2a/ef/22/61/caption.jpg","Written December 2, 2023","This review is the subjective opinion of a Tripadvisor member and not of Tripadvisor LLC."
"Debi R","https://www.tripadvisor.com/Profile/debir825","https://media-cdn.tripadvisor.com/media/photo-o/1a/f6/e3/6a/default-avatar-2020-47.jpg","","5","Nov 2023 • Family","Fantastic flight Mt. Hood and gorge.","We throughly enjoyed our flight and even though Jon is my nephew, he did an amazing job!  It was a beautiful sunny day and he made sure we got multiple angles of all the mountains, waterfalls and the gorge.  I was exceptionally impressed with how smooth our landing was, even though it was windy out.","Family","0","https://media-cdn.tripadvisor.com/media/photo-w/2a/ea/11/b9/caption.jpg
https://media-cdn.tripadvisor.com/media/photo-w/2a/ea/11/b8/caption.jpg
https://media-cdn.tripadvisor.com/media/photo-w/2a/ea/11/b7/caption.jpg
https://media-cdn.tripadvisor.com/media/photo-m/1280/2a/ea/11/b6/caption.jpg
https://media-cdn.tripadvisor.com/media/photo-m/1280/2a/ea/11/b5/caption.jpg","Written November 29, 2023","This review is the subjective opinion of a Tripadvisor member and not of Tripadvisor LLC."
"Stefanie M","https://www.tripadvisor.com/Profile/stefaniem263","https://media-cdn.tripadvisor.com/media/photo-f/01/2e/70/63/avatar041.jpg","Vernon Hills, IL","5","Nov 2023 • Family","Do this!","Absolutely a must-do. Davis, our pilot, was so knowledgeable and friendly, and there is simply no better way to experience the beauty of the area.  Highly recommended!","Family","0","https://media-cdn.tripadvisor.com/media/photo-m/1280/2a/d9/25/8a/caption.jpg
https://media-cdn.tripadvisor.com/media/photo-m/1280/2a/d9/25/89/caption.jpg
https://media-cdn.tripadvisor.com/media/photo-w/2a/d9/25/88/caption.jpg
https://media-cdn.tripadvisor.com/media/photo-m/1280/2a/d9/25/87/caption.jpg","Written November 19, 2023","This review is the subjective opinion of a Tripadvisor member and not of Tripadvisor LLC."
"Lorenzo W","https://www.tripadvisor.com/Profile/lorenzow325","https://media-cdn.tripadvisor.com/media/photo-o/1a/f6/e9/bb/default-avatar-2020-65.jpg","","5","Nov 2023 • Couples","Awesom, fun, safe experience","Awesome and fun flight, David is an awesome pilot, super friendly with tons of experience and insight about the city. His conversations were really fun and I laughed the entire flight.","Couples","0","","Written November 18, 2023","This review is the subjective opinion of a Tripadvisor member and not of Tripadvisor LLC."
"Mads M","https://www.tripadvisor.com/Profile/94madsm","https://media-cdn.tripadvisor.com/media/photo-o/1a/f6/ea/2e/default-avatar-2020-67.jpg","","5","Nov 2023 • Family","Evening flight over Portland/Vancouver","Night time plane ride was amazing! Our pilot Jon was very friendly and flew us over popular spots in the area! I highly recommend Envi","Family","0","https://media-cdn.tripadvisor.com/media/photo-m/1280/2a/d1/45/39/caption.jpg
https://media-cdn.tripadvisor.com/media/photo-m/1280/2a/d1/45/38/caption.jpg
https://media-cdn.tripadvisor.com/media/photo-w/2a/d1/45/37/caption.jpg
https://media-cdn.tripadvisor.com/media/photo-w/2a/d1/45/36/caption.jpg","Written November 14, 2023","This review is the subjective opinion of a Tripadvisor member and not of Tripadvisor LLC."
"Scott F","https://www.tripadvisor.com/Profile/Z1825BDscottf","","Hillsboro, OR","5","Oct 2023 • Couples","A beautiful fun flight!","Such a fun time! Davis, our pilot, was a pleasure to have done business with. Would absolutely recommend.","Couples","0","","Written October 28, 2023","This review is the subjective opinion of a Tripadvisor member and not of Tripadvisor LLC."
"Samantha F","https://www.tripadvisor.com/Profile/samanthafA559LB","https://media-cdn.tripadvisor.com/media/photo-o/1a/f6/e3/1f/default-avatar-2020-46.jpg","","5","Oct 2023 • Couples","Do it!!","My husband and I decided to do this last minute while vacationing here and it was worth every penny. So beautiful and truly a once in a lifetime experience. Our pilot, Daniel, was super fun, kind, & knowledgeable. Would go 1000x if I could. My husband even got to steer the plane for a minute.","Couples","0","https://media-cdn.tripadvisor.com/media/photo-w/2a/ae/a7/79/caption.jpg
https://media-cdn.tripadvisor.com/media/photo-w/2a/ae/a7/78/caption.jpg
https://media-cdn.tripadvisor.com/media/photo-w/2a/ae/a7/77/caption.jpg
https://media-cdn.tripadvisor.com/media/photo-w/2a/ae/a7/76/caption.jpg","Written October 26, 2023","This review is the subjective opinion of a Tripadvisor member and not of Tripadvisor LLC."
"db","https://www.tripadvisor.com/Profile/Venture67620048831","","","5","","Must do!!","Great experience with fantastic views. Daniel was an exceptional pilot and so knowledgeable and engaging. Highly recommended!!","","0","https://media-cdn.tripadvisor.com/media/photo-w/2a/93/d9/9e/caption.jpg
https://media-cdn.tripadvisor.com/media/photo-m/1280/2a/93/d9/9d/caption.jpg
https://media-cdn.tripadvisor.com/media/photo-m/1280/2a/93/d9/9a/caption.jpg","Written October 13, 2023","This review is the subjective opinion of a Tripadvisor member and not of Tripadvisor LLC."
"Kathy W","https://www.tripadvisor.com/Profile/V1090MSkathyw","https://media-cdn.tripadvisor.com/media/photo-o/1a/f6/ea/b2/default-avatar-2020-69.jpg","","5","Oct 2023 • Family","Amazing views of the volcano!","We had a fantastic trip up to and around our local volcano, Mt. St. Helens. Spectacular views of the mountain and its surroundings! Our pilot Spenser was skilled, knowledgeable, and friendly, and we knew we were in great hands. Last year we flew the Mt. Hood loop, and this was just as amazing.","Family","0","https://media-cdn.tripadvisor.com/media/photo-w/2a/87/e3/8c/caption.jpg
https://media-cdn.tripadvisor.com/media/photo-m/1280/2a/87/e3/8b/caption.jpg","Written October 8, 2023","This review is the subjective opinion of a Tripadvisor member and not of Tripadvisor LLC."
"Mah M","https://www.tripadvisor.com/Profile/mahm710","","","5","Sep 2023 • Couples","Great experience ","We had an amazing time on the Colombian river with John! The view was absolutely breathtaking, and we thoroughly enjoyed every moment. John was not only a skilled captain but also a genuinely kind and friendly host. It was an unforgettable experience!","Couples","0","https://media-cdn.tripadvisor.com/media/photo-m/1280/2a/72/f4/b4/caption.jpg
https://media-cdn.tripadvisor.com/media/photo-m/1280/2a/72/f4/b3/caption.jpg
https://media-cdn.tripadvisor.com/media/photo-w/2a/72/f4/b2/caption.jpg
https://media-cdn.tripadvisor.com/media/photo-m/1280/2a/72/f4/b1/caption.jpg
https://media-cdn.tripadvisor.com/media/photo-m/1280/2a/72/f4/b0/caption.jpg
https://media-cdn.tripadvisor.com/media/photo-w/2a/72/f4/af/caption.jpg","Written September 28, 2023","This review is the subjective opinion of a Tripadvisor member and not of Tripadvisor LLC."
"Patty M","https://www.tripadvisor.com/Profile/317pattym","https://media-cdn.tripadvisor.com/media/photo-o/1a/f6/e2/e6/default-avatar-2020-45.jpg","West Bloomfield Township, MI","5","","Spectacular views","Although I had spent a week hiking and staying in the Columbia River Gorge area, the Flight over the Gorge was really fun and offered beautiful views. Our pilot was delightful. Definitely recommend this activity","","0","","Written September 22, 2023","This review is the subjective opinion of a Tripadvisor member and not of Tripadvisor LLC."
"Ivan M","https://www.tripadvisor.com/Profile/ivanmK7042YS","https://media-cdn.tripadvisor.com/media/photo-o/1a/f6/f3/23/default-avatar-2020-28.jpg","","5","Sep 2023 • Couples","Amazing flight and experience!","Had an amazing private tour through Columbia River Gorge to Mt Hood and Multnomah Falls. Such a breathtaking but also fun experience as a local to see the area we know from above! Our pilot was incredibly talented and I felt safe the whole time, allowing us to fully embrace the beautiful scenery around us. I would recommend THE ENVI ADVENTURES tour for visitors and locals alike.","Couples","0","https://media-cdn.tripadvisor.com/media/photo-w/2a/60/bb/8c/caption.jpg
https://media-cdn.tripadvisor.com/media/photo-w/2a/60/bb/8b/caption.jpg
https://media-cdn.tripadvisor.com/media/photo-w/2a/60/bb/8a/caption.jpg
https://media-cdn.tripadvisor.com/media/photo-w/2a/60/bb/89/caption.jpg
https://media-cdn.tripadvisor.com/media/photo-w/2a/60/bb/88/caption.jpg","Written September 20, 2023","This review is the subjective opinion of a Tripadvisor member and not of Tripadvisor LLC."
"Discover54367970161","https://www.tripadvisor.com/Profile/Discover54367970161","https://media-cdn.tripadvisor.com/media/photo-o/1a/f6/ec/3d/default-avatar-2020-1.jpg","","5","Sep 2023 • Couples","Sunset tour to Mt. Hood and the Columbia Gorge","INCREDIBLE experience!! Hands down 10/10  and something I’d recommend to anyone! It was my first time flying in a small airplane and the pilot was amazing. Made me feel super comfortable (and even let me fly the plane for a few minutes!!!! Top 10 life experience for me). We flew by Mt. Hood, through the Columbia Gorge and by Multnomah Falls. SO BEAUTIFUL! Highly recommend booking for sunset or golden hour. Would be the perfect date night, anniversary adventure, birthday/Christmas present etc… Couldn’t recommend enough! ","Couples","0","https://media-cdn.tripadvisor.com/media/photo-w/2a/60/ba/51/caption.jpg
https://media-cdn.tripadvisor.com/media/photo-w/2a/60/ba/50/caption.jpg
https://media-cdn.tripadvisor.com/media/photo-w/2a/60/ba/4f/caption.jpg
https://media-cdn.tripadvisor.com/media/photo-w/2a/60/ba/4e/caption.jpg
https://media-cdn.tripadvisor.com/media/photo-w/2a/60/ba/4d/caption.jpg","Written September 20, 2023","This review is the subjective opinion of a Tripadvisor member and not of Tripadvisor LLC."
"Matt L","https://www.tripadvisor.com/Profile/W2969DWmattl","https://media-cdn.tripadvisor.com/media/photo-o/1a/f6/7c/01/default-avatar-2020-5.jpg","","5","Sep 2023 • Couples","Wife’s birthday","It’s my wife’s birthday and we had an incredible time with Davi’s the pilot. Amazing and highly recommend it! ","Couples","0","","Written September 6, 2023","This review is the subjective opinion of a Tripadvisor member and not of Tripadvisor LLC."
"kmed03","https://www.tripadvisor.com/Profile/kmed03","https://media-cdn.tripadvisor.com/media/photo-o/1a/f6/f0/d5/default-avatar-2020-17.jpg","Tacoma, WA","5","Apr 2023 • Family","Amazing!","We were to fly over my st Helen’s but the weather didn’t work out for that (low ceiling of clouds). So we were offered a rescheduling , or a change of flight pattern. We opted to fly anyway as our 9 year old was so excited to fly! We flew around the Portland area and our pilot was very knowledgeable and pointed out all sorts of sights and engaged my child in all sorts of flight knowledge!","Family","0","","Written August 29, 2023","This review is the subjective opinion of a Tripadvisor member and not of Tripadvisor LLC."
"melg56678","https://www.tripadvisor.com/Profile/melg56678","","Vancouver, WA","5","Jun 2023","Amazing flight","This was a spur of the moment purchase and we are so glad we did it! The flight was amazing and the views were something you just have to experience yourself! The process for booking was super easy!","","0","","Written August 29, 2023","This review is the subjective opinion of a Tripadvisor member and not of Tripadvisor LLC."
"pearls62023","https://www.tripadvisor.com/Profile/pearls62023","https://media-cdn.tripadvisor.com/media/photo-o/1a/f6/ea/b2/default-avatar-2020-69.jpg","Longview, WA","5","Jun 2023","Over Portland & Multnomah Falls area (Columbia Gorge )","Our pilot , Davis, was a likeable, guy and helped us to feel relaxed by giving us important details and telling us what was normal (like a few bumpy ride motions over the city.)  I felt that he was professional and safety minded throughout the trip.     ","","0","","Written August 23, 2023","This review is the subjective opinion of a Tripadvisor member and not of Tripadvisor LLC."
"Chas_trip_world","https://www.tripadvisor.com/Profile/Chas_trip_world","https://media-cdn.tripadvisor.com/media/photo-o/1a/f6/ed/00/default-avatar-2020-4.jpg","Portland, OR","5","May 2023 • Family","Amazing flight over Portland, OR","It was a wonderful gift for our family from friends! An exciting mini-journey - flying over the Portland city with rivers and bridges! A very friendly and funny pilot made our flight even more fun with his stories. Definitely recommend to everyone!","Family","0","","Written August 22, 2023","This review is the subjective opinion of a Tripadvisor member and not of Tripadvisor LLC."
"vrcharlebois","https://www.tripadvisor.com/Profile/vrcharlebois","https://media-cdn.tripadvisor.com/media/photo-o/1a/f6/f4/5d/default-avatar-2020-32.jpg","","5","Aug 2023","Very cool","I’ve lived in Portland my whole life. I got my husband a tour for his birthday. It was so different seeing everything from that angle. I would recommend everyone try this at least once in their lives.","","0","","Written August 22, 2023","This review is the subjective opinion of a Tripadvisor member and not of Tripadvisor LLC."
"aginuz02","https://www.tripadvisor.com/Profile/aginuz02","https://media-cdn.tripadvisor.com/media/photo-o/1a/f6/f2/59/default-avatar-2020-24.jpg","Los Angeles, CA","5","Aug 2023","Best Experience","Even though I am scared of heights, the flight was very smooth! Pilot was awesome!! Friendly and accommodating. Amazing night city views ✨","","0","","Written August 22, 2023","This review is the subjective opinion of a Tripadvisor member and not of Tripadvisor LLC."
"Dnelson30","https://www.tripadvisor.com/Profile/Dnelson30","https://media-cdn.tripadvisor.com/media/photo-o/1a/f6/ef/73/default-avatar-2020-13.jpg","Eugene, OR","5","Jul 2023","Amazing experience","My husband surprised me with the flight for our anniversary and it was such an amazing experience! Our pilot was so nice and the whole experience was super comfortable. Definitely will do it again in the future!  ","","0","","Written August 22, 2023","This review is the subjective opinion of a Tripadvisor member and not of Tripadvisor LLC."
"jeffpdx2023","https://www.tripadvisor.com/Profile/jeffpdx2023","https://media-cdn.tripadvisor.com/media/photo-o/1a/f6/f2/7a/default-avatar-2020-25.jpg","","5","Jul 2023","Wonderful flight","Our pilot was kind and professional. The aircraft was clean and well maintained. Very safe! My only wish was that I booked the longer flight! I'm definitely planning on coming back for another trip.","","0","","Written August 22, 2023","This review is the subjective opinion of a Tripadvisor member and not of Tripadvisor LLC."
"janderson876","https://www.tripadvisor.com/Profile/janderson876","https://media-cdn.tripadvisor.com/media/photo-o/1a/f6/f1/42/default-avatar-2020-20.jpg","Portland, OR","5","Jan 2023","Night Flight","My Partner and I took the Stump Town at 9pm.  We met our pilot Daniel at the check in desk.  He is so friendly and certainly helped calm our nerves.  Portland is such a beautiful city at night.  Daniel is a great pilot, our flight was smooth including the landing.  I will be booking a flight with ENVI for July 4th next year.  ","","0","","Written August 22, 2023","This review is the subjective opinion of a Tripadvisor member and not of Tripadvisor LLC."
"2900jene","https://www.tripadvisor.com/Profile/2900jene","https://media-cdn.tripadvisor.com/media/photo-o/1a/f6/e7/3d/default-avatar-2020-55.jpg","","5","Oct 2022 • Family","Can't wait to go again.","We had a wonderful flight. Our pilot was great and did a fantastic job of answering my 12-year old's questions about planes. When the weather turned, they were very communicative and took us out on the next safe flight. Loved it and will return","Family","0","","Written August 22, 2023","This review is the subjective opinion of a Tripadvisor member and not of Tripadvisor LLC."
"irose1999","https://www.tripadvisor.com/Profile/irose1999","https://media-cdn.tripadvisor.com/media/photo-o/1a/f6/f0/d5/default-avatar-2020-17.jpg","Akron, OH","5","Jun 2023","Had a blast","Pilot was friendly amd courteous,  he knew his stuff and gave a great tour.  Absolutly gorgeous views of Mt St helens thank you","","0","","Written August 22, 2023","This review is the subjective opinion of a Tripadvisor member and not of Tripadvisor LLC."
"Tawnie W","https://www.tripadvisor.com/Profile/227tawniew","https://media-cdn.tripadvisor.com/media/photo-o/1a/f6/eb/6d/default-avatar-2020-19.jpg","","5","","Spectacular Views","Had an amazing sunset flight last night over downtown Portland! Our pilot, Jon, showed great professionalism and was very knowledgeable about the area, keeping us entertained for the whole flight. I will definitely be taking another tour with this company and recommend it to anyone visiting the area, or locals looking for an exciting new experience.","","0","https://media-cdn.tripadvisor.com/media/photo-m/1280/2a/12/43/d9/caption.jpg
https://media-cdn.tripadvisor.com/media/photo-m/1280/2a/12/43/d8/caption.jpg
https://media-cdn.tripadvisor.com/media/photo-m/1280/2a/12/43/d7/caption.jpg
https://media-cdn.tripadvisor.com/media/photo-m/1280/2a/12/43/d6/caption.jpg","Written August 16, 2023","This review is the subjective opinion of a Tripadvisor member and not of Tripadvisor LLC."
"ZachManfried1981","https://www.tripadvisor.com/Profile/ZachManfried1981","https://media-cdn.tripadvisor.com/media/photo-o/1a/f6/ea/2e/default-avatar-2020-67.jpg","Kansas City, MO","5","Jul 2023 • Couples","This was really cool","This was such a great experience and I’m really happy we chose to book a flight tour. Every body was great and helpful and nice! And the flight was very cool. Thank you Envi and John (our pilot) for such a fun time.","Couples","0","","Written August 14, 2023","This review is the subjective opinion of a Tripadvisor member and not of Tripadvisor LLC."
"Stacy B","https://www.tripadvisor.com/Profile/stacyb578","https://media-cdn.tripadvisor.com/media/photo-o/1a/f6/e2/a7/default-avatar-2020-44.jpg","","5","Aug 2023 • Couples","What an awesome gift from our kids","We had an awesome trip today with Daniel as our pilot! We covered lots of ground from Mt. Hood to the Bonneville Dam. I highly recommend Envi for a fun adventure.","Couples","0","https://media-cdn.tripadvisor.com/media/photo-m/1280/2a/05/40/c8/exclusive-mount-hood.jpg
https://media-cdn.tripadvisor.com/media/photo-w/2a/05/40/c5/exclusive-mount-hood.jpg
https://media-cdn.tripadvisor.com/media/photo-w/2a/05/40/c1/exclusive-mount-hood.jpg","Written August 11, 2023","This review is the subjective opinion of a Tripadvisor member and not of Tripadvisor LLC."
"yoci","https://www.tripadvisor.com/Profile/Navigate63173244444","https://media-cdn.tripadvisor.com/media/photo-f/01/2e/70/76/avatar058.jpg","","5","Aug 2023 • Couples","Magnificent","It was an excellent experience, highly trained staff, 100% recommended, the weather was quite good for observing the city.","Couples","0","","Written August 6, 2023","This review is the subjective opinion of a Tripadvisor member and not of Tripadvisor LLC."
"Michelle B","https://www.tripadvisor.com/Profile/selahsplash","","","5","Aug 2023 • Couples","What a View!","Our Pilot Daniel was a great pilot and made our trip truly enjoyable.   Look forward to booking another flight with these guys!  It was an amazing day for a personal flight over the Columbia Gorge and seeing the waterfalls was a treat!  Would probably schedule earlier in the year to see more of the falls all around.  Thank you #flyenvi!!","Couples","0","https://media-cdn.tripadvisor.com/media/photo-w/29/f6/49/b4/beautiful-columbia-river.jpg
https://media-cdn.tripadvisor.com/media/photo-w/29/f6/49/b3/beautiful-columbia-river.jpg
https://media-cdn.tripadvisor.com/media/photo-w/29/f6/49/b2/beautiful-columbia-river.jpg
https://media-cdn.tripadvisor.com/media/photo-m/1280/29/f6/49/88/beautiful-columbia-river.jpg","Written August 5, 2023","This review is the subjective opinion of a Tripadvisor member and not of Tripadvisor LLC."
"C6457CTjamess","https://www.tripadvisor.com/Profile/C6457CTjamess","https://media-cdn.tripadvisor.com/media/photo-o/1a/f6/f6/0d/default-avatar-2020-34.jpg","Chesterfield","5","Jul 2023 • Family","Great flight tour experience!","Captain Daniel was fantastic showing us great views, explaining procedures and making it a great experience for my 12 year old son and myself!  I would highly recommend this air tour - great way to see the area in a short period of time.  Well done Envi!","Family","0","https://media-cdn.tripadvisor.com/media/photo-m/1280/29/ea/d9/eb/private-mount-hood-and.jpg
https://media-cdn.tripadvisor.com/media/photo-m/1280/29/ea/d9/e6/private-mount-hood-and.jpg","Written July 31, 2023","This review is the subjective opinion of a Tripadvisor member and not of Tripadvisor LLC."
"Josh Kriegshauser","https://www.tripadvisor.com/Profile/jkriegshauser","https://media-cdn.tripadvisor.com/media/photo-o/1a/f6/ee/10/default-avatar-2020-8.jpg","","5","Jul 2023 • Couples","Book it now!","We had a great time flying with Daniel!<br /><br />Our day started off with some weather moving in. When we got a call from Envi we were dreading a cancellation. Instead, Daniel asked if we could come earlier so that we could see all the best things before the weather rolled in. That was true customer service right there!<br /><br />The whole hour was stupendous! We saw Mt Hood up close and personal, and Mt St Helen’s from a distance. Tons of forestry was visible, and the cars and trains look like toys from the air. I highly recommend booking the longer flights as the short ones are over far too quickly. And I even got to fly the plane for a few minutes!<br /><br />Can’t wait to go again!!","Couples","0","https://media-cdn.tripadvisor.com/media/photo-w/29/da/70/86/envi-adventures.jpg
https://media-cdn.tripadvisor.com/media/photo-m/1280/29/da/70/57/envi-adventures.jpg","Written July 25, 2023","This review is the subjective opinion of a Tripadvisor member and not of Tripadvisor LLC."
"Valerie","https://www.tripadvisor.com/Profile/vjc829","https://media-cdn.tripadvisor.com/media/photo-o/1a/f6/f0/48/default-avatar-2020-15.jpg","","5","","Spectacular Views. Lifetime Experience!","The flight was amazing! Our pilot was Bruno. Very professional, kind and courteous. We had clear skies & a smooth ride. This was one of the top ten experiences of my life! Spectacular views! We got to go to Mt St Helen’s and then fly around the rim a few times, getting closer and closer. You could see the lava path from the eruption in the 1980’s and there is still steam rising from the top of the volcano.","","0","https://media-cdn.tripadvisor.com/media/photo-w/29/d0/fe/37/caption.jpg","Written July 21, 2023","This review is the subjective opinion of a Tripadvisor member and not of Tripadvisor LLC."
"Henry M","https://www.tripadvisor.com/Profile/I7683WOhenrym","https://media-cdn.tripadvisor.com/media/photo-o/1a/f6/ee/68/default-avatar-2020-9.jpg","","5","Jul 2023 • Family","Mountain trifecta - flawless experience","Booking was easy and straightforward.  Communications were excellent.  Staff was ready early.  Pilot was courteous, professional, and provided a safe and comfortable ride.  Pilot was entertaining and engaging for both our older passengers and 11 year old child.  Fantastic family experience.<br /><br />Aircraft appeared well-maintained.  Also, very roomy, even for two adult males in the backseat at 6'2"" & 6'4"".<br /><br />I will happily book again with Envi Adventures in the future.<br /><br />Outside of Envi's control, but adding to the experience: very calm air, beautiful day, incredible Cascade mountain scenery.","Family","0","","Written July 20, 2023","This review is the subjective opinion of a Tripadvisor member and not of Tripadvisor LLC."
"Sara M","https://www.tripadvisor.com/Profile/X506GHsaram","https://media-cdn.tripadvisor.com/media/photo-o/1a/f6/e9/ef/default-avatar-2020-66.jpg","","5","Jul 2023 • Couples","10 out of 10 recommend! ","This was so oamazing! We flew up to Mt. St. Helens and loved every second. Booking the flight was quick and very straight forward, pilot was awesome, the rest of the staff was excellent, and the prices were very affordable! We looked at doing a helicopter tour with another company, and the price was over A LOT more for the 2 of us!! So glad we found Envi! Thank you for a great experience! 10 out of 10 recommend!","Couples","0","","Written July 11, 2023","This review is the subjective opinion of a Tripadvisor member and not of Tripadvisor LLC."
"Ramil A","https://www.tripadvisor.com/Profile/ramila830","https://media-cdn.tripadvisor.com/media/photo-f/01/2e/70/78/avatar059.jpg","","5","Jul 2023 • Family","mount hood","great pilot, perfect and beautiful flight, cool company! I advise everyone to fly towards the mount hood, before noon is the most ideal time for this.","Family","0","","Written July 11, 2023","This review is the subjective opinion of a Tripadvisor member and not of Tripadvisor LLC."
"stm1116","https://www.tripadvisor.com/Profile/stm1116","https://media-cdn.tripadvisor.com/media/photo-o/1a/f6/e7/3d/default-avatar-2020-55.jpg","Miami, FL","5","Jul 2023 • Friends","Awesome experience!","This tour was excellent and I would recommend it to everyone! We booked it last minute online the night before with no issues. Our pilot, Dave, was very knowledgeable, put us at ease (we were a little nervous), and showed us some incredible views. We felt safe and enjoyed ourselves thoroughly. Thank you for a great last day in Portland!","Friends","0","","Written July 3, 2023","This review is the subjective opinion of a Tripadvisor member and not of Tripadvisor LLC."
"Navigator21461788417","https://www.tripadvisor.com/Profile/Navigator21461788417","https://media-cdn.tripadvisor.com/media/photo-o/1a/f6/df/99/default-avatar-2020-40.jpg","Fort Worth, TX","5","Jun 2023 • Couples","Great Experience!","The pilot was super friendly and knowledgeable and fun to fly with. The flight was amazing. The pictures are priceless The experience definitely worth it! We'll be back.","Couples","0","https://media-cdn.tripadvisor.com/media/photo-m/1280/29/a0/46/ad/caption.jpg
https://media-cdn.tripadvisor.com/media/photo-w/29/a0/46/ac/caption.jpg
https://media-cdn.tripadvisor.com/media/photo-w/29/a0/46/ab/caption.jpg
https://media-cdn.tripadvisor.com/media/photo-w/29/a0/46/aa/caption.jpg
https://media-cdn.tripadvisor.com/media/photo-w/29/a0/46/a9/caption.jpg
https://media-cdn.tripadvisor.com/media/photo-w/29/a0/46/a8/caption.jpg
https://media-cdn.tripadvisor.com/media/photo-w/29/a0/46/a7/caption.jpg
https://media-cdn.tripadvisor.com/media/photo-w/29/a0/46/a6/caption.jpg
https://media-cdn.tripadvisor.com/media/photo-w/29/a0/46/a5/caption.jpg","Written July 1, 2023","This review is the subjective opinion of a Tripadvisor member and not of Tripadvisor LLC."
"Robin N","https://www.tripadvisor.com/Profile/609robinn","https://media-cdn.tripadvisor.com/media/photo-o/1a/f6/e4/2d/default-avatar-2020-48.jpg","Madison, WI","5","Jun 2023 • Friends","Great experience","Mount St Helens didn’t cooperate so my sister and I flew down the Columbia River Gorge. Davis was knowledgeable and the experience was memorable. I will do it again.","Friends","0","","Written June 30, 2023","This review is the subjective opinion of a Tripadvisor member and not of Tripadvisor LLC."
"Robin N","https://www.tripadvisor.com/Profile/609robinn","https://media-cdn.tripadvisor.com/media/photo-o/1a/f6/e4/2d/default-avatar-2020-48.jpg","Madison, WI","5","Jun 2023 • Friends","Wonderful experience ","View was amazing. Davis was a incredible, knowledgeable tour guide. I would highly recommend him. The flight over the Columbia Gorge was amazing. ","Friends","0","https://media-cdn.tripadvisor.com/media/photo-w/29/90/54/eb/caption.jpg","Written June 24, 2023","This review is the subjective opinion of a Tripadvisor member and not of Tripadvisor LLC."
"Trenton J","https://www.tripadvisor.com/Profile/268trentonj","","","5","Jun 2023 • Couples","Awesome flight through the gorge","The flight through the gorge was awesome and the view of everything was amazing. We will definitely be booking one of the other flights in the future.<br /><br />The takeoff and landing were the smoothest I have experienced.<br /><br />I would recommend this flight to anyone who has not been in a smaller aircraft. It was much nicer than a regular commercial flight in a big jet!","Couples","0","","Written June 22, 2023","This review is the subjective opinion of a Tripadvisor member and not of Tripadvisor LLC."
"Edik S","https://www.tripadvisor.com/Profile/537ediks","https://media-cdn.tripadvisor.com/media/photo-o/1a/f6/ea/b2/default-avatar-2020-69.jpg","","5","Jun 2023 • Family","Awesome !! ","The experience was awesome, Daniel our pilot was super friendly and really fun ! Made our experience even better, coming into this me and my wife were thinking it’s going to be a shaky experience but it was super safe and smooth, 10/10 would recommend !! ","Family","0","","Written June 18, 2023","This review is the subjective opinion of a Tripadvisor member and not of Tripadvisor LLC."
"Kelly H","https://www.tripadvisor.com/Profile/kellyhB3802BM","https://media-cdn.tripadvisor.com/media/photo-o/1a/f6/ea/74/default-avatar-2020-68.jpg","","5","","Beautiful views and fun trip.","Fun flight and beautiful scenery!  Felt very safe and great to be able to talk to each other through the headsets.  Even the 5 year year old in the copilot seat had fun!   Wonderful to see the falls and Mt. Hood from up high.  Pilot was very friendly and explained things as we went along.  Recommend.","","0","https://media-cdn.tripadvisor.com/media/photo-w/29/82/7a/a4/caption.jpg
https://media-cdn.tripadvisor.com/media/photo-w/29/82/7a/a3/caption.jpg","Written June 18, 2023","This review is the subjective opinion of a Tripadvisor member and not of Tripadvisor LLC."
"David W","https://www.tripadvisor.com/Profile/DavidW396","https://media-cdn.tripadvisor.com/media/photo-o/1a/f6/eb/6d/default-avatar-2020-19.jpg","Brighton, UK","5","","Simply awesome!","What an amazing experience! From correspondence with Envi before booking (super helpful!) through to the welcome on arrival and fantastic pilot skills of Davis we had an incredible time. Highly recommended to anyone with an interest in flying, volcanology, local history and sights. <br />Davis made us feel so welcome and comfortable and gave us the smoothest ride, best local info, and very best of views of Mount St Helens which was simply AWESOME. <br />Stop hesitating and just book it!","","0","https://media-cdn.tripadvisor.com/media/photo-m/1280/29/80/ac/22/caption.jpg","Written June 17, 2023","This review is the subjective opinion of a Tripadvisor member and not of Tripadvisor LLC."
"Linda S","https://www.tripadvisor.com/Profile/X3855LQlindas","https://media-cdn.tripadvisor.com/media/photo-o/1a/f6/f2/eb/default-avatar-2020-27.jpg","","5","Jun 2023 • Family","Envi #1","John was amazing! Simply Beautiful flight and sights! I highly recommend this tour. Envi Adventures are the best!","Family","0","https://media-cdn.tripadvisor.com/media/photo-m/1280/29/77/56/71/caption.jpg
https://media-cdn.tripadvisor.com/media/photo-m/1280/29/77/56/70/caption.jpg","Written June 13, 2023","This review is the subjective opinion of a Tripadvisor member and not of Tripadvisor LLC."
"Jennifer W","https://www.tripadvisor.com/Profile/jennwatts2014","https://media-cdn.tripadvisor.com/media/photo-o/1a/f6/e2/11/default-avatar-2020-41.jpg","Houston, TX","5","","Must do","I debated this trip because of the cost and the drive from Seattle but seeing Mt. St. Helen's from the air was a bucket list thing for me so decided it was totally worth it. Davis was our pilot. He was the perfect combination of professional and friendly. He pointed out different areas to/from Helen's and made sure to involve our 5 yr old grandson throughout. We circled around and got views that we wouldn't have from the ground. He had an abundance of knowledge about the volcano and eruption. Which made the trip even more engaging. If you're hesitant, don't be. It was totally worth it.","","0","https://media-cdn.tripadvisor.com/media/photo-m/1280/29/61/ac/ff/caption.jpg
https://media-cdn.tripadvisor.com/media/photo-m/1280/29/61/ac/fe/caption.jpg","Written June 4, 2023","This review is the subjective opinion of a Tripadvisor member and not of Tripadvisor LLC."
"Tatiana H","https://www.tripadvisor.com/Profile/504tatianah","https://media-cdn.tripadvisor.com/media/photo-o/1a/f6/f4/d0/default-avatar-2020-33.jpg","","5","Jun 2023 • Couples","Amazing Mount Saint Helens","What a great experience! The view of Mt. Saint Helens up close was amazing! The weather on the day of our flight was perfect and we were able to see all the surrounding mountains as well, Rainier, Adams, Hood, and Jefferson. Our pilot, Davis, was great! He pointed out the various areas we were flying over and the various mountains so we knew where we were and what we seeing. Loved this experience!","Couples","0","https://media-cdn.tripadvisor.com/media/photo-w/29/60/28/a8/private-air-tour-of-mount.jpg
https://media-cdn.tripadvisor.com/media/photo-m/1280/29/60/28/9f/private-air-tour-of-mount.jpg
https://media-cdn.tripadvisor.com/media/photo-w/29/60/28/9d/private-air-tour-of-mount.jpg
https://media-cdn.tripadvisor.com/media/photo-w/29/60/28/12/private-air-tour-of-mount.jpg","Written June 3, 2023","This review is the subjective opinion of a Tripadvisor member and not of Tripadvisor LLC."
"Martrese B","https://www.tripadvisor.com/Profile/Martrese","https://media-cdn.tripadvisor.com/media/photo-m/1280/1d/34/71/fe/martrese-b.jpg","Hillsboro, OR","5","May 2023","What a Thrill for My Visiting Niece (and Us)!!!!!!!!","This was my second time flying with Envi and once again, WOW!!!!! What a perfect way to introduce my visiting niece (who'd never been to Oregon) to the wonders of our fair state. Our pilot Daniel was very personable and experienced and we really enjoyed seeing the original interior of the 1957 plane (to be remodeled, we were told).<br /><br />We did the one-hour ""Figure Eight"" flight which took us east over the Columbia River, where we circled Beacon Rock and saw hikers climbing to the summit. Though we started with cloud cover, the sky cleared the farther east we went, and we were able to see ALL the mountains (Hood, Adams, St. Helens, even Ranier). It was neat to get a birds-eye view of Multnomah Falls as we headed west towards downtown. It was cool to listen to Daniel communicate with air traffic control at PDX as we banked over the runways. We saw the many downtown bridges, passed over the zoo and Forestry Center, and the Pittock Mansion, and Mt. Tabor in my old SE Portland 'hood. <br /><br />This was my niece's favorite part of her visit and I agree. We highly recommend!!!!","","0","https://media-cdn.tripadvisor.com/media/photo-m/1280/29/57/55/93/mt-tabor-in-se-portland.jpg
https://media-cdn.tripadvisor.com/media/photo-m/1280/29/57/55/92/we-watched-hikers-on.jpg
https://media-cdn.tripadvisor.com/media/photo-m/1280/29/57/55/90/the-zoo-and-forestry.jpg
https://media-cdn.tripadvisor.com/media/photo-w/29/57/55/8c/bridge-city.jpg
https://media-cdn.tripadvisor.com/media/photo-w/29/57/55/89/up-at-cloud-level-in.jpg
https://media-cdn.tripadvisor.com/media/photo-w/29/57/55/88/birds-eye-view-of-multnomah.jpg
https://media-cdn.tripadvisor.com/media/photo-m/1280/29/57/55/7f/watching-planes-taxiing.jpg
https://media-cdn.tripadvisor.com/media/photo-m/1280/29/57/55/7a/thanks-daniel-for-a-fabulous.jpg
https://media-cdn.tripadvisor.com/media/photo-m/1280/29/57/55/78/what-a-super-view-of.jpg","Written May 30, 2023","This review is the subjective opinion of a Tripadvisor member and not of Tripadvisor LLC."
"Gary B","https://www.tripadvisor.com/Profile/garybS5726TR","https://media-cdn.tripadvisor.com/media/photo-o/1a/f6/e8/5b/default-avatar-2020-61.jpg","","5","Apr 2023 • Friends","Fantastic","Everything was great, and our pilot Dan was very acomidating, best day ever!! I would do this again.","Friends","0","https://media-cdn.tripadvisor.com/media/photo-w/29/00/2a/e8/envi-adventures.jpg","Written May 4, 2023","This review is the subjective opinion of a Tripadvisor member and not of Tripadvisor LLC."
"Edward G","https://www.tripadvisor.com/Profile/edwardgY3471SZ","https://media-cdn.tripadvisor.com/media/photo-o/1a/f6/e8/24/default-avatar-2020-60.jpg","","5","Apr 2023 • Couples","Sunset Tour","Great time, great view, and awesome pilot will definately do it again.  Didnt want to come down cant wait to check out other tours.  Invited a ton of my local friends on FaceBook.<br />","Couples","0","https://media-cdn.tripadvisor.com/media/photo-m/1280/28/f5/2d/c1/caption.jpg","Written April 29, 2023","This review is the subjective opinion of a Tripadvisor member and not of Tripadvisor LLC."
"Laura T","https://www.tripadvisor.com/Profile/lauratY3612OF","https://media-cdn.tripadvisor.com/media/photo-o/1a/f6/e8/5b/default-avatar-2020-61.jpg","","5","Apr 2023","An unforgettable  experience! ","Fantastic flight, amazing views and weather!  We flew over so many landmarks, it’s a great way to really get to know the city.  I especially recommend to anyone buying property…   Daniel is an excellent pilot -Thanks so much! ","","0","","Written April 28, 2023","This review is the subjective opinion of a Tripadvisor member and not of Tripadvisor LLC."
"Brooke L","https://www.tripadvisor.com/Profile/D3866WMbrookel","https://media-cdn.tripadvisor.com/media/photo-o/1a/f6/7c/01/default-avatar-2020-5.jpg","","5","Apr 2023 • Couples","A must","Hands down a must. I surprised my bf on our vay cay to Seattle was def worth the 3 hr drive. Davis was so amazing! He took some great photos of us before the flight. The views were amazing and he was so informative. I’ve never seen my bf so happy!! Daniel was amazing as well. ","Couples","0","https://media-cdn.tripadvisor.com/media/photo-o/28/ec/a0/c8/caption.jpg
https://media-cdn.tripadvisor.com/media/photo-o/28/ec/a0/c7/caption.jpg
https://media-cdn.tripadvisor.com/media/photo-m/1280/28/ec/a0/c6/caption.jpg","Written April 25, 2023","This review is the subjective opinion of a Tripadvisor member and not of Tripadvisor LLC."
"Taytumn K","https://www.tripadvisor.com/Profile/taytumnk","https://media-cdn.tripadvisor.com/media/photo-o/1a/f6/f4/5d/default-avatar-2020-32.jpg","","5","Apr 2023 • Couples","Thank you Daniel!","Shout out to Daniel! I am looking into a career in Aviation and I met him previously at an aviation meeting. It was a surprise seeing him and he made it such a personalized experience and let me hop on and steer for a bit. It was really rainy and gloomy weather and he helped guide me through the turbulence and anything else that could happen. So grateful and excited to be able to experience this, I’ll be coming back more in the future! ","Couples","0","","Written April 16, 2023","This review is the subjective opinion of a Tripadvisor member and not of Tripadvisor LLC."
"Raquel S","https://www.tripadvisor.com/Profile/RASmith2010","https://media-cdn.tripadvisor.com/media/photo-o/1a/f6/ea/b2/default-avatar-2020-69.jpg","","5","Apr 2023 • Couples","Had the best time!","One of the most fun experiences of my life! Our pilot Daniel was extremely friendly and made sure we had a great flight!","Couples","0","https://media-cdn.tripadvisor.com/media/photo-w/28/d5/aa/90/envi-adventures.jpg
https://media-cdn.tripadvisor.com/media/photo-m/1280/28/d5/aa/8f/envi-adventures.jpg","Written April 16, 2023","This review is the subjective opinion of a Tripadvisor member and not of Tripadvisor LLC."
"t_wright67","https://www.tripadvisor.com/Profile/tysonwright67","https://media-cdn.tripadvisor.com/media/photo-o/1a/f6/e4/2d/default-avatar-2020-48.jpg","","5","Apr 2023","A wonderful time in Portland","This was the absolute highlight of my trip to Portland. What a beautiful part of the world! We flew past probably a dozen waterfalls, some bigger than others, and I think some of them are seasonal waterfalls, but it was breathtaking. Looking out the front window and seeing the vastness of the Columbia River and the millions of trees, and the waterfalls was breathtaking. It was a wonderful experience, and the people at Envi we very kind and accommodating. Loved every minute of our time. Thank you for a wonderful time.","","0","","Written April 12, 2023","This review is the subjective opinion of a Tripadvisor member and not of Tripadvisor LLC."
"destaple17","https://www.tripadvisor.com/Profile/destaple17","https://media-cdn.tripadvisor.com/media/photo-o/1a/f6/f1/b8/default-avatar-2020-22.jpg","Greenwood, IN","5","May 2022","Great flight on a beautiful morning","The pilot was very nice and friendly, held great conversation and maintained perfect control of the plane while answering questions. Very fun and definitely makes me want to get a pilots license in the future!","","0","","Written April 10, 2023","This review is the subjective opinion of a Tripadvisor member and not of Tripadvisor LLC."
"jared r","https://www.tripadvisor.com/Profile/692jaredr","https://media-cdn.tripadvisor.com/media/photo-o/1a/f6/e2/4a/default-avatar-2020-42.jpg","","5","Apr 2023","Best experience","Best tour guides in the area. Daniel as well as the entire staff are absolutely fantastic. I took my 5 year old daughter who wants to be a pilot and they did everything they could to make it a great experience for her. ","","0","","Written April 7, 2023","This review is the subjective opinion of a Tripadvisor member and not of Tripadvisor LLC."
"Kassie T","https://www.tripadvisor.com/Profile/732kassiet","https://media-cdn.tripadvisor.com/media/photo-o/1a/f6/f0/d5/default-avatar-2020-17.jpg","","5","Mar 2023","Kid friendly ","Flew with my 10 year old.<br />One of the greatest adventures we’ve ever had. The pilot was absolutely fabulous! ","","0","","Written March 29, 2023","This review is the subjective opinion of a Tripadvisor member and not of Tripadvisor LLC."
"TimothyWay69420","https://www.tripadvisor.com/Profile/TimothyWay69420","","Portland, OR","5","Aug 2022","the review you should read.","Dude flying the plane was cool as heck, personable, and informative as heck. You will not be disappointed in this experience. <br /> this was one of the best times of my life. <br />   buy these tickets as gifts and make your friends and family happy. <br />this is what you're looking for. <br /> I'm a real human and not a spam bot. ","","0","","Written March 22, 2023","This review is the subjective opinion of a Tripadvisor member and not of Tripadvisor LLC."
"Britain J","https://www.tripadvisor.com/Profile/britainjackson","https://media-cdn.tripadvisor.com/media/photo-o/1a/f6/ea/74/default-avatar-2020-68.jpg","","5","Mar 2023 • Couples","My Favorite Company","I went back today for my third flight with Envi and it was so fun! They provided an amazing opportunity to fly over downtown Portland for a discounted price that I won over their Instagram story! I’m so thankful that we’ve had the privilege to fly with such an amazing pilot that doesn’t mind answering all of my flying questions. I’m already planning my next flight to take with them. I’m so happy that I found Envi!","Couples","0","https://media-cdn.tripadvisor.com/media/photo-w/28/92/88/c2/envi-adventures.jpg","Written March 21, 2023","This review is the subjective opinion of a Tripadvisor member and not of Tripadvisor LLC."
"Debbie G","https://www.tripadvisor.com/Profile/499debbieg","https://media-cdn.tripadvisor.com/media/photo-o/1a/f6/ee/68/default-avatar-2020-9.jpg","Vancouver, United States","5","Apr 2022","Columbia Gorge Flight","The flight was amazing. Seeing the area I have lived in for 50 years from a different view was breathtaking.  The pilot was great and the scheduling was so easy.  Would highly recommend taking any flight from them.","","0","","Written March 21, 2023","This review is the subjective opinion of a Tripadvisor member and not of Tripadvisor LLC."
"anymcneill","https://www.tripadvisor.com/Profile/940adventuref","https://media-cdn.tripadvisor.com/media/photo-o/1a/f6/f2/11/default-avatar-2020-23.jpg","","5","Jul 2022","Thank you for a great flight!","First time in the Pacific Northwest, and I was blown away by the beauty. Such a cool place. Flying around the volcano Saint Helens was incredible. Beautiful destruction. Fun group of people and fun experience. Thank you Envi!","","0","","Written March 15, 2023","This review is the subjective opinion of a Tripadvisor member and not of Tripadvisor LLC."
"McKayla H","https://www.tripadvisor.com/Profile/6mckaylah","","","5","Aug 2022","Really fun!","So cool! This flight was given to me as a surprise gift, and it was so amazing to see Mt. St. Helens from the plane! Spencer was our pilot and he did a great job. Thank you for such a wonderful and memorable experience!","","0","","Written March 9, 2023","This review is the subjective opinion of a Tripadvisor member and not of Tripadvisor LLC."
"Brian F","https://www.tripadvisor.com/Profile/BrianFoleyMN","https://media-cdn.tripadvisor.com/media/photo-o/1a/f6/eb/6d/default-avatar-2020-19.jpg","","5","Sep 2022","Super fun flight","Had a great time and a great flight. The entire experience was flawless from booking to checking in and the flight itself. Very professional, organized, and fun group of people. Highly recommend to everyone considering a flight with Envi. Enjoyed the entire flight and the views were top notch,","","0","https://media-cdn.tripadvisor.com/media/photo-w/28/62/85/86/part-of-our-view-on-the.jpg","Written March 4, 2023","This review is the subjective opinion of a Tripadvisor member and not of Tripadvisor LLC."
"William Frohne","https://www.tripadvisor.com/Profile/WilliamFrohne","https://media-cdn.tripadvisor.com/media/photo-o/1a/f6/f1/79/default-avatar-2020-21.jpg","","5","Feb 2023 • Friends","Best thing to do in Portland!","What an awesome experience! 10/10 the mountains are beyond beautiful from the sky. The pilot was very knowledgeable and made the whole flight a blast. I would highly recommend this to anyone. Worth planning a whole trip around.","Friends","0","https://media-cdn.tripadvisor.com/media/photo-m/1280/28/39/66/37/envi-adventures.jpg","Written February 16, 2023","This review is the subjective opinion of a Tripadvisor member and not of Tripadvisor LLC."
"Roswell M","https://www.tripadvisor.com/Profile/roswellm2023","https://media-cdn.tripadvisor.com/media/photo-o/1a/f6/e3/6a/default-avatar-2020-47.jpg","","5","Aug 2022","Wonderful experience, so glad we booked it","My wife and I long dreamt of visiting the Pacific Northwest and travelled to Portland this past summer to explore the Oregon Coast the Columbia River Gorge. In searching for experiences, we found this aerial tour of Mt. St. Helens with Envi Adventures. Having been on a couple light aircraft before, I was slightly hesitant, but given the positive reviews we read, we made the reservation, and we’re so glad that we did. What a thrilling and wonderful experience. That entire staff was very professional and welcoming. The aircraft was clean and ran smoothly. Despite a few bumps in the air, which we know is unavoidable, the flight was flawless and breathtaking. We highly recommend this to anyone considering or looking for something fun.","","0","","Written January 10, 2023","This review is the subjective opinion of a Tripadvisor member and not of Tripadvisor LLC."
"Ron H","https://www.tripadvisor.com/Profile/ronhD1751OM","https://media-cdn.tripadvisor.com/media/photo-o/1a/f6/df/2b/default-avatar-2020-39.jpg","","5","Nov 2022 • Family","Don't Miss It!","Fantastic views and great experience! Easy, convenient to get to. Terrific, knowledge and friendly pilot. Do it!","Family","0","https://media-cdn.tripadvisor.com/media/photo-w/26/dc/2d/68/20-minute-columbia-river.jpg","Written November 13, 2022","This review is the subjective opinion of a Tripadvisor member and not of Tripadvisor LLC."
"Alexa F","https://www.tripadvisor.com/Profile/AlexaFalcon","https://media-cdn.tripadvisor.com/media/photo-o/1a/f6/eb/6d/default-avatar-2020-19.jpg","","5","Nov 2022 • Family","Amazing!","We had an amazing time on our flight today. Our pilot was the most generous, outgoing individual ever. It was a smooth ride and our pilot made it the experience of a lifetime. We will definitely be returning!","Family","0","https://media-cdn.tripadvisor.com/media/photo-w/26/ca/b2/15/envi-adventures.jpg","Written November 5, 2022","This review is the subjective opinion of a Tripadvisor member and not of Tripadvisor LLC."
"Jen E","https://www.tripadvisor.com/Profile/290jene","https://media-cdn.tripadvisor.com/media/photo-o/1a/f6/eb/a3/default-avatar-2020-38.jpg","","5","Oct 2022 • Family","Beautiful Tour -- We'll Be Back!","We took the Vista View tour just to give our 12-year old a taste of flying. Beautiful flight and a great pilot. We will be back for a longer tour.","Family","0","","Written October 31, 2022","This review is the subjective opinion of a Tripadvisor member and not of Tripadvisor LLC."
"Alayna","https://www.tripadvisor.com/Profile/892alaynas","https://media-cdn.tripadvisor.com/media/photo-o/1a/f6/77/ae/default-avatar-2020-2.jpg","","5","Oct 2022 • Couples","Don’t think twice. Book it.","They were great! When we had some bad weather during our scheduled flight time, the pilot contacted us and was very flexible with finding a new time with better weather. While they can’t promise good weather, they are a great business to work with and provided us with a very memorable experience!","Couples","0","","Written October 28, 2022","This review is the subjective opinion of a Tripadvisor member and not of Tripadvisor LLC."
"Sarah B","https://www.tripadvisor.com/Profile/sarahbL8938QB","https://media-cdn.tripadvisor.com/media/photo-f/01/2e/70/6f/avatar052.jpg","","5","Oct 2022 • Friends","Excellent","Awesome views, knowledgeable and friendly pilot who was very professional. Will be back again for more tours!!","Friends","0","","Written October 17, 2022","This review is the subjective opinion of a Tripadvisor member and not of Tripadvisor LLC."
"Cindi E","https://www.tripadvisor.com/Profile/952cindie","https://media-cdn.tripadvisor.com/media/photo-o/1a/f6/f1/b8/default-avatar-2020-22.jpg","Hot Springs Village, AR","4","Oct 2022 • Couples","Great experience","It’s the best way to see the eruption devastation. The flight is one hour out and back, which is pretty short for the value.","Couples","0","","Written October 10, 2022","This review is the subjective opinion of a Tripadvisor member and not of Tripadvisor LLC."
"Kinnah","https://www.tripadvisor.com/Profile/kinnahr","https://media-cdn.tripadvisor.com/media/photo-f/01/2e/70/54/avatar027.jpg","","5","Oct 2022 • Friends","Awesome !","It was so much fun. We went at night and it was beautiful. Our pilot Daniel was awesome! Definitely a great experience.","Friends","0","https://media-cdn.tripadvisor.com/media/photo-w/26/66/d3/9a/downtown-portland-airplane.jpg","Written October 8, 2022","This review is the subjective opinion of a Tripadvisor member and not of Tripadvisor LLC."
"delaneywasnothere","https://www.tripadvisor.com/Profile/delaneywasnothere","https://media-cdn.tripadvisor.com/media/photo-o/1a/f6/f2/7a/default-avatar-2020-25.jpg","Saginaw, MI","5","Oct 2022 • Couples","Worth it!","Just amazing! I was quite nervous to go considering I've never been on a small plane before and I get super nauseous often. We had a smooth day which was perfect. I wasn't nervous or nauseous as soon as we started! Most smooth take off and landing I've ever experienced from flying. The views were outstanding. Definitely an amazing experience!!","Couples","0","https://media-cdn.tripadvisor.com/media/photo-w/26/5c/10/3f/1-hour-private-air-tour.jpg
https://media-cdn.tripadvisor.com/media/photo-w/26/5c/10/3e/1-hour-private-air-tour.jpg","Written October 6, 2022","This review is the subjective opinion of a Tripadvisor member and not of Tripadvisor LLC."
"Andrew M","https://www.tripadvisor.com/Profile/Hurco3","https://media-cdn.tripadvisor.com/media/photo-o/1a/f6/e5/2b/default-avatar-2020-52.jpg","Williston, FL","5","Sep 2022 • Couples","Amazing","Super friendly and informative pilot. Would recommend to anyone even considering it! I didn’t know what to expect going into it, ended up having a blast!<br />This was our first prop plane ride and I’m glad it was. I wish I could remember the pilots name. If we’re back in town, we will try and do a different flight option!","Couples","0","https://media-cdn.tripadvisor.com/media/photo-w/26/1f/af/35/columbia-river-gorge.jpg
https://media-cdn.tripadvisor.com/media/photo-w/26/1f/af/33/columbia-river-gorge.jpg
https://media-cdn.tripadvisor.com/media/photo-m/1280/26/1f/af/32/columbia-river-gorge.jpg
https://media-cdn.tripadvisor.com/media/photo-w/26/1f/af/31/columbia-river-gorge.jpg","Written September 25, 2022","This review is the subjective opinion of a Tripadvisor member and not of Tripadvisor LLC."
"rafa ramirez","https://www.tripadvisor.com/Profile/V8919EJrafar","https://media-cdn.tripadvisor.com/media/photo-o/1a/f6/f1/79/default-avatar-2020-21.jpg","El Paso, TX","5","Sep 2022 • Solo","Amazing!!","The experience of a lifetime!!! Recomended to everybody, got to see amazing views of the volcano and many more things, will definitely come back the price is completely worth it!! Spencer was a great pilot and gave great information!","Solo","0","https://media-cdn.tripadvisor.com/media/photo-m/1280/26/1d/65/e0/private-air-tour-of-mount.jpg
https://media-cdn.tripadvisor.com/media/photo-m/1280/26/1d/5e/8b/private-air-tour-of-mount.jpg","Written September 25, 2022","This review is the subjective opinion of a Tripadvisor member and not of Tripadvisor LLC."
"Christopher B","https://www.tripadvisor.com/Profile/cmbeard0302","https://media-cdn.tripadvisor.com/media/photo-f/01/2e/70/56/avatar029.jpg","","5","Sep 2022 • Couples","Wonder Waterfalls and A Beaitiful Sunset","Absolutely AMAZING tours. The waterfall tour was gorgeous at 6:00pm, flying back with the sunset was phenomenal. Our pilot was Taylor and he was superb, made us feel safe the whole way through, and had absolute control over the plane to give us the most amazing aerial shots possible. 100% ask for Taylor if you have the option to! Eagle-eyed and sure-handed, you'll get great pictures and amazing history info. (Plus he spotted Elk and a wedding from 2000ft. and got us great shots of both.","Couples","0","https://media-cdn.tripadvisor.com/media/photo-m/1280/25/f1/a5/73/private-40-minute-waterfall.jpg
https://media-cdn.tripadvisor.com/media/photo-w/25/f1/a5/4f/private-40-minute-waterfall.jpg
https://media-cdn.tripadvisor.com/media/photo-w/25/f1/a5/4c/private-40-minute-waterfall.jpg
https://media-cdn.tripadvisor.com/media/photo-w/25/f1/a5/43/private-40-minute-waterfall.jpg
https://media-cdn.tripadvisor.com/media/photo-w/25/f1/a5/3d/private-40-minute-waterfall.jpg
https://media-cdn.tripadvisor.com/media/photo-m/1280/25/f1/a5/2b/private-40-minute-waterfall.jpg
https://media-cdn.tripadvisor.com/media/photo-m/1280/25/f1/a5/1e/private-40-minute-waterfall.jpg","Written September 19, 2022","This review is the subjective opinion of a Tripadvisor member and not of Tripadvisor LLC."
"Kim L","https://www.tripadvisor.com/Profile/B1575BAkiml","https://media-cdn.tripadvisor.com/media/photo-o/1a/f6/f4/5d/default-avatar-2020-32.jpg","","4","","Lovely",". Always room for improvement but actually a lovely ride ' our pilot was great and patient with passengers issues. Beautiful day","","0","","Written September 11, 2022","This review is the subjective opinion of a Tripadvisor member and not of Tripadvisor LLC."
"Natasha Grondsma","https://www.tripadvisor.com/Profile/natashafW8637OP","https://media-cdn.tripadvisor.com/media/photo-o/1a/f6/e7/99/default-avatar-2020-57.jpg","","5","Sep 2022 • Friends","Amazing!","It was a fantastic flight, and I even flew the plane! Thank you Pilot Spencer for giving us such a memorable experience! Highly recommend if you're in the Protland area.","Friends","0","https://media-cdn.tripadvisor.com/media/photo-w/25/a8/5a/1b/private-air-tour-of-mount.jpg
https://media-cdn.tripadvisor.com/media/photo-m/1280/25/a8/5a/1a/private-air-tour-of-mount.jpg
https://media-cdn.tripadvisor.com/media/photo-w/25/a8/5a/19/private-air-tour-of-mount.jpg
https://media-cdn.tripadvisor.com/media/photo-w/25/a8/5a/18/private-air-tour-of-mount.jpg
https://media-cdn.tripadvisor.com/media/photo-m/1280/25/a8/5a/17/private-air-tour-of-mount.jpg
https://media-cdn.tripadvisor.com/media/photo-w/25/a8/5a/16/private-air-tour-of-mount.jpg
https://media-cdn.tripadvisor.com/media/photo-m/1280/25/a8/5a/15/private-air-tour-of-mount.jpg
https://media-cdn.tripadvisor.com/media/photo-w/25/a8/5a/14/private-air-tour-of-mount.jpg
https://media-cdn.tripadvisor.com/media/photo-w/25/a8/5a/0c/private-air-tour-of-mount.jpg","Written September 7, 2022","This review is the subjective opinion of a Tripadvisor member and not of Tripadvisor LLC."
"Benjamin H","https://www.tripadvisor.com/Profile/benjaminhB8057KP","https://media-cdn.tripadvisor.com/media/photo-o/1a/f6/f2/7a/default-avatar-2020-25.jpg","","5","Sep 2022","Sun River Day Trip","We decided to do a Sun River Day trip through Envi over labor day weekend. The booking experience was quick and easy, and Envi was happy to provide help with planning our activities once in Sun River. Incredible views flying both in and out of the Portland area, and the Envi Team was happy to work with us on departure times both ways. The best part of the experience by far was our pilot Davis. Davis was extremely knowledgeable, professional, and courteous. He answered all of our questions, and provided a sense of comfort. It was clear we were in excellent hands.<br /><br />Thanks so much for the best trip we've had in Oregon, looking forward to more!","","0","","Written September 6, 2022","This review is the subjective opinion of a Tripadvisor member and not of Tripadvisor LLC."
"Miriam L","https://www.tripadvisor.com/Profile/F1662CSmiriaml","https://media-cdn.tripadvisor.com/media/photo-s/14/1e/aa/ab/miriamlawsdu.jpg","Palo Alto, California","5","Sep 2022 • Couples","Amazing. A MUST if you’re visiting or a resident!","What an amazing experience! I got this as a gift from some friends and it was incredible. I went with my boyfriend and we went right at sunset and the views were amazing. Taylor was a great guide and pilot. He was super friendly and pointed out all the landmarks and sights while in the air.","Couples","0","https://media-cdn.tripadvisor.com/media/photo-w/25/96/81/bd/private-40-minute-waterfall.jpg
https://media-cdn.tripadvisor.com/media/photo-m/1280/25/96/81/b7/private-40-minute-waterfall.jpg
https://media-cdn.tripadvisor.com/media/photo-m/1280/25/96/81/b0/private-40-minute-waterfall.jpg
https://media-cdn.tripadvisor.com/media/photo-m/1280/25/96/81/a1/private-40-minute-waterfall.jpg
https://media-cdn.tripadvisor.com/media/photo-m/1280/25/96/81/9b/private-40-minute-waterfall.jpg
https://media-cdn.tripadvisor.com/media/photo-m/1280/25/96/81/96/private-40-minute-waterfall.jpg
https://media-cdn.tripadvisor.com/media/photo-w/25/96/80/e5/private-40-minute-waterfall.jpg","Written September 3, 2022","This review is the subjective opinion of a Tripadvisor member and not of Tripadvisor LLC."
"Jackie","https://www.tripadvisor.com/Profile/Odyssey41313728436","https://media-cdn.tripadvisor.com/media/photo-o/1a/f6/ea/2e/default-avatar-2020-67.jpg","Sauk City, WI","5","","Visit from Wisconsin","Davis was our pilot & was fantastic.  Entire experience from check-in to landing was wonderful.   Highly recommend, you can see so much more than by land.  Breathtaking views for a lifetime.","","0","https://media-cdn.tripadvisor.com/media/photo-m/1280/25/76/4b/62/caption.jpg
https://media-cdn.tripadvisor.com/media/photo-w/25/76/4b/61/caption.jpg
https://media-cdn.tripadvisor.com/media/photo-w/25/76/4b/60/caption.jpg
https://media-cdn.tripadvisor.com/media/photo-m/1280/25/76/4b/5f/caption.jpg","Written August 28, 2022","This review is the subjective opinion of a Tripadvisor member and not of Tripadvisor LLC."
"jcafarr","https://www.tripadvisor.com/Profile/jcafarr","https://media-cdn.tripadvisor.com/media/photo-l/01/2a/fd/9b/avatar.jpg","San Marcos, CA","5","Aug 2022","Great Flight to see Mt. Hood, Rainier, Jefferson and St. Helen's","Great flight to Mt. Hood and down the Columbia River Gorge.    Had excellent views of not only Mt. Hood, but Mt. Jefferson, Mt. Rainier, and Mt. St. Helens.   Had all we really wanted to see.    Tour was private with only my 14 year old daughter and I.   She loved it.   Pilot pointed out as many viewpoints and waterfalls as possible.   He answered all our questions throughout the flight.    We were at ease the entire time.   Highly recommend this tour.","","0","","Written August 14, 2022","This review is the subjective opinion of a Tripadvisor member and not of Tripadvisor LLC."
"Anna L","https://www.tripadvisor.com/Profile/annalF7893AX","https://media-cdn.tripadvisor.com/media/photo-o/1a/f6/e3/1f/default-avatar-2020-46.jpg","","5","Aug 2022 • Friends","10/10 recommend! Best experience.","This was such a fun experience! My friends and I came out for my birthday and it couldn’t have been more perfect. The sunset was beautiful and our pilot, Spencer, was amazing! He was really knowledgeable of the area and all the attractions we saw during the flight. 10/10 recommend!","Friends","0","https://media-cdn.tripadvisor.com/media/photo-w/25/2f/fa/0a/30-minute-multnomah-falls.jpg
https://media-cdn.tripadvisor.com/media/photo-w/25/2f/fa/03/30-minute-multnomah-falls.jpg","Written August 13, 2022","This review is the subjective opinion of a Tripadvisor member and not of Tripadvisor LLC."
"moobar","https://www.tripadvisor.com/Profile/moobar","https://media-cdn.tripadvisor.com/media/photo-o/1a/f6/ef/32/default-avatar-2020-12.jpg","York, PA","5","Aug 2022","A bird's eye view of mountains, rivers, and desert","We chartered an airplane for a 3 hour tour of major sites in the area. We had a breath taking view flying over Mt. St. Helens. We also flew around Mt. Hood. The Painted Hills was spectacular from the air. To end our tour we took a leisurely ride along the Columbia River Gorge to see the water falls and the beauty of the terrain.<br /> Spencer, our pilot and tour guide, was an encyclopedia of information. He makes the trip fun, knowledgeable, and entertaining. We covered hundreds of miles of terrain and we did not have to drive. Some of the attractions would take hours of secondary road driving to get to them with a limited view. With Spencer at the yoke, we sat back and soaked up an experience we will never forget.<br /> Now that we have done it, we would recommend Envi Tours for any air tour you choose. They are nice people and they are easy to deal with. They have excellent follow up skills so we did not have to guess about anything. <br /> Our trip was not cheap, however the memories we made that day we will take to the nursing home!<br />So, TripAdvisor contributors, this outfit has our seal of approval.","","0","","Written August 6, 2022","This review is the subjective opinion of a Tripadvisor member and not of Tripadvisor LLC."
"onocrazystyle","https://www.tripadvisor.com/Profile/1Tripadviser","https://media-cdn.tripadvisor.com/media/photo-o/1a/f6/ef/32/default-avatar-2020-12.jpg","","5","Jul 2022 • Family","Serine waterfall tour","The flight was lot’s of fun. The pilot was awesome. I had a scared kid, and he’s clearly worked with kids before. He made a real effort to ease her comfort, and she had a great time. He was very entertaining, and friendly. Worth going again.","Family","0","","Written July 29, 2022","This review is the subjective opinion of a Tripadvisor member and not of Tripadvisor LLC."
"reallynowangelo","https://www.tripadvisor.com/Profile/reallynowangelo","https://media-cdn.tripadvisor.com/media/photo-o/1a/f6/df/99/default-avatar-2020-40.jpg","Pittsburgh, PA","5","Jul 2022","Active Volcano !","This flight over Mt St Helen's is AMAZING!  Spencer is a great pilot and explained what we were seeing and what occurred in May 1980.  The mountain was steaming in several locations - how many people do you know can say they flew over an ""active volcano""!","","0","","Written July 28, 2022","This review is the subjective opinion of a Tripadvisor member and not of Tripadvisor LLC."
"Michelle Brown","https://www.tripadvisor.com/Profile/babybrown37","https://media-cdn.tripadvisor.com/media/photo-o/1a/f6/f2/7a/default-avatar-2020-25.jpg","Molalla, OR","5","","Dirty 30 Birthday flight","Super gorgeous flight with lots to see. The weather was amazing and the pilot was very friendly and safe. We will come back for sure.","","0","","Written July 27, 2022","This review is the subjective opinion of a Tripadvisor member and not of Tripadvisor LLC."
"Jonathan S","https://www.tripadvisor.com/Profile/jonathans345","https://media-cdn.tripadvisor.com/media/photo-o/1a/f6/e5/66/default-avatar-2020-53.jpg","Chicago, IL","5","","Don’t miss this Amazing experience","Don’t miss this amazing experience to see Mt Hood up close and personal. One of the highlights of our visit to the area. Totally a winner!!","","0","https://media-cdn.tripadvisor.com/media/photo-m/1280/24/f7/74/ce/caption.jpg","Written July 26, 2022","This review is the subjective opinion of a Tripadvisor member and not of Tripadvisor LLC."
"Natalie Z","https://www.tripadvisor.com/Profile/250nataliez","https://media-cdn.tripadvisor.com/media/photo-o/1a/f6/de/e7/default-avatar-2020-37.jpg","","5","Jul 2022 • Couples","Amazing!","The flight was absolutely stunning! Our pilot Spencer kept us entertained the whole flight! These guys go above and beyond to ensure your safety as well as ensure you have a fun flight no matter the weather or unforeseen circumstances.  Such a perfect date night idea!","Couples","0","","Written July 18, 2022","This review is the subjective opinion of a Tripadvisor member and not of Tripadvisor LLC."
"David W","https://www.tripadvisor.com/Profile/davidwZ3187XS","https://media-cdn.tripadvisor.com/media/photo-o/1a/f6/e9/bb/default-avatar-2020-65.jpg","Portland, OR","5","Nov 2021 • Family","Great trip good deal","Greatest thing I have done in the Gorge in the 45 years I have lived here.  A trip with memories thatvwill last a lifectime","Family","0","","Written July 15, 2022","This review is the subjective opinion of a Tripadvisor member and not of Tripadvisor LLC."
"Jessica N","https://www.tripadvisor.com/Profile/jessicanJ4916JY","https://media-cdn.tripadvisor.com/media/photo-f/01/2e/70/7e/avatar065.jpg","","5","Jul 2022 • Couples","So beautiful and fun!!","Such a cool beautiful experience. Very calm and beautiful views with an easy smooth ride. And our pilot was awesome!!","Couples","0","https://media-cdn.tripadvisor.com/media/photo-m/1280/24/a1/5d/e5/20-minute-columbia-river.jpg","Written July 13, 2022","This review is the subjective opinion of a Tripadvisor member and not of Tripadvisor LLC."
"Wldhart07","https://www.tripadvisor.com/Profile/Seaside08027083210","https://media-cdn.tripadvisor.com/media/photo-o/1a/f6/ef/32/default-avatar-2020-12.jpg","Portland, OR","5","Aug 2021","Great experience!","This was amazing! Beautiful views. This was just an incredible experience. Our pilot was friendly and knowledgeable. The waterfalls were stunning!","","0","","Written June 30, 2022","This review is the subjective opinion of a Tripadvisor member and not of Tripadvisor LLC."
"Erin M","https://www.tripadvisor.com/Profile/ErinEM423","https://media-cdn.tripadvisor.com/media/photo-o/1a/f6/f4/d0/default-avatar-2020-33.jpg","","5","Jun 2022 • Couples","An excellent adventure!","We had an amazing time! Davis was our pilot and he walked us through everything before we took off. He was very knowledgeable of the area and pointed out everything. I was nervous before the flight, but he put my mind at ease. He’s an excellent pilot and we had a smooth flight from start to finish. Would definitely recommend this to anyone and would do it again!","Couples","0","https://media-cdn.tripadvisor.com/media/photo-w/24/31/72/be/30-minute-multnomah-falls.jpg
https://media-cdn.tripadvisor.com/media/photo-w/24/31/72/bc/30-minute-multnomah-falls.jpg
https://media-cdn.tripadvisor.com/media/photo-w/24/31/72/b4/30-minute-multnomah-falls.jpg","Written June 24, 2022","This review is the subjective opinion of a Tripadvisor member and not of Tripadvisor LLC."
"Trip685278","https://www.tripadvisor.com/Profile/Trip685278","https://media-cdn.tripadvisor.com/media/photo-o/1a/f6/f1/79/default-avatar-2020-21.jpg","","5","Jun 2022 • Family","Excellent","Wonderful trip. Davis was a great pilot and easy to talk to. Was patient and knowledgeable of the area.","Family","0","","Written June 22, 2022","This review is the subjective opinion of a Tripadvisor member and not of Tripadvisor LLC."
"Jennifer H","https://www.tripadvisor.com/Profile/JenniferH4346","https://media-cdn.tripadvisor.com/media/photo-o/1a/f6/df/2b/default-avatar-2020-39.jpg","","5","Jun 2022 • Family","Great Experience & Beautiful Views","The entire trip was wonderful.  Davis was a great pilot.  Smooth take-off and landing.  Very friendly and knowledgeable.  We will do this again!","Family","0","https://media-cdn.tripadvisor.com/media/photo-w/24/04/70/49/private-40-minute-waterfall.jpg
https://media-cdn.tripadvisor.com/media/photo-w/24/04/6f/f0/private-40-minute-waterfall.jpg","Written June 16, 2022","This review is the subjective opinion of a Tripadvisor member and not of Tripadvisor LLC."
"1904ok","https://www.tripadvisor.com/Profile/1904ok","","Portland, OR","5","","Wonderful Customer Service and Flying Experience!","We had an absolutely delightful experience with Envi Adventures from checking in all the way till landing. Clay was very professional and ensured we were able to see all the nature beauty and points of interest from the bird-eye view without compromising safety. We had wonderful time during our flight to Mt. Hood and down the Columbia River Gorge.<br />We very much appreciated that safety was highly prioritized, yet we had a lot of fun. Highly recommend Envi Adventures!","","0","https://media-cdn.tripadvisor.com/media/photo-w/23/84/23/2e/caption.jpg
https://media-cdn.tripadvisor.com/media/photo-w/23/84/23/2d/caption.jpg
https://media-cdn.tripadvisor.com/media/photo-w/23/84/23/2c/caption.jpg
https://media-cdn.tripadvisor.com/media/photo-w/23/84/23/2b/caption.jpg
https://media-cdn.tripadvisor.com/media/photo-w/23/84/23/2a/caption.jpg","Written May 24, 2022","This review is the subjective opinion of a Tripadvisor member and not of Tripadvisor LLC."
"Shonna R","https://www.tripadvisor.com/Profile/shonnar857","https://media-cdn.tripadvisor.com/media/photo-o/1a/f6/ea/2e/default-avatar-2020-67.jpg","Brush Prairie","5","May 2022 • Family","Great pilot, excellent experience","Excellent experience. Davis was a fantastic pilot and the whole thing far exceeded my expectations. Highly recommend.","Family","0","","Written May 22, 2022","This review is the subjective opinion of a Tripadvisor member and not of Tripadvisor LLC."
"Kevin Musick","https://www.tripadvisor.com/Profile/kevinmZ8459FS","https://media-cdn.tripadvisor.com/media/photo-o/1a/f6/f2/b8/default-avatar-2020-26.jpg","Westfield, IN","5","","beautiful views galore","Great pilot!    Saw absolutely beautiful scenes!   Waterfalls were flowing and gorgeous!   Pilot was extremely friendly and helpful.    we also did a land tour of the gorge and this proved to be another way to view the area’s beauty!","","0","","Written May 20, 2022","This review is the subjective opinion of a Tripadvisor member and not of Tripadvisor LLC."
"Sarah L","https://www.tripadvisor.com/Profile/W53N83S93sarah","https://media-cdn.tripadvisor.com/media/photo-o/1a/f6/f0/d5/default-avatar-2020-17.jpg","","5","Jan 2022 • Friends","Glory to God for His Creation! Seeing it like THIS is mind-blowing. ❤️","If you’re thinking about it. Do it. It’s a lot of money but worth every single cent. God’s creation is AMAZING and see His handiwork of mountains, waterfalls, the river, and THE SKY above the clouds during sunset 😍 put us in awe of our wonderful Creator. Glory to Him! I couldn’t help but softly sing “How Great Thou Art”. It was incredible and a view like this of this part of the country is usually a once-in-lifetime opportunity. Smooth ride and perfect host who was willing to talk as much as or as little as we preferred and was excellent at knowing what that was without us even having to say so. 100/10 recommend and will do it again if we have the chance!","Friends","0","","Written May 18, 2022","This review is the subjective opinion of a Tripadvisor member and not of Tripadvisor LLC."
"Cherise M","https://www.tripadvisor.com/Profile/35cherisem","https://media-cdn.tripadvisor.com/media/photo-o/1a/f6/e2/a7/default-avatar-2020-44.jpg","","5","","Fun flight with 3 year old","We had a great time! My 3 year old said it was so much fun. Smooth flight and Clay was very friendly and professional. Would absolutely book again!","","0","https://media-cdn.tripadvisor.com/media/photo-m/1280/23/6a/35/bb/caption.jpg
https://media-cdn.tripadvisor.com/media/photo-m/1280/23/6a/35/ba/caption.jpg","Written May 16, 2022","This review is the subjective opinion of a Tripadvisor member and not of Tripadvisor LLC."
"Marc T","https://www.tripadvisor.com/Profile/B4733VRmarct","https://media-cdn.tripadvisor.com/media/photo-o/1a/f6/f1/b8/default-avatar-2020-22.jpg","","5","May 2022 • Couples","Unforgettable adventure","It was an unforgettable experience. From the pilots helpful knowledge and skills of flying to the most beautiful views of the gorge. We are definitely coming back to do some different flights that are offered.","Couples","0","https://media-cdn.tripadvisor.com/media/photo-m/1280/23/66/af/91/private-40-minute-waterfall.jpg
https://media-cdn.tripadvisor.com/media/photo-w/23/66/af/8e/private-40-minute-waterfall.jpg
https://media-cdn.tripadvisor.com/media/photo-m/1280/23/66/af/8d/private-40-minute-waterfall.jpg
https://media-cdn.tripadvisor.com/media/photo-w/23/66/af/8c/private-40-minute-waterfall.jpg","Written May 15, 2022","This review is the subjective opinion of a Tripadvisor member and not of Tripadvisor LLC."
"Carl B","https://www.tripadvisor.com/Profile/BrighterMight","https://media-cdn.tripadvisor.com/media/photo-o/1a/f6/e4/59/default-avatar-2020-49.jpg","","5","Apr 2022 • Friends","Got a new perspective on the City","This was a gift to a friend (he sat in front seat). We’ve lived in Portland a long time, and so it was amazing to fly above the city at 2500ft and see all our neighborhoods and places we know from a new perspective. We went on a clear day with Sun low in sky to cast longer shadows. Flew above the Willamette up to Oregon City, around the falls and back. Definitely worth it! <br />Took many pictures, and videos.<br />Pilot was friendly and knowledgeable.<br />You wear an over ear headset with microphone that they supply so you can talk to each other and get to listen in on pilots and air traffic. <br />Lots of smiles. It was good experience.","Friends","0","https://media-cdn.tripadvisor.com/media/photo-m/1280/23/5f/cf/2c/40-minute-airplane-tour.jpg
https://media-cdn.tripadvisor.com/media/photo-m/1280/23/5f/cf/2b/40-minute-airplane-tour.jpg
https://media-cdn.tripadvisor.com/media/photo-m/1280/23/5f/cf/29/40-minute-airplane-tour.jpg
https://media-cdn.tripadvisor.com/media/photo-m/1280/23/5f/cc/04/40-minute-airplane-tour.jpg
https://media-cdn.tripadvisor.com/media/photo-m/1280/23/5f/cc/02/40-minute-airplane-tour.jpg
https://media-cdn.tripadvisor.com/media/photo-m/1280/23/5f/cc/01/40-minute-airplane-tour.jpg","Written May 12, 2022","This review is the subjective opinion of a Tripadvisor member and not of Tripadvisor LLC."
"Kay B","https://www.tripadvisor.com/Profile/kaybL1153GK","","","5","Apr 2022","Perfect adventure, well worth the price!","Planned a ride for my son's 12th birthday in April. I am a bit late getting around to writing my review and have since forgotten our pilots name, which is a shame because he was WONDERFUL! We took a short flight as I had no idea if my son would enjoy the experience nor how uncomfortable the plane might be. We all had an amazing time! You couldn't wipe the smile off of my son's face for at least an hour after. We allowed him up front to enjoy the view, see the controls, and ask about 1,000 questions of our patient and professional pilot. Sitting in the back was surprisingly comfortable (better than my husband's sports car!) We can't wait to try some longer trips to view the beautiful PNW from the air. I HIGHLY recommend Envi adventures!","","0","https://media-cdn.tripadvisor.com/media/photo-o/23/5f/cc/18/thrilled-to-be-the-co.jpg","Written May 12, 2022","This review is the subjective opinion of a Tripadvisor member and not of Tripadvisor LLC."
"Explore768310","https://www.tripadvisor.com/Profile/Explore768310","https://media-cdn.tripadvisor.com/media/photo-o/1a/f6/f2/eb/default-avatar-2020-27.jpg","","5","Mar 2022 • Family","Gorge Tour with Spencer","It was our family’s first experience in a Cessna and our flight with Spencer far exceeded our expectations. He was a true delight to fly with and took our daughter under his wing, creating a magical experience for us all. We can’t wait to do it again!","Family","0","","Written May 12, 2022","This review is the subjective opinion of a Tripadvisor member and not of Tripadvisor LLC."
"Jack S","https://www.tripadvisor.com/Profile/jackshelby98","https://media-cdn.tripadvisor.com/media/photo-o/1a/f6/ef/9c/default-avatar-2020-14.jpg","","5","Apr 2022","10/10 Experience!","Incredible stuff! My girlfriend and I went on a flight tour of the Columbia river right on the border of Oregon and Washington, and it was beautiful! The ride was unbelievably smooth, the pilot was extremely nice, funny, and polite, and it was overall an incredibly easy experience! Cannot recommend it any higher!","","0","","Written April 19, 2022","This review is the subjective opinion of a Tripadvisor member and not of Tripadvisor LLC."
"Shannon T","https://www.tripadvisor.com/Profile/shannesthetics","https://media-cdn.tripadvisor.com/media/photo-o/1a/f6/f4/5d/default-avatar-2020-32.jpg","","5","Mar 2022 • Couples","Fantastic","I was a little nervous about flying in Small plane. However the staff were so friendly  and professional I felt right at ease. Great sights and very fun","Couples","0","https://media-cdn.tripadvisor.com/media/photo-m/1280/22/9c/df/e7/private-40-minute-waterfall.jpg
https://media-cdn.tripadvisor.com/media/photo-m/1280/22/9c/df/df/private-40-minute-waterfall.jpg
https://media-cdn.tripadvisor.com/media/photo-w/22/9c/df/de/private-40-minute-waterfall.jpg","Written March 21, 2022","This review is the subjective opinion of a Tripadvisor member and not of Tripadvisor LLC."
"Antoinette","https://www.tripadvisor.com/Profile/antosc1108","https://media-cdn.tripadvisor.com/media/photo-o/1a/f6/77/ae/default-avatar-2020-2.jpg","","5","Mar 2022","Amazing flight experience","Absolutely amazing experience! Chose to do a sunrise flight and Spencer, our pilot, made sure our experience was all around spectacular. It was amazing to see the falls from an aerial view and Spencer filled the flight with facts about the areas below. Would definitely book another flight experience with them!","","0","","Written March 7, 2022","This review is the subjective opinion of a Tripadvisor member and not of Tripadvisor LLC."
"Kristi O","https://www.tripadvisor.com/Profile/kristiou2004","https://media-cdn.tripadvisor.com/media/photo-o/1a/f6/e2/e6/default-avatar-2020-45.jpg","Broken Arrow, OK","5","Feb 2022 • Friends","Amazing","We had to reschedule due to weather but it was so much better on the day we did it. It was clear and beautiful you could see the mountains the views were incredible everything about this experience was amazing. I was a bit nervous about the tiny plane but it was great. my friend and I had a great time. Are pilot was very nice and helpful. I would recommend this to anyone even if you’re a little scared it’s completely worth it, you won’t see views like this in any other way.","Friends","0","https://media-cdn.tripadvisor.com/media/photo-w/22/2a/00/1b/downtown-portland-airplane.jpg
https://media-cdn.tripadvisor.com/media/photo-w/22/2a/00/19/downtown-portland-airplane.jpg
https://media-cdn.tripadvisor.com/media/photo-w/22/2a/00/18/downtown-portland-airplane.jpg
https://media-cdn.tripadvisor.com/media/photo-w/22/2a/00/15/downtown-portland-airplane.jpg
https://media-cdn.tripadvisor.com/media/photo-m/1280/22/2a/00/14/downtown-portland-airplane.jpg
https://media-cdn.tripadvisor.com/media/photo-w/22/2a/00/13/downtown-portland-airplane.jpg
https://media-cdn.tripadvisor.com/media/photo-m/1280/22/2a/00/12/downtown-portland-airplane.jpg
https://media-cdn.tripadvisor.com/media/photo-w/22/29/ff/f8/downtown-portland-airplane.jpg","Written February 22, 2022","This review is the subjective opinion of a Tripadvisor member and not of Tripadvisor LLC."
"Mimi F","https://www.tripadvisor.com/Profile/mimif391","https://media-cdn.tripadvisor.com/media/photo-o/1a/f6/e3/1f/default-avatar-2020-46.jpg","","5","","Date Night "," Clay was a great pilot, and made it very relaxing! The views are absolutely incredible! I highly recommend to do the figure 8 tour to get the full experience. ","","0","https://media-cdn.tripadvisor.com/media/photo-m/1280/22/08/f7/bf/caption.jpg","Written February 8, 2022","This review is the subjective opinion of a Tripadvisor member and not of Tripadvisor LLC."
"Andrea S","https://www.tripadvisor.com/Profile/andreasR1076KK","https://media-cdn.tripadvisor.com/media/photo-o/1a/f6/df/2b/default-avatar-2020-39.jpg","","5","Feb 2022 • Couples","Perfection","This was amazing. Thankfully it was a perfect day to fly which made it that much more memorable. The entire experience was easy, professional but chill. I recommend 10/10.","Couples","0","https://media-cdn.tripadvisor.com/media/photo-w/22/05/38/ec/30-minute-multnomah-falls.jpg
https://media-cdn.tripadvisor.com/media/photo-w/22/05/38/df/30-minute-multnomah-falls.jpg","Written February 5, 2022","This review is the subjective opinion of a Tripadvisor member and not of Tripadvisor LLC."
"Zee","https://www.tripadvisor.com/Profile/Compass13217552687","https://media-cdn.tripadvisor.com/media/photo-o/1a/f6/f0/d5/default-avatar-2020-17.jpg","Tigard, OR","5","","Fun experience","My brother and I flew with Envi today. It was an exciting experience.<br />Corey and Davis made our adventure possible and one of a kind. Starting from customized flying time according to our free time to an amazing experience in the sky.<br /><br />Highly recommended!","","0","https://media-cdn.tripadvisor.com/media/photo-w/21/f7/4b/63/caption.jpg
https://media-cdn.tripadvisor.com/media/photo-w/21/f7/4b/62/caption.jpg","Written January 27, 2022","This review is the subjective opinion of a Tripadvisor member and not of Tripadvisor LLC."
"Autumn S","https://www.tripadvisor.com/Profile/autumncheyenne02","","","5","Jan 2022 • Couples","Beautiful air tour over the gorge","Such a beautiful, fun experience! Awesome and professional pilot, great price. Definitely recommend to anyone who likes this sort of thing!","Couples","0","https://media-cdn.tripadvisor.com/media/photo-w/21/ec/2b/61/20-minute-columbia-river.jpg
https://media-cdn.tripadvisor.com/media/photo-o/21/ec/2b/5c/20-minute-columbia-river.jpg","Written January 21, 2022","This review is the subjective opinion of a Tripadvisor member and not of Tripadvisor LLC."
"Maggie S","https://www.tripadvisor.com/Profile/maggiesR4067BI","https://media-cdn.tripadvisor.com/media/photo-o/1a/f6/f4/5d/default-avatar-2020-32.jpg","","5","Dec 2021 • Couples","Lovely Unique Experience!","My boyfriend and I had an amazing time flying with Envi. Seeing the city lights at night was one of the highlights of my year and Clay was a great pilot and splendid tour guide! Would highly recommend!!!","Couples","0","","Written December 24, 2021","This review is the subjective opinion of a Tripadvisor member and not of Tripadvisor LLC."
"Munir C","https://www.tripadvisor.com/Profile/581munirc","https://media-cdn.tripadvisor.com/media/photo-s/06/e7/ed/bc/munir-c.jpg","","5","","Lovely experience","Excellent flight and views. Spencer was a great pilot and guide. We got really lucky witht the light and weather so even though it was a late flight, we got to see lots of mountains and waterfalls. Highly recommend for anyone looking to do something unconventional and short over a weekend.","","0","","Written November 24, 2021","This review is the subjective opinion of a Tripadvisor member and not of Tripadvisor LLC."
"Shannon S","https://www.tripadvisor.com/Profile/shannonsQ5696LJ","https://media-cdn.tripadvisor.com/media/photo-o/1a/f6/77/ae/default-avatar-2020-2.jpg","Portland, OR","5","Nov 2021 • Friends","Fun time","Great time. Professional pilot. Highly recommended. We had a short flight but got to see and experience a lot.","Friends","0","https://media-cdn.tripadvisor.com/media/photo-m/1280/21/64/0e/50/20-minute-private-gorge.jpg
https://media-cdn.tripadvisor.com/media/photo-m/1280/21/64/0e/2d/20-minute-private-gorge.jpg","Written November 14, 2021","This review is the subjective opinion of a Tripadvisor member and not of Tripadvisor LLC."
"MA814","https://www.tripadvisor.com/Profile/MA814","https://media-cdn.tripadvisor.com/media/photo-m/1280/2c/78/c8/1c/caption.jpg","Boston, MA","5","","Must go!! So fun!","Clay was so friendly and great with instructions. The take off and landing were so smooth. Views are incredible!! Definitely worth it.","","0","https://media-cdn.tripadvisor.com/media/photo-m/1280/21/5e/33/c9/caption.jpg
https://media-cdn.tripadvisor.com/media/photo-m/1280/21/5e/33/c8/caption.jpg
https://media-cdn.tripadvisor.com/media/photo-m/1280/21/5e/33/c7/caption.jpg","Written November 11, 2021","This review is the subjective opinion of a Tripadvisor member and not of Tripadvisor LLC."
"DeanieWhittemore","https://www.tripadvisor.com/Profile/DeanieWhittemore","https://media-cdn.tripadvisor.com/media/photo-o/1a/f6/e5/2b/default-avatar-2020-52.jpg","Beaverton, OR","5","","An absolutely incredible experience!","Absolutely incredible experience!! An absolute MUST DO whether you live in the area or are visiting. We’re from the Beaverton, Or area and it was so fun to see the greater Portland area from that vantage point. Our pilot, Clay, was so personable, professional, and knowledgeable! Such a great experience all around! We will absolutely be back for more flights with Envi!","","0","https://media-cdn.tripadvisor.com/media/photo-w/21/57/6c/1d/caption.jpg
https://media-cdn.tripadvisor.com/media/photo-w/21/57/6c/1c/caption.jpg
https://media-cdn.tripadvisor.com/media/photo-w/21/57/6c/1b/caption.jpg","Written November 5, 2021","This review is the subjective opinion of a Tripadvisor member and not of Tripadvisor LLC."
"Stacie S","https://www.tripadvisor.com/Profile/stacies335","https://media-cdn.tripadvisor.com/media/photo-o/1a/f6/ee/db/default-avatar-2020-10.jpg","","5","Oct 2021","Great way to start your day","Enjoyed an excellent first of the morning tour over downtown Portland/Gorge area. We have lived in Portland for over 30 years but have never experienced a flight over the area on a small private plane. Very enjoyable time with our pilot and tour guide, Clay. Would highly recommend.","","0","","Written October 31, 2021","This review is the subjective opinion of a Tripadvisor member and not of Tripadvisor LLC."
"Ashlyn C","https://www.tripadvisor.com/Profile/carlssona","https://media-cdn.tripadvisor.com/media/photo-o/1a/f6/e9/60/default-avatar-2020-64.jpg","","5","Oct 2021 • Family","1 hour Mt Hood and Columbia Gorge tour","Had an amazing time getting a closer look at Mount Hood and seeing the Columbia River Gorge from a birds eye view. I’m a travel nurse working in the Portland Oregon/Vancouver Washington area so this was a great way to see all the beautiful landscape and changing of the leaves. My parents came out to visit from Pennsylvania and loved that we got to see so much in so little time with this tour. Had some slight turbulence along the way but our experienced pilot handled it like a champ. Couldn’t recommend this more! Very fun ☺️","Family","0","https://media-cdn.tripadvisor.com/media/photo-m/1280/20/f5/f7/3d/1-hour-private-air-tour.jpg
https://media-cdn.tripadvisor.com/media/photo-w/20/f5/f7/1f/1-hour-private-air-tour.jpg
https://media-cdn.tripadvisor.com/media/photo-m/1280/20/f5/f6/f8/1-hour-private-air-tour.jpg
https://media-cdn.tripadvisor.com/media/photo-m/1280/20/f5/f6/bd/1-hour-private-air-tour.jpg","Written October 24, 2021","This review is the subjective opinion of a Tripadvisor member and not of Tripadvisor LLC."
"dylanmariedrake","https://www.tripadvisor.com/Profile/dylanmariedrake","https://media-cdn.tripadvisor.com/media/photo-o/1a/f6/ea/b2/default-avatar-2020-69.jpg","","5","Oct 2021","Surrealistic dream come true","What a wonderful travel experience!! <br />I remember when Mount St. Helens erupted.  I was 5 years old.  <br />Flying around it was like a surrealistic dream.  Our pilot, Adam, was knowledgeable, funny & a great pilot.","","0","","Written October 20, 2021","This review is the subjective opinion of a Tripadvisor member and not of Tripadvisor LLC."
"Mercedes S","https://www.tripadvisor.com/Profile/MagoMeche42","https://media-cdn.tripadvisor.com/media/photo-o/1a/f6/e2/4a/default-avatar-2020-42.jpg","","5","Oct 2021 • Friends","Highly recommend the city scape at night","My friends and I had a great time getting a full planes eye view of the city scape at night. I thought I had flown above the city before because of other travels on larger airlines. This experience was so much more because it’s all about home. Oaks bottom park, my old building; the fox tower, and my favorite site: the bridges over a moonlit Willamette river. You should see it for yourself 😉","Friends","0","https://media-cdn.tripadvisor.com/media/photo-w/20/4c/d4/1d/downtown-portland-airplane.jpg
https://media-cdn.tripadvisor.com/media/photo-m/1280/20/4c/d4/1c/downtown-portland-airplane.jpg
https://media-cdn.tripadvisor.com/media/photo-m/1280/20/4c/d4/13/downtown-portland-airplane.jpg","Written October 17, 2021","This review is the subjective opinion of a Tripadvisor member and not of Tripadvisor LLC."
"Jared K","https://www.tripadvisor.com/Profile/583jaredk","https://media-cdn.tripadvisor.com/media/photo-o/1a/f6/f1/b8/default-avatar-2020-22.jpg","Renton, WA","5","Aug 2021","Incredible experience. Highly recommend","Incredible experience and great staff. We really enjoyed our flight with Envi and hope to be able to go on another flight the next time we visit Portland. We flew in the gorge past the waterfalls and saw Multnomah Falls and a glimpse of Mt. Hood near the end. Very beautiful and a great way to experience it. Thanks Envi.","","0","","Written October 7, 2021","This review is the subjective opinion of a Tripadvisor member and not of Tripadvisor LLC."
"Elizabeth B","https://www.tripadvisor.com/Profile/S2293YQelizabethb","https://media-cdn.tripadvisor.com/media/photo-o/1a/f6/ea/b2/default-avatar-2020-69.jpg","","5","Aug 2021","This made me so happy! You should do it too!!","Ok, so the flight was so cool. We flew over Mt. St. Helens and just kinda freaked out because it was so amazing! The pictures on the website of the tour are incredible, but seeing it in person is even more amazing. I don't know what else to say except that it was the experience of a lifetime and can't believe I got to experience it!!! But also, the people at Envi were so so nice and make the experience even more fun. They take every thing very seriously and professionally when they have to make sure everything is safe, but they also know how to have fun. Plus they have free stickers and CapriSuns! How cute is that?? Haha","","0","","Written September 18, 2021","This review is the subjective opinion of a Tripadvisor member and not of Tripadvisor LLC."
"Gerald Y","https://www.tripadvisor.com/Profile/904geraldy","https://media-cdn.tripadvisor.com/media/photo-o/1a/f6/f1/79/default-avatar-2020-21.jpg","Grants Pass, OR","5","Aug 2021 • Couples","This is a must must do!!!","This was an absolute blast!!! Sooo cool we lucked out and got to see base jumpers going off the vista view!! The only regret you may have if you do this is not going with a longer flight! 😂 Clay was awesome and made the flying feel super safe no reason to stress and everything was laid back and made it an amazing experience! We will definitely be going back to fly envi again! Can’t recommend this enough and have already sent some friends their way!","Couples","0","https://media-cdn.tripadvisor.com/media/photo-w/1d/ae/df/63/20-minute-columbia-river.jpg","Written August 24, 2021","This review is the subjective opinion of a Tripadvisor member and not of Tripadvisor LLC."
"Hannahhh","https://www.tripadvisor.com/Profile/127honeyb","https://media-cdn.tripadvisor.com/media/photo-o/1a/f6/e8/5b/default-avatar-2020-61.jpg","","5","Aug 2021 • Couples","Fun and breath taking","Our pilot clay was amazing and informative. Beautiful sight!!! Would highly recommend. Best time to go is at 8pm with the sunset.","Couples","0","","Written August 19, 2021","This review is the subjective opinion of a Tripadvisor member and not of Tripadvisor LLC."
"PDXmilespoints","https://www.tripadvisor.com/Profile/PDXmilespoints","https://media-cdn.tripadvisor.com/media/photo-f/01/2e/70/7f/avatar066.jpg","Portland, OR","5","May 2021","wonderful","wonderful safe and fun flight very highly reccomended for locals or out of towners- great experience- thank you!","","0","","Written August 15, 2021","This review is the subjective opinion of a Tripadvisor member and not of Tripadvisor LLC."
"Celina W","https://www.tripadvisor.com/Profile/976celinaw","https://media-cdn.tripadvisor.com/media/photo-o/1a/f6/f3/e4/default-avatar-2020-30.jpg","","5","Aug 2021 • Couples","Amazing!","Clyde was our pilot in the sky, when flying with Clyde the atmosphere and enthusiasm heightens the experience!  He pointed out hidden treasures and gave us a new perspective of the landscape we love, from 1,500 feet above.<br /><br />Envi Adventures delivered beyond what we expected, the price was fair, the plane was extremely smooth and the professionalism was greatly appreciated.<br />My wife and I had a blast on our 3rd wedding anniversary.<br />Clyde, thank you very much!!! <br />We will see you for the October flight to Mt Hood.","Couples","0","","Written August 15, 2021","This review is the subjective opinion of a Tripadvisor member and not of Tripadvisor LLC."
"Kerry M","https://www.tripadvisor.com/Profile/Kdm707","https://media-cdn.tripadvisor.com/media/photo-s/07/59/2a/e3/kerry-m.jpg","","5","Aug 2021","Great adventure","Friendly, competent pilot, smooth take-off and landing, saw all the sights that were promised.  Would do this again.","","0","https://media-cdn.tripadvisor.com/media/photo-o/1d/94/35/26/view-of-crown-point-from.jpg","Written August 12, 2021","This review is the subjective opinion of a Tripadvisor member and not of Tripadvisor LLC."
"Kevin G","https://www.tripadvisor.com/Profile/kevingH4415SZ","https://media-cdn.tripadvisor.com/media/photo-o/1a/f6/f2/b8/default-avatar-2020-26.jpg","","5","Aug 2021","End of Summer Flight!","What a cool experience!  Took my 2 children on a flight with Spencer - amazing!  Not only was the scenery spectacular, but Spencer was a great host, guide, and pilot!  I'll always remember listening to the excitement of my kids as we taxied down the runway and took off for an unforgettable flight!!  Thanks for helping me make memories!!","","0","https://media-cdn.tripadvisor.com/media/photo-m/1280/1d/8d/ed/58/what-a-view.jpg
https://media-cdn.tripadvisor.com/media/photo-m/1280/1d/8d/ed/4b/incredible.jpg
https://media-cdn.tripadvisor.com/media/photo-m/1280/1d/8d/ed/43/me-and-the-kiddos.jpg","Written August 9, 2021","This review is the subjective opinion of a Tripadvisor member and not of Tripadvisor LLC."
"Misty M","https://www.tripadvisor.com/Profile/mistym608","https://media-cdn.tripadvisor.com/media/photo-o/1a/f6/f4/5d/default-avatar-2020-32.jpg","","5","Aug 2021 • Friends","1000/10 would recommend!","Honestly one of the best experiences I have ever had!! The pilot was super informative and fun and we got to learn a lot about flying and saw an amazing view! Totally worth the price! We do it again in a heart beat!","Friends","0","","Written August 9, 2021","This review is the subjective opinion of a Tripadvisor member and not of Tripadvisor LLC."
"Greg K","https://www.tripadvisor.com/Profile/reddoor29","https://media-cdn.tripadvisor.com/media/photo-o/1a/f6/e8/91/default-avatar-2020-62.jpg","","5","Aug 2021 • Friends","Beautiful flight and landing","We had a great flight by pilot Spencer! Thanks for all the great information and history about the area.","Friends","0","https://media-cdn.tripadvisor.com/media/photo-m/1280/1d/8c/65/92/20-minute-columbia-river.jpg","Written August 8, 2021","This review is the subjective opinion of a Tripadvisor member and not of Tripadvisor LLC."
"scottcaps","https://www.tripadvisor.com/Profile/scottcaps","https://media-cdn.tripadvisor.com/media/photo-s/01/73/7c/3e/scottcaps.jpg","Chesapeake Beach, MD","5","Jul 2021","Great value; a fun way to see Portland & Columbia River Gorge","Our family of four (two adults and two teenagers) greatly enjoyed our 75 minute Figure 8 tour on a Tuesday evening. When booking, we asked several questions via email, all of which were answered promptly and thoroughly. Though we had booked for the 5 passenger plane, we were informed the morning of our flight that that plane was out of service for maintenance and instead we would be going up in two 2 passenger planes. Our teenagers had a blast with Clay and the parents went up with Adam. Everyone was very friendly, took pictures of us with the planes and explained everything about our trip. We had good weather, hardly any turbulence, and nice visibility. We did a big loop over Portland, Oregon City, Vancouver and Milwaukie. And, also went up the Columbia River Gorge as far as the Bonneville Dam and back including seeing all the waterfalls along the way. Tour started from the small craft Airport in Troutdale, which was easy to find (35 minutes by car from downtown Portland during rush hour). There are bathrooms at the office and they offered us Capri Suns and Envi stickers. Checkin was fast with and online waiver that you complete at the office with a QR code. During the flight, sights were pointed out to us and we could ask questions and take lots of pictures. We thought this tour was a great value for the money. A fabulous way to sightsee and the perfect end to our time in Portland.","","0","https://media-cdn.tripadvisor.com/media/photo-m/1280/1d/84/bd/53/landing-at-troutdale.jpg
https://media-cdn.tripadvisor.com/media/photo-m/1280/1d/84/bd/51/bonneville-dam.jpg
https://media-cdn.tripadvisor.com/media/photo-m/1280/1d/84/bd/45/portland-timbers-stadium.jpg
https://media-cdn.tripadvisor.com/media/photo-w/1d/84/bd/40/multnomah-falls.jpg
https://media-cdn.tripadvisor.com/media/photo-w/1d/84/bd/35/mt-hood-and-columbia.jpg
https://media-cdn.tripadvisor.com/media/photo-m/1280/1d/84/bd/2d/one-of-the-envi-planes.jpg
https://media-cdn.tripadvisor.com/media/photo-w/1d/84/bd/21/downtown-portland.jpg","Written August 4, 2021","This review is the subjective opinion of a Tripadvisor member and not of Tripadvisor LLC."
"dylan s","https://www.tripadvisor.com/Profile/L8911RPdylans","https://media-cdn.tripadvisor.com/media/photo-o/1a/f6/f4/d0/default-avatar-2020-33.jpg","","5","Aug 2021 • Couples","10/10","The views were incredible and Russell made sure that we felt safe and comfortable the entire time. It was an incredible experience and I can’t wait to go up again!","Couples","0","","Written August 3, 2021","This review is the subjective opinion of a Tripadvisor member and not of Tripadvisor LLC."
"Lorraine J","https://www.tripadvisor.com/Profile/lorrainej756","https://media-cdn.tripadvisor.com/media/photo-s/07/80/84/fe/lorraine-j.jpg","Bend, OR","5","","Fantastic trip ","Got this as a Father’s Day gift for my partner and his daughter (14) I hate flying so wasn’t planning on joining them.  We needed up having to delay our trip, they were very accommodating! I ended up going with them an so glad our did - it was fantastic!<br /><br />Our pilot, Spencer, was amazing.  He took the time to explain everything to us. and to point out all the sites. Our 14 year old wants to be a pilot.  He was so knowledgeable and really encouraged her and gave great tips for what path to follow.<br /><br />We couldn’t have been happier with the experience. Would recommend to anyone even those who don’t like flying!","","0","https://media-cdn.tripadvisor.com/media/photo-w/1d/7f/ad/57/photo2jpg.jpg
https://media-cdn.tripadvisor.com/media/photo-w/1d/7f/ad/56/photo1jpg.jpg
https://media-cdn.tripadvisor.com/media/photo-m/1280/1d/7f/ad/54/photo0jpg.jpg","Written August 2, 2021","This review is the subjective opinion of a Tripadvisor member and not of Tripadvisor LLC."
"NW Recon","https://www.tripadvisor.com/Profile/nwrecona","https://media-cdn.tripadvisor.com/media/photo-o/1a/f6/e8/24/default-avatar-2020-60.jpg","","5","Jul 2021","Excellent experience!","First I'd like to say thank you to our pilot Adam, who made the trip a great experience. We took our granddaughter on her first flight for her 9th birthday. She sat in the front seat and took hundreds of pictures. All the time Adam was providing details about the area and Mt. St. Helens. The looks on her face before, during and after are priceless.<br /><br />This was well worth the price and we would do it again... we have 2 more grandkids for future flights.","","0","","Written July 20, 2021","This review is the subjective opinion of a Tripadvisor member and not of Tripadvisor LLC."
"Susan P","https://www.tripadvisor.com/Profile/susanpF1077TX","https://media-cdn.tripadvisor.com/media/photo-o/1a/f6/e9/ef/default-avatar-2020-66.jpg","","5","Jul 2021","A beautiful experience for my daughter and I","First off, what a great group of people. Everyone was extremely friendly and helpful. We really appreciate it. My daughter and I flew up to Mt. St. Helens on a tour and had the most wonderful time. Our flight was smooth and the pilot did an amazing job at communicating with us and sharing with us his knowledge of the area that we were flying over. I can’t recommend Envi Adventures enough and thank you to them for such a beautiful experience.","","0","","Written July 19, 2021","This review is the subjective opinion of a Tripadvisor member and not of Tripadvisor LLC."
"Philip C","https://www.tripadvisor.com/Profile/R4039JVphilipc","https://media-cdn.tripadvisor.com/media/photo-o/1a/f6/f2/11/default-avatar-2020-23.jpg","","5","Jul 2021 • Family","Can’t wait to go back! Great flight and great company.","Went on a flight up to Mt Hood with my daughter and loved it. Flight was smooth and the view of the mountain was unbeatable. The crew at Envi was incredibly friendly, smart, and thorough. A very well run operation which left me very impressed. No hesitation to recommend this company. Make this a must do on your list.","Family","0","","Written July 16, 2021","This review is the subjective opinion of a Tripadvisor member and not of Tripadvisor LLC."
"Vincent D","https://www.tripadvisor.com/Profile/vincentdH5565OI","https://media-cdn.tripadvisor.com/media/photo-l/01/2a/fd/a0/avatar.jpg","","5","Jul 2021 • Family","10/10","Spencer was great! very polite and informative! 10/10 would recommend taking this version of a tour.","Family","0","https://media-cdn.tripadvisor.com/media/photo-w/1d/49/17/cd/downtown-portland-airplane.jpg
https://media-cdn.tripadvisor.com/media/photo-w/1d/49/17/ca/downtown-portland-airplane.jpg
https://media-cdn.tripadvisor.com/media/photo-w/1d/49/17/bf/downtown-portland-airplane.jpg
https://media-cdn.tripadvisor.com/media/photo-w/1d/49/17/bc/downtown-portland-airplane.jpg","Written July 7, 2021","This review is the subjective opinion of a Tripadvisor member and not of Tripadvisor LLC."
"Raymond L","https://www.tripadvisor.com/Profile/raymondlV3310DG","https://media-cdn.tripadvisor.com/media/photo-f/01/2e/70/5e/avatar036.jpg","","5","Jul 2021 • Couples","WOOO, Flying Like an Eagle","What an incredible experience! We thank Kyle Young, our professional pilot/Eagle Eyes.  We appreciated his humor, patience, skills, and gracious time up there. We saw way more than expected. Yay, marking this grand event off my bucket list.","Couples","0","https://media-cdn.tripadvisor.com/media/photo-o/1d/47/da/22/exclusive-mount-hood.jpg","Written July 6, 2021","This review is the subjective opinion of a Tripadvisor member and not of Tripadvisor LLC."
"Christina B","https://www.tripadvisor.com/Profile/crstow28698577","https://media-cdn.tripadvisor.com/media/photo-o/1a/f6/e9/ef/default-avatar-2020-66.jpg","","5","Jun 2021 • Couples","Night Portlandia Tour","Our pilot was very knowledgeable and kind. The flight was smooth and fun! I would recommend the evening flight because the sunset and the lights are so beautiful.","Couples","0","","Written June 24, 2021","This review is the subjective opinion of a Tripadvisor member and not of Tripadvisor LLC."
"Donn M","https://www.tripadvisor.com/Profile/donnm669","https://media-cdn.tripadvisor.com/media/photo-f/01/2e/70/79/avatar060.jpg","","3","Jun 2021","Great experience and service, but not properly advertised","I first want to state that our pilot Spencer was wonderful in every way. He was very invested in our experience from start to finish, and my rating would be ""excellent"" if it only pertained to him. I'm being generous by saying ""average,"" simply because I hate to reflect badly on him in any way.<br /><br />I'm not sure if my complaint should be directed to TripAdvisor (who does not appear to have a way for me to contact them directly) or with the provider company Envi. The writer of this booking description did not prioritize the customer experience by providing accurate information. <br /><br />My brother and I booked this tour as a Father's Day gift for our dad - planning that all 3 of us would enjoy the experience together. We were specifically seeking a helicopter ride, and booked this trip only because it was advertised as such. Although we were asked to give the weight of one person at booking, I couldn't find any information that stated a maximum weight for the group. When we arrived, our first surprise was that we could not all 3 be included in the ride. Spencer was great, and he figured out a way to allow us to book a second trip so we could still all participate, though this doubled our cost. The second surprise was that this was a plane tour instead of a helicopter tour.<br /><br />Spencer did everything in his power to make this a fun outing for us, but he couldn't turn his plane into a helicopter and he had to charge us for the second trip. We made the best of a pretty disappointing and unexpectedly expensive situation, but we will not be trusting TripAdvisor descriptions in the future.","","0","","Written June 24, 2021","This review is the subjective opinion of a Tripadvisor member and not of Tripadvisor LLC."
"Debbie D","https://www.tripadvisor.com/Profile/420debbiep","https://media-cdn.tripadvisor.com/media/photo-o/13/10/55/15/debbie-d.jpg","Boynton Beach, Florida, United States","5","","Fun Flight","My sister and I decided to take the 20 minute Columbia River Gorge tour the morning I was flying back home to Florida. It was an 8am flight, but our pilot Clay greeted us warmly and made us feel super comfortable before our flight. With over 300 flight hours under his belt, he is a great pilot and still super excited to get to do this as a job every day. We had a super smooth flight as early morning flights usually yield the best winds. We saw waterfalls, the Vista House, the mountains and got spectacular views of the gorge. I would highly recommend a tour with ENVI no matter which tour you choose. You won’t be disappointed!","","0","https://media-cdn.tripadvisor.com/media/photo-m/1280/1d/1e/0a/b0/caption.jpg
https://media-cdn.tripadvisor.com/media/photo-w/1d/1e/0a/af/caption.jpg
https://media-cdn.tripadvisor.com/media/photo-w/1d/1e/0a/ae/caption.jpg
https://media-cdn.tripadvisor.com/media/photo-m/1280/1d/1e/0a/ad/caption.jpg
https://media-cdn.tripadvisor.com/media/photo-w/1d/1e/0a/ac/caption.jpg
https://media-cdn.tripadvisor.com/media/photo-w/1d/1e/0a/ab/caption.jpg
https://media-cdn.tripadvisor.com/media/photo-m/1280/1d/1e/0a/a9/caption.jpg
https://media-cdn.tripadvisor.com/media/photo-m/1280/1d/1e/0a/a8/caption.jpg
https://media-cdn.tripadvisor.com/media/photo-w/1d/1e/0a/a7/caption.jpg","Written June 9, 2021","This review is the subjective opinion of a Tripadvisor member and not of Tripadvisor LLC."
"Nannette E","https://www.tripadvisor.com/Profile/986nannettee","https://media-cdn.tripadvisor.com/media/photo-o/1a/f6/eb/a3/default-avatar-2020-38.jpg","","5","May 2021 • Couples","Beautiful tour!","The pilot was incredibly friendly and knowledgeable. He made our flight very enjoyable. It was a beautiful scenic tour!","Couples","0","","Written June 9, 2021","This review is the subjective opinion of a Tripadvisor member and not of Tripadvisor LLC."
"Megan Stait","https://www.tripadvisor.com/Profile/Megan_in_the_sky_85","https://media-cdn.tripadvisor.com/media/photo-o/1a/f6/e7/3d/default-avatar-2020-55.jpg","","5","Jun 2021 • Couples","Fun in the sky.","The view was so breath taking and I loved seeing Multnomah Falls from a new perspective. My boyfriend and I were a little nervous, but our guide clay, was so wonderful. He eased our nerves, answered our question, was so friendly and sweet and fun. He really made the experience fun! It was a terrific experience, I highly recommend!","Couples","0","","Written June 6, 2021","This review is the subjective opinion of a Tripadvisor member and not of Tripadvisor LLC."
"Jet542819","https://www.tripadvisor.com/Profile/Jet542819","https://media-cdn.tripadvisor.com/media/photo-o/1a/f6/e7/99/default-avatar-2020-57.jpg","","5","Jun 2021","exe","It was a very great experience to have a very competent and pleasant pilot at the controls Spencer was very  very good at his job and I felt very comfortable at all times. As a long retired private pilot with more than 1000 hous of flying I know that I was with a firsr class pilot The gift from my family for this trip was topped  by meeting a wonderful professional pilot.  Fred Schiller","","0","","Written June 5, 2021","This review is the subjective opinion of a Tripadvisor member and not of Tripadvisor LLC."
"FlyAwayNoworNever","https://www.tripadvisor.com/Profile/FlyAwayNoworNever","","","5","Jun 2021 • Family","Great experience!","Our pilot and host was Clay, a delightful young man. We had the time of our lives--we had never flown in a small plane and Clay gave us a grand tour of the Columbia River Gorge. Highly recommended!!","Family","0","","Written June 2, 2021","This review is the subjective opinion of a Tripadvisor member and not of Tripadvisor LLC."
"Victoria W","https://www.tripadvisor.com/Profile/P5091UNvictoriaw","https://media-cdn.tripadvisor.com/media/photo-o/1a/f6/e9/bb/default-avatar-2020-65.jpg","Athens, GA","5","May 2021 • Couples","Great experience, definitely recommend!","Kale was an amazing pilot and host of the experience! We went for our anniversary and has a great time!","Couples","0","","Written May 25, 2021","This review is the subjective opinion of a Tripadvisor member and not of Tripadvisor LLC."
"jebroome","https://www.tripadvisor.com/Profile/jebroome","https://media-cdn.tripadvisor.com/media/photo-o/1a/f6/ee/db/default-avatar-2020-10.jpg","Prescott, AZ","5","May 2021 • Couples","Sunset gorge flight","My husband and I took the 20 minute gorge flight with Adam as our pilot. He was professional, knowledgeable and had a great sense of humor. It is amazing how much you can see in 20 minutes. This was so worth it!  We highly recommend it!!  The sunset was a nice bonus!","Couples","0","https://media-cdn.tripadvisor.com/media/photo-m/1280/1d/00/e3/d7/20-minute-columbia-river.jpg","Written May 20, 2021","This review is the subjective opinion of a Tripadvisor member and not of Tripadvisor LLC."
"Nia m.","https://www.tripadvisor.com/Profile/Niamachavariane22","https://media-cdn.tripadvisor.com/media/photo-s/0c/2b/b6/ab/nia-u.jpg","Oregon City, OR","5","May 2021 • Family","Fun experience","We were able to book and ride the same day. Amazing experience. Oregon is a beautiful place. My 2yo son loved it!! We all loved it so much. We’ll be telling our friends about it.","Family","0","https://media-cdn.tripadvisor.com/media/photo-w/1c/fb/5c/a9/20-minute-columbia-river.jpg
https://media-cdn.tripadvisor.com/media/photo-w/1c/fb/5c/a8/20-minute-columbia-river.jpg
https://media-cdn.tripadvisor.com/media/photo-m/1280/1c/fb/5c/a7/20-minute-columbia-river.jpg","Written May 16, 2021","This review is the subjective opinion of a Tripadvisor member and not of Tripadvisor LLC."
"Stan P","https://www.tripadvisor.com/Profile/stanp579","https://media-cdn.tripadvisor.com/media/photo-o/1a/f6/f4/d0/default-avatar-2020-33.jpg","","5","Apr 2021","Loved every minute of it","So incredible.  My wife and I loved every minute of the flight, the views were amazing, everyone at Envi was very nice, and we will definitely be coming back. Thank you for such a memorable experience.","","0","","Written May 8, 2021","This review is the subjective opinion of a Tripadvisor member and not of Tripadvisor LLC."
"Jescoffrey101","https://www.tripadvisor.com/Profile/Jescoffrey101","","","5","","First helicopter ride","Finally got to check something else off my list of accomplishments thanks to a smooth cruise in the air with Clay. Clay was super sweet and genuine with our flight! We loved every bit of it. <br /><br />Thank you! ","","0","","Written May 7, 2021","This review is the subjective opinion of a Tripadvisor member and not of Tripadvisor LLC."
"Shakesha","https://www.tripadvisor.com/Profile/Worldclassfun","","Spokane, WA","5","May 2021 • Couples","Birthday weekend flight","We took the 20 minute downtown Portland tour with Clay. Clay was very knowledgeable and interacted with us thought the flight. We had a very smooth flight and enjoyed a romantic birthday weekend.","Couples","0","https://media-cdn.tripadvisor.com/media/photo-m/1280/1c/ef/e2/c8/downtown-portland-airplane.jpg","Written May 4, 2021","This review is the subjective opinion of a Tripadvisor member and not of Tripadvisor LLC."
"Stacia Wright","https://www.tripadvisor.com/Profile/Mommabear808","https://media-cdn.tripadvisor.com/media/photo-o/1a/f6/ea/b2/default-avatar-2020-69.jpg","Vancouver, WA","5","Apr 2021 • Family","Best ever","They are amazing there!! I highly recommend going on a tour!! The pilot is so awesome!! So much fun!!","Family","0","","Written May 2, 2021","This review is the subjective opinion of a Tripadvisor member and not of Tripadvisor LLC."
"Katherine C","https://www.tripadvisor.com/Profile/C1871WDkatherinec","https://media-cdn.tripadvisor.com/media/photo-o/1a/f6/ed/00/default-avatar-2020-4.jpg","","5","May 2021 • Family","10/10","Hands down, one of the best things ever! It was an incredible experience! It was so cool to see it from a different perspective!","Family","0","","Written May 1, 2021","This review is the subjective opinion of a Tripadvisor member and not of Tripadvisor LLC."
"Patricia","https://www.tripadvisor.com/Profile/Patriciaiglesiaas","","","5","Apr 2021 • Couples","Loved this!!","Our airplane tour was amazing. We will definitely coming back to do the night city tour. We enjoyed every second of it. Our tour guide and pilot was extremely nice and made us feel safe.","Couples","0","https://media-cdn.tripadvisor.com/media/photo-w/1c/e8/25/a2/downtown-portland-airplane.jpg","Written April 27, 2021","This review is the subjective opinion of a Tripadvisor member and not of Tripadvisor LLC."
"Patricia","https://www.tripadvisor.com/Profile/Patriciaiglesiaas","","","5","Apr 2021 • Couples","Loved it!!","This experience was amazing! We will totally be coming back, this was just an out of this world experience. I definitely recommend this for anything who is looking for a great view.","Couples","0","https://media-cdn.tripadvisor.com/media/photo-w/1c/e8/24/56/20-minute-columbia-river.jpg
https://media-cdn.tripadvisor.com/media/photo-w/1c/e8/24/55/20-minute-columbia-river.jpg
https://media-cdn.tripadvisor.com/media/photo-m/1280/1c/e8/24/53/20-minute-columbia-river.jpg","Written April 27, 2021","This review is the subjective opinion of a Tripadvisor member and not of Tripadvisor LLC."
"PK05","https://www.tripadvisor.com/Profile/PK0005","https://media-cdn.tripadvisor.com/media/photo-m/1280/1d/1a/05/d2/pattik05.jpg","Sacramento, CA","5","Apr 2021 • Family","THIS IS A MUST-DO IN PORTLAND!!! Such amazing views!","I had booked with Envi Adventures when the snowstorm hit back in February cancelling everything and it was no problem to get a refund. The communication with the company was spot on. We rescheduled our Portand trip for mid April and the weather was PERFECT. We even opted to book a longer aerial tour with Envi. Everything was extremely professional. The booking process and follow up emails were perfect and even let us know that if nobody is at the counterwhen we arrive, just get comfortable because they are probably prepping the plane. There was also a sign inside letting us know the same information. Would have been confusing otherwise if we arrived to an empty business. <br /><br />Spencer met us at the counter and happily (maybe?! Lol!) entertained our five year old as she followed him around outside chattering to him while he put fuel in the plane and prepped it for us. She got to sit in the front seat and ""fly the plane"" which she was super excited about and now says she is a pilot. <br /><br />We felt very safe and being somewhat familiar with aircraft, knew we were in good hands. The Cessna is not a luxury private jet. It's a simple aircraft, yet very safe. For people not familiar, it can look a little rickety but it's well maintained, comfortable. <br /><br />Spencer gave us a great and informative tour of the gorge pointing out waterfalls, mountains, and landmarks with some interesting history of the area.....for us out of staters. It is well worth the price....if fact, it's a bargain and if we are ever in the Portland area again, we would gladly book another tour. I highly recommend this!!","Family","0","https://media-cdn.tripadvisor.com/media/photo-m/1280/1c/e0/8e/64/columbia-river-gorge.jpg
https://media-cdn.tripadvisor.com/media/photo-m/1280/1c/e0/8e/63/columbia-river-gorge.jpg
https://media-cdn.tripadvisor.com/media/photo-m/1280/1c/e0/8e/62/columbia-river-gorge.jpg
https://media-cdn.tripadvisor.com/media/photo-m/1280/1c/e0/8e/60/columbia-river-gorge.jpg","Written April 18, 2021","This review is the subjective opinion of a Tripadvisor member and not of Tripadvisor LLC."
"laurie l","https://www.tripadvisor.com/Profile/LaurieLkcmo","https://media-cdn.tripadvisor.com/media/photo-o/1a/f6/f0/d5/default-avatar-2020-17.jpg","Missouri","5","Apr 2021 • Couples","1000 feet views of the gorge.","This was an  awesome way to see the falls and the Columbia River. Our pilot was very knowledgeable and personable. The view from 1000 feet was exceptional.","Couples","0","https://media-cdn.tripadvisor.com/media/photo-w/1c/d9/25/20/30-minute-multnomah-falls.jpg","Written April 11, 2021","This review is the subjective opinion of a Tripadvisor member and not of Tripadvisor LLC."
"Stephanie","https://www.tripadvisor.com/Profile/Fitstephy","https://media-cdn.tripadvisor.com/media/photo-o/1a/f6/ef/32/default-avatar-2020-12.jpg","","5","Apr 2021 • Family","Awesome experience","This was my first time doing this. It was a fun experience for me. Awesome views! We got to see alot of dope water falls.","Family","0","https://media-cdn.tripadvisor.com/media/photo-m/1280/1c/d7/60/d8/30-minute-multnomah-falls.jpg
https://media-cdn.tripadvisor.com/media/photo-m/1280/1c/d7/60/c7/30-minute-multnomah-falls.jpg","Written April 10, 2021","This review is the subjective opinion of a Tripadvisor member and not of Tripadvisor LLC."
"SC","https://www.tripadvisor.com/Profile/SCG164556","https://media-cdn.tripadvisor.com/media/photo-o/1a/f6/e2/11/default-avatar-2020-41.jpg","","5","Apr 2021","Amazing experience","We had an amazing experience. The sunset flight was stunning. I loved how our pilot explained everything so we wouldn't worry about air bumps, etc. Absolutely recommend it!","","0","","Written April 7, 2021","This review is the subjective opinion of a Tripadvisor member and not of Tripadvisor LLC."
"Kimberly M","https://www.tripadvisor.com/Profile/KimberlyM2902","https://media-cdn.tripadvisor.com/media/photo-o/22/fb/e1/89/kimberlym2902.jpg","Portland, OR","5","Apr 2021 • Friends","Up up and away","What an amazing tour! Our pilot was so knowledgeable, confident and friendly. And the view... simply breathtaking. A must do when in the Portland area. 👍🏼","Friends","0","https://media-cdn.tripadvisor.com/media/photo-w/1c/d2/d6/c9/downtown-portland-airplane.jpg
https://media-cdn.tripadvisor.com/media/photo-o/1c/d2/d6/c8/downtown-portland-airplane.jpg","Written April 5, 2021","This review is the subjective opinion of a Tripadvisor member and not of Tripadvisor LLC."
"felisha","https://www.tripadvisor.com/Profile/123felisha8","https://media-cdn.tripadvisor.com/media/photo-o/1a/f6/e7/7b/default-avatar-2020-56.jpg","","5","Apr 2021 • Family","the best!","Was A blast! And so informational!♡ the pilot was awesome! We really enjoyed and will be going back. Hoghly recommend!","Family","0","https://media-cdn.tripadvisor.com/media/photo-m/1280/1c/d1/1b/43/20-minute-columbia-river.jpg","Written April 3, 2021","This review is the subjective opinion of a Tripadvisor member and not of Tripadvisor LLC."
"Jess M","https://www.tripadvisor.com/Profile/jessmM7401UV","https://media-cdn.tripadvisor.com/media/photo-o/1a/f6/f2/b8/default-avatar-2020-26.jpg","","5","Apr 2021 • Solo","Eat Pray Love","Afraid of heights and oddly enough Spencer had to go even higher due to a helicopter in our way. definitely faced the fears. Gorgeous gorgeous gorgeous view. i also got to sit in the front which was quite exhilarating. tip for future travelers, GET THE LONGER FURTHER TOUR! i wasn’t sure if i could extend it, but if you can DO IT. I regret it. <br /><br />Spencer if you see this, THANK YOU! I’ll be sure to come back next time!","Solo","0","https://media-cdn.tripadvisor.com/media/photo-w/1c/d0/ff/a6/20-minute-columbia-river.jpg","Written April 3, 2021","This review is the subjective opinion of a Tripadvisor member and not of Tripadvisor LLC."
"Mariana M","https://www.tripadvisor.com/Profile/TheyCallMeMaryIdkWhy","https://media-cdn.tripadvisor.com/media/photo-o/1a/f6/df/2b/default-avatar-2020-39.jpg","","5","Apr 2021 • Family","30 minute tour","Had an amazing time today with my bf and his family. Would definitely recommend😁 The pilot did a great job making the flight as comforting as possible. Loved the dad jokes😂","Family","0","","Written April 3, 2021","This review is the subjective opinion of a Tripadvisor member and not of Tripadvisor LLC."
"Sarah P","https://www.tripadvisor.com/Profile/sarahpZ1407ZW","https://media-cdn.tripadvisor.com/media/photo-o/1a/f6/de/e7/default-avatar-2020-37.jpg","","5","Mar 2021 • Couples","We’ll be back!","Ask for Clay! Beautiful, short, thrilling way to see the city. We will be coming back. Clay was hilarious, attentive, and very sweet. Made our experience 100x better. The view was insane and the experience was so so worth it for the price.","Couples","0","https://media-cdn.tripadvisor.com/media/photo-m/1280/1c/d0/1a/1d/downtown-portland-airplane.jpg
https://media-cdn.tripadvisor.com/media/photo-w/1c/d0/1a/1c/downtown-portland-airplane.jpg
https://media-cdn.tripadvisor.com/media/photo-w/1c/d0/1a/0d/downtown-portland-airplane.jpg","Written April 2, 2021","This review is the subjective opinion of a Tripadvisor member and not of Tripadvisor LLC."
"yuri","https://www.tripadvisor.com/Profile/422yuri","https://media-cdn.tripadvisor.com/media/photo-o/1a/f6/e7/99/default-avatar-2020-57.jpg","Salem, OR","5","","Sons birthday ","It was awesome 😃 we really enjoyed it my sons was his first time and he really loved all the views and smooth ride ","","0","https://media-cdn.tripadvisor.com/media/photo-w/1c/c5/46/42/photo0jpg.jpg","Written March 22, 2021","This review is the subjective opinion of a Tripadvisor member and not of Tripadvisor LLC."
"Terrapin","https://www.tripadvisor.com/Profile/TerrapinTravels","https://media-cdn.tripadvisor.com/media/photo-o/1a/f6/f0/9f/default-avatar-2020-16.jpg","","5","Mar 2021 • Couples","Tour of Gorge","My fiance and I went on a tour of the Columbia gorge it was a great experience, we had an awesome pilot named Spencer who was very knowledgeable and humorous.","Couples","0","","Written March 20, 2021","This review is the subjective opinion of a Tripadvisor member and not of Tripadvisor LLC."
"Paulina Vizcarra","https://www.tripadvisor.com/Profile/paulinavizcarra","https://media-cdn.tripadvisor.com/media/photo-o/1c/be/33/ac/caption.jpg","Portland, OR","5","","Great view, great pilot, and great experience","We were visited from out of town, and decided  to try something new. Best decision. We got Spencer as a pilot, and he was awesome. During the ride, he explained every super well, and made sure we were comfortable. The view was incredible. After the ride, he took some great pictures. Who knew he was also a photographer haha. This exceeded our expectations. Will definitely do this again when visiting. 10/10 would recommend to everyone. ","","0","https://media-cdn.tripadvisor.com/media/photo-m/1280/1c/be/33/93/photo0jpg.jpg","Written March 15, 2021","This review is the subjective opinion of a Tripadvisor member and not of Tripadvisor LLC."
"Keilly L","https://www.tripadvisor.com/Profile/lkeilly","https://media-cdn.tripadvisor.com/media/photo-o/1a/f6/e7/3d/default-avatar-2020-55.jpg","","5","Mar 2021","Loved it!","Amazing experience! The tour was great, we had an awesome time. Clay was the best! I would highly recommend.","","0","","Written March 14, 2021","This review is the subjective opinion of a Tripadvisor member and not of Tripadvisor LLC."
"Chrissy A","https://www.tripadvisor.com/Profile/731chrissya","","","5","Mar 2021 • Family","Truly amazing experience","We had an absolutely amazing experience. Spencer was an incredible pilot and was very eager to share his knowledge and passion for flying with our son. We are truly grateful for this family experience and cannot wait to book another future flight.","Family","0","","Written March 13, 2021","This review is the subjective opinion of a Tripadvisor member and not of Tripadvisor LLC."
"Michael V","https://www.tripadvisor.com/Profile/michaelvG3852FW","https://media-cdn.tripadvisor.com/media/photo-o/1a/f6/e8/ea/default-avatar-2020-63.jpg","Pomona, CA","5","","Airplane tour","Very fun and got some great views. The pilot was cool and professional. Definitely would do again with one of the other tours they offer","","0","https://media-cdn.tripadvisor.com/media/photo-o/1c/b3/f7/81/img-20210226-100410-largejpg.jpg","Written March 3, 2021","This review is the subjective opinion of a Tripadvisor member and not of Tripadvisor LLC."
"GrandTour191889","https://www.tripadvisor.com/Profile/GrandTour191889","https://media-cdn.tripadvisor.com/media/photo-o/1a/f6/ee/db/default-avatar-2020-10.jpg","","5","Feb 2021 • Couples","Up, up And away!!!","Very satisfied with this tour! Spencer was amazing and very informative during the plane ride. Pointed out highlights of the town and historic sites. We felt very safe during the entire tour. Highly recommend this adventure.","Couples","0","https://media-cdn.tripadvisor.com/media/photo-w/1c/b1/4f/ea/downtown-portland-airplane.jpg
https://media-cdn.tripadvisor.com/media/photo-m/1280/1c/b1/4f/e9/downtown-portland-airplane.jpg
https://media-cdn.tripadvisor.com/media/photo-m/1280/1c/b1/4f/e8/downtown-portland-airplane.jpg
https://media-cdn.tripadvisor.com/media/photo-m/1280/1c/b1/4f/e7/downtown-portland-airplane.jpg","Written February 28, 2021","This review is the subjective opinion of a Tripadvisor member and not of Tripadvisor LLC."
"Peter Ashcroft","https://www.tripadvisor.com/Profile/peteraZ2726UO","https://media-cdn.tripadvisor.com/media/photo-o/1a/f6/ed/00/default-avatar-2020-4.jpg","Denver, CO","5","Jan 2021","Great way to see Portland","5-stars well deserved. We had a wonderful time flying with Envi Adventures and highly recommend to everyone. My wife and I took the ""Portlandia"" tour right before sunset and had the greatest experience. It was beautiful. Thank you to the Envi team!","","0","","Written February 26, 2021","This review is the subjective opinion of a Tripadvisor member and not of Tripadvisor LLC."
"Anahi F","https://www.tripadvisor.com/Profile/215anahif","https://media-cdn.tripadvisor.com/media/photo-o/1a/f6/ef/9c/default-avatar-2020-14.jpg","","5","Feb 2021 • Couples","So fun and great views!","It was a great experience! We would definitely return for a different view. We totally recommend this 😃","Couples","0","","Written February 20, 2021","This review is the subjective opinion of a Tripadvisor member and not of Tripadvisor LLC."
"Erin M","https://www.tripadvisor.com/Profile/erinmC5037GA","","","5","Jan 2021 • Friends","Great flight and great pilot!","Wonderful experience start to finish. We had a great time flying with Clay in the gorge and can’t wait to come back! Really fun!","Friends","0","","Written February 5, 2021","This review is the subjective opinion of a Tripadvisor member and not of Tripadvisor LLC."
"Kyle Sanchez","https://www.tripadvisor.com/Profile/C2628PNkyles","https://media-cdn.tripadvisor.com/media/photo-o/1a/f6/e9/ef/default-avatar-2020-66.jpg","Vancouver, WA","5","Jan 2021","Had a lot of fun on our fligh","I really liked it and had a lot of fun on our flight over Portland. My gf and I loved it. Will be coming back again. Deserves 10 star","","0","","Written February 2, 2021","This review is the subjective opinion of a Tripadvisor member and not of Tripadvisor LLC."
"Ashley G","https://www.tripadvisor.com/Profile/ashleygF4454TH","https://media-cdn.tripadvisor.com/media/photo-o/1a/f6/ef/32/default-avatar-2020-12.jpg","Hillsboro, OR","5","Jan 2021","So much fun! We loved it!","So much fun! We loved every minute of it. This was a great experience and very affordable. Would give more stars if I could!! Thanks Envi!","","0","","Written February 1, 2021","This review is the subjective opinion of a Tripadvisor member and not of Tripadvisor LLC."
"Colt","https://www.tripadvisor.com/Profile/coltg2021","https://media-cdn.tripadvisor.com/media/photo-o/1a/f6/f4/5d/default-avatar-2020-32.jpg","Hillsboro, OR","5","Jan 2021","Great company. Fun experience.","My wife and I went on a tour to Multnomah Falls and loved it. Great job to the pilot. Airplane looked great, pilot did great, and the views were great. Couldn't ask for anything better. Really fun company.","","0","","Written February 1, 2021","This review is the subjective opinion of a Tripadvisor member and not of Tripadvisor LLC."
"Nathan W","https://www.tripadvisor.com/Profile/nathanwG4507FJ","https://media-cdn.tripadvisor.com/media/photo-o/1a/f6/ef/9c/default-avatar-2020-14.jpg","","5","Jan 2021","If you haven't done this, you should...now!","This was ABSOLUTELY INCREDIBLE! First of all it was super affordable, way more affordable than the helicopter tour business in Portland. Second, everyone we dealt with was super laid back, very helpful, and made us feel welcome, comfortable, and safe. The flight itself was amazing. Beautiful views, even when raining, and so memorable. Lot's of pictures for the gram! lol We will be coming back. It was so cool, and I highly recommend it to everyone!","","0","","Written January 31, 2021","This review is the subjective opinion of a Tripadvisor member and not of Tripadvisor LLC."
"Abhishek k","https://www.tripadvisor.com/Profile/abhiksk","https://media-cdn.tripadvisor.com/media/photo-o/1a/f6/f0/9f/default-avatar-2020-16.jpg","","5","Jan 2021","Great aerial tour of downtown Portland(Bonus views of major mountains on the way)","This is literally the best thing you can do in Portland. There are others who also provide similar services, but the value for every dollar that you get here is simply great and others pale in comparison. Spencer is very knowledgeable, experiences and fun pilot. We saw breathtaking views of all the major mountains on the way to downtown and top view of downtown was only more breathtaking. We clicked some life time memorable pictures. I intend to repeat this activity when my parents are in the town, probably Multnomah and Gorge river tour next time.","","0","https://media-cdn.tripadvisor.com/media/photo-o/1c/91/52/ef/awesome-downtown-portland.jpg","Written January 24, 2021","This review is the subjective opinion of a Tripadvisor member and not of Tripadvisor LLC."
"Raytonia M","https://www.tripadvisor.com/Profile/raytoniam","https://media-cdn.tripadvisor.com/media/photo-o/1a/f6/df/99/default-avatar-2020-40.jpg","","5","Jan 2021 • Friends","AMAZING","It was all a great experience and i cant wait to do it again .. Clay  was very nice , inviting and he had a perfect landing. So perfect i didnt know or aware that we had landed and i was looking out the window it was a perfect 10.. 5 stars","Friends","0","","Written January 12, 2021","This review is the subjective opinion of a Tripadvisor member and not of Tripadvisor LLC."
"figini","https://www.tripadvisor.com/Profile/figini","https://media-cdn.tripadvisor.com/media/photo-o/1a/f6/ec/a2/default-avatar-2020-3.jpg","Oregon City, OR","5","Jan 2021","Excellent.","Excellent Pilot!  Little windy and a little bumpy, but he explained exactly where and when we would experience turbulence.  Beautiful views up the Columbia River Gorge.","","0","https://media-cdn.tripadvisor.com/media/photo-m/1280/1c/82/61/ca/exclusive-1-hour-20-minute.jpg
https://media-cdn.tripadvisor.com/media/photo-m/1280/1c/82/61/c7/exclusive-1-hour-20-minute.jpg
https://media-cdn.tripadvisor.com/media/photo-m/1280/1c/82/61/c5/exclusive-1-hour-20-minute.jpg","Written January 9, 2021","This review is the subjective opinion of a Tripadvisor member and not of Tripadvisor LLC."
"Michelle W","https://www.tripadvisor.com/Profile/michellewG5278SS","https://media-cdn.tripadvisor.com/media/photo-o/1a/f6/e2/e6/default-avatar-2020-45.jpg","","5","Dec 2020","Unforgettable flight with Envi :)","My friend Katie and I went on a flight the other day with Envi and I was a little scared at first but had so much fun! It was really so much fun and our flight over the Gorge was so beautiful. I have lived in Portland for most of my life and it was so neat to see the waterfalls from the airplane and it was so pretty. We had a great time. Thank you for the wonderful time Envi! I’ll never forget it.","","0","","Written December 10, 2020","This review is the subjective opinion of a Tripadvisor member and not of Tripadvisor LLC."
"Katie M","https://www.tripadvisor.com/Profile/katiemS3544ZZ","","","5","Dec 2020","Go flying! You won't regret it","Really fun and really nice people. We went when on our flight and in spite of the winds, our pilot did a really good job flying safely and making us feel comfortable. We will definitely be coming back, and if you haven't gone a flight, what are you waiting for!? Completely worth it.","","0","","Written December 10, 2020","This review is the subjective opinion of a Tripadvisor member and not of Tripadvisor LLC."
"Scott B","https://www.tripadvisor.com/Profile/U6703ZIscottb","https://media-cdn.tripadvisor.com/media/photo-o/1a/f6/e8/5b/default-avatar-2020-61.jpg","","5","Nov 2020","Better than Vegas and the Grand Canyon","I don't know how this company doesn't have thousands of reviews. My wife and I had been on helicopter tours in Vegas and went on an airplane tour over the Grand Canyon a couple of years ago. They were all fun and the views were cool, but it wasn't cheap. My wife and I visited Portland and thought it would be fun to do something similar, shopped around a bit and found Envi. I can honestly say that the experience is not just worth every penny, but we got way more out of this flight than we did in Vegas and the Grand Canyon. It was such a good time and the price was completely reasonable. We highly recommend Envi if you're visiting Portland, or even if you live here. Book a flight if you haven't already.","","0","","Written December 2, 2020","This review is the subjective opinion of a Tripadvisor member and not of Tripadvisor LLC."
"Cliff Calley","https://www.tripadvisor.com/Profile/cliffjumper471","https://media-cdn.tripadvisor.com/media/photo-o/1a/f6/e6/ea/default-avatar-2020-54.jpg","","5","Nov 2020","Should be more popular","This was an absolute highlight of our trip to Oregon. We would definitely recommend to anyone visiting to check out Envi. Worth the time and the money.","","0","","Written November 20, 2020","This review is the subjective opinion of a Tripadvisor member and not of Tripadvisor LLC."
"Ryan G","https://www.tripadvisor.com/Profile/dakotasurveyor","https://media-cdn.tripadvisor.com/media/photo-o/1a/f6/e7/7b/default-avatar-2020-56.jpg","Aloha, OR","5","Nov 2020 • Couples","Great flight","Great flight over the beautiful Columbia Gorge.  Thanks, Corey for sharing your local knowledge along the way.","Couples","0","https://media-cdn.tripadvisor.com/media/photo-w/1c/4b/fe/d5/envi-adventures.jpg","Written November 9, 2020","This review is the subjective opinion of a Tripadvisor member and not of Tripadvisor LLC."
"Ada L","https://www.tripadvisor.com/Profile/adaluna93","https://media-cdn.tripadvisor.com/media/photo-o/1a/f6/ef/32/default-avatar-2020-12.jpg","Marina del Rey","5","","Wow! Great experience!","Adam was great! He made us feel comfortable, safe, and he is super knowledgeable. We were nervous as soon as we got to the airport, but Adam was professional and a great pilot! What a smooth take off, ride, and landing! It was great to see Oregon and Washington from the skies! ","","0","https://media-cdn.tripadvisor.com/media/photo-o/1c/38/1e/6f/20201022-163359-largejpg.jpg","Written October 22, 2020","This review is the subjective opinion of a Tripadvisor member and not of Tripadvisor LLC."
"Todd","https://www.tripadvisor.com/Profile/438toddg","https://media-cdn.tripadvisor.com/media/photo-o/1a/f6/f0/d5/default-avatar-2020-17.jpg","Denver, CO","5","Oct 2020","A really great small business","Whenever I hear of a new business, I'm always a little skeptical of it. I never know what to expect, and even with reviews ""how great can they actually be?"" Envi was incredible. Flat out. The professionalism and amount of enthusiasm they have is refreshing. It's not forced and they genuinely seem to love what they do. The prices were great, the flight was great, and everything was perfect. I wish these guys the absolute best in their growth. They deserve it. This is a must do for everyone visiting Portland or living here.","","0","","Written October 9, 2020","This review is the subjective opinion of a Tripadvisor member and not of Tripadvisor LLC."
"Cody","https://www.tripadvisor.com/Profile/cjfitz5","https://media-cdn.tripadvisor.com/media/photo-o/1a/f6/e4/2d/default-avatar-2020-48.jpg","","5","Oct 2020 • Couples","Great pilot","The tour was excellent and Spencer was a fantastic pilot! Very kind and funny! I would highly recommend.","Couples","0","","Written October 9, 2020","This review is the subjective opinion of a Tripadvisor member and not of Tripadvisor LLC."
"Cheri","https://www.tripadvisor.com/Profile/Dardeche","https://media-cdn.tripadvisor.com/media/photo-o/07/9c/6b/c1/cdardeen.jpg","Clermont, FL","5","Sep 2020","WOW! This is a MUST do!","When you visit Oregon... this is a MUST do experience!  First, Cory was great getting us all set up and answering all our questions since we were in Florida and unsure about the trip.  Then when we arrived, our Pilot Adam put us right at ease.  Wow!  Very smooth take off and flight!  It was a bit cloudy to see all of Mt Hood but the rest of the trip was well worth it.  The Columbia Gorge was just beautiful and all the waterfalls were amazing. Loved this adventure!","","0","https://media-cdn.tripadvisor.com/media/photo-m/1280/1c/22/9b/fc/vista-house.jpg
https://media-cdn.tripadvisor.com/media/photo-m/1280/1c/22/9b/e1/columbia-river.jpg
https://media-cdn.tripadvisor.com/media/photo-m/1280/1c/22/9b/c5/columbia-gorge.jpg
https://media-cdn.tripadvisor.com/media/photo-m/1280/1c/22/9b/a9/farm-land-by-the-airport.jpg
https://media-cdn.tripadvisor.com/media/photo-m/1280/1c/22/9b/6c/carmen-and-cheri.jpg
https://media-cdn.tripadvisor.com/media/photo-m/1280/1c/22/9b/65/adam-our-pilot-and-irene.jpg
https://media-cdn.tripadvisor.com/media/photo-m/1280/1c/22/9b/46/carmen-cheri-irene-and.jpg","Written October 6, 2020","This review is the subjective opinion of a Tripadvisor member and not of Tripadvisor LLC."
"Taylor D","https://www.tripadvisor.com/Profile/Raptor4184","","","5","Oct 2020 • Solo","A+ Experience!","Absolutely love these guys! Always a great time with friends. Highly recommend staff and pilots with excellent service all around. Very affordable and tons of fun!!!","Solo","0","https://media-cdn.tripadvisor.com/media/photo-w/1c/1e/b2/40/1-hour-private-air-tour.jpg","Written October 4, 2020","This review is the subjective opinion of a Tripadvisor member and not of Tripadvisor LLC."
"Carrington N","https://www.tripadvisor.com/Profile/cnguyen716","","","5","Sep 2020","The Ultimate Experience","I had planned an Envi Adventure for my boyfriend and I with the intention on doing something spontaneous. To my surprise, the experience that Envi Adventures had to offer completely exceeded my expectations. Prior to our scheduled flight, the team was receptive, communicative, and detailed about instructions for our flight. Adam was the pilot on our flight and he was warm, welcoming, and a total expert. Adam was awesome as he pointed out and explained the beautiful scenes. We highly recommend him and the Envi Adventures team for your next experience!","","0","","Written October 1, 2020","This review is the subjective opinion of a Tripadvisor member and not of Tripadvisor LLC."
"Andy","https://www.tripadvisor.com/Profile/H2998JYandyb","","Corbett, OR","5","Aug 2020","The best experience in Portland, hands down","Great service and great people. The level of professionalism was fantastic and compared to other air tours in Portland, by far the best value. We’ve flown on helicopter tours with another company in Portland before, and this was a much better price, it was a longer flight, and a lot more fun. Highly, recommend 10 times over. Will be back.","","0","","Written September 22, 2020","This review is the subjective opinion of a Tripadvisor member and not of Tripadvisor LLC."
"IgorA","https://www.tripadvisor.com/Profile/IgorA","https://media-cdn.tripadvisor.com/media/photo-o/1a/f6/f1/42/default-avatar-2020-20.jpg","Princeton,nj","5","Sep 2020","Great activity","We loved our flight to see waterfalls along the Columbia River Gorge.  Spencer, our pilot, was really cool and professional.  He gave us few interesting insights about the area.    It was really cool activity that I recommend to anyone visiting this area.","","0","","Written September 8, 2020","This review is the subjective opinion of a Tripadvisor member and not of Tripadvisor LLC."
"Carrie","https://www.tripadvisor.com/Profile/carriesilly","","Beaverton, OR","5","Sep 2020","Excellent value, family fun","We loved our ride out to Vista House on the Columbia River. My dad, and my kids and I all enjoyed it. Adam, our pilot, was great. It was the best things we've done all summer!","","0","","Written September 1, 2020","This review is the subjective opinion of a Tripadvisor member and not of Tripadvisor LLC."
"Shane J","https://www.tripadvisor.com/Profile/shanej794","https://media-cdn.tripadvisor.com/media/photo-o/1a/f6/f4/d0/default-avatar-2020-33.jpg","Portland, OR","5","Aug 2020 • Family","Birthday win","Outstanding 18th birthday, very professional and personable. Very great air experience for first timers","Family","0","","Written August 30, 2020","This review is the subjective opinion of a Tripadvisor member and not of Tripadvisor LLC."
"Nicole M","https://www.tripadvisor.com/Profile/ssdgmmc2020","https://media-cdn.tripadvisor.com/media/photo-o/08/f0/25/c4/nicole-m.jpg","Hubbard, OR","5","Aug 2020 • Couples","Fun downtown flight","Had a great nighttime flight over the Portland metro area! We were able to see all the city lights, bridges, buildings, and river. Spencer did awesome job flying & telling us a bit of history. Definitely recommend this trip!!","Couples","0","https://media-cdn.tripadvisor.com/media/photo-w/1b/e3/ae/06/downtown-portland-airplane.jpg","Written August 29, 2020","This review is the subjective opinion of a Tripadvisor member and not of Tripadvisor LLC."
"Rachel R","https://www.tripadvisor.com/Profile/RachelRodell","https://media-cdn.tripadvisor.com/media/photo-o/1a/f6/f4/5d/default-avatar-2020-32.jpg","Cape Town, South Africa","5","Aug 2020","beautiful and professional air tour!","We have been waiting for over a year to fly with Envi Adventures, and they delivered! Our trip was expertly piloted, and very professional. The scenery was incredible; much easier to appreciate the close up views from a small aircraft than from a giant passenger plane. Would definitely fly again!","","0","https://media-cdn.tripadvisor.com/media/photo-w/1b/e2/f2/13/mt-hood-in-all-its-glory.jpg
https://media-cdn.tripadvisor.com/media/photo-w/1b/e2/f2/0f/over-the-columbia-river.jpg
https://media-cdn.tripadvisor.com/media/photo-w/1b/e2/f2/04/enjoying-the-flight.jpg","Written August 28, 2020","This review is the subjective opinion of a Tripadvisor member and not of Tripadvisor LLC."
"ariana r","https://www.tripadvisor.com/Profile/499arianar","https://media-cdn.tripadvisor.com/media/photo-o/1a/f6/f2/b8/default-avatar-2020-26.jpg","","5","Aug 2020 • Family","Awesome would recommend!","Flying over the Columbia in a private plane was an awesome experience. On top of that, we had the coolest pilot. Super professional and down to earth.","Family","0","https://media-cdn.tripadvisor.com/media/photo-w/1b/df/a2/bc/20-minute-private-gorge.jpg","Written August 26, 2020","This review is the subjective opinion of a Tripadvisor member and not of Tripadvisor LLC."
"JB111","https://www.tripadvisor.com/Profile/111JBB88","","","5","Aug 2020","The Highlight of Summer","Spencer Engwall was amazing!! He was fun and very informative. It is much more affordable and a longer ride (20min) compared to others.  I would recommend Envi Adventures to anyone who is interested.  Envi Adventures we loved It. Thank you for the unforgettable experience. We will be back!","","0","","Written August 25, 2020","This review is the subjective opinion of a Tripadvisor member and not of Tripadvisor LLC."
"Elisa D","https://www.tripadvisor.com/Profile/U8571IRelisad","https://media-cdn.tripadvisor.com/media/photo-o/1a/f6/f4/d0/default-avatar-2020-33.jpg","","5","Aug 2020","You have to book a tour! So much fun!","This was so special. At first, we thought the price was too good to be true, and we were beyond wrong. From the moment we arrived, our pilot made us feel comfortable and safe. We took the Figure 8 flight tour in the Columbia Gorge and Portland and loved every minute of it. The views were amazing and it was so much fun. We’ve gone on a helicopter tour in downtown Portland last time we visited, and that was fun but really expensive. We felt that we got way more out of this tour than that one. Highly recommend Envi to everyone. Fantastic.","","0","","Written August 25, 2020","This review is the subjective opinion of a Tripadvisor member and not of Tripadvisor LLC."
"Jensen","https://www.tripadvisor.com/Profile/50jensenb","https://media-cdn.tripadvisor.com/media/photo-o/1a/f6/77/ae/default-avatar-2020-2.jpg","Boise, ID","5","Aug 2020","Definitely the best deal, and totally worth it","I looked at doing a helicopter ride first with another place for me and my girlfriend, but the price was way too much money for the same thing that envi does. And honestly I think that the flight Envi gives is probably better anyway. Everyone was super chill, really professional, and the whole thing just seemed way better. They do a really really good job. Really recommend to everyone looking for a fun time.","","0","","Written August 19, 2020","This review is the subjective opinion of a Tripadvisor member and not of Tripadvisor LLC."
"nataliesI9284GL","https://www.tripadvisor.com/Profile/nataliesI9284GL","https://media-cdn.tripadvisor.com/media/photo-f/01/2e/70/7c/avatar063.jpg","Kingston, WA","5","Aug 2020 • Couples","Amazing Summer Trip","Got the very awesome chance to be able to see vista point for my boyfriends birthday. Not only was it informative but Spencer made it so much fun! Will definitely do this again!","Couples","0","https://media-cdn.tripadvisor.com/media/photo-m/1280/1b/cb/bb/73/20-minute-columbia-river.jpg
https://media-cdn.tripadvisor.com/media/photo-m/1280/1b/cb/bb/71/20-minute-columbia-river.jpg","Written August 17, 2020","This review is the subjective opinion of a Tripadvisor member and not of Tripadvisor LLC."
"Tom M","https://www.tripadvisor.com/Profile/C2203IAtomm","https://media-cdn.tripadvisor.com/media/photo-o/1a/f6/e2/4a/default-avatar-2020-42.jpg","Oregon","5","Aug 2020","An adverture that we will remember for a life time","We diid the Quicksand Triangle Tour with Spencer, I don't know what else I can say about him, but will just echo what others have said. We had a great flight with awesome views, a great adventure indeed. I highly recomend Envi Adventures and will be back to do some of the other tours.<br /><br />We all went as familly, no teens, but no other options to choose from : )","","0","https://media-cdn.tripadvisor.com/media/photo-m/1280/1b/b0/22/38/this-is-where-you-want.jpg
https://media-cdn.tripadvisor.com/media/photo-m/1280/1b/b0/22/36/bonneville-dam.jpg
https://media-cdn.tripadvisor.com/media/photo-m/1280/1b/b0/22/35/mt-adams-i-believe.jpg
https://media-cdn.tripadvisor.com/media/photo-m/1280/1b/b0/22/34/despite-the-coulds-still.jpg","Written August 3, 2020","This review is the subjective opinion of a Tripadvisor member and not of Tripadvisor LLC."
"Melissa M","https://www.tripadvisor.com/Profile/Melissity17","","","5","Aug 2020 • Couples","Photos do not do these views justice!","This was such an amazing adventure to share with my family (Side note: there is no option to select “Family [adults],” in this TripAdvisor review, so I’ll note that here. It was myself and my parents, no kids nor teens.) We had a nice clear day to fly over the gorge. I’ve lived in Oregon my whole life, and didn’t realize how many little ponds are hiding in the gorge that a lot of people can’t get to even via hiking. It was a bit windy but we didn’t mind. Spencer was our pilot and he was professional, knowledgeable, and friendly. We look forward to doing another scenic flight in the future.","Couples","0","https://media-cdn.tripadvisor.com/media/photo-m/1280/1b/ae/55/52/1-hour-private-mount.jpg
https://media-cdn.tripadvisor.com/media/photo-m/1280/1b/ae/55/4f/1-hour-private-mount.jpg
https://media-cdn.tripadvisor.com/media/photo-w/1b/ae/55/4e/1-hour-private-mount.jpg
https://media-cdn.tripadvisor.com/media/photo-w/1b/ae/55/3f/1-hour-private-mount.jpg","Written August 2, 2020","This review is the subjective opinion of a Tripadvisor member and not of Tripadvisor LLC."
"Diane S","https://www.tripadvisor.com/Profile/wldhart07","https://media-cdn.tripadvisor.com/media/photo-o/1a/f6/e2/4a/default-avatar-2020-42.jpg","Gresham, OR","5","Jul 2020 • Friends","Great fun!","We had an absolutely fantastic time! Pilot was friendly and super knowledgeable. I can't wait to plan my next flight! Sooooo much fun.","Friends","0","","Written July 18, 2020","This review is the subjective opinion of a Tripadvisor member and not of Tripadvisor LLC."
"hailey r","https://www.tripadvisor.com/Profile/159haileyr","https://media-cdn.tripadvisor.com/media/photo-o/1a/f6/e6/ea/default-avatar-2020-54.jpg","Huntington Beach, CA","5","Jul 2020 • Couples","The best wife ever!","This is a must do if you’re alive and breathing. Absolutely breathtaking views, anything you pay is 100% worth it and don’t doubt it. Personally a must do if you’re a local or if you’re visiting. I would LOVE to make and emphasis on the pilot we had Spencer. An absolutely hilarious, knowledgeable, accommodating, cautious, kind person and more. Definitely will be flying with Envi Tours again every time I visit! Thank you Spencer for a ride i’ll always remember :)","Couples","0","","Written July 18, 2020","This review is the subjective opinion of a Tripadvisor member and not of Tripadvisor LLC."
"Maria","https://www.tripadvisor.com/Profile/Riddlesfl","https://media-cdn.tripadvisor.com/media/photo-o/1a/f6/e7/99/default-avatar-2020-57.jpg","","5","Jul 2020 • Couples","Amazing experience","Flight was smooth and the scenery breathtaking!<br />Pilot was awesome! So glad I booked this trip, worth every penny!","Couples","0","","Written July 13, 2020","This review is the subjective opinion of a Tripadvisor member and not of Tripadvisor LLC."
"Cora","https://www.tripadvisor.com/Profile/cashcraft18","https://media-cdn.tripadvisor.com/media/photo-o/1a/f6/77/ae/default-avatar-2020-2.jpg","Portland, OR","5","Jul 2020 • Couples","Amazing!!!","The views were amazing! The pilot was very friendly and made sure we had the best experience possible. Definitely would go again in a heartbeat.","Couples","0","https://media-cdn.tripadvisor.com/media/photo-m/1280/1b/86/96/47/20-minute-columbia-river.jpg
https://media-cdn.tripadvisor.com/media/photo-m/1280/1b/86/96/32/20-minute-columbia-river.jpg","Written July 10, 2020","This review is the subjective opinion of a Tripadvisor member and not of Tripadvisor LLC."
"Caitlin B","https://www.tripadvisor.com/Profile/cjbascara","https://media-cdn.tripadvisor.com/media/photo-o/1a/f6/f4/20/default-avatar-2020-31.jpg","","5","Jun 2020 • Friends","10/10 +","First of all, I want to really thank Corey for being superbly flexible. I purchased my tour 2 years ago and wasn't able to get time to utilize my ticket due to either the weather or other events. <br /><br />Corey not only made it possible that I could still attend my tour years later but provided such friendly, personable service! <br /><br />Next I want to thank our pilot, Spencer. His personality and education of the aircraft and the geography took what could have been a regular flight and made it an absolute joy. I was very nervous as it was my first small plane ride and he went out of his way to make my tour as comfortable as possible. <br /><br />Overall, I rate my experience with Envi Adventures a 10/10! It was super fun and an experience of a lifetime. You won't be disappointed with Envi, especially if it's your first time. <br /><br />Thank you!","Friends","0","https://media-cdn.tripadvisor.com/media/photo-w/1b/83/6a/ba/20-minute-private-gorge.jpg","Written July 7, 2020","This review is the subjective opinion of a Tripadvisor member and not of Tripadvisor LLC."
"Dave_Renee","https://www.tripadvisor.com/Profile/Dave_Renee","https://media-cdn.tripadvisor.com/media/photo-o/06/78/1c/f4/dave-renee.jpg","Salem, OR","5","Jul 2020","A fun sky tour of the Portland and Gorge areas.","Just simply awesome!!!  Our pilot, Spencer, is knowledgeable, efficient, friendly and caring.  Safety comes first!  We did the Figure 8 private flight over Portland and the Gorge.  Learned a LOT from Spencer about the area - he is a book of knowledge on the Portland area.  This is the second such flight for my wife and I.  This time we took our daughter and grandson.  They will remember the adventure forever.  Awesome!","","0","https://media-cdn.tripadvisor.com/media/photo-m/1280/1b/7f/71/bf/envi-adventures-july.jpg","Written July 4, 2020","This review is the subjective opinion of a Tripadvisor member and not of Tripadvisor LLC."
"J.T.","https://www.tripadvisor.com/Profile/Novakon","https://media-cdn.tripadvisor.com/media/photo-o/1a/f6/f1/42/default-avatar-2020-20.jpg","","5","Jun 2020 • Friends","Awesome experience","Weather changed our flight plans a bit, but our pilot Corey was really cool and still gave an awesome experience! Got to see things from a unique perspective that is highly recommended to all, even locals!","Friends","0","https://media-cdn.tripadvisor.com/media/photo-w/1b/7a/d0/cc/exclusive-mount-hood.jpg","Written July 1, 2020","This review is the subjective opinion of a Tripadvisor member and not of Tripadvisor LLC."
"kaliktpt","https://www.tripadvisor.com/Profile/kaliktpt","https://media-cdn.tripadvisor.com/media/photo-o/1a/f6/ee/db/default-avatar-2020-10.jpg","Damascus, OR","5","","Envi Adventures","This business is awesome!  We took a sightseeing flight down the Columbia Gorge. Spencer the pilot was very knowledgeable and responsive to our needs during the flight.  I highly recommend this company! It was totally worth the money!  Thank you for a great experience.... it was a birthday gift to my wife!","","0","https://media-cdn.tripadvisor.com/media/photo-o/1b/78/65/3c/20200627-115453-largejpg.jpg","Written June 29, 2020","This review is the subjective opinion of a Tripadvisor member and not of Tripadvisor LLC."
"aurianna p","https://www.tripadvisor.com/Profile/557auriannap","https://media-cdn.tripadvisor.com/media/photo-o/1a/f6/ea/b2/default-avatar-2020-69.jpg","Fairview, OR","5","Jun 2020 • Family","Excellent views, must do for Locals & tourists","Took my family on the wonderful waterfalls flight through the Columbia gorge. Our Pilot, Spencer, was instructive, kind and made us feel completely safe on the ground and in air. The ride was so smooth, my son fell asleep on the return and didnt even wake up during landing. Excellent flying skills, kudos to Spencer for the landing. <br />It's beautiful to see the waterfalls from this view 1000 feet above the sky. A very unique experience that everyone should have if you're in Portland. I plan to return for another tour someday!<br />Super easy to book online. All your releases can also be signed online too to make the check in process smooth. <br />Waiting area was clean, with a small refrigerator of complimentary drinks while you wait for your pilot to return from another trip. Restroom is available and also clean in the hanger area.<br />Easy location at the troutdale airport, parking right out front. You can't miss it. <br />Our plane seated 6 total, including pilot. Very comfortable for all of us. The heaviest passengers sit in the back, but every seat offers a great view. We were all provided sanitized headsets, to hear and talk to each other during the flight. <br />Highly recommend flying with Envi! If you haven't booked it yet, what are you waiting for??? This is an unforgettable experience for locals and tourists alike.","Family","0","https://media-cdn.tripadvisor.com/media/photo-m/1280/1b/77/6a/f6/private-40-minute-waterfall.jpg
https://media-cdn.tripadvisor.com/media/photo-w/1b/77/6a/f5/private-40-minute-waterfall.jpg
https://media-cdn.tripadvisor.com/media/photo-w/1b/77/6a/f4/private-40-minute-waterfall.jpg
https://media-cdn.tripadvisor.com/media/photo-m/1280/1b/77/6a/f3/private-40-minute-waterfall.jpg
https://media-cdn.tripadvisor.com/media/photo-w/1b/77/6a/f2/private-40-minute-waterfall.jpg
https://media-cdn.tripadvisor.com/media/photo-w/1b/77/6a/f1/private-40-minute-waterfall.jpg
https://media-cdn.tripadvisor.com/media/photo-w/1b/77/6a/f0/private-40-minute-waterfall.jpg
https://media-cdn.tripadvisor.com/media/photo-w/1b/77/6a/ed/private-40-minute-waterfall.jpg","Written June 28, 2020","This review is the subjective opinion of a Tripadvisor member and not of Tripadvisor LLC."
"Nicole S","https://www.tripadvisor.com/Profile/nicolesJ6625OM","https://media-cdn.tripadvisor.com/media/photo-o/1a/f6/f4/d0/default-avatar-2020-33.jpg","","5","Jun 2020 • Couples","Awesome!","Due to the weather we were not able to make it up to Mt. Hood, but our pilot accommodated us and took us on an amazing tour!<br />Our pilot also shared interesting historical facts about the area as we flew over the gorge.","Couples","0","https://media-cdn.tripadvisor.com/media/photo-o/1b/77/28/05/exclusive-mount-hood.jpg
https://media-cdn.tripadvisor.com/media/photo-m/1280/1b/77/28/02/exclusive-mount-hood.jpg","Written June 28, 2020","This review is the subjective opinion of a Tripadvisor member and not of Tripadvisor LLC."
"Shaan F","https://www.tripadvisor.com/Profile/771shaanf","https://media-cdn.tripadvisor.com/media/photo-o/1a/f6/ef/32/default-avatar-2020-12.jpg","","5","Jun 2020","Gorgeous Trip Down the Gorge","Had an excellent trip with our pilot Spencer. He was professional, engaging, and a great host to explore the Gorge together. We went with a friend who was a local, and he also thought the tour was fully worth it. Highly advise seeing Portland and the Gorge from above! Thanks again.","","0","https://media-cdn.tripadvisor.com/media/photo-w/1b/74/ec/84/looking-over-the-city.jpg","Written June 25, 2020","This review is the subjective opinion of a Tripadvisor member and not of Tripadvisor LLC."
"Sterling R","https://www.tripadvisor.com/Profile/632sterlingr","https://media-cdn.tripadvisor.com/media/photo-o/1a/f6/f1/79/default-avatar-2020-21.jpg","","5","Jun 2020","Amazing!","Fantastic ! This was such a special way to experience PNW. Our Pilot, Spencer, was a treat. Very accommodating with the perfect amount of commentary. He made the trip extra special. I'm just sorry it took me five years of living here to make it happen. I Will defiantly be returning, it's the perfect way to show out of town visitors what living in Portland is all about. Great service and incredible value!","","0","https://media-cdn.tripadvisor.com/media/photo-m/1280/1b/73/bf/88/cool-small-plane-i-thought.jpg
https://media-cdn.tripadvisor.com/media/photo-m/1280/1b/73/bf/87/view-of-mt-hood.jpg
https://media-cdn.tripadvisor.com/media/photo-m/1280/1b/73/bf/84/during-the-flight.jpg","Written June 24, 2020","This review is the subjective opinion of a Tripadvisor member and not of Tripadvisor LLC."
"Dustin H","https://www.tripadvisor.com/Profile/dustinhW8775CK","https://media-cdn.tripadvisor.com/media/photo-o/1a/f6/e2/11/default-avatar-2020-41.jpg","","5","Jun 2020 • Family","Amazing Father’s Day with my son.","For the price, this might be one of the best experiences of my life. My 11 year old son and I had a great time. Our pilot made the whole thing so much fun and he made my son feel so cool by letting him sit up front and talking to him the whole time. I wouldn’t think twice to schedule another flight with them.","Family","0","https://media-cdn.tripadvisor.com/media/photo-w/1b/70/96/fd/30-minute-multnomah-falls.jpg","Written June 21, 2020","This review is the subjective opinion of a Tripadvisor member and not of Tripadvisor LLC."
"J Adcock","https://www.tripadvisor.com/Profile/jerryaI2012ED","https://media-cdn.tripadvisor.com/media/photo-o/1a/f6/e4/59/default-avatar-2020-49.jpg","Camas, WA","5","Jun 2020","Take Flight and enjoy yourselves","Spencer, our pilot was very down to earth and made us feel at home, He was very knowledgeable about the local customs , history and landmarks, which made the trip a lot of fun.<br />What I really appreciated was that he wanted us to have fun but safety was always first.<br />The scenery was amazing and if you've driven the Columbia Gorge even a handful of times, this will add a whole perspective to the drive.","","0","","Written June 20, 2020","This review is the subjective opinion of a Tripadvisor member and not of Tripadvisor LLC."
"Alonso","https://www.tripadvisor.com/Profile/Agarcia372","https://media-cdn.tripadvisor.com/media/photo-o/1a/f6/ea/74/default-avatar-2020-68.jpg","","5","Jun 2020 • Couples","Such an amazing view of downtown Portland.","Our pilot Corey to be honest. He was super polite and delivered an outstanding tour and brief history of Portland","Couples","0","https://media-cdn.tripadvisor.com/media/photo-m/1280/1b/6e/a3/61/40-minute-private-downtown.jpg","Written June 20, 2020","This review is the subjective opinion of a Tripadvisor member and not of Tripadvisor LLC."
"Destiny","https://www.tripadvisor.com/Profile/Destinyhansen","https://media-cdn.tripadvisor.com/media/photo-o/1a/f6/de/0a/default-avatar-2020-35.jpg","","5","Jun 2020 • Couples","Amazing!!!!","Soooo Cool, I just wish I had gotten a longer flight! Already planning the next trip!! 😍😍🙌<br />The pilot was so friendly and gave us great information about every area we flew over! Definitely recommend to everyone!!","Couples","0","https://media-cdn.tripadvisor.com/media/photo-o/1b/6a/40/2a/20-minute-columbia-river.jpg","Written June 15, 2020","This review is the subjective opinion of a Tripadvisor member and not of Tripadvisor LLC."
"Rose C","https://www.tripadvisor.com/Profile/Quest238519","https://media-cdn.tripadvisor.com/media/photo-o/1a/f6/f2/7a/default-avatar-2020-25.jpg","","5","Jun 2020 • Couples","Amazing flight","What a wonderful experience!  Spence is top notch!  Not only a great pilot, but incredibly humble, personable and down to earth. He made us feel like we’d known him for years. We will definitely be back!  Thank you Spence for being so laid back and answering our questions, and being so knowledgeable!","Couples","0","https://media-cdn.tripadvisor.com/media/photo-w/1b/69/c3/e9/columbia-river-gorge.jpg","Written June 15, 2020","This review is the subjective opinion of a Tripadvisor member and not of Tripadvisor LLC."
"Brady R","https://www.tripadvisor.com/Profile/Brady24r","https://media-cdn.tripadvisor.com/media/photo-o/1a/f6/e8/24/default-avatar-2020-60.jpg","Springfield, VA","5","Dec 2019 • Family","The gorge from above is a must see","Totally worth it. It’s such a cool perspective on the gorge. How often are you able to get a 360 view of the gorge from 1500 feet?! The pilot was so friendly with cool facts about the area. Will definitely go again next time I visit.","Family","0","","Written June 13, 2020","This review is the subjective opinion of a Tripadvisor member and not of Tripadvisor LLC."
"Skylar C","https://www.tripadvisor.com/Profile/skycar761","https://media-cdn.tripadvisor.com/media/photo-o/1a/f6/ea/74/default-avatar-2020-68.jpg","Sandy, OR","5","Jun 2020","You're missing out if you don't do this.","We had a great time! This was so much fun and we will definitely be back. My girlfriend and I booked a flight during a sale they were having and we'd pay 5x as much as we did! So worth it. So fun. And they were all so nice. Please do this. You won't be disappointed.","","0","","Written June 13, 2020","This review is the subjective opinion of a Tripadvisor member and not of Tripadvisor LLC."
"Stephanie H","https://www.tripadvisor.com/Profile/stephaniehJ8656XO","https://media-cdn.tripadvisor.com/media/photo-o/1a/f6/ea/2e/default-avatar-2020-67.jpg","","5","Jun 2020","My first time flying in a small-engine airplane!","I bought a Groupon with Envi Adventures for a  private flight as a birthday gift for two of my sisters.  We had a fantastic time. The pilot, I believe his name was Spencer, was amazing, friendly, easy going, and made the flight a fun and laid back experience.  One of my sisters brought her Nikon, and Spencer would even guide the airplane in such a way as to allow her the best angle to photograph!  If you're a photographer, you might want to open the window for several shots, otherwise your photos will be a little fuzzy.","","0","https://media-cdn.tripadvisor.com/media/photo-m/1280/1b/68/64/f0/an-aerial-view-of-elowah.jpg","Written June 13, 2020","This review is the subjective opinion of a Tripadvisor member and not of Tripadvisor LLC."
"Nicholas A","https://www.tripadvisor.com/Profile/nicholasa904","https://media-cdn.tripadvisor.com/media/photo-o/1a/f6/df/2b/default-avatar-2020-39.jpg","","5","Jun 2020 • Couples","Excellence!","I had such an amazing experience! Professional crew with skills and I’m impressed with Envi overall! Get a tour! It’s more then worth it, these guys treat you with excellence!!!","Couples","0","","Written June 5, 2020","This review is the subjective opinion of a Tripadvisor member and not of Tripadvisor LLC."
"Danielle G","https://www.tripadvisor.com/Profile/X2494XMdanielleg","https://media-cdn.tripadvisor.com/media/photo-o/1a/f6/f2/b8/default-avatar-2020-26.jpg","","5","May 2020 • Friends","If you want the flight of a lifetime, book Envi Adventures!","As an Oregon native I thought I had seen it all, but boy was I wrong! People looking for something epic and outside of the box to do in our beautiful PNW will find exactly that on a flight with Envi Adventures. <br /><br />My friend invited me on a surprise sunset flight through the Columbia Gorge and Mt. Hood and I was BLOWN AWAY by the views of: <br /><br />- The Colombia Gorge <br />- Mt. Adams <br />- Mt. St Helens<br />- Mt. Reineer<br />- Sisters <br />- INSANE CLOSE UP of MT HOOD!<br /><br />The aerial perspective that you get of COLORs and shapes of the landscape are incomparable to anything we see at the ground level. <br /><br />And to top it off our pilot even offered for me to steer the plane! <br /><br />Whether your an Oregon native or tourist, if you want an adventure that doesn’t disappoint , I highly recommend booking a flight with Envi.","Friends","0","","Written May 30, 2020","This review is the subjective opinion of a Tripadvisor member and not of Tripadvisor LLC."
"Illusions47","https://www.tripadvisor.com/Profile/Illusions47","https://media-cdn.tripadvisor.com/media/photo-o/1a/f6/f0/d5/default-avatar-2020-17.jpg","","5","May 2020 • Couples","What a great adventure!","I bought a private flight as a birthday gift for my husband and we had a fantastic time. We had a friend who came along for the flight as well. The pilot was awesome, friendly, easy going, and made the flight a fun and laid back experience. We will definitely book another trip with them for another beautiful look at Oregon from above. We got to see stunning views of many of the surrounding mountains and rivers, can’t wait to do it again!! Thanks for the amazing adventure!!","Couples","0","","Written May 11, 2020","This review is the subjective opinion of a Tripadvisor member and not of Tripadvisor LLC."
"Sage T","https://www.tripadvisor.com/Profile/251saget","https://media-cdn.tripadvisor.com/media/photo-o/1a/f6/e9/60/default-avatar-2020-64.jpg","","5","May 2020 • Family","Waterfall Tour","Amazing experience! Would highly recommend! The views of the waterfalls, rivers, dams, and mountains were amazing! Our pilot was great as well!","Family","0","","Written May 8, 2020","This review is the subjective opinion of a Tripadvisor member and not of Tripadvisor LLC."
"Ashton C","https://www.tripadvisor.com/Profile/22ashtonc","https://media-cdn.tripadvisor.com/media/photo-o/1a/f6/e3/6a/default-avatar-2020-47.jpg","","5","Apr 2020 • Couples","Best views of my LIFE!","I grew up here in Portland and went to the gorge every weekend basically. I’m as Oregonian as you can get, my blood is green, stumptown coffee infused and mixed with rain. I thought I knew my Gorge, but now seeing it from above, in a slight drizzle, cloudy, afternoon day, seeing the Gorge, I was speechless. It was all green, the water was blue, everything was perfect. I highly recommend taking a flight from Envi. It was perfect. Absolutely beautiful. Take the flight. Bring your friends, make some awesome memories and take some beautiful photos. Absolutely worth every penny I worked for to fly!","Couples","0","","Written April 18, 2020","This review is the subjective opinion of a Tripadvisor member and not of Tripadvisor LLC."
"Melissa Glass","https://www.tripadvisor.com/Profile/melissagA674QY","https://media-cdn.tripadvisor.com/media/photo-o/1a/f6/ee/db/default-avatar-2020-10.jpg","Salt Lake City, UT","5","Jan 2020","You won't regret it...at all!","This was a very special thing to do! My partner and I went on a flight tour with Envi Adventures through the Columbia River Gorge, and we had an amazing time. Thank you to Envi Adventures and crew for the wonderful hospitality and wonderful experience.","","0","","Written April 17, 2020","This review is the subjective opinion of a Tripadvisor member and not of Tripadvisor LLC."
"Megan Johannson","https://www.tripadvisor.com/Profile/meganjH2336TZ","https://media-cdn.tripadvisor.com/media/photo-o/1a/f6/ef/32/default-avatar-2020-12.jpg","Beaverton, OR","5","Mar 2020","Amazing!! Amazing!! Amazing!! Oh, and it was amazing!!","Terrific experience all the way through. Corey was so friendly when guiding us through the options and the booking process, and he even gave us an extra discount because “we were patient”! Lol How cool is that? The flight was amazing, and we only paid $23 per person. That’s insane! We flew over Portland and loved every minute of it. Wish it was longer and will definitely be back for other flights. Compared to the other air tours we looked at in Portland, I don’t know why anyone would choose more expensive options for less of an experience.","","0","","Written April 16, 2020","This review is the subjective opinion of a Tripadvisor member and not of Tripadvisor LLC."
"Steve H","https://www.tripadvisor.com/Profile/stevehoward172","https://media-cdn.tripadvisor.com/media/photo-o/1a/f6/ec/a2/default-avatar-2020-3.jpg","","5","Feb 2020","Fabulous experience all the way through","We were highly impressed with Envi Adventures.  For such a small company and small team, you can tell they take great pride in their business. The flight was amazing, with great views of waterfalls like famous Multnomah Falls and the rest of the Columbia River Gorge. To me, it just seemed like they put a lot of thought into every aspect of the experience. Beyond just the flight, they make you feel welcome and excited from start to finish. Great company that should have people lining out the door. Wonderful.","","0","","Written April 12, 2020","This review is the subjective opinion of a Tripadvisor member and not of Tripadvisor LLC."
"Melissa S","https://www.tripadvisor.com/Profile/J3911BSmelissas","https://media-cdn.tripadvisor.com/media/photo-o/1a/f6/ef/32/default-avatar-2020-12.jpg","","5","Mar 2020","Portland is beautiful from an airplane!!","Wonderful time flying with Envi. This was so beautiful and fun. My friends and I flew over Portland at night and we loved it. I'm really excited to come fly again. Very special experience.","","0","","Written March 11, 2020","This review is the subjective opinion of a Tripadvisor member and not of Tripadvisor LLC."
"Chelsea R","https://www.tripadvisor.com/Profile/Chelsrobbs","https://media-cdn.tripadvisor.com/media/photo-o/1a/f6/f4/20/default-avatar-2020-31.jpg","Portland, OR","5","Mar 2020","WOW...just wow 😳","This was so incredible special and amazing. Myself and a group of friends went a flight tour in the gorge and we loved every single minute of it. The employees at Envi are so nice and so helpful. The price was unbelievable. And the flight itself was out of this world. We found them on Instagram and loved the pictures they shared, and seeing it in person was so, so, much better. Thank you Envi for the memory. We hope you’ll go too.","","0","","Written March 10, 2020","This review is the subjective opinion of a Tripadvisor member and not of Tripadvisor LLC."
"Dakota.p","https://www.tripadvisor.com/Profile/lacedo2020","https://media-cdn.tripadvisor.com/media/photo-o/1a/f6/e3/6a/default-avatar-2020-47.jpg","","5","Mar 2020 • Solo","ADVENTURE TIME!","Have you ever wanted to see portland and the Columbia river gorge from a whole new point of view? This is the company to fly with. Meticulously maintained equipment, friendly, engaging pilots and the best views in town! 10/10 would recommend. Even for new/ first time fliers.","Solo","0","","Written March 9, 2020","This review is the subjective opinion of a Tripadvisor member and not of Tripadvisor LLC."
"Melanie","https://www.tripadvisor.com/Profile/U6126MWmelaniej","https://media-cdn.tripadvisor.com/media/photo-o/1a/f6/f4/5d/default-avatar-2020-32.jpg","Portland, OR","5","Mar 2020","AMAZING EXPERIENCE!","Had a great time with my friend. We enjoyed the flight and beautiful views. It was an amazing experience and lots of fun. Honestly breathtaking getaway!","","0","","Written March 5, 2020","This review is the subjective opinion of a Tripadvisor member and not of Tripadvisor LLC."
"lesly duran","https://www.tripadvisor.com/Profile/564leslyd","https://media-cdn.tripadvisor.com/media/photo-o/1a/f6/ea/2e/default-avatar-2020-67.jpg","","5","Mar 2020","Most Beautiful Flight","My  friend and I had such a great time and enjoyed every moment of it! Great customer service and beautiful scenary.","","0","","Written March 5, 2020","This review is the subjective opinion of a Tripadvisor member and not of Tripadvisor LLC."
"Michelle S","https://www.tripadvisor.com/Profile/michsand891","https://media-cdn.tripadvisor.com/media/photo-o/1a/f6/de/e7/default-avatar-2020-37.jpg","","5","Mar 2020 • Couples","By far the best option in Portland","Envi was a breath of fresh air. My husband and I were originally looking at going on a helicopter tour from downtown Portland from another company but after bad experiences with customer service we found Envi and decided to see if it would be any different and it was amazing. They were beyond helpful the prices were way more affordable and the experience was longer. Much better value for your money! Our pilot was so nice and really good at what he did. We can’t recommend Envi more. 10/10 all the way and so much fun.","Couples","0","","Written March 5, 2020","This review is the subjective opinion of a Tripadvisor member and not of Tripadvisor LLC."
"Chelsea","https://www.tripadvisor.com/Profile/Ckmhoody","https://media-cdn.tripadvisor.com/media/photo-o/1a/f6/ef/73/default-avatar-2020-13.jpg","","5","Feb 2020 • Couples","Columbia gorge tour","We had the best time, would definitely recommend! Beautiful views, awesome pilot! All around amazing experience!","Couples","0","","Written February 26, 2020","This review is the subjective opinion of a Tripadvisor member and not of Tripadvisor LLC."
"Michael L","https://www.tripadvisor.com/Profile/michaeljlindquist","https://media-cdn.tripadvisor.com/media/photo-o/1a/f6/f2/eb/default-avatar-2020-27.jpg","","5","Feb 2020 • Friends","One of the best moments of my life","Great customer service, very professional company. Spencer was our pilot and he was amazing! 10/10 would recommend over and over again. The views are amazing!","Friends","0","https://media-cdn.tripadvisor.com/media/photo-w/1a/fd/7a/ec/1-hour-private-mount.jpg","Written February 23, 2020","This review is the subjective opinion of a Tripadvisor member and not of Tripadvisor LLC."
"Raquel Z. Duarte","https://www.tripadvisor.com/Profile/itsjustraquel","https://media-cdn.tripadvisor.com/media/photo-o/1a/f6/e9/bb/default-avatar-2020-65.jpg","","5","Feb 2020 • Friends","Magical flight ✨","I heard rumors about these magical flights that take you on tours of Oregon 🌲✨<br />I’m always down for an adventure, so naturally, I decided that ONE DAY, I would check that bucket list wish off and take a private airplane tour at Envi Adventures 🛫<br />Today was nothing short of a miracle as I was able to go on not one, but two flights — once to catch the sun setting around the glorious Mt. Hood 🌄 and the second to see Portland’s nightlife brag the city lights 🌃 Not only were the views breath-taking and inspiring, but I felt safe and comfortable the entire time.<br />Both of my adventure flights were piloted by Spencer — 10/10 great guy!<br /><br />This was an experience to remember. Can’t wait to go on another adventure with Envi ✈️","Friends","0","https://media-cdn.tripadvisor.com/media/photo-w/1a/f6/36/d6/1-hour-private-mount.jpg
https://media-cdn.tripadvisor.com/media/photo-m/1280/1a/f6/36/d4/1-hour-private-mount.jpg
https://media-cdn.tripadvisor.com/media/photo-w/1a/f6/36/d1/1-hour-private-mount.jpg
https://media-cdn.tripadvisor.com/media/photo-w/1a/f6/36/ce/1-hour-private-mount.jpg","Written February 21, 2020","This review is the subjective opinion of a Tripadvisor member and not of Tripadvisor LLC."
"Emily M","https://www.tripadvisor.com/Profile/emilymG1048RX","https://media-cdn.tripadvisor.com/media/photo-o/1a/f6/e5/66/default-avatar-2020-53.jpg","","5","Feb 2020 • Friends","JUST BOOK IT RIGHT NOW","A couple of my friends and I decided VERY last minute to go on a late night flight over Portland. BEST. DECISION. EVER. I cannot stress enough how awesome our pilot Spencer was! He was really nice and down to earth. He made us feel at ease the entire time. I will definitely be booking another flight very soon!","Friends","0","https://media-cdn.tripadvisor.com/media/photo-w/1a/ed/ad/49/downtown-portland-airplane.jpg
https://media-cdn.tripadvisor.com/media/photo-w/1a/ed/ad/48/downtown-portland-airplane.jpg
https://media-cdn.tripadvisor.com/media/photo-w/1a/ed/ad/36/downtown-portland-airplane.jpg","Written February 18, 2020","This review is the subjective opinion of a Tripadvisor member and not of Tripadvisor LLC."
"Sam B","https://www.tripadvisor.com/Profile/sambB3120RV","","","5","Feb 2020 • Family","You need to do this! INCREDIBLE!","What an incredible experience! Spencer was not only friendly and welcoming, he was also very informative and knowledgeable. The sights were breathtaking and it was a very surreal and relaxed experience. And absolutely BEAUTIFUL! This is affordable and worth every single dollar. We planned it as a spur of the moment activity and it turned out to be one of the best spontaneous adventures we have ever done. We will be back in the summer for another tour. If you’re looking for something to do, please do this!! It will be worth it!!","Family","0","https://media-cdn.tripadvisor.com/media/photo-m/1280/1a/d6/e0/da/moda-center.jpg","Written February 8, 2020","This review is the subjective opinion of a Tripadvisor member and not of Tripadvisor LLC."
"Cameron G","https://www.tripadvisor.com/Profile/223camerong","https://media-cdn.tripadvisor.com/media/photo-o/1a/f6/ea/74/default-avatar-2020-68.jpg","","5","Feb 2020 • Couples","A must do!!!! Amazing experience","We did the wonderful waterfalls scenic flight in early February and could not recommend it more. Was an absolute amazing experience, with an exceptional staff. If you are in the Portland area it’s worth the short drive to Troutdale. Envi Adventures truly has something special going on. Could not recommend more.","Couples","0","","Written February 3, 2020","This review is the subjective opinion of a Tripadvisor member and not of Tripadvisor LLC."
"Vlad H","https://www.tripadvisor.com/Profile/VSHubenya","https://media-cdn.tripadvisor.com/media/photo-o/1a/f6/ee/10/default-avatar-2020-8.jpg","","5","Jan 2020","Amazing Views","The pilot which we flew with was very knowledgable and very interesting to talk to! Had an amazing anniversary experience!","","0","","Written February 3, 2020","This review is the subjective opinion of a Tripadvisor member and not of Tripadvisor LLC."
"Lindsey M","https://www.tripadvisor.com/Profile/lindseymC1795OE","https://media-cdn.tripadvisor.com/media/photo-o/1a/f6/f0/48/default-avatar-2020-15.jpg","","5","Jan 2020 • Friends","Just do it!","Spencer was incredible, very accommodating and super knowledgeable about the area. And the cherry on the sundae, seeing the gorge and beyond from bird's eye view. Not something that you get to experience everyday, unless you're the Envi crew!<br /><br />Thank you, thank you!!","Friends","0","https://media-cdn.tripadvisor.com/media/photo-m/1280/1a/c3/ea/a5/amazing-columbia-river.jpg","Written January 31, 2020","This review is the subjective opinion of a Tripadvisor member and not of Tripadvisor LLC."
"Aron B","https://www.tripadvisor.com/Profile/aronb731","https://media-cdn.tripadvisor.com/media/photo-o/1a/f6/e2/4a/default-avatar-2020-42.jpg","","5","Jan 2020","Thanks for a great flight and tour!","We bought a tour for my son, a lover of all things aeronautical. We lucked out that the skies opened up for the first time in a couple of weeks, giving us some nice clear conditions. Unfortunately, the wind picked up, so we were told that it wouldn't be safe to take the Waterfalls tour. Rather than coming back for safer conditions, my son decided that he'd be happy doing a Portland tour. The pilot, Spencer, was extraordinarily considerate in suggesting that the wind might cause some air sickness and gave my son a garbage bag in case. Fortunately, it was not needed - the flight was pretty smooth flying to downtown Portland. It was great to see a lot of familiar landmarks from overhead. Spencer was a great guide and pilot. Afterwards, he and my son were able to geek out a bit about planes and he gave us a couple of suggestions for good airplane museums that we hadn't been to. I would recommend and might go ahead and do the Gorge tour when the conditions are more favorable.","","0","https://media-cdn.tripadvisor.com/media/photo-m/1280/1a/a6/db/fc/nice-to-see-after-weeks.jpg
https://media-cdn.tripadvisor.com/media/photo-m/1280/1a/a6/db/ea/happy-flyer.jpg","Written January 19, 2020","This review is the subjective opinion of a Tripadvisor member and not of Tripadvisor LLC."
"Desiree Miller","https://www.tripadvisor.com/Profile/desmill431","https://media-cdn.tripadvisor.com/media/photo-o/1a/f6/e9/bb/default-avatar-2020-65.jpg","","5","Dec 2019","Flight with friends over Portland!","Gosh, this was so cool!! Me and 3 of my friends went on a flight over Portland and it was so much fun. Pilot was really nice, the airplane ride was really smooth, and flying over city was so cool! Will be back in the summer.","","0","","Written December 13, 2019","This review is the subjective opinion of a Tripadvisor member and not of Tripadvisor LLC."
"Doug F","https://www.tripadvisor.com/Profile/248dougf","https://media-cdn.tripadvisor.com/media/photo-o/1a/f6/df/99/default-avatar-2020-40.jpg","","5","Nov 2019","Really fun tour in Portland","Really fun Portland activity and very affordable. We drove by the waterfalls before we did our tour and then seeing them from the airplane was cool. Would defintiely do this again.","","0","","Written December 6, 2019","This review is the subjective opinion of a Tripadvisor member and not of Tripadvisor LLC."
"Nick S","https://www.tripadvisor.com/Profile/NickSalyard","https://media-cdn.tripadvisor.com/media/photo-o/1a/f6/ed/00/default-avatar-2020-4.jpg","","5","Oct 2019","Great experience for my family","This was a great experience for me and my family. We took the tour of the Columbia Gorge and saw all of the waterfalls. My kids who are 5 and 9 loved flying in the airplane and looking out the windows. The customer service here was top notch and everybody we interacted with was very friendly and helpful. We saw other tours in Portland but the price was significantly more for the same thing, and I can’t imagine it being better than what Envi offers. From the moment you walk in the door, they have put a lot of thought into the entire experience making you feel very comfortable and excited to go flying. Highly recommend for anyone. This was great.","","0","","Written November 27, 2019","This review is the subjective opinion of a Tripadvisor member and not of Tripadvisor LLC."
"Frances B","https://www.tripadvisor.com/Profile/869francesb","https://media-cdn.tripadvisor.com/media/photo-o/04/7d/e0/09/frances-b.jpg","San Diego","5","Sep 2019 • Couples","best in air experience!","the reservation of this trip was a breeze. Getting there was even easier. The very intimate nature of this experience was the stand out feature of this place. I highly recommend to anyone! ","Couples","0","","Written November 20, 2019","This review is the subjective opinion of a Tripadvisor member and not of Tripadvisor LLC."
"Hector Ryan","https://www.tripadvisor.com/Profile/hectorryan83","https://media-cdn.tripadvisor.com/media/photo-o/1a/f6/ee/db/default-avatar-2020-10.jpg","","5","Nov 2019","Fun flight and fun company!","Learned about Envi Adventures from a friend. They had an event with s'mores and $15 airplane rides around the airport. The s'more were really, really good and the flight was a lot of fun! Fun company with a lot of really nice people. Hope they have more events!","","0","","Written November 11, 2019","This review is the subjective opinion of a Tripadvisor member and not of Tripadvisor LLC."
"Ken R","https://www.tripadvisor.com/Profile/kennethr616","","","5","Oct 2019 • Family","Best 5th Birthday Gift Ever!","The family LOVED our waterfall tour with Envi! My son turned 5 the day before and this was his first flight. The pilot was so friendly and accommodating to my son (and my girlfriend & me) that the whole ride was a very relaxing and memorable 1st airplane ride for him. His narrations, descriptions, and assurances went a long way toward my son’s positive association with airplanes. Since my son is 46”, he couldn’t easily see out the side windows of the plane. Without any of us asking, he banked the plane so he could see below. Very thoughtful! Love these guys and would definitely go here again. Also, it was the best price by far that I could find anywhere for a 3-person, 40 minute tour!","Family","0","https://media-cdn.tripadvisor.com/media/photo-m/1280/19/fa/4b/5b/40-minute-private-waterfall.jpg
https://media-cdn.tripadvisor.com/media/photo-m/1280/19/fa/4b/1d/40-minute-private-waterfall.jpg
https://media-cdn.tripadvisor.com/media/photo-m/1280/19/fa/4b/16/40-minute-private-waterfall.jpg","Written November 9, 2019","This review is the subjective opinion of a Tripadvisor member and not of Tripadvisor LLC."
"Paradise61860124245","https://www.tripadvisor.com/Profile/Paradise61860124245","https://media-cdn.tripadvisor.com/media/photo-o/1a/f6/e6/ea/default-avatar-2020-54.jpg","","3","Sep 2019 • Family","Canceled flight","Our flight was canceled due to thunder and lightning. Grateful they were cautious.  We have not received our refund as of yet. Waiting for response.","Family","0","","Written November 5, 2019","This review is the subjective opinion of a Tripadvisor member and not of Tripadvisor LLC."
"samwill1985","https://www.tripadvisor.com/Profile/samwill1985","https://media-cdn.tripadvisor.com/media/photo-o/1a/f6/ee/68/default-avatar-2020-9.jpg","","5","Sep 2019 • Couples","Everything was great!","Everything was great about this. The employees at Envi were terrific, the flight was super cool, and the price was way better than I expected. Highly recommend and will be back to do other flights.","Couples","0","","Written November 2, 2019","This review is the subjective opinion of a Tripadvisor member and not of Tripadvisor LLC."
"Jan W","https://www.tripadvisor.com/Profile/janwillisatx","https://media-cdn.tripadvisor.com/media/photo-o/1a/f6/de/e7/default-avatar-2020-37.jpg","Austin, TX","5","Oct 2019","You HAVE to do this! So much fun!","Wow...just wow! I don't usually leave reviews, but this was so much fun! We're from Austin, Texas and this was our first time in Portland, so we were absolutely stunned by how lush and beautiful the Columbia Gorge was. Envi was incredible and we loved every single minute of it.","","0","","Written October 28, 2019","This review is the subjective opinion of a Tripadvisor member and not of Tripadvisor LLC."
"Jaskel08","https://www.tripadvisor.com/Profile/Jaskel08","https://media-cdn.tripadvisor.com/media/photo-o/1a/f6/e5/2b/default-avatar-2020-52.jpg","California","5","Sep 2019","Air tour to Mr. Hood","Had a great trip to Mt. Hood and back through the Columbia gorge.  I had my nine year old son got to sit in the front seat and help pilot the plane.  Guide was great.  seeing Mt. Hood up close was amazing.  Would definitely recommend using Envi Adventures.","","0","","Written October 17, 2019","This review is the subjective opinion of a Tripadvisor member and not of Tripadvisor LLC."
"ValarieS","https://www.tripadvisor.com/Profile/ValarieS","https://media-cdn.tripadvisor.com/media/photo-o/1a/f6/f1/42/default-avatar-2020-20.jpg","Portland, OR","5","Oct 2019","Fantastic experience","Three of us - all native Portlanders - took the Figure 8 tour of Portland and the Gorge and absolutely loved it. I think we were all a little concerned getting into such a small plane, but as soon as took off and got settled, all we thought about was the view. Really great experience.","","0","","Written October 6, 2019","This review is the subjective opinion of a Tripadvisor member and not of Tripadvisor LLC."
"Julie DP","https://www.tripadvisor.com/Profile/JDPphotoBIZ","https://media-cdn.tripadvisor.com/media/photo-o/16/12/91/02/julie-d.jpg","Orange County, CA","5","Sep 2019 • Business","Soaring with Envi Adventures ","Envi Adventures was a great host to the Travel Massive PDX group. Offering short introductory flights around the Troutdale Airport, they showed us how to create a unique sightseeing experience. If you’ve done it all and seen it all on the ground, don’t miss this opportunity to get a bird’s-eye view. It’s like no other!","Business","0","https://media-cdn.tripadvisor.com/media/photo-m/1280/19/7a/5b/8a/photo1jpg.jpg","Written October 3, 2019","This review is the subjective opinion of a Tripadvisor member and not of Tripadvisor LLC."
"Laura A","https://www.tripadvisor.com/Profile/J6339ERlauraa","https://media-cdn.tripadvisor.com/media/photo-o/1a/f6/e7/7b/default-avatar-2020-56.jpg","","5","Oct 2019","A MUST DO!","We LOVED seeing the gorge from above. Such a beautiful & unique experience being able to fly with Envi! We've been visiting the gorge for over 12 years but this was a breathtaking new perspective. Don't let the fall + winter weather keep you away! We're already planning our next trip once the leaves start to turn. The Envi crew is knowledgable and we felt totally safe. CANNOT wait to get up in the air again!","","0","","Written October 3, 2019","This review is the subjective opinion of a Tripadvisor member and not of Tripadvisor LLC."
"Erika","https://www.tripadvisor.com/Profile/Erika0731","https://media-cdn.tripadvisor.com/media/photo-o/1a/f6/f2/7a/default-avatar-2020-25.jpg","","5","Sep 2019 • Friends","Real talk. This is an experience you can’t miss!","We had an amazing time at Envi Adventures. Corey is phenomenal to work with and he will make sure you’re taken care of! The experience of seeing the Columbia River Gorge at sunset was one of the best experiences I’ve ever had in Portland... and I’m a local! This is a great gift (they do gift certificates!) or for special occasions. If you’re visiting Portland, take the 15min drive to Envi Adventures and do it for the gram!!!","Friends","0","https://media-cdn.tripadvisor.com/media/photo-m/1280/19/52/5c/14/envi-adventures.jpg
https://media-cdn.tripadvisor.com/media/photo-m/1280/19/52/5c/13/envi-adventures.jpg
https://media-cdn.tripadvisor.com/media/photo-w/19/52/5c/11/envi-adventures.jpg","Written September 20, 2019","This review is the subjective opinion of a Tripadvisor member and not of Tripadvisor LLC."
"jstu667","https://www.tripadvisor.com/Profile/jstu667","https://media-cdn.tripadvisor.com/media/photo-o/1a/f6/f1/06/default-avatar-2020-18.jpg","","5","Sep 2019","Beautiful, beautiful, beautiful!","This was our first time in Oregon and we loved our time with Envi Adventures. We didn't want the flight to end. It was a cloudy and raining, and we weren't sure it would be as fun, but we were happy to be wrong! Absolutely wonderful time.","","0","","Written September 17, 2019","This review is the subjective opinion of a Tripadvisor member and not of Tripadvisor LLC."
"janellegilbert","https://www.tripadvisor.com/Profile/janellegilbert","https://media-cdn.tripadvisor.com/media/photo-o/1a/f6/ee/db/default-avatar-2020-10.jpg","","5","Sep 2019","Beautiful scenery","The tour was really beautiful and everybody at Envi was very nice and helpful. We really enjoyed out time here","","0","","Written September 12, 2019","This review is the subjective opinion of a Tripadvisor member and not of Tripadvisor LLC."
"reymac999","https://www.tripadvisor.com/Profile/reymac999","https://media-cdn.tripadvisor.com/media/photo-o/1a/f6/f3/23/default-avatar-2020-28.jpg","","5","Aug 2019","Great experience","So much fun! Went with a few friends and had a blast. Cory was so nice and helpful in getting this booked for us, and our pilot was really laid back and fun to fly with. Flying over Portland was really pretty too lol","","0","","Written September 11, 2019","This review is the subjective opinion of a Tripadvisor member and not of Tripadvisor LLC."
"Gary B","https://www.tripadvisor.com/Profile/garybL2101XQ","https://media-cdn.tripadvisor.com/media/photo-o/1a/f6/f3/23/default-avatar-2020-28.jpg","Wenatchee","5","Aug 2019","The Gorge is beautiful from the air!","I was worried about flying, but the pilot had many years of experience and education, and the flight went so smoothly.  He was very personable and pointed out all the things we were flying over, and one hour seemed like a few minutes!  The Gorge is beautiful, this is a flight not to be missed!","","0","","Written September 3, 2019","This review is the subjective opinion of a Tripadvisor member and not of Tripadvisor LLC."
"Angelina M","https://www.tripadvisor.com/Profile/326angelinam","https://media-cdn.tripadvisor.com/media/photo-o/1a/f6/f2/eb/default-avatar-2020-27.jpg","","5","Aug 2019 • Friends","Best time ever! Worth it!","I’ve flown with them twice so far and both times it was an incredible experience! The pilots were awesome and very knowledgeable. They take the time to answer all your questions and make you feel safe. Both tours were incredibly beautiful too! All in all, highly recommend flying with them! They’re an awesome team!","Friends","0","https://media-cdn.tripadvisor.com/media/photo-m/1280/19/0d/b1/44/envi-adventures.jpg
https://media-cdn.tripadvisor.com/media/photo-w/19/0d/b1/43/envi-adventures.jpg
https://media-cdn.tripadvisor.com/media/photo-w/19/0d/b1/41/envi-adventures.jpg","Written August 30, 2019","This review is the subjective opinion of a Tripadvisor member and not of Tripadvisor LLC."
"still4422019","https://www.tripadvisor.com/Profile/still4422019","https://media-cdn.tripadvisor.com/media/photo-o/1a/f6/ec/3d/default-avatar-2020-1.jpg","","5","Jun 2019 • Family","Great family adventure; will definitely go again.","Fun and friendly pilot, I felt safe and relaxed. A great time! We went over Vista House and Multnomah Falls. Well worth it!","Family","0","","Written August 27, 2019","This review is the subjective opinion of a Tripadvisor member and not of Tripadvisor LLC."
"Christian N","https://www.tripadvisor.com/Profile/825christiann","","","5","Aug 2019 • Family","Absolutely amazing","I went of my first tour and it was everything I expected and more. Will definitely be going back for the rest of the tours. ","Family","0","","Written August 27, 2019","This review is the subjective opinion of a Tripadvisor member and not of Tripadvisor LLC."
"stephanielgates1","https://www.tripadvisor.com/Profile/stephanielgates1","https://media-cdn.tripadvisor.com/media/photo-o/1a/f6/ef/32/default-avatar-2020-12.jpg","Portland, OR","5","Aug 2019 • Family","Such an incredible experience!","My sister, father and I thoroughly enjoyed our trip. It was so fun to see everything from a new perspective, and we always felt safe and taken care of. 10/10 would do again. ","Family","0","","Written August 27, 2019","This review is the subjective opinion of a Tripadvisor member and not of Tripadvisor LLC."
"Mary B","https://www.tripadvisor.com/Profile/mbowersock13","https://media-cdn.tripadvisor.com/media/photo-o/1a/f6/e3/1f/default-avatar-2020-46.jpg","Hillsboro, OR","5","Jul 2019 • Couples","Birthday trip","Had a great experience!<br />Would definitely recommend to friends and family. Thanks for making our birthdays special.","Couples","0","","Written August 24, 2019","This review is the subjective opinion of a Tripadvisor member and not of Tripadvisor LLC."
"Teryl C","https://www.tripadvisor.com/Profile/535terylc","https://media-cdn.tripadvisor.com/media/photo-o/1a/f6/ea/74/default-avatar-2020-68.jpg","","5","Aug 2019 • Solo","Columbia gorge","The pilot was very pleasant and made the flight over the gorge awesome.   Made my birthday an awesome day","Solo","0","","Written August 22, 2019","This review is the subjective opinion of a Tripadvisor member and not of Tripadvisor LLC."
"AlbanyFamilyofFour","https://www.tripadvisor.com/Profile/AlbanyFamilyofFour","https://media-cdn.tripadvisor.com/media/photo-o/1a/f6/e3/1f/default-avatar-2020-46.jpg","","5","Aug 2019","Great Tour for Families","Such a great experience with my family. My boys loved wearing the cool headphones and getting such a cool view over Portland and Mt. Hood. This was a gift from my family for my birthday and what an amazing experience this was with them. Would definitely recommend to others.","","0","","Written August 22, 2019","This review is the subjective opinion of a Tripadvisor member and not of Tripadvisor LLC."
"Raja B","https://www.tripadvisor.com/Profile/baharraja","https://media-cdn.tripadvisor.com/media/photo-o/1a/f6/e4/2d/default-avatar-2020-48.jpg","Falls Church, VA","1","Aug 2019 • Family","Really bad","The plane was really old, the engine wasn't starting the first time, there was holes in the seats, there was trouble closing the doors, and it was overall very uncomfortable ride and the view wasn't good either. The model of this plane was 1973 with a very bad engine, I'm surprised how this plane is allowed to fly in this plane. The plane had rust inside and out, we are just happy to land safely on the ground.Waste of money and I don't recommend this to anyone!","Family","0","","Written August 21, 2019","This review is the subjective opinion of a Tripadvisor member and not of Tripadvisor LLC."
"Caleb","https://www.tripadvisor.com/Profile/152caleba","https://media-cdn.tripadvisor.com/media/photo-o/1a/f6/ef/32/default-avatar-2020-12.jpg","Kuala Lumpur, Malaysia","5","Jul 2019 • Friends","Bachelor Party Kickoff","While weather conditions made us take a different route, the pilot had a backup plan that was just as good as the mountain view route! Was a great way to kick off a wedding weekend for a bunch of buddies all coming together in Portland, definitely recommend it for a small group, or if you just want a different perspective of the city!","Friends","0","","Written August 21, 2019","This review is the subjective opinion of a Tripadvisor member and not of Tripadvisor LLC."
"Departure57940571432","https://www.tripadvisor.com/Profile/Departure57940571432","https://media-cdn.tripadvisor.com/media/photo-o/1a/f6/ea/74/default-avatar-2020-68.jpg","Portland, OR","5","Jul 2019 • Friends","Wonderful","We had a fun time doing wonderful waterfalls. I would be coming back for a quicksand tour. I had some questions on the tour and communication was quick and professional. I recommend everyone to try flying with envy","Friends","0","","Written August 20, 2019","This review is the subjective opinion of a Tripadvisor member and not of Tripadvisor LLC."
"cmccarton","https://www.tripadvisor.com/Profile/cmccarton","https://media-cdn.tripadvisor.com/media/photo-o/1a/f6/ea/74/default-avatar-2020-68.jpg","","5","Aug 2019 • Friends","Great trip","We had a great time!  Beautiful scenery and nice pilot to guide us!  Would definitely go again, one of the longer trips next time!","Friends","0","","Written August 20, 2019","This review is the subjective opinion of a Tripadvisor member and not of Tripadvisor LLC."
"Matthew M","https://www.tripadvisor.com/Profile/IonicPanda","https://media-cdn.tripadvisor.com/media/photo-o/0c/e7/e2/dc/ionicpanda.jpg","Tucson, AZ","5","","Worth the money ","Spencer took us up for our flight. He was very personable and knowledgeable about the area telling us all kinds of neat facts about the sights. He seemed like a great pilot and a great guy and if we are ever in the area again will be sure to request him so we can get that downtown tour. ","","0","https://media-cdn.tripadvisor.com/media/photo-m/1280/18/e0/a3/45/received-753256588422326.jpg","Written August 20, 2019","This review is the subjective opinion of a Tripadvisor member and not of Tripadvisor LLC."
"Spencer Hill","https://www.tripadvisor.com/Profile/s3w47m88","https://media-cdn.tripadvisor.com/media/photo-o/1a/f6/f0/d5/default-avatar-2020-17.jpg","","5","Aug 2019","A must go!","We arrived early, they took us up early. They reassured us of the safety. They were friendly and sociable but respectful of enjoying the peacefulness of the flight at the same time. Reasonable rates, it was such a great experience.","","0","","Written August 12, 2019","This review is the subjective opinion of a Tripadvisor member and not of Tripadvisor LLC."
"Bruce G","https://www.tripadvisor.com/Profile/Jet14159780275","https://media-cdn.tripadvisor.com/media/photo-o/1a/f6/ee/db/default-avatar-2020-10.jpg","","5","Aug 2019","Great Adventure","My two daughters and I have all seen the Columbia River Gorge from ground level, but it's even more beautiful from the air.  Not only was he a great pilot, but Spencer had lots of interesting tidbits about the many water and rock features we saw today.  Next time, Mt. Hood!","","0","","Written August 11, 2019","This review is the subjective opinion of a Tripadvisor member and not of Tripadvisor LLC."
"Gary B","https://www.tripadvisor.com/Profile/garybL2101XQ","https://media-cdn.tripadvisor.com/media/photo-o/1a/f6/f3/23/default-avatar-2020-28.jpg","Wenatchee","5","Aug 2019 • Couples","Fabulous views from the air!","I was nervous about flying in a small plane, but the pilot was really capable, and the entire trip was delightful.  I could see the homes and fields and then the mountains, Mt. Hood, Lost Lake, the Bridge of the Gods -- awesome!  It was really something to see where the big fire from a couple of years ago burnt.  However, it was pointed out that it has come back a lot, even since spring, so that was good to hear.  The entire trip seemed like it was a second instead of an hour!","Couples","0","","Written August 3, 2019","This review is the subjective opinion of a Tripadvisor member and not of Tripadvisor LLC."
"TeamSchreier","https://www.tripadvisor.com/Profile/TeamSchreier","https://media-cdn.tripadvisor.com/media/photo-o/1a/f6/df/2b/default-avatar-2020-39.jpg","Los Angeles, CA","5","Aug 2019 • Family","Mt Hood air tour","This was an excellent way to see Oregon - the trails, waterfalls, gorge etc.  The plane ride was also a lot of fun.  Our pilot was “Kale” and he was fantastic and knowledgeable.","Family","0","","Written August 2, 2019","This review is the subjective opinion of a Tripadvisor member and not of Tripadvisor LLC."
"Logan H","https://www.tripadvisor.com/Profile/323loganh","https://media-cdn.tripadvisor.com/media/photo-o/1a/f6/e9/ef/default-avatar-2020-66.jpg","","5","","Perfect tour","It was such an amazing flight. Didn't catch the name of our instructor but he did a great job of flying us by all the views. Only thing is I wish it was longer! Would definitely gladly go back and recommend booking a private flight. ","","0","https://media-cdn.tripadvisor.com/media/photo-o/18/84/b1/57/20190725-142334-largejpg.jpg","Written July 26, 2019","This review is the subjective opinion of a Tripadvisor member and not of Tripadvisor LLC."
"Krystal P","https://www.tripadvisor.com/Profile/Tourist704842","https://media-cdn.tripadvisor.com/media/photo-o/1a/f6/f0/9f/default-avatar-2020-16.jpg","","5","Jul 2019 • Family","Great time!","We had a great trip... pilot was warm and friendly and flight was flawless. We will definitely do it again 😊 Great experience","Family","0","https://media-cdn.tripadvisor.com/media/photo-w/18/32/e7/d9/20-minute-columbia-river.jpg","Written July 5, 2019","This review is the subjective opinion of a Tripadvisor member and not of Tripadvisor LLC."
"Brittni M","https://www.tripadvisor.com/Profile/BrittniM28","https://media-cdn.tripadvisor.com/media/photo-o/1a/f6/de/0a/default-avatar-2020-35.jpg","","5","Jun 2019 • Couples","Fun with Devyn!","We flew with Devyn in June and absolutely loved it! Unfortunately, we weren't able to go out to Mt. Hood due to the weather but we did get a peak at her while we were in the gorge! Such a stunning flight. Portland is a beautiful city and has so much beauty surrounding it. I'm an Oregon native and would recommend to anyone that's new to the city, visiting or locals!","Couples","0","","Written July 1, 2019","This review is the subjective opinion of a Tripadvisor member and not of Tripadvisor LLC."
"c3lil30","https://www.tripadvisor.com/Profile/c3lil30","https://media-cdn.tripadvisor.com/media/photo-o/1a/f6/f3/23/default-avatar-2020-28.jpg","Portland, OR","5","Jun 2019 • Friends","Airplane Tour -Beautiful Views ","We did the Portlandia and Wonderful Waterfalls tours.   Spencer, our pilot was a very awesome pilot.  We felt very comfortable flying with him.  Seeing all the bridges on the Willamette on the Portlandia tour made for an awesome picture. We also saw Mt Hood, Adams, Helens and Jefferson.  Sisters and Mt Rainer is possibility but we had a few clouds on the fringe.  This is a great way to see Portland!!!  ","Friends","0","https://media-cdn.tripadvisor.com/media/photo-w/18/1e/05/00/photo1jpg.jpg
https://media-cdn.tripadvisor.com/media/photo-w/18/1e/04/ff/photo0jpg.jpg","Written June 29, 2019","This review is the subjective opinion of a Tripadvisor member and not of Tripadvisor LLC."
"Passport19324421314","https://www.tripadvisor.com/Profile/Passport19324421314","https://media-cdn.tripadvisor.com/media/photo-o/1a/f6/f2/eb/default-avatar-2020-27.jpg","","5","Jun 2019 • Family","Falls flight","Spencer was fantastic. We really enjoyed our adventure!! Very informative and made sure we knew all about the are. We will be back. ","Family","0","","Written June 25, 2019","This review is the subjective opinion of a Tripadvisor member and not of Tripadvisor LLC."
"bmilt654","https://www.tripadvisor.com/Profile/bmilt654","https://media-cdn.tripadvisor.com/media/photo-o/1a/f6/e5/66/default-avatar-2020-53.jpg","","5","Jun 2019 • Couples","Beautiful tour of Portland","Epic time flying over Portland. We went at sunset and the views were incredible, the pilot was great, and the flight was amazing. Totally will be going again. Envi is awesome!","Couples","0","","Written June 24, 2019","This review is the subjective opinion of a Tripadvisor member and not of Tripadvisor LLC."
"Karen L","https://www.tripadvisor.com/Profile/karenlK9461AB","https://media-cdn.tripadvisor.com/media/photo-o/1a/f6/ef/32/default-avatar-2020-12.jpg","","5","","Columbia River Vancouver ","A great flight.  Pilot was happy to accommodate our viewing requsts.<br />Smooth ride.  Was a wonderful birthday present. ","","0","","Written June 24, 2019","This review is the subjective opinion of a Tripadvisor member and not of Tripadvisor LLC."
"Elsimate","https://www.tripadvisor.com/Profile/Elsimate310","","vancouver","5","Jun 2019 • Friends","fun little adventure","Ever since we went, I have been telling everyone what a great idea this is for a gift. Very friendly, safe and entertaining pilot. If you have never been a plane this small, it really is not anything to be afraid of. It actually feels safer than a huge passenger jet in a way as you can see more of what is going on with the plane and it's movement through space. Anyway, excellent little afternoon adventure!","Friends","0","","Written June 15, 2019","This review is the subjective opinion of a Tripadvisor member and not of Tripadvisor LLC."
"Belinda U","https://www.tripadvisor.com/Profile/Passport31280453090","https://media-cdn.tripadvisor.com/media/photo-o/1a/f6/ee/db/default-avatar-2020-10.jpg","Montebello, CA","5","Jun 2019 • Couples","Vista View Tour","Excellent tour! Was nervous about being in a small plane but Garrett the pilot made it such an enjoyable flight. Would take another tour next time I'm in Portland.(: ","Couples","0","","Written June 14, 2019","This review is the subjective opinion of a Tripadvisor member and not of Tripadvisor LLC."
"Wahoodaddy","https://www.tripadvisor.com/Profile/Wahoodaddy","https://media-cdn.tripadvisor.com/media/photo-o/1a/f6/f4/d0/default-avatar-2020-33.jpg","Marathon, FL","5","Jun 2019 • Family","Amazing views of the Columbia River Gorge","An amazing flight at sunset to see the Colombia River Gorge. Took my pre-teen daughter up and it was impressive enough she even dropped her ""I'm too cool for this"" demeanor for the flight. Professional and friendly staff, the pilot absolutely buttered the bread on the landing. Definitely take this flight.","Family","0","","Written June 14, 2019","This review is the subjective opinion of a Tripadvisor member and not of Tripadvisor LLC."
"Soumyodipto Mukherjee","https://www.tripadvisor.com/Profile/SoumyodiptoM","https://media-cdn.tripadvisor.com/media/photo-o/1a/f6/ee/db/default-avatar-2020-10.jpg","","5","Jun 2019 • Couples","Great host and even greater experience","Flying over the Columbia Gorge is a must-do in itself which Spencer, our host and pilot, made even more enjoyable. A truly memorable experience!","Couples","0","","Written June 11, 2019","This review is the subjective opinion of a Tripadvisor member and not of Tripadvisor LLC."
"Denni C","https://www.tripadvisor.com/Profile/dennichris7","https://media-cdn.tripadvisor.com/media/photo-o/1a/f6/f4/5d/default-avatar-2020-32.jpg","Olympia, WA","5","Jun 2019 • Friends","Great birthday present","Amazing birthday present! The pilot- Spencer- was friendly and knowledgeable and flying was soo fun!! Breathtaking view!","Friends","0","https://media-cdn.tripadvisor.com/media/photo-m/1280/17/e0/e5/89/20-minute-private-gorge.jpg
https://media-cdn.tripadvisor.com/media/photo-m/1280/17/e0/e5/1b/20-minute-private-gorge.jpg
https://media-cdn.tripadvisor.com/media/photo-m/1280/17/e0/e4/f7/20-minute-private-gorge.jpg","Written June 10, 2019","This review is the subjective opinion of a Tripadvisor member and not of Tripadvisor LLC."
"Nomad63991571557","https://www.tripadvisor.com/Profile/Nomad63991571557","https://media-cdn.tripadvisor.com/media/photo-o/1a/f6/ef/32/default-avatar-2020-12.jpg","Portland, OR","5","May 2019 • Couples","All around great!","Great experience and an amazing way to see the Gorge. Our pilot was friendly and engaging, asked to make sure we weren't nervous or uncomfortable, and led a great tour through the area.","Couples","0","","Written June 1, 2019","This review is the subjective opinion of a Tripadvisor member and not of Tripadvisor LLC."
"Cal H","https://www.tripadvisor.com/Profile/988calh","https://media-cdn.tripadvisor.com/media/photo-o/1a/f6/f1/06/default-avatar-2020-18.jpg","","5","May 2019 • Couples","Amazing from start to finish! What a great company!","Found these guys on Trip Advisor when planning our trip to Portland. They had great reviews and now I see why! Amazing service before, during, and after the tour. Seriously awesome. These guys do it right and can't believe people aren't lining out the door to fly with them. The prices are amazingly affordable and the flights they offer are stunning.","Couples","0","","Written May 29, 2019","This review is the subjective opinion of a Tripadvisor member and not of Tripadvisor LLC."
"Matt7404","https://www.tripadvisor.com/Profile/Matt7404","https://media-cdn.tripadvisor.com/media/photo-o/16/6e/d2/2a/matt7404.jpg","Boege, France","5","Jul 2018 • Family","Une expérience magique","Un survol inoubliable. Départ de la banlieue de Portland, direction le Mount Hood. Vue sur le Mount St Helens, Le Mount Baker, la Columbia River Georges, les cascades.<br />Tout simplement magnifique et inoubliable.","Family","0","https://media-cdn.tripadvisor.com/media/photo-m/1280/17/a9/0c/c0/la-columbia-river-au.jpg
https://media-cdn.tripadvisor.com/media/photo-m/1280/17/a9/0c/41/bonneville-dam.jpg
https://media-cdn.tripadvisor.com/media/photo-m/1280/17/a9/0a/f9/aux-commandes.jpg
https://media-cdn.tripadvisor.com/media/photo-m/1280/17/a9/09/ee/le-mount-hood.jpg
https://media-cdn.tripadvisor.com/media/photo-m/1280/17/a9/08/4b/droit-devant-le-mount.jpg","Written May 25, 2019","This review is the subjective opinion of a Tripadvisor member and not of Tripadvisor LLC."
"Eliza O","https://www.tripadvisor.com/Profile/ElizaO155","","","5","May 2019 • Solo","Sooo much fun!","Totally worth it. My pilot was fantastic. I had a blast and would definitely do it again...Just keep in mind that the plane is tiny. Not sure how 3 people (plus the pilot) could fit in there comfortably.","Solo","0","https://media-cdn.tripadvisor.com/media/photo-w/17/a7/46/e4/30-minute-multnomah-falls.jpg","Written May 24, 2019","This review is the subjective opinion of a Tripadvisor member and not of Tripadvisor LLC."
"Trail20239978939","https://www.tripadvisor.com/Profile/Trail20239978939","https://media-cdn.tripadvisor.com/media/photo-o/1a/f6/e7/7b/default-avatar-2020-56.jpg","","5","May 2019 • Family","Great Experience!!","Gave this to our daughter for her birthday. She LOVED it!  Garrett was a great pilot!! Thank you Envi Adventures!","Family","0","","Written May 21, 2019","This review is the subjective opinion of a Tripadvisor member and not of Tripadvisor LLC."
"tattoo97045","https://www.tripadvisor.com/Profile/tattoo97045","","Oregon City, OR","5","Nov 2018 • Friends","Great flight!!","Had a wonderful time going up the Columbia! Our pilot was very friendly and explained everything we were seeing as well as answered all our questions about the sweet little plane we were in.","Friends","0","","Written May 20, 2019","This review is the subjective opinion of a Tripadvisor member and not of Tripadvisor LLC."
"Compass02104362388","https://www.tripadvisor.com/Profile/Compass02104362388","https://media-cdn.tripadvisor.com/media/photo-o/1a/f6/ef/9c/default-avatar-2020-14.jpg","","5","Apr 2019 • Solo","AMAZING Photography Experience!!!","I enjoyed every second of my trip with Envi. The team, the location, and the overall experience is amazing. I have done many of these plane flights as a professional photographer and this was one of my favorites! Thanks again guys!","Solo","0","","Written May 19, 2019","This review is the subjective opinion of a Tripadvisor member and not of Tripadvisor LLC."
"Meander07387301716","https://www.tripadvisor.com/Profile/Meander07387301716","https://media-cdn.tripadvisor.com/media/photo-o/1a/f6/e5/66/default-avatar-2020-53.jpg","","4","Jul 2018 • Friends","Great, but small plane !  Worth doing !","The plane is small and hard to get into if you on the heavy side. Hard to get a good photo without the wing struts getting into the way. Feel safe in the plane ! The pilot was friendly ! Would do again if they had a longer flight that went around the mountains ( Mt. Hood or Adams ). Teens and small kids I think would like it !","Friends","0","","Written May 19, 2019","This review is the subjective opinion of a Tripadvisor member and not of Tripadvisor LLC."
"Natalia S","https://www.tripadvisor.com/Profile/N9473TOnatalias","https://media-cdn.tripadvisor.com/media/photo-o/1a/f6/de/e7/default-avatar-2020-37.jpg","San Diego, CA","5","May 2019 • Couples","Wonderful trip!","Enjoyed our flight over the waterfalls a lot! We ll do I again but this time over the Portland city. ","Couples","0","","Written May 14, 2019","This review is the subjective opinion of a Tripadvisor member and not of Tripadvisor LLC."
"Anonymous U","https://www.tripadvisor.com/Profile/Wander59789395281","https://media-cdn.tripadvisor.com/media/photo-o/1a/f6/e8/5b/default-avatar-2020-61.jpg","","5","May 2019 • Couples","Amazing!","Great flight with smooth take off and landing. Awesome pilot. Amazing price. We plan on returning for a longer flight in the future. ","Couples","0","","Written May 11, 2019","This review is the subjective opinion of a Tripadvisor member and not of Tripadvisor LLC."
"PDXmilespoints","https://www.tripadvisor.com/Profile/PDXmilespoints","https://media-cdn.tripadvisor.com/media/photo-f/01/2e/70/7f/avatar066.jpg","Portland, OR","5","","amazing experience thank you!","amazing time thank you corey and our awesome pilot spencer! even for this fearful flyer felt very safe and so glad I did this! give this small loca<br />business a chance!!!","","0","https://media-cdn.tripadvisor.com/media/photo-m/1280/17/76/35/dc/photo5jpg.jpg
https://media-cdn.tripadvisor.com/media/photo-w/17/76/35/db/photo4jpg.jpg
https://media-cdn.tripadvisor.com/media/photo-w/17/76/35/da/photo3jpg.jpg
https://media-cdn.tripadvisor.com/media/photo-m/1280/17/76/35/d9/photo2jpg.jpg
https://media-cdn.tripadvisor.com/media/photo-w/17/76/35/d8/photo1jpg.jpg
https://media-cdn.tripadvisor.com/media/photo-m/1280/17/76/35/d6/photo0jpg.jpg","Written May 9, 2019","This review is the subjective opinion of a Tripadvisor member and not of Tripadvisor LLC."
"Brian W","https://www.tripadvisor.com/Profile/brianwL8666AA","","Portland, OR","5","May 2019 • Friends","Perfect flight, great weather","Perfect flight great weather and a very helpful pilot made for a great birthday sightseeing experience","Friends","0","","Written May 6, 2019","This review is the subjective opinion of a Tripadvisor member and not of Tripadvisor LLC."
"Tristin F","https://www.tripadvisor.com/Profile/tristinf2019","https://media-cdn.tripadvisor.com/media/photo-o/1a/f6/e8/ea/default-avatar-2020-63.jpg","","5","Apr 2019 • Couples","Wish it was longer! So amazing","Loved every minute of it. Wish it was longer! Multnomah Falls was so cool to see from the airplane. Pilot did a fantastic job, made for a very smooth flight, and helped us enjoy the flight even more by pointing out cool stuff we would have otherwise missed. Easy booking online, great prices, and everyone we talked to at Envi was so nice and helpful.","Couples","0","","Written April 30, 2019","This review is the subjective opinion of a Tripadvisor member and not of Tripadvisor LLC."
"Laura Hewitt","https://www.tripadvisor.com/Profile/laurahfromAZ","https://media-cdn.tripadvisor.com/media/photo-o/1a/f6/f2/7a/default-avatar-2020-25.jpg","","5","Apr 2019 • Friends","So, so, so cool!","Oh my gosh, this was so cool! I grew up in Oregon and seeing Portland from an airplane was so amazing. Can't wait to go again!","Friends","0","","Written April 26, 2019","This review is the subjective opinion of a Tripadvisor member and not of Tripadvisor LLC."
"Skyler C","https://www.tripadvisor.com/Profile/484skylerc","https://media-cdn.tripadvisor.com/media/photo-o/1a/f6/e9/bb/default-avatar-2020-65.jpg","","5","Apr 2019 • Couples","Oregon is amazing!","We took a flight in the gorge with Envi to Multnomah Falls, and it was absolutely stunning. We looked at a few other scenic flight businesses in the area, but for the price and the experience, Envi was the best option. Very friendly staff too.","Couples","0","","Written April 24, 2019","This review is the subjective opinion of a Tripadvisor member and not of Tripadvisor LLC."
"heatherthom","https://www.tripadvisor.com/Profile/heatherthom","https://media-cdn.tripadvisor.com/media/photo-o/1a/f6/ea/74/default-avatar-2020-68.jpg","","5","Feb 2019 • Couples","Great prices and an amazing experience","Absolutely wonderful from start to finish. Booking was very straight forward and easy, prices are very reasonable. We loved that the flight was private and we knew we would have the airplane to ourselves. We did a sunset flight over Portland and it was breathtaking. We would love to do a flight in the Gorge and up to Mt. Hood next! It's a great activity for locals and for people from out of town.","Couples","0","","Written April 17, 2019","This review is the subjective opinion of a Tripadvisor member and not of Tripadvisor LLC."
"Shibbyshoeshine","https://www.tripadvisor.com/Profile/shibbyshoeshine","https://media-cdn.tripadvisor.com/media/photo-o/1a/f6/e7/3d/default-avatar-2020-55.jpg","Gresham, OR","5","Apr 2019 • Couples","Astounding experience!","To everyone looking for a memory to last a life time,<br /><br />I will never forget the tour we had of the gorge the other day! <br /><br />I surprised my boyfriend with the best birthday present ever 🤗<br /><br />Not only were we celebrating his birthday, half way into the tour, I revealed to him that we are going to be expecting our first baby!<br /><br />I will never forget Cory and Spencer for their awesomeness and ability to deliver such an amazing experience for people!<br /><br />Thank you 😉","Couples","0","https://media-cdn.tripadvisor.com/media/photo-m/1280/17/2b/c5/d9/private-mount-hood-columbia.jpg","Written April 15, 2019","This review is the subjective opinion of a Tripadvisor member and not of Tripadvisor LLC."
"Bayhoffy","https://www.tripadvisor.com/Profile/Bayhoffy","https://media-cdn.tripadvisor.com/media/photo-o/17/24/53/c9/bayhoffy.jpg","","5","Apr 2019 • Solo","Amazing experience!","This was SO MUCH FUN! The gorge is such a beautiful area and this was a wonderful way to see it. Spencer and Cory were so friendly and the flight was so smooth! I would recommend this company to anyone looking for a unique way to see Portland’s nature spots.","Solo","0","https://media-cdn.tripadvisor.com/media/photo-o/17/24/54/8e/columbia-gorge-waterfalls.jpg
https://media-cdn.tripadvisor.com/media/photo-m/1280/17/24/54/8d/columbia-gorge-waterfalls.jpg
https://media-cdn.tripadvisor.com/media/photo-m/1280/17/24/54/8b/columbia-gorge-waterfalls.jpg","Written April 12, 2019","This review is the subjective opinion of a Tripadvisor member and not of Tripadvisor LLC."
"Coastal53268970640","https://www.tripadvisor.com/Profile/Coastal53268970640","https://media-cdn.tripadvisor.com/media/photo-o/1a/f6/e9/ef/default-avatar-2020-66.jpg","Medford, OR","5","Mar 2019 • Couples","Perfect flight","My wife and I did tube figure 8 loop and it was one of our favorite experiences.  We will be doing more flights in the future.  ","Couples","0","","Written March 26, 2019","This review is the subjective opinion of a Tripadvisor member and not of Tripadvisor LLC."
"sld92603","https://www.tripadvisor.com/Profile/sld92603","https://media-cdn.tripadvisor.com/media/photo-o/1a/f6/de/0a/default-avatar-2020-35.jpg","ames, ia","5","Mar 2019 • Solo","Wonderful, unique experience!","I was scheduled for the Waterfall flight but it was too windy and so the flight was over Portland. It was a great experience, I felt comfortable and safe! It was easy to find and visiting with Cory and Garrett was easy and enjoyable. ","Solo","0","","Written March 20, 2019","This review is the subjective opinion of a Tripadvisor member and not of Tripadvisor LLC."
"Camila Nakagawa","https://www.tripadvisor.com/Profile/Camilamtv","https://media-cdn.tripadvisor.com/media/photo-o/1a/f6/e4/59/default-avatar-2020-49.jpg","","5","Mar 2019 • Friends","very beautiful views and amazing customer service","I absolutely loved everything about the experience. Pilot was super friendly and made us feel safe. Communication between the company and us before flight for signing of waivers and other material was very efficient and made the whole process super easy nd convenient. Pillot was very informative about sights throughout the flight which was very nice. Would definitely fly with them again and recommend to anyone looking for a fun, safe and calming experience. Perfect for families, and planes were very spacious making for a very comfortable flight. :"")","Friends","0","https://media-cdn.tripadvisor.com/media/photo-w/16/c1/b8/7e/portland-is-beautiful.jpg
https://media-cdn.tripadvisor.com/media/photo-w/16/c1/b6/ab/envi-adventures.jpg
https://media-cdn.tripadvisor.com/media/photo-w/16/c1/b6/a2/envi-adventures.jpg
https://media-cdn.tripadvisor.com/media/photo-m/1280/16/c1/b6/a1/envi-adventures.jpg","Written March 11, 2019","This review is the subjective opinion of a Tripadvisor member and not of Tripadvisor LLC."
"br0j0e","https://www.tripadvisor.com/Profile/br0j0e","https://media-cdn.tripadvisor.com/media/photo-o/11/cd/1f/ca/avatar.jpg","Portland, OR","5","Jan 2019 • Family","Impressive","My wife and I took the Figure 8 flight that takes you on a tour into the Columbia River Gorge and then tracks back over the city of Portland. We were able to fly close by the Vista House, Multnomah Falls (as well as a bunch of others) and over Bonneville Dam. The view of all the mountains in the region was spectacular. We then circled back to Portland where we flew directly over the control tower at PDX and then over the the bridges and skyscrapers downtown. This is a fantastic tour of the area that you really need to do at least once! Our pilot, Garrett, was exceptional and helped make our trip very enjoyable.","Family","0","https://media-cdn.tripadvisor.com/media/photo-m/1280/16/44/6b/1a/photo1jpg.jpg
https://media-cdn.tripadvisor.com/media/photo-m/1280/16/44/6b/18/photo0jpg.jpg","Written January 28, 2019","This review is the subjective opinion of a Tripadvisor member and not of Tripadvisor LLC."
"Merry","https://www.tripadvisor.com/Profile/teachmerry","https://media-cdn.tripadvisor.com/media/photo-o/1a/f6/ef/9c/default-avatar-2020-14.jpg","","5","Jan 2019 • Family","Sweet 16 in a Cessna 182","Unless you've taken flight lessons, this is a sure-fire way to spend a unique hour anticipating, admiring and getting an unparalleled view over the Columbia River Gorge and I-84. The Envi lobby presented with class on a cozy scale, quickly followed by the first sight of our wee plane and the photo-op moments. With two teenagers on board and an amiable pilot, our flight was smooth and memorable and the perfect gift it was meant to be. Completing online waivers ahead of the flight was efficient and easy. It's easy to recommend this for families and teens, local and visiting, as a special outing over land and river in this special place.","Family","0","","Written January 22, 2019","This review is the subjective opinion of a Tripadvisor member and not of Tripadvisor LLC."
"Robyn Bjorn","https://www.tripadvisor.com/Profile/robynbjorn","https://media-cdn.tripadvisor.com/media/photo-o/15/ad/74/0a/caption.jpg","North Kingstown, RI","5","Jan 2019 • Solo","Amazing!","This was definitely a highlight of my trip to Portland! Garrett was super nice and relaxing to be around, I felt very safe and the plane was super cool! I highly recommend this to anyone who decides to visit the city! ","Solo","0","","Written January 15, 2019","This review is the subjective opinion of a Tripadvisor member and not of Tripadvisor LLC."
"Sarah D","https://www.tripadvisor.com/Profile/Storyteller597521","","","5","Jan 2019 • Couples","So much fun!","Loved it! Trip up the gorge was beautiful. I felt super safe. Our pilot was friendly and competent. Can't wait to go on another trip! ","Couples","0","","Written January 11, 2019","This review is the subjective opinion of a Tripadvisor member and not of Tripadvisor LLC."
"Tom D","https://www.tripadvisor.com/Profile/OptimisticExplorer","https://media-cdn.tripadvisor.com/media/photo-s/16/f8/31/f7/optimisticexplorer.jpg","Portland, OR","5","Nov 2018 • Couples","Wonderful Waterfalls!","Had an incredible flight! Seeing the Gorge from this perspective gives a whole new respect to how beautiful and vast it is, especially all the waterfalls! (There were more than expected) You can even see far off into both Washington and Oregon. The Pilot was professional, knowledgeable, funny, and overall made the trip exciting. Originally, the flight was supposed to be a day before, but Envi knows their stuff, and due to weather, recommended we fly the next day; I'm glad we did, the weather was perfect! I will definitely be flying with Envi again, next time the Figure 8 flight path, so that I can see the beautiful gorge again, but also to get some great shots of Portland!","Couples","0","","Written November 27, 2018","This review is the subjective opinion of a Tripadvisor member and not of Tripadvisor LLC."
"tattoo97045","https://www.tripadvisor.com/Profile/tattoo97045","","Oregon City, OR","5","","Wonderful!!!","My first flight in a Cessna and it was more than great. Our pilot was very friendly and full of information and the flight itself was awesome!!!!","","0","","Written November 12, 2018","This review is the subjective opinion of a Tripadvisor member and not of Tripadvisor LLC."
"Susie1028","https://www.tripadvisor.com/Profile/Susie1028","https://media-cdn.tripadvisor.com/media/photo-f/01/29/8c/b2/susie1028.jpg","San Diego, CA","5","Oct 2018 • Friends","Scenic Flight","I had a great treat flying with Envi Adventures on my birthday. The small plane seat 4, so my group of 3 was a perfect fit. I was able to sit in the co-pilot's seat. Our pilot Rick was friendly, knowledgeable, and provided a great ride. We were able to see the Columbia River Gorge and multiple waterfalls, as well as beautiful fall foliage. Such a unique and fun experience.","Friends","0","https://media-cdn.tripadvisor.com/media/photo-s/15/36/77/e7/plane.jpg
https://media-cdn.tripadvisor.com/media/photo-s/15/36/77/e6/plane.jpg
https://media-cdn.tripadvisor.com/media/photo-s/15/36/77/e4/scenery.jpg
https://media-cdn.tripadvisor.com/media/photo-s/15/36/77/e3/fall-foliage.jpg
https://media-cdn.tripadvisor.com/media/photo-s/15/36/77/e2/plane.jpg
https://media-cdn.tripadvisor.com/media/photo-s/15/36/77/e1/multnomah-falls.jpg","Written October 31, 2018","This review is the subjective opinion of a Tripadvisor member and not of Tripadvisor LLC."
"Allison Q","https://www.tripadvisor.com/Profile/allisonq998","https://media-cdn.tripadvisor.com/media/photo-o/1a/f6/f6/0d/default-avatar-2020-34.jpg","","5","Oct 2018 • Friends","Great experience!!!!","Had to wait out a storm passing by but it was completely worth it. The vista view flight was breathtaking. Thank you thank you thank you!!!","Friends","0","https://media-cdn.tripadvisor.com/media/photo-m/1280/15/31/d6/da/envi-adventures.jpg","Written October 29, 2018","This review is the subjective opinion of a Tripadvisor member and not of Tripadvisor LLC."
"matthewfshields","https://www.tripadvisor.com/Profile/matthewfshields","https://media-cdn.tripadvisor.com/media/photo-o/1a/f6/f2/eb/default-avatar-2020-27.jpg","","5","Oct 2018 • Couples","A unique perspective of the Gorge","I've driven through the Gorge and also have hiked the trails, but I haven't seen it from a small plane at lower altitude before.  Definitely an interesting and different view. ","Couples","0","","Written October 23, 2018","This review is the subjective opinion of a Tripadvisor member and not of Tripadvisor LLC."
"Miroslav R","https://www.tripadvisor.com/Profile/204miroslavr","https://media-cdn.tripadvisor.com/media/photo-o/1a/f6/e8/5b/default-avatar-2020-61.jpg","Cairo","5","Oct 2018 • Couples","Wonderful Waterfalls in the Columbia Gorge","We really enjoyed our flight over the Columbia river gorge and the numerous waterfalls. The view was spectacular and our pilot Rick pointed and positioned the plane for capturing the best views. Amazing experience! ","Couples","0","","Written October 16, 2018","This review is the subjective opinion of a Tripadvisor member and not of Tripadvisor LLC."
"Hannibal_Lexus","https://www.tripadvisor.com/Profile/Hannibal_Lexus","https://media-cdn.tripadvisor.com/media/photo-s/09/b7/2a/af/hannibal-lexus.jpg","Eugene, OR","5","Sep 2018 • Couples","A new perspective on our own backyard!","My wife purchased this flight as a gift for my birthday this year and it was an absolutely amazing experience! We chose the Gorge and Waterfalls flight, which lasted about 45 minutes total. We took off out of Troutdale, flew up the Gorge past Vista House, Multnomah Falls, the burn from the last years big fire. We turned around at Cascade Locks, flow over Skamania Lodge, and circled around Beacon Rock on the way back. I've driven through the Gorge plenty of times, but this was so cool to see it from the air. Our pilot was great (Devin I think? Sorry, I've spaced on your name!) was great and informative and totally competent. This was my first time flying in a smaller Cessna, and I felt at ease during the flight. Awesome experience, whether you are here vacationing, or as a local looking for a new view of your backyard. Highly recommended!","Couples","0","","Written October 8, 2018","This review is the subjective opinion of a Tripadvisor member and not of Tripadvisor LLC."
"danibatten","https://www.tripadvisor.com/Profile/danibatten","https://media-cdn.tripadvisor.com/media/photo-o/1a/f6/e4/2d/default-avatar-2020-48.jpg","Bend, OR","5","Oct 2018 • Friends","Fun!","Booked the day before. Pilot was super cool and knew a lot about the area we were flying over. 10/10 would recommend!","Friends","0","","Written October 7, 2018","This review is the subjective opinion of a Tripadvisor member and not of Tripadvisor LLC."
"travel931","https://www.tripadvisor.com/Profile/travel931","https://media-cdn.tripadvisor.com/media/photo-o/1a/f6/e6/ea/default-avatar-2020-54.jpg","New York City, NY","5","Sep 2018 • Solo","Amazing!","I had an incredible experience! The pilot made me feel very safe and explained everything clearly. He also asked if there was anything in particular that I wanted to see so I could get everything I wanted out of the experience. The views were beautiful!! This was the first time I have ever been in a small plane and I would definitely do it again. Highly recommend!","Solo","0","","Written September 16, 2018","This review is the subjective opinion of a Tripadvisor member and not of Tripadvisor LLC."
"Freedom92033","https://www.tripadvisor.com/Profile/Freedom92033","https://media-cdn.tripadvisor.com/media/photo-o/1a/f6/de/0a/default-avatar-2020-35.jpg","","5","Sep 2018 • Family","Birthday flight","Excellent flight and very polite. Deven was super friendly and on time. Also very knowledgeable about the area   ","Family","0","","Written September 7, 2018","This review is the subjective opinion of a Tripadvisor member and not of Tripadvisor LLC."
"Stay601569","https://www.tripadvisor.com/Profile/Stay601569","https://media-cdn.tripadvisor.com/media/photo-o/1a/f6/e2/a7/default-avatar-2020-44.jpg","","5","Sep 2018 • Couples","Beautiful Sunset","I surprised my husband with a waterfall flight, we ABSOLUTELY loved it!! The pilot was fantastic. It was very exciting for us to see The Gorge from a different perspective!","Couples","0","","Written September 6, 2018","This review is the subjective opinion of a Tripadvisor member and not of Tripadvisor LLC."
"Wanda H","https://www.tripadvisor.com/Profile/txcrusr","https://media-cdn.tripadvisor.com/media/photo-o/1a/f6/f1/79/default-avatar-2020-21.jpg","Washougal, WA","4","Sep 2018 • Friends","Fascinating aerial views","We are locals and know many of the sights we flew over quite well, but it was fascinating to see them from the air and discover features (lakes, buildings, geological features, sand bars) one can't see from the road, the water, or on a hike. It was also very interesting to see the extent of damage and recovery from last summer's Eagle Creek fire. Anyone interested in the geology of the area (lava flows and floods) will be fascinated by the aerial views. The pilot pointed out a number of things and kept up a running commentary throughout the flight, though as a relatively new transplant to the area he generally wasn't as familiar with the sights as we were. The weather was rather hazy so unfortunately we had no mountain views and it wasn't great for photography, but it was still a very enjoyable experience and we wished the flight duration had been longer. We would like to do the same flight again in the spring when there is more water in the waterfalls and hopefully clearer skies, as well as the Mt. Hood flight. This is definitely a memorable experience which we would recommend to others - and already have done so!","Friends","0","https://media-cdn.tripadvisor.com/media/photo-m/1280/14/7b/05/57/sandbars-east-of-washougal.jpg
https://media-cdn.tripadvisor.com/media/photo-w/14/7b/04/3f/beacon-rock-on-the-washington.jpg","Written September 5, 2018","This review is the subjective opinion of a Tripadvisor member and not of Tripadvisor LLC."
"bradjaneway","https://www.tripadvisor.com/Profile/bradjaneway","","Vancouver, WA","5","Aug 2018 • Couples","Wonderfull Waterfalls","Informative.  Everyone enjoyed.  Great take-off and landing.  Smooth flight.  Even the one nervous passenger enjoyed it!","Couples","0","","Written September 3, 2018","This review is the subjective opinion of a Tripadvisor member and not of Tripadvisor LLC."
"painterbird","https://www.tripadvisor.com/Profile/painterbird","https://media-cdn.tripadvisor.com/media/photo-o/1a/f6/e5/2b/default-avatar-2020-52.jpg","Vancouver, WA","5","Aug 2018 • Friends","Amazing flight experience","This was a great experience!  Multnomah Falls from the air looks so different!!!  Weather cooperated.  Pilot was great.  Highly recommend the experience.","Friends","0","","Written September 1, 2018","This review is the subjective opinion of a Tripadvisor member and not of Tripadvisor LLC."
"fsoalex","https://www.tripadvisor.com/Profile/fsoalex","https://media-cdn.tripadvisor.com/media/photo-o/1a/f6/e5/2b/default-avatar-2020-52.jpg","Vancouver, WA","4","Aug 2018 • Family","Vista View","Unfortunately the cloud ceiling in the Gorge prevented us from doing most of the trip. However, the pilot, David, made a big fuss showing my 5 year old grandson the plane, let him touch the instruments and talking with hm on takeoff and landing.  He dubbed himhis copilot and helped fill out a pilot log that thrilled my grandson.  So the rating reflects all of David’s great work and the crappy weather conditions.","Family","0","","Written August 25, 2018","This review is the subjective opinion of a Tripadvisor member and not of Tripadvisor LLC."
"Lb0128","https://www.tripadvisor.com/Profile/Lb0128","https://media-cdn.tripadvisor.com/media/photo-o/1a/f6/e3/1f/default-avatar-2020-46.jpg","Portland, OR","5","Aug 2018 • Couples","Amazing experience!","We had the greatest flight over the Gorge/Vista House! My husband & I surprised my best friend for her birthday and we experienced the most beautiful sunset! The views were absolutely incredible; witnessing the Vista House from above was breathtaking. We had such an amazing time & our pilot, Devyn, was a blast! We are definitely planning on flying again soon!!","Couples","0","","Written August 20, 2018","This review is the subjective opinion of a Tripadvisor member and not of Tripadvisor LLC."
"Sue R","https://www.tripadvisor.com/Profile/P6019CIsuer","https://media-cdn.tripadvisor.com/media/photo-o/1a/f6/e4/2d/default-avatar-2020-48.jpg","Silverton, OR","5","Aug 2018 • Couples","Loved the experience!","David was an excellent pilot and from the moment I got into the plane I felt comfortable and at ease!  The views were spectacular and the weather cooperated and I loved every minute of it.  My friend lived in Cascade Locks many  years ago and was so excited to fly over her old neighborhood.  My family are into TNE's (totally new experiences) and this is one birthday present I won't forget!","Couples","0","https://media-cdn.tripadvisor.com/media/photo-m/1280/14/33/6f/11/we-re-ready-to-go.jpg","Written August 18, 2018","This review is the subjective opinion of a Tripadvisor member and not of Tripadvisor LLC."
"Fatimasadiq","https://www.tripadvisor.com/Profile/Fatimasadiq","https://media-cdn.tripadvisor.com/media/photo-o/1a/f6/e9/ef/default-avatar-2020-66.jpg","Troutdale, OR","5","Aug 2018 • Couples","Absolutely amazing!","It was a very memorable experience. You can’t go wrong with a smooth flight and a breathtaking view. It was the perfect thing to do on a date with my husband. The pilot was did an awesome job at explaining and making sure we were comfortable. We are like ok’ing forward to the other rides and places they offer! Definitely will be back . Thank you envi adventures!!!","Couples","0","","Written August 14, 2018","This review is the subjective opinion of a Tripadvisor member and not of Tripadvisor LLC."
"JF K","https://www.tripadvisor.com/Profile/755jfk","https://media-cdn.tripadvisor.com/media/photo-o/1a/f6/de/e7/default-avatar-2020-37.jpg","Jacksonville, FL","5","Jul 2018 • Couples","Great views of Mt Hood and the Columbia River Valley","Tour should be called 'Mountains and Rivers'.  Great views of Mt Hood and the multiple peaks of the Cascades, as well the river and Bonneville Dam.  Able to see so much in a short period of time and felt very safe through the entire experience","Couples","0","","Written August 6, 2018","This review is the subjective opinion of a Tripadvisor member and not of Tripadvisor LLC."
"Matt7404","https://www.tripadvisor.com/Profile/Matt7404","https://media-cdn.tripadvisor.com/media/photo-o/16/6e/d2/2a/matt7404.jpg","Boege, France","5","Jul 2018 • Family","A perfect flight, must to do in Portland","We made Quick sand triangle at 8 pm. We had beautiful light. Flight was very nice. The pilote is very good. We landed with wind, but He made a very smooth landing !!!","Family","0","","Written August 5, 2018","This review is the subjective opinion of a Tripadvisor member and not of Tripadvisor LLC."
"Michele W","https://www.tripadvisor.com/Profile/Mwiseman2018","https://media-cdn.tripadvisor.com/media/photo-o/1a/f6/df/99/default-avatar-2020-40.jpg","Corvallis, OR","5","Jul 2018 • Couples","Beautiful and exhilarating!","We took an 8pm flight in late July hoping to catch a nice sunset in addition to the falls and we were not disappointed (I’m sure it’s getting even better as the days get shorter)! Our pilot, David, was very funny, full of interesting information, accommodating, and made us feel at ease. We even left something behind and one of their staff met us at about 9:30pm to give it back to us — wow!! Too sweet! Definitely recommend the tour and the company!","Couples","0","","Written August 4, 2018","This review is the subjective opinion of a Tripadvisor member and not of Tripadvisor LLC."
"katiec20182018","https://www.tripadvisor.com/Profile/katiec20182018","https://media-cdn.tripadvisor.com/media/photo-o/1a/f6/e6/ea/default-avatar-2020-54.jpg","","5","Jul 2018 • Couples","Excellent anniversary gift!","My husband and I celebrated our anniversary with Envi Adventures. It was an amazing experience! We will definitely be flying with Envi again!","Couples","0","","Written August 1, 2018","This review is the subjective opinion of a Tripadvisor member and not of Tripadvisor LLC."
"sglhardin","https://www.tripadvisor.com/Profile/sglhardin","","Newberg, OR","5","Jul 2018 • Couples","Spectacular","The views were incredible and our pilot was awesome. What was also really appreciated was that he knew the history and kinda science stuff about the Columbia gorge. I can't wait to go back and do the other locations! ","Couples","0","","Written August 1, 2018","This review is the subjective opinion of a Tripadvisor member and not of Tripadvisor LLC."
"djmacenroe","https://www.tripadvisor.com/Profile/djmacenroe","https://media-cdn.tripadvisor.com/media/photo-o/1a/f6/e8/ea/default-avatar-2020-63.jpg","Vancouver, WA","5","Jul 2018 • Family","Amazing flight","It has been a week since our “Quicksand Triangle” flight and we are still thinking about the views.  We had such a great time and a memory that will last a lifetime!  <br /><br />Can’t wait to take the “Portlandia” flight next.  ","Family","0","","Written July 22, 2018","This review is the subjective opinion of a Tripadvisor member and not of Tripadvisor LLC."
"ValuQueen","https://www.tripadvisor.com/Profile/ValuQueen","https://media-cdn.tripadvisor.com/media/photo-o/1a/f6/e2/a7/default-avatar-2020-44.jpg","Portland","5","Jul 2018 • Family","Do it!  Do it!  Do it!","I purchased the waterfall tour as a gift to my husband for Father's Day with the idea of him sharing the experience with his 2 daughter's- after all it was for Father's Day ;)  After being together 34 years, there isn't much to give someone anymore that isn't just going through the motions. <br /><br />My hairdresser had been telling me about purchasing a plane tour for her husband's birthday and the conversation came back to me while pondering what I could do for my husband that was not the same old thing.  I asked her about it and she sent me a link. From there the process was all online, straightforward, and easy.<br /><br />My girls were nervous about the small, 4 seal plane, but all 3 agreed it was an amazing experience and that I should not hesitate to purchase another package for them for another occasion. There are several to choose from so you just never know. It is actually good to know there is a gift option out there that actually gets the family excited again.<br /><br />I should mention as well that the pilot was fantastic and we all enjoyed him.  He was personable and very willing to take the time to answer any questions we had. We didn't feel rushed to wind it up at all.","Family","0","","Written July 22, 2018","This review is the subjective opinion of a Tripadvisor member and not of Tripadvisor LLC."
"rjmj48","https://www.tripadvisor.com/Profile/rjmj48","https://media-cdn.tripadvisor.com/media/photo-f/01/2e/70/88/avatar009.jpg","Vancouver, WA","5","Jul 2018 • Family","Amazing experience","Last minute plan and so worth it. Had 17 year old with me and we all had fun. Great service and beautiful scenic flight. First flight in our life on Cessna, it was GREAT. Would recommend it to anyone. We both don't like flying and now we are hooked 💖😁👍👍👍Great pilot 👍","Family","0","https://media-cdn.tripadvisor.com/media/photo-w/13/bb/5f/71/envi-adventures.jpg","Written July 17, 2018","This review is the subjective opinion of a Tripadvisor member and not of Tripadvisor LLC."
"mamabear8277","https://www.tripadvisor.com/Profile/mamabear8277","https://media-cdn.tripadvisor.com/media/photo-o/1a/f6/e8/91/default-avatar-2020-62.jpg","Vancouver, WA","5","Jul 2018 • Couples","Amazing experience!","We flew with this company for the first time this week, and we’re definitely coming back! Devyn was kind and friendly, and very knowledgeable about local scenery. A very pleasant surprise!","Couples","0","","Written July 17, 2018","This review is the subjective opinion of a Tripadvisor member and not of Tripadvisor LLC."
"wendilupi","https://www.tripadvisor.com/Profile/wendilupi","https://media-cdn.tripadvisor.com/media/photo-o/1a/f6/ef/73/default-avatar-2020-13.jpg","Tampa, FL","5","Jul 2018 • Friends","So much fun, we never wanted it to end!","Full disclosure we found a deal on travelzoo for this flight and I was a bit skeptical at first, and even after we first saw the plane roll up. However, our pilot whose name I cannot remember (maybe David or something with a D) was so relaxed and friendly that we didn’t hesitate to jump in and go for our flight. Although it only lasted 20 minutes it was AMAZING! Such gorgeous scenery and we could see out all the windows, almost a 360 degree view! My cousin got a tad bit queasy for a second but it really only lasted a little bit. The rest of us were fine, a very smooth take off, flight, and landing! We absolutely LOVED IT! Our only regret was not extending it to include the waterfalls when he offered. It would have been at a considerable discount and doubled our flight time. Totally worth it! 👍","Friends","0","","Written July 9, 2018","This review is the subjective opinion of a Tripadvisor member and not of Tripadvisor LLC."
"Cruiser203294","https://www.tripadvisor.com/Profile/Cruiser203294","https://media-cdn.tripadvisor.com/media/photo-o/1a/f6/e2/a7/default-avatar-2020-44.jpg","Fairfield, CA","5","Jun 2018 • Couples","Great experience","Pilot was very knowledgeable and friendly. Flight was smooth and overall simply great! Will definitely fly with them again. ","Couples","0","","Written July 2, 2018","This review is the subjective opinion of a Tripadvisor member and not of Tripadvisor LLC."
"kamacarranza","https://www.tripadvisor.com/Profile/kamacarranza","","Washougal, WA","5","Jun 2018 • Family","Beautiful flight!","That was a beautiful flight and the captain made a perfect landing. I can’t wait to fly again!! Thank you for the fun experience. ","Family","0","","Written June 30, 2018","This review is the subjective opinion of a Tripadvisor member and not of Tripadvisor LLC."
"SarahM_in_SF","https://www.tripadvisor.com/Profile/SarahM_in_SF","https://media-cdn.tripadvisor.com/media/photo-o/1a/f6/ee/68/default-avatar-2020-9.jpg","Oakland, CA","5","Jun 2018 • Friends","Great outing for Oregon visitors.","We had a great time!  Flight was on time, pilot was helpful & pilot.  We took the short 20 minute flight, but would have enjoyed staying up longer.<br />This is a great adventure for visitors to Oregon.","Friends","0","","Written June 29, 2018","This review is the subjective opinion of a Tripadvisor member and not of Tripadvisor LLC."
"Erica H","https://www.tripadvisor.com/Profile/216ericah","https://media-cdn.tripadvisor.com/media/photo-s/06/68/51/76/erica-h.jpg","Gilbert, AZ","5","","The sky is the limit","My husband and I always try and do something outside the norm when we travel new places. When we told everyone we were taking a plane ride over the Columbia river, they were shocked but I think secretly jealous. I mean how often can you say oh ya I saw the water falls from birds eye view! David, our pilot flew in and was ready to take flight. (Note to self we took the 10am flight, but would recommend the later ride Hereford you don’t have as much cloud coverage, none the less we still saw remarkable views) I am not the best with flights, but David was so nice and always making sure I was good. He recommend I sat in front not only for the front views but also bc it’s a lil smoother of a ride. The views, history and just peacefulness were amazing. I highly recommend to #flyenvi if you want to get a different point of view of the waterfalls! <br />Thank you guys for an amazing experience :) ","","0","https://media-cdn.tripadvisor.com/media/photo-m/1280/13/82/5b/9e/photo1jpg.jpg
https://media-cdn.tripadvisor.com/media/photo-m/1280/13/82/5b/9d/photo0jpg.jpg","Written June 28, 2018","This review is the subjective opinion of a Tripadvisor member and not of Tripadvisor LLC."
"Debbie G","https://www.tripadvisor.com/Profile/499debbieg","https://media-cdn.tripadvisor.com/media/photo-o/1a/f6/ee/68/default-avatar-2020-9.jpg","Vancouver, United States","5","Jun 2018 • Couples","Envie Waterfalls Flight","The flight was awesome.  The pilot was great.  A wonderful experience!  Would recommend to anyone either visiting and wanting to see the Columbia River Gorge or someone who has lived here all their life and wants to see the Gorge from a different perspective. ","Couples","0","","Written June 17, 2018","This review is the subjective opinion of a Tripadvisor member and not of Tripadvisor LLC."
"Katie_hull11","https://www.tripadvisor.com/Profile/Katie_hull11","https://media-cdn.tripadvisor.com/media/photo-o/1a/f6/f2/b8/default-avatar-2020-26.jpg","","5","Jun 2018 • Friends","Beautiful Morning in the Gorge","Me and a friend went for an event that they hosted called Free Flight Friday. Although we were a little apprehensive about flying in such a smaller plane than what you would fly in commercially - there was absolutely nothing to be worried about! Both the takeoff and landing were completely smooth, and we were lucky to have absolutely no bumps while in the air. The pilot was extremely knowledgeable about the area and made sure to point out things to keep our eyes out for. I am so thankful for this introductory flight and we're already planning on another one later on in the summer. Thank you guys for an awesome flight!","Friends","0","","Written June 11, 2018","This review is the subjective opinion of a Tripadvisor member and not of Tripadvisor LLC."
"friscokids","https://www.tripadvisor.com/Profile/friscokids","https://media-cdn.tripadvisor.com/media/photo-o/1a/f6/e9/ef/default-avatar-2020-66.jpg","Vancouver, WA","4","Jun 2018 • Couples","Great adventure!","We had a great time seeing the beautiful waterfalls and surrounding area from the air.<br />Smooth ride and literally time did fly by so fast. Had a great time.","Couples","0","","Written June 10, 2018","This review is the subjective opinion of a Tripadvisor member and not of Tripadvisor LLC."
"Kristen M.","https://www.tripadvisor.com/Profile/travelingkristen","https://media-cdn.tripadvisor.com/media/photo-o/1c/ca/34/50/caption.jpg","Portland, OR","5","Jun 2018 • Solo","Free Flight Friday was incredible!!! ","Joined the Free Flight Friday event today in Troutdale, Oregon. It was an awesome flight. The guy, Cory, who owns this business is super friendly and professional. The pilot, Devon, did a great job with a smooth and awesome flight. Excited to grab some friends and try a longer flight out to the Columbia Gorge this summer! A definite must for anyone who is visiting Portland! Thanks guys for offering this event! ","Solo","0","https://media-cdn.tripadvisor.com/media/photo-m/1280/13/37/82/70/photo6jpg.jpg
https://media-cdn.tripadvisor.com/media/photo-m/1280/13/37/82/6e/photo5jpg.jpg
https://media-cdn.tripadvisor.com/media/photo-m/1280/13/37/82/6c/photo4jpg.jpg
https://media-cdn.tripadvisor.com/media/photo-m/1280/13/37/82/6a/photo3jpg.jpg
https://media-cdn.tripadvisor.com/media/photo-m/1280/13/37/82/68/photo2jpg.jpg
https://media-cdn.tripadvisor.com/media/photo-m/1280/13/37/82/66/photo1jpg.jpg
https://media-cdn.tripadvisor.com/media/photo-m/1280/13/37/82/64/photo0jpg.jpg","Written June 8, 2018","This review is the subjective opinion of a Tripadvisor member and not of Tripadvisor LLC."
"Tyler G","https://www.tripadvisor.com/Profile/tylerg492","https://media-cdn.tripadvisor.com/media/photo-o/1a/f6/f4/20/default-avatar-2020-31.jpg","","5","Apr 2018 • Friends","Among the best tours in Portland!","This tour went above and beyond our expectations. Our pilot was professional, informative and above all, fun to fly with. We were able to get much closer to Hood than we ever imagined and saw some spots in the Columbia River Gorge we didn't know even existed. Definitely a great tour for photographers, families.... ANYONE.","Friends","0","https://media-cdn.tripadvisor.com/media/photo-o/12/c2/a0/33/exceptional-pilot.jpg
https://media-cdn.tripadvisor.com/media/photo-o/12/c2/a0/28/windows-open.jpg
https://media-cdn.tripadvisor.com/media/photo-o/12/c2/a0/1d/flyenvi.jpg
https://media-cdn.tripadvisor.com/media/photo-o/12/c2/a0/16/mt-hood.jpg","Written April 26, 2018","This review is the subjective opinion of a Tripadvisor member and not of Tripadvisor LLC."
"keagslinds","https://www.tripadvisor.com/Profile/keagslinds","https://media-cdn.tripadvisor.com/media/photo-o/1a/f6/ef/9c/default-avatar-2020-14.jpg","Portland, OR","5","Apr 2018 • Couples","Just do it!","It was the perfect day. Our pilot Brian was amazing. You should do it, you will NOT be disappointed!! ","Couples","0","","Written April 18, 2018","This review is the subjective opinion of a Tripadvisor member and not of Tripadvisor LLC."
"ryanwaschow","https://www.tripadvisor.com/Profile/ryanwaschow","https://media-cdn.tripadvisor.com/media/photo-o/1a/f6/eb/6d/default-avatar-2020-19.jpg","Portland, OR","5","Apr 2018 • Couples","Great trip!","So much fun! Great views and great insight. My girlfriend called it the best gift she has ever received.","Couples","0","","Written April 14, 2018","This review is the subjective opinion of a Tripadvisor member and not of Tripadvisor LLC."
"afrazz9","https://www.tripadvisor.com/Profile/afrazz9","https://media-cdn.tripadvisor.com/media/photo-o/1a/f6/ec/a2/default-avatar-2020-3.jpg","Portland, OR","5","Mar 2018 • Couples","Fantastic Weekend Adventure!","We had a wonderful time seeing the waterfalls of the gorge from a completely unique point of view! As native Oregonians and Portland residents, we found this trip to be fantastic. We got some beautiful views and had a great pilot navigating us through our first time on a private plane. I'd definitely recommend this trip!","Couples","0","","Written April 2, 2018","This review is the subjective opinion of a Tripadvisor member and not of Tripadvisor LLC."
"Raychel W","https://www.tripadvisor.com/Profile/raychelw2018","https://media-cdn.tripadvisor.com/media/photo-s/12/6f/2a/8d/raychel-w.jpg","","5","Mar 2018 • Family","Amazing adventure for my 3 guys!","I was blessed to be able to send my husband, and my boys, on a flight that they never would have treated themselves to. The pilot arrived on time, let me snap some pictures, and answered all the usual mom/wife questions (how long you’ve flown, you’ll bring them back to me) silly questions like that. They then taxied, and flew off. Out on a flight, that I’ve heard about for days. Growing up in a small town, thinking life is small, makes you think your world is small. This flight, as they saw all the waterfalls, the mountains, the ground from above, and listening as the pilot knowledgeably explained the area, began to fill my 3 guys, full of gratitude for life, amazement that such beauty is taken for granite, and excitement to do other adventures. One of my guys, had never flown before, one wants to be a pilot, and my husband celebrated (he has health issues) that he got to mark something off his bucket list. So, thank you Envi, for giving my 3 guys the memories of a lifetime! I can’t thank you enough. We will be referring you to all of our friends, and family!","Family","0","https://media-cdn.tripadvisor.com/media/photo-o/12/6f/40/25/memories-of-a-lifetime.jpg
https://media-cdn.tripadvisor.com/media/photo-o/12/6f/3b/7f/envi-adventures.jpg","Written March 25, 2018","This review is the subjective opinion of a Tripadvisor member and not of Tripadvisor LLC."
"itzortega","https://www.tripadvisor.com/Profile/itzortega","https://media-cdn.tripadvisor.com/media/photo-o/1a/f6/f2/eb/default-avatar-2020-27.jpg","Los Angeles, CA","1","Mar 2018 • Couples","Magic Flight","Coupled with the late pilot and extended time waiting to take off, half of our flight time vanished...yet we finished the tour on time. Simply the best disappearing act.","Couples","0","","Written March 18, 2018","This review is the subjective opinion of a Tripadvisor member and not of Tripadvisor LLC."
"drexman","https://www.tripadvisor.com/Profile/drexman","https://media-cdn.tripadvisor.com/media/photo-o/1a/f6/f4/20/default-avatar-2020-31.jpg","Portland, OR","5","Feb 2018 • Friends","Vista View flight","We had such a great time! Our pilot Devon was very cool and made the whole experience comfortable and easy. And the view was amazing!","Friends","0","","Written March 5, 2018","This review is the subjective opinion of a Tripadvisor member and not of Tripadvisor LLC."
"sollaau","https://www.tripadvisor.com/Profile/sollaau","https://media-cdn.tripadvisor.com/media/photo-o/1a/f6/7c/01/default-avatar-2020-5.jpg","Portland, OR","5","Feb 2018 • Friends","30min Gorge Flight","Absolutely wonderful! An experienced guide who was knowledgeable about the Gorge and its notable landmarks, combined with a very nice loop up to Bridge of the Gods made this a very enjoyable trip.  ","Friends","0","","Written February 19, 2018","This review is the subjective opinion of a Tripadvisor member and not of Tripadvisor LLC."
"Nikki T","https://www.tripadvisor.com/Profile/PDX1427","https://media-cdn.tripadvisor.com/media/photo-o/1a/f6/df/2b/default-avatar-2020-39.jpg","Portland, Oregon, United States","5","Feb 2018 • Couples","Amazing Birthday Present - Scenic View, Perfect Weather, Nice Pilot","We went on the waterfalls tour, and it was gorgeous. They canceled due to weather during our original date, and we were so glad they did, because we ended up coming in on a day with perfect weather instead. Devyn was our pilot and he was great at his pilot-ing as well as informing us of sites to keep in mind and where they would be, as well as personable and friendly in general. The takeoff and landing were smoother than a regular plane, and the whole ride was bump-free, shockingly. It was extremely beautiful and wonderful. I will go on more tours with Envi. 5 stars, well-earned.","Couples","0","","Written February 13, 2018","This review is the subjective opinion of a Tripadvisor member and not of Tripadvisor LLC."
"meganh2018","https://www.tripadvisor.com/Profile/meganh2018","https://media-cdn.tripadvisor.com/media/photo-o/1a/f6/e8/5b/default-avatar-2020-61.jpg","","5","Dec 2017 • Friends","Wonderful","Such an amazing experience! Would definitely recommend it! Our pilot was very knowledgeable and made the experience fun! ","Friends","0","","Written January 2, 2018","This review is the subjective opinion of a Tripadvisor member and not of Tripadvisor LLC."
"Fredric S","https://www.tripadvisor.com/Profile/847fredrics","https://media-cdn.tripadvisor.com/media/photo-o/1a/f6/f4/20/default-avatar-2020-31.jpg","Portland, OR","5","Nov 2017 • Couples","Gorge flight","The flight was great and Devin was a great and cereful pilot vwe enjoyed the lunch scenery and would recommend Envi to our friends. ","Couples","0","","Written December 2, 2017","This review is the subjective opinion of a Tripadvisor member and not of Tripadvisor LLC."
"sarayaraceli","https://www.tripadvisor.com/Profile/sarayaraceli","https://media-cdn.tripadvisor.com/media/photo-o/1a/f6/eb/6d/default-avatar-2020-19.jpg","","5","Nov 2017 • Family","Exciting experience","The service was great! The vista view from the plane was magnificent, a total dream come true! Our pilot was Devyn very friendly and knowledgeable! Definitely an unforgettable memory, and one that for sure we will repeat once our toddler gets a little bit older. ","Family","0","","Written November 21, 2017","This review is the subjective opinion of a Tripadvisor member and not of Tripadvisor LLC."
"Andrea T","https://www.tripadvisor.com/Profile/andreatW3384AG","https://media-cdn.tripadvisor.com/media/photo-s/11/43/c2/d1/andrea-t.jpg","","5","Sep 2017 • Couples","unforgettable birthday surprise","I booked the quicksand triangle tour at the end of September for my boyfriend’s birthday. I was pretty nervous the weeks leading up to our flight due to the smoke from the gorge fire – I wasn’t sure how the views would be but this flight did not disappoint! Our pilot did have flight restrictions due to the smoke but we got extremely lucky in that it was a clear day and the burned spots did not detract from the incredible views. It was actually quite fascinating to see the ways in which the fire moved. Our pilot was so knowledgeable and friendly - he even took pictures for us, standing beside the plane. I plan on gifting another ride to my grandmother who will visit next summer, I can not wait. If you are on the fence about this, go for it! I can't recommend Envi Adventures enough.","Couples","0","","Written November 13, 2017","This review is the subjective opinion of a Tripadvisor member and not of Tripadvisor LLC."
"sd53logan","https://www.tripadvisor.com/Profile/sd53logan","https://media-cdn.tripadvisor.com/media/photo-o/1a/f6/ef/73/default-avatar-2020-13.jpg","","5","Oct 2017 • Solo","Quicksand Triangle Flight","The flight and explanation of what I was seeing by the pilot was outstanding.  The day was bright and beautiful with many photo opportunities. ","Solo","0","","Written October 24, 2017","This review is the subjective opinion of a Tripadvisor member and not of Tripadvisor LLC."
"Emily C","https://www.tripadvisor.com/Profile/536emilyc","https://media-cdn.tripadvisor.com/media/photo-s/06/6b/e8/82/emily-c.jpg","Portland, OR","5","Oct 2017 • Friends","A different perspective of our backyard","Great pilot and beautiful views! The weather was perfect. It was incredible to be in a small plane for the first time. We weee close to Hood and flew over the Eagle Creek after burn.","Friends","0","","Written October 14, 2017","This review is the subjective opinion of a Tripadvisor member and not of Tripadvisor LLC."
"Megan B","https://www.tripadvisor.com/Profile/L1686PDmeganb","https://media-cdn.tripadvisor.com/media/photo-o/1a/f6/f4/d0/default-avatar-2020-33.jpg","Portland, OR","5","Sep 2017 • Family","Exceptionally Magical","Trully an amazing exerperince. Even if you have lived in the aportland area your entire life or you are just visiting. I would highly recommend!! ","Family","0","","Written October 1, 2017","This review is the subjective opinion of a Tripadvisor member and not of Tripadvisor LLC."
"judygH4573AR","https://www.tripadvisor.com/Profile/judygH4573AR","https://media-cdn.tripadvisor.com/media/photo-o/1a/f6/f2/b8/default-avatar-2020-26.jpg","","4","Sep 2017 • Family","Birthday present for 3 year old","We had a little problem when we arrived and no one was at the address given.  Found out they had cancelled flight due to smoke from Eagle Creek fire but we were not contacted.  Did not want to disappoint my great grandson so we were able to finally get a pilot to take him on a different tour and he was very happy.  That is the important part.","Family","0","","Written September 18, 2017","This review is the subjective opinion of a Tripadvisor member and not of Tripadvisor LLC."
"F7953APjeffk","https://www.tripadvisor.com/Profile/F7953APjeffk","https://media-cdn.tripadvisor.com/media/photo-o/1a/f6/f2/b8/default-avatar-2020-26.jpg","","5","Aug 2017 • Family","If you have limited time for a tour, make it this one!","Stand up guys, knowledgeable about the area, a great way to see a lot of things in a very short period of time, and a ton of fun!","Family","0","","Written September 5, 2017","This review is the subjective opinion of a Tripadvisor member and not of Tripadvisor LLC."
"lorlor21","https://www.tripadvisor.com/Profile/lorlor21","https://media-cdn.tripadvisor.com/media/photo-o/1a/f6/f3/23/default-avatar-2020-28.jpg","","5","Aug 2017 • Couples","Birthday Surprise","Ryan was great he went out of his way to do a special request as a birthday present to for my boyfriend.  The overall flight was fantastic ","Couples","0","","Written August 29, 2017","This review is the subjective opinion of a Tripadvisor member and not of Tripadvisor LLC."
"apaque2013","https://www.tripadvisor.com/Profile/apaque2013","https://media-cdn.tripadvisor.com/media/photo-o/1a/f6/e2/e6/default-avatar-2020-45.jpg","Milwaukie, OR","5","Aug 2017 • Family","AMAZING EXPERIENCE","My husband and I wanted to do something special for our daughter's 5th birthday. she had been asking us for some time if we could go on a plane. My husband found this and we decided this would be what we were going to do. From the start it was the best experience! Our pilot was willing to help us by even making sure we all were able to get a family picture before we boarded. My daughter was so excited and just kept asking questions. He answered and there were times she even asked him to tilt the plane a little so she could see out her window better and he did. He made sure to point out all the places he thought she would really like and explained everything as we went. <br />When we first got there we had planned on doing a different tour but he had just got back from that one and let us know there was a lot of stuff going on because of the fires. He explained that we would not be able to have the real experience we had hoped for and offered for us to do the tour we did. I was very grateful he gave us that option and let us know what was going on. He really was concerned about us having the best experience. <br />I don't think any of us will forget this anytime soon. and we have already planned on going back when we have company come visit so they can have the same experience we had. <br />I recommend this for EVERYONE!!","Family","0","","Written August 29, 2017","This review is the subjective opinion of a Tripadvisor member and not of Tripadvisor LLC."
"wishesdontcometrue","https://www.tripadvisor.com/Profile/wishesdontcometrue","https://media-cdn.tripadvisor.com/media/photo-o/1a/f6/f0/9f/default-avatar-2020-16.jpg","Spokane, WA","5","Aug 2017 • Solo","great value","Great flight, interesting info from our pilot. My wife had injured her knee a few days before and he was very patient and helpful when she got on and off the aircraft. I would highly recommend this tour.","Solo","0","","Written August 28, 2017","This review is the subjective opinion of a Tripadvisor member and not of Tripadvisor LLC."
"babylovecat","https://www.tripadvisor.com/Profile/babylovecat","https://media-cdn.tripadvisor.com/media/photo-s/02/6e/8e/ac/babylovecat.jpg","Portland, OR USA","5","Aug 2017 • Solo","a new view on Portland","I've lived in Portland for 17 years, so I feel like I know it pretty well. But flying over the city gave me a whole new perspective, and I saw many details I never knew were there. So i highly recommend this adventure for locals as well as tourists. The pilot was very personable and I felt totally safe. No barf bag required. The pricing structure -- since it's per flight rather than per person -- makes this extremely affordable for flightseeing. A really cool thing to do with visitors.","Solo","0","","Written August 25, 2017","This review is the subjective opinion of a Tripadvisor member and not of Tripadvisor LLC."
"Dennis D","https://www.tripadvisor.com/Profile/594dennisd","https://media-cdn.tripadvisor.com/media/photo-s/06/70/2f/74/dennis-d.jpg","Happy Valley, OR","5","Aug 2017 • Family","Awesome","Bryan, the pilot was super. Friendly and genuine. Lots of great commentary. This was well worth the charge. ","Family","0","","Written August 21, 2017","This review is the subjective opinion of a Tripadvisor member and not of Tripadvisor LLC."
"ronaultc","https://www.tripadvisor.com/Profile/ronaultc","https://media-cdn.tripadvisor.com/media/photo-o/1a/f6/df/99/default-avatar-2020-40.jpg","","5","Aug 2017 • Family","Best EVER","Sign in and set up, all online then followed by polite e-reminder, were flawless. Our pilot was warm and professional. He clearly loved his job, revered our River Columbia's sacred gorge, knew how to talk to my breathless granddaughter. Even after her tummy went flippity-flop. Terima kasih (I offer our love to you, Envi) ","Family","0","","Written August 11, 2017","This review is the subjective opinion of a Tripadvisor member and not of Tripadvisor LLC."
"Taras L","https://www.tripadvisor.com/Profile/947tarasl","https://media-cdn.tripadvisor.com/media/photo-o/1a/f6/e6/ea/default-avatar-2020-54.jpg","Portland, OR","5","Aug 2017 • Couples","AMAZING!!!","When we got to the Troutdale airport, (the last hangar to the left) we were greeted and shown around the plane. Staff is very knowledgable, flexible, and supportive. Email them or text them if you have questions! The flight itself was an amazing experience. Yes it feels squished if all 3 passages and pilot fly but trust me there was enough leg room in the back. Will definitely fly with them again!","Couples","0","","Written August 8, 2017","This review is the subjective opinion of a Tripadvisor member and not of Tripadvisor LLC."
"JanaRose01","https://www.tripadvisor.com/Profile/JanaRose01","https://media-cdn.tripadvisor.com/media/photo-o/1a/f6/f1/79/default-avatar-2020-21.jpg","Vancouver, WA","5","Jul 2017 • Friends","Amazing Flight!!","This flight was my first time in a small plane and I loved it! I would say if you are considering flying with Envi Adventures, just do it! You will not regret it! <br />We choose the Vista View and will definitely be back for a longer tour, probably the waterfall one. ","Friends","0","","Written August 1, 2017","This review is the subjective opinion of a Tripadvisor member and not of Tripadvisor LLC."
"Martrese B","https://www.tripadvisor.com/Profile/Martrese","https://media-cdn.tripadvisor.com/media/photo-m/1280/1d/34/71/fe/martrese-b.jpg","Hillsboro, OR","5","Jul 2017 • Friends","What a FUN Excursion - Even My Dog Says So!","My brother and his dog were in Portland during a cross-country road trip, so I booked two flights for our group. (The plane seats four, including the pilot.) We all really enjoyed the scenic tour of the Gorge, and it was fun taking the pups up. The airport location is at the western end of the ""Scenic Columbia Gorge"" corridor, so it's a nice intro to the waterfalls, locks, dams, etc.","Friends","0","https://media-cdn.tripadvisor.com/media/photo-o/10/01/78/44/my-copilot-baxter-pdx.jpg
https://media-cdn.tripadvisor.com/media/photo-o/10/01/78/3c/baxter-and-me.jpg
https://media-cdn.tripadvisor.com/media/photo-o/10/01/78/2c/bye.jpg
https://media-cdn.tripadvisor.com/media/photo-o/10/01/78/1f/beautiful-views.jpg
https://media-cdn.tripadvisor.com/media/photo-o/10/01/78/10/mt-hood-in-the-distance.jpg
https://media-cdn.tripadvisor.com/media/photo-o/10/01/78/03/vista-house-at-crown.jpg
https://media-cdn.tripadvisor.com/media/photo-o/10/01/77/f7/waterfall-from-the-plane.jpg
https://media-cdn.tripadvisor.com/media/photo-o/10/01/77/ef/baxter-gets-ready-for.jpg","Written July 24, 2017","This review is the subjective opinion of a Tripadvisor member and not of Tripadvisor LLC."
"Andrea S","https://www.tripadvisor.com/Profile/E9987IFandreab","https://media-cdn.tripadvisor.com/media/photo-o/1a/f6/f4/d0/default-avatar-2020-33.jpg","Portland, OR","5","Jul 2017 • Friends","What a flight!","Thank you Ryan for a great and safe flight. The commentary also mafe it entertaining! We will definitely recommend Envi to others.","Friends","0","","Written July 23, 2017","This review is the subjective opinion of a Tripadvisor member and not of Tripadvisor LLC."
"aisabel_07avila","https://www.tripadvisor.com/Profile/aisabel_07avila","https://media-cdn.tripadvisor.com/media/photo-o/1a/f6/f2/b8/default-avatar-2020-26.jpg","","5","Jul 2017 • Couples","It was awesome!","The whole experience was just amazing short but breath taking. It was a very smooth ride and definitely planning on returning for a much longer flight!","Couples","0","","Written July 11, 2017","This review is the subjective opinion of a Tripadvisor member and not of Tripadvisor LLC."
"alysankey","https://www.tripadvisor.com/Profile/alysankey","https://media-cdn.tripadvisor.com/media/photo-o/1a/f6/f2/eb/default-avatar-2020-27.jpg","Seattle, WA","5","Jun 2017 • Couples","Envi review","I booked a flight through Instagram to feature on my travel/adventure blog. I loved seeing Oregon from the air! The Envi plane took me back to my childhood, flying in my grandpas plane! Overall great experience and loved how knowledable the pilot was of all he showed us! Thanks Envi!","Couples","0","","Written July 3, 2017","This review is the subjective opinion of a Tripadvisor member and not of Tripadvisor LLC."
"Tara M","https://www.tripadvisor.com/Profile/A9717OYtaram","https://media-cdn.tripadvisor.com/media/photo-o/1a/f6/f1/79/default-avatar-2020-21.jpg","","5","Jun 2017 • Friends","Beautiful!","This was an excellent experience! I'm terrified of flying but really wanted to see the view. The pilot with Envi did an excellent job flying and making me feel safe! And the view was amazing! Great experience!","Friends","0","","Written June 30, 2017","This review is the subjective opinion of a Tripadvisor member and not of Tripadvisor LLC."
"aderaita","https://www.tripadvisor.com/Profile/aderaita","https://media-cdn.tripadvisor.com/media/photo-o/1a/f6/f2/59/default-avatar-2020-24.jpg","","5","Jun 2017 • Couples","Wonderful Waterfalls","Thank you so much for the beautiful trip around the gorge. My boyfriend loved the surprise. We will be back again to book another trip! ","Couples","0","","Written June 20, 2017","This review is the subjective opinion of a Tripadvisor member and not of Tripadvisor LLC."
"elaysims","https://www.tripadvisor.com/Profile/elaysims","https://media-cdn.tripadvisor.com/media/photo-o/1a/f6/e2/a7/default-avatar-2020-44.jpg","San Francisco, CA","5","Jun 2017 • Couples","Highly Recommended","Surprised my boyfriend with a scenic flight tour and our pilot Ryan was really awesome! Had a great time and we were not disappointed. Will surely be back if we visit portland again. ","Couples","0","","Written June 16, 2017","This review is the subjective opinion of a Tripadvisor member and not of Tripadvisor LLC."
"Q6682QLmaryb","https://www.tripadvisor.com/Profile/Q6682QLmaryb","https://media-cdn.tripadvisor.com/media/photo-o/1a/f6/e4/59/default-avatar-2020-49.jpg","","5","Jun 2017 • Couples","Wonderful flight even for people who haves lived here forever","My husband and I were given the Quicksand triangle flight for mothers and Father's Day. What a wonderful gift.  Even though we have lived in Troutdale and Corbett for most of our lives, the sights were awesome. It's one thing to travel through or hike in the Columbia River Gorge and another to see it from the air. There are so many lakes, ponds, rivers and just plain beauty that you can't really experience from the ground. I would recommend this adventure for people who are familiar with the area as well as for tourists. We have already told many of our friends. Hopefully, they'll make reservations and have an unforgettable experience too. ","Couples","0","","Written June 11, 2017","This review is the subjective opinion of a Tripadvisor member and not of Tripadvisor LLC."
"haileyl918","https://www.tripadvisor.com/Profile/haileyl918","https://media-cdn.tripadvisor.com/media/photo-o/1a/f6/e6/ea/default-avatar-2020-54.jpg","","5","May 2017 • Friends","Incredible Experience","We had an incredible flight last week before sunset with Ryan. He was an excellent communicator and told us everything we could expect before it happened. We had such a great time that we decided to extend our flight to include the waterfalls and Portland - the views were breathtaking. I highly recommend this place and am looking forward to taking more flights with Envi!","Friends","0","","Written June 1, 2017","This review is the subjective opinion of a Tripadvisor member and not of Tripadvisor LLC."
"991nastasyad","https://www.tripadvisor.com/Profile/991nastasyad","https://media-cdn.tripadvisor.com/media/photo-o/1a/f6/ef/32/default-avatar-2020-12.jpg","","5","May 2017 • Friends","Wonderful Waterfall Scenic Flight","The flight was beautiful. My friends and I hiked all weekend in the Columbia River Gorge and decided to end the trip with a scenic flight. We flew over all the trails we hikes which was amazing to see the landscape we trekked. Our pilot was an excellent host/pilot, it was an educational flight. I wished I asked more questions about the Columbia river gorge but I was in awe the entire time snapping shots with my camera of the beautiful scenery. Thank you Envi Adventures for a trip to remember!","Friends","0","","Written May 31, 2017","This review is the subjective opinion of a Tripadvisor member and not of Tripadvisor LLC."
"Fhukari","https://www.tripadvisor.com/Profile/Fhukari","https://media-cdn.tripadvisor.com/media/photo-o/1a/f6/eb/e3/default-avatar-2020-59.jpg","Hood River, OR","5","May 2017 • Couples","Birthday Gift for Mom","My Mom and my Dad had a great time! The Pilot was friendly and professional. Booking was easy. I was even able to reschedule the day of the flight to another open time slot.  ","Couples","0","","Written May 28, 2017","This review is the subjective opinion of a Tripadvisor member and not of Tripadvisor LLC."
"Ian M","https://www.tripadvisor.com/Profile/meyerian041","","","5","May 2017 • Friends","Awesome!","The flight was amazing, pilot was extremely competent and showed us a great time. Saw a lot of waterfalls!","Friends","0","","Written May 26, 2017","This review is the subjective opinion of a Tripadvisor member and not of Tripadvisor LLC."
"Kelsa D","https://www.tripadvisor.com/Profile/kelsad","https://media-cdn.tripadvisor.com/media/photo-s/06/80/ab/2b/kelsa-d.jpg","Phoenix, Arizona, United States","5","May 2017 • Family","Can't wait to take another flight!","My husband and I, along with our 17-mo old daughter, took the waterfalls tour yesterday with Ryan as our pilot and I can't say enough good things! He was incredibly accommodating from start to finish. We set off for the short (20-min) tour b/c we weren't sure how our daughter would handle it. Since she fell asleep 10 minutes in, he asked if we wanted to stay up longer and we definitely did! We got to see amazing views of waterfalls, the gorge and all the area has to offer. Ryan was a wealth of knowledge on where we should head next, where we should eat, etc. The flight was incredibly smooth and Ryan communicated even the smallest details just to make sure we felt comfortable. Really, it was amazing! I highly recommend Envi Adventures as a way of seeing the Gorge. Next time we visit we hope to do the Mt Hood tour but weather didn't allow that today. I guess we'll save it for next time! Thanks Ryan!","Family","0","","Written May 25, 2017","This review is the subjective opinion of a Tripadvisor member and not of Tripadvisor LLC."
"alanarose9","https://www.tripadvisor.com/Profile/alanarose9","https://media-cdn.tripadvisor.com/media/photo-o/1a/f6/eb/e3/default-avatar-2020-59.jpg","","5","May 2017 • Couples","Wonderful Surprise!","I surprised my boyfriend for our anniversary with the Triangle flight and I've never seen him more excited! Our flight was absolutely incredible, perfectly timed during sunset over Mt Hood and back through the Gorge. We were able to capture amazing photos and memories. Ryan was an awesome pilot and gave us some random facts and pointed out every waterfall. Would 100% fly Envi again, and we plan to soon! ","Couples","0","","Written May 23, 2017","This review is the subjective opinion of a Tripadvisor member and not of Tripadvisor LLC."
"ashleypO7411TH","https://www.tripadvisor.com/Profile/ashleypO7411TH","https://media-cdn.tripadvisor.com/media/photo-o/1a/f6/e2/e6/default-avatar-2020-45.jpg","","5","May 2017 • Couples","Best experience!","I was so nervous to take this tour but our pilot was knowledgeable and put me at ease. It was the best experience and I will be taking another tour with envi adventure. ","Couples","0","","Written May 8, 2017","This review is the subjective opinion of a Tripadvisor member and not of Tripadvisor LLC."
"bonnierust","https://www.tripadvisor.com/Profile/bonnierust","https://media-cdn.tripadvisor.com/media/photo-o/1a/f6/ee/68/default-avatar-2020-9.jpg","","5","May 2017 • Couples","Waterfall Tour","What an excellent way to spend a Saturday afternoon (or any day for that matter!). Our flight touring the Columbia River Gorge and the beautiful waterfalls was absolutely breathtaking.  We'll definitely be doing this again....thank you Corey and Envi Adventures! ","Couples","0","","Written May 4, 2017","This review is the subjective opinion of a Tripadvisor member and not of Tripadvisor LLC."
"cdtimberman","https://www.tripadvisor.com/Profile/cdtimberman","","Beaverton ","5","Apr 2017 • Couples","Envy Adventures - Columbia Gorge Site seeing","I received a Groupon gift certificate for this trip. My wife and I used it this past Saturday. We had a great time.  Our pilot, Ryan, was friendly, personable, and professional. He met us on time and exactly where he said he would be. He explained everything about the tour before we boarded the plane, helped us into our seats, and made sure we were buckled in. We took off from Troutdale airport and flew east up the gorge. Ryan pointed out points of interest along the way. This was a short excursion, about 40 minutes, so we just went up a ways beyond Crown Point, circled back and returned on the Washington side of the gorge. The scenery was great. My wife and I definitely want to do this again, maybe take the longer waterfall viewing trip. Take a camera with you. After the flight,we had lunch in Troutdale, and went shopping at the outlet mall, about a mile from the airport. It was a great day!","Couples","0","","Written April 17, 2017","This review is the subjective opinion of a Tripadvisor member and not of Tripadvisor LLC."
"Toby C","https://www.tripadvisor.com/Profile/tobyc445","https://media-cdn.tripadvisor.com/media/photo-o/1a/f6/e5/2b/default-avatar-2020-52.jpg","Portland, Oregon","5","Apr 2017 • Couples","Anniversary flight","We had an amazing time on our Flights! Grew up out here but haven't been able to take in the gorge scenery fully until not. Professional and personable pilot. Definitely will be back. Never flown before, and he was happy to explain what to expect any why. I can't say enough good things about this company. Good job guys!","Couples","0","","Written April 11, 2017","This review is the subjective opinion of a Tripadvisor member and not of Tripadvisor LLC."
"lyoungberg14","https://www.tripadvisor.com/Profile/lyoungberg14","https://media-cdn.tripadvisor.com/media/photo-o/1a/f6/f1/79/default-avatar-2020-21.jpg","Estacada, Oregon","5","Mar 2017 • Couples","Awesome time","I had Envi Adventures help me with an amazing proposal. The owner got the plane set up in a perfect spot, and worked with my photographer to set up this special day. The tour was great as we went and checked out all the falls going up the gorge. I highly recommend taking an aerial tour over the gorge or Mt. Hood in the summer. ","Couples","0","","Written March 13, 2017","This review is the subjective opinion of a Tripadvisor member and not of Tripadvisor LLC."
"treywalkerphoto","https://www.tripadvisor.com/Profile/treywalkerphoto","https://media-cdn.tripadvisor.com/media/photo-o/1a/f6/df/99/default-avatar-2020-40.jpg","Troy, AL","5","Mar 2017 • Solo","Photographer's need this flight","This was my first time in a private plane, and first time coming to Oregon. With only one day left I was able to squeeze into a flight time and was up in the air without any hassle! The staff was friendly and super informative!","Solo","0","","Written March 9, 2017","This review is the subjective opinion of a Tripadvisor member and not of Tripadvisor LLC."