"User Name","User Profile","User Avatar","User Location","Rating","Rating Text","Review Title","Review Text","Trip Type","Helpful Votes","Photos","Published Date","Disclaimer"
"Aysha S","https://www.tripadvisor.com/Profile/ayshas261","https://media-cdn.tripadvisor.com/media/photo-o/1a/f6/e8/ea/default-avatar-2020-63.jpg","","5","Sep 2024 • Couples","Perfect","It was amazing and the guide is the best for searching bears. We saw 5 bears!! Amazing experience!!! And the flight is nice!!","Couples","0","","Written September 11, 2024","This review is the subjective opinion of a Tripadvisor member and not of Tripadvisor LLC."
"Larry P","https://www.tripadvisor.com/Profile/646larryp","https://media-cdn.tripadvisor.com/media/photo-o/1a/f6/ee/db/default-avatar-2020-10.jpg","","5","","Bears ","It was absolutely fantastic from start to finish. The flight was great and Drew, the bear guy, made the time very enjoyable. Highly recommend. I would do it again in a heart beat!","","0","","Written September 11, 2024","This review is the subjective opinion of a Tripadvisor member and not of Tripadvisor LLC."
"Dawn H","https://www.tripadvisor.com/Profile/T605FMdawnh","https://media-cdn.tripadvisor.com/media/photo-o/1a/f6/e7/7b/default-avatar-2020-56.jpg","","5","Sep 2024 • Family","Highlight of our Alaskan trip","From beginning to end, this was an amazing trip.  The staff were super helpful and friendly.  The pilot Eric was knowledgable and helpful.  Drew our guide was outstanding!  He was funny, knowledgable and created a great experience.  Loved seeing the bears!  I would highly recommend this tour to anyone who wants to see bears!","Family","0","https://media-cdn.tripadvisor.com/media/photo-w/2d/6e/94/43/caption.jpg
https://media-cdn.tripadvisor.com/media/photo-m/1280/2d/6e/94/39/caption.jpg
https://media-cdn.tripadvisor.com/media/photo-w/2d/6e/94/30/caption.jpg","Written September 10, 2024","This review is the subjective opinion of a Tripadvisor member and not of Tripadvisor LLC."
"Lori S","https://www.tripadvisor.com/Profile/Q8781MIloris","https://media-cdn.tripadvisor.com/media/photo-o/1a/f6/ee/db/default-avatar-2020-10.jpg","Elkton, MD","5","Aug 2024 • Couples","What an awesome adventure!","Wow! What a great experience. They worked with us because the weather wasn’t good for our morning flight. Rearranged pilots so we could go in the afternoon with Lenny of time to return to ship. The scenery was so unbelievable. We landed on a lake and was able to stand on plane pylons. It was so serene and beautiful. Great company and people. We booked directly with them.","Couples","0","","Written September 10, 2024","This review is the subjective opinion of a Tripadvisor member and not of Tripadvisor LLC."
"LINDA B","https://www.tripadvisor.com/Profile/Y5443FWlindab","https://media-cdn.tripadvisor.com/media/photo-o/1a/f6/df/2b/default-avatar-2020-39.jpg","","5","","Outstanding","Totally awesome!!! Highly recommend seeing Alaska from another vantage point!!<br />We did a surprise trip with friends-who had never been to Alaska-they said it was the best trip ever!","","0","https://media-cdn.tripadvisor.com/media/photo-m/1280/2d/65/9d/64/caption.jpg
https://media-cdn.tripadvisor.com/media/photo-m/1280/2d/65/9d/63/caption.jpg
https://media-cdn.tripadvisor.com/media/photo-w/2d/65/9d/62/caption.jpg","Written September 7, 2024","This review is the subjective opinion of a Tripadvisor member and not of Tripadvisor LLC."
"Dana C","https://www.tripadvisor.com/Profile/danacT5105SO","https://media-cdn.tripadvisor.com/media/photo-f/01/2e/70/80/avatar001.jpg","","5","Aug 2024 • Family","Patching Lake","Steve and Lesley are wonderful people and the utmost professionals. Their pilots and other staff are amazing. They make you feel comfortable while keeping your safety as the most important priority. We had the best charter experience to a remote lake outside of Ketchikan.  Can’t wait to fly with them again. 😊💙","Family","0","https://media-cdn.tripadvisor.com/media/photo-w/2d/55/44/ae/caption.jpg
https://media-cdn.tripadvisor.com/media/photo-w/2d/55/44/ad/caption.jpg
https://media-cdn.tripadvisor.com/media/photo-w/2d/55/44/ac/caption.jpg","Written September 1, 2024","This review is the subjective opinion of a Tripadvisor member and not of Tripadvisor LLC."
"Kim B","https://www.tripadvisor.com/Profile/588kimb","https://media-cdn.tripadvisor.com/media/photo-o/1a/f6/e5/66/default-avatar-2020-53.jpg","Simi Valley, CA","5","Aug 2024 • Friends","Flight over Misty Fjords","This was the highlight of our Alaskan cruise vacation as far as I'm concerned. The entire staff could not have been more pleasant.   Flying over Misty Fjords was simply magical.  The landscape was so unique and IMHO is best appreciated from the air.  We even landed on a small lake and were allowed to stop outside of the plan on the pontoons.  The music just added to the experience.  Thank you all for such a great memory!","Friends","0","https://media-cdn.tripadvisor.com/media/photo-o/2d/46/f5/e3/caption.jpg
https://media-cdn.tripadvisor.com/media/photo-s/2d/46/f4/d8/caption.jpg
https://media-cdn.tripadvisor.com/media/photo-o/2d/46/f4/b4/caption.jpg","Written August 27, 2024","This review is the subjective opinion of a Tripadvisor member and not of Tripadvisor LLC."
"Amy W","https://www.tripadvisor.com/Profile/amywM1673YR","https://media-cdn.tripadvisor.com/media/photo-o/1a/f6/ef/73/default-avatar-2020-13.jpg","","5","Aug 2024 • Family","My fear of traveling by float plane is conquered!","We flew SeaWind Aviation to and from Ketchikan/Thorne Bay for a wonderful week of fishing!  The flights were smooth, the scenery beautiful, and our many fresh frozen fish boxes were expertly transported.  My fear of traveling by float plane is conquered!  Will definitely fly with SeaWind again!","Family","0","","Written August 26, 2024","This review is the subjective opinion of a Tripadvisor member and not of Tripadvisor LLC."
"Wilburight","https://www.tripadvisor.com/Profile/Wilburight","https://media-cdn.tripadvisor.com/media/photo-s/01/ab/16/4f/wilburight.jpg","Adelaide, Australia","5","Aug 2024 • Solo","Misfortune turned into a very happy day thanks to SeaWind","After my cruise ship floatplane excursion, a long-awaited journey for a special birthday treat, was cancelled due 'high winds', something that wasn't apparent that warm and sunny afternoon, especially as the floatplanes kept taking off and landing right next to the ships, including the company that was doing my cancelled excursion, I then quickly shopped around onshore for a replacement flight with limited shore-time left.<br /><br />Two attempted bookings failed - someone scored a last seat just before me, and another company couldn't find enough passengers to make it worthwhile. Thankfully the remaining one, SeaWind Aviation, had room for me on my preferred aircraft - an original radial engined DHC-2 Beaver. As a retired airline pilot, it was Beavers flying overhead as a small kid that helped seed my interest in aviation.<br /><br />Not only was SeaWind less expensive than the cancelled cruise ship excursion, but I got picked up from the ship by co-owner Lesley, driven a very short distance to their terminal and dock facilities, and soon after was sitting up the front right behind that rumbling radial engine - marvellous!<br /><br />The pilot, Mike, not only handled the Beaver on water and in the air like a maestro but removed all the bumps that had been responsible for the previous flight's 'cancellation'. I suspect overbooking was the real reason for that, but I was so fortunate to fall into the friendly care of Lesley and Mike from SeaWind, and that marvellous old, shiny and obviously well-maintained Beaver.<br /><br />The flight not only took in the advertised sightseeing around Ketchikan harbour, but went well off along valleys, between forested mountains and across several islands to make ripples on a perfectly smooth isolated island lake, landing and taking off just for fun :) <br /><br />Headsets and an intercom allowed Mike to answer passengers' questions along the way. We returned to Ketchikan, landing right beside the cruise ships and tying up at the dock about 150m from my ship - an easy walk back, sporting a new 'Beaver' cap, rather than trouble Lesley for another ride :)<br /><br />I'm still grinning at the memory of that ride and so proud of my 'birthday' hat :)","Solo","0","https://media-cdn.tripadvisor.com/media/photo-m/1280/2d/41/54/8f/caption.jpg
https://media-cdn.tripadvisor.com/media/photo-m/1280/2d/41/54/84/caption.jpg","Written August 24, 2024","This review is the subjective opinion of a Tripadvisor member and not of Tripadvisor LLC."
"Brian","https://www.tripadvisor.com/Profile/Quest61604993277","https://media-cdn.tripadvisor.com/media/photo-o/1a/f6/ec/3d/default-avatar-2020-1.jpg","Littleton, MA","5","","Incredible experience","Sea Wind Aviation was a fantastic tour operator. They were able to accommodate our party of 5 when another company canceled our trip a week before the scheduled date.<br />Our pilot Nate was great. He informed us about the plane, history and importance of bush planes in Alaska, and told us about what we were seeing. <br />The sights of the Fjords and mountains from our low altitude were breathtaking. He took us right past a beautiful waterfall and hugged the mountains so we felt like we could almost touch them.<br />Landing in a remote quiet lake and wandering around for a few minutes was fun and amazing to experience. I would say it is definitely a must do activity for a visit to Ketchikan and Sea Wind Aviation is the company to do it with!<br />","","0","https://media-cdn.tripadvisor.com/media/photo-m/1280/2d/38/40/25/caption.jpg
https://media-cdn.tripadvisor.com/media/photo-m/1280/2d/38/40/24/caption.jpg","Written August 21, 2024","This review is the subjective opinion of a Tripadvisor member and not of Tripadvisor LLC."
"Geraldine Z","https://www.tripadvisor.com/Profile/749geraldinez","https://media-cdn.tripadvisor.com/media/photo-o/1a/f6/eb/a3/default-avatar-2020-38.jpg","","5","Aug 2024 • Friends","Awesome!","Our guide Kim was excellent as was our pilot.  We had a great time and saw amazing bears and two Bald Eagles!   Eat part of our Alaskan cruise by far!","Friends","0","https://media-cdn.tripadvisor.com/media/photo-w/2d/33/b3/1b/caption.jpg
https://media-cdn.tripadvisor.com/media/photo-w/2d/33/b3/1a/caption.jpg
https://media-cdn.tripadvisor.com/media/photo-w/2d/33/b3/19/caption.jpg","Written August 19, 2024","This review is the subjective opinion of a Tripadvisor member and not of Tripadvisor LLC."
"Tim M","https://www.tripadvisor.com/Profile/timmS4422UN","https://media-cdn.tripadvisor.com/media/photo-o/1a/f6/f3/23/default-avatar-2020-28.jpg","Brisbane, Australia","5","Aug 2024 • Couples","Must do from Ketchikan","This flight was a highlight of our Alaskan adventure in many ways. As a retired pilot I enjoyed the flight in the Otter and envy our Pilot (Russ?) getting to fly around the fjords daily!. <br />The scenery is spectacular and I would highly recommend taking the option of a landing on the fjord. Stepping out onto the float in the middle of the calm fjord, in near silence, was just amazing.","Couples","0","https://media-cdn.tripadvisor.com/media/photo-m/1280/2d/27/5a/f8/caption.jpg","Written August 14, 2024","This review is the subjective opinion of a Tripadvisor member and not of Tripadvisor LLC."
"Donziclassic22","https://www.tripadvisor.com/Profile/Donziclassic22","https://media-cdn.tripadvisor.com/media/photo-m/1280/2d/26/ce/13/donziclassic22.jpg","Catskill Region, NY","5","Aug 2024 • Family","Outstanding !!","We used Seawind as transport to Boardwalk lodge. As excited as I was about taking a float plane, I thought it would be absolutely terrifying ( like a roller coaster would be) I WAS SO WRONG !  The flight was super smooth , I didn't even realize we had lifted off ! The views were absolutely breath taking . The pilot was super professional and so friendly.  He even spotted a whale and went in for a better look.  I would go out of my way to fly with this company again.","Family","0","https://media-cdn.tripadvisor.com/media/photo-m/1280/2d/26/bc/6e/caption.jpg
https://media-cdn.tripadvisor.com/media/photo-m/1280/2d/26/bb/4b/caption.jpg
https://media-cdn.tripadvisor.com/media/photo-m/1280/2d/26/bb/4a/caption.jpg
https://media-cdn.tripadvisor.com/media/photo-m/1280/2d/26/bb/49/caption.jpg
https://media-cdn.tripadvisor.com/media/photo-m/1280/2d/26/bb/48/caption.jpg
https://media-cdn.tripadvisor.com/media/photo-m/1280/2d/26/bb/47/caption.jpg
https://media-cdn.tripadvisor.com/media/photo-m/1280/2d/26/bb/46/caption.jpg
https://media-cdn.tripadvisor.com/media/photo-m/1280/2d/26/bb/45/caption.jpg","Written August 14, 2024","This review is the subjective opinion of a Tripadvisor member and not of Tripadvisor LLC."
"trinkerbell","https://www.tripadvisor.com/Profile/trinkerbell","https://media-cdn.tripadvisor.com/media/photo-o/1a/f6/f4/5d/default-avatar-2020-32.jpg","Littleton, MA","5","","Breathtaking","We flew with Eric on the DeHavilland Otter. Our group of 5 was joined by 5 others, which was fine with us. The bus was easy to find and the ride was short. Lesley got us checked in right away. Our larger bags were stored safely behind the desk.<br />The flight was absolutely breathtaking, it is hard to describe in words. The plane was well maintained and we felt very safe. This is a do not miss experience in Ketchikan!<br /><br /> ","","0","https://media-cdn.tripadvisor.com/media/photo-m/1280/2d/25/21/eb/caption.jpg","Written August 14, 2024","This review is the subjective opinion of a Tripadvisor member and not of Tripadvisor LLC."
"Happiness174913","https://www.tripadvisor.com/Profile/Happiness174913","","","5","","Aug 2024 seaplane excursion","Staff, organization and pilots/guide all excellent. We were able to see 3 bears and a bald eagle. <br /><br />I just wish there was an option to hike a bit more and explore the beautiful forest","","0","https://media-cdn.tripadvisor.com/media/photo-m/1280/2d/21/c4/c5/caption.jpg
https://media-cdn.tripadvisor.com/media/photo-m/1280/2d/21/c4/c4/caption.jpg
https://media-cdn.tripadvisor.com/media/photo-w/2d/21/c4/c3/caption.jpg
https://media-cdn.tripadvisor.com/media/photo-o/2d/21/c4/c2/caption.jpg","Written August 12, 2024","This review is the subjective opinion of a Tripadvisor member and not of Tripadvisor LLC."
"Meghan M","https://www.tripadvisor.com/Profile/MeghanM832","https://media-cdn.tripadvisor.com/media/photo-o/1a/f6/e3/1f/default-avatar-2020-46.jpg","Pittsburgh, Pennsylvania","5","Aug 2024 • Family","Experience Alaska from above","We had an amazing time! The best excursion we’ve ever done. We were in awe the entire time of the natural beauty of Alaska and Ketchikan. Getting so close to the mountains and seeing goats grazing plus the lake landing was beyond words!","Family","0","https://media-cdn.tripadvisor.com/media/photo-w/2d/19/dc/b7/caption.jpg
https://media-cdn.tripadvisor.com/media/photo-w/2d/19/dc/6c/caption.jpg
https://media-cdn.tripadvisor.com/media/photo-w/2d/19/dc/6a/caption.jpg
https://media-cdn.tripadvisor.com/media/photo-m/1280/2d/19/dc/69/caption.jpg","Written August 9, 2024","This review is the subjective opinion of a Tripadvisor member and not of Tripadvisor LLC."
"tom s","https://www.tripadvisor.com/Profile/tomsE471RJ","https://media-cdn.tripadvisor.com/media/photo-o/1a/f6/e9/bb/default-avatar-2020-65.jpg","","5","Jul 2024 • Family","Wonderful Flight tour","SeaWind Aviation was amazing.  They were able to find us a replacement pilot on short notice and he was a terrific pilot.  We landed at a remote lake that was the most beautiful and quietest place I have ever been.  I would highly recommend SeaWind Aviation for any flight.","Family","0","https://media-cdn.tripadvisor.com/media/photo-w/2d/19/95/a9/caption.jpg
https://media-cdn.tripadvisor.com/media/photo-w/2d/19/95/a8/caption.jpg
https://media-cdn.tripadvisor.com/media/photo-w/2d/19/95/a7/caption.jpg","Written August 9, 2024","This review is the subjective opinion of a Tripadvisor member and not of Tripadvisor LLC."
"Curious14247663800","https://www.tripadvisor.com/Profile/Curious14247663800","","","5","Aug 2024 • Family","Really wonderful day","Absolutely amazing. We truly felt like the goal was to make us happy every step of the way.  From really attentive customer service as we set things up to a wonderful pilot and flight route.  We didn’t know what to expect but there was nothing we were left wanting in the experience.  They also are very careful to ensure you are back before your boat so don’t worry about booking on your own - they will take care of you.","Family","0","","Written August 8, 2024","This review is the subjective opinion of a Tripadvisor member and not of Tripadvisor LLC."
"Billie Jo T","https://www.tripadvisor.com/Profile/billiejot2017","https://media-cdn.tripadvisor.com/media/photo-o/1c/ed/d8/ba/billiejot2017.jpg","Pennington, NJ","4","","Bears & Eagles & Beauty!!","Great excursion! Saw bears and eagles! Guide on land was great. Flight was smooth and all went perfectly from booking help before our trip to suggestions after the trip. All was great!!","","0","https://media-cdn.tripadvisor.com/media/photo-w/2d/0b/11/d2/caption.jpg
https://media-cdn.tripadvisor.com/media/photo-m/1280/2d/0b/11/d1/caption.jpg","Written August 3, 2024","This review is the subjective opinion of a Tripadvisor member and not of Tripadvisor LLC."
"Erin G","https://www.tripadvisor.com/Profile/ering816","https://media-cdn.tripadvisor.com/media/photo-o/1a/f6/f3/23/default-avatar-2020-28.jpg","","5","","Amazing bear viewing & great seaplane adventure","Amazing trip from start to finish. Seawind met us at our ship for transport to the office.  Great, friendly pilot and fun, beautiful seaplane ride to Traitor’s Cove where we met our guide Drew. Drew knew a ton about the area and bears and was a great guide. We saw 9 bears including a mama and cub who came back repeatedly and a bigger bear who caught a fish right in front of us and at the end Drew took us to a beautiful photo spot before our ride back to Ketchikan. Our group was the only one at the viewing point for about an hour before others started arriving (which was nice - so I recommend going as early as possible). <br /><br />We did several incredible excursions on this trip (including a helicopter glacier landing, a private whale watching tour, and a Yukon tour) but this was the favorite for most of our group of eight.","","0","https://media-cdn.tripadvisor.com/media/photo-m/1280/2d/09/08/e6/caption.jpg
https://media-cdn.tripadvisor.com/media/photo-m/1280/2d/09/08/e5/caption.jpg
https://media-cdn.tripadvisor.com/media/photo-m/1280/2d/09/08/e4/caption.jpg
https://media-cdn.tripadvisor.com/media/photo-w/2d/09/08/e3/caption.jpg
https://media-cdn.tripadvisor.com/media/photo-w/2d/09/08/e2/caption.jpg
https://media-cdn.tripadvisor.com/media/photo-w/2d/09/08/e1/caption.jpg
https://media-cdn.tripadvisor.com/media/photo-w/2d/09/08/e0/caption.jpg","Written August 2, 2024","This review is the subjective opinion of a Tripadvisor member and not of Tripadvisor LLC."
"Wendy B","https://www.tripadvisor.com/Profile/Mobile33713718571","https://media-cdn.tripadvisor.com/media/photo-o/1a/f6/ef/9c/default-avatar-2020-14.jpg","","5","","Fun in Alaska","Amazing tour guide and Max the pilot were very nice and accommodating.<br />Loved how knowledgeable Kim was about the plants and animals native to the area. Both were very kind and helpful my friend who had issues walked!!<br />Loved the trip.","","0","https://media-cdn.tripadvisor.com/media/photo-m/1280/2c/ff/39/91/caption.jpg
https://media-cdn.tripadvisor.com/media/photo-w/2c/ff/39/90/caption.jpg
https://media-cdn.tripadvisor.com/media/photo-m/1280/2c/ff/39/8f/caption.jpg
https://media-cdn.tripadvisor.com/media/photo-w/2c/ff/39/8e/caption.jpg
https://media-cdn.tripadvisor.com/media/photo-w/2c/ff/39/8d/caption.jpg
https://media-cdn.tripadvisor.com/media/photo-w/2c/ff/39/8c/caption.jpg
https://media-cdn.tripadvisor.com/media/photo-w/2c/ff/39/8b/caption.jpg
https://media-cdn.tripadvisor.com/media/photo-m/1280/2c/ff/39/8a/caption.jpg","Written July 29, 2024","This review is the subjective opinion of a Tripadvisor member and not of Tripadvisor LLC."
"Connie U","https://www.tripadvisor.com/Profile/connieu239","https://media-cdn.tripadvisor.com/media/photo-o/1a/f6/e3/6a/default-avatar-2020-47.jpg","","5","Jul 2024 • Family","Yes to this excursion!!","We thoroughly enjoyed this trip today! We had the tour to ourselves - two 60 year olds and our respective 22 year old kids. The seaplane ride was a once in a lifetime for us and so cool! Our pilot Max was so kind and pleasant. He helped me when I struggled to get up and into the plane as I recently had foot surgery. Our tour guide and naturalist was Kim and she was the highlight of our trip! What a ray of sunshine! You can tell she truly loves Ketchikan and she knew so much about the flora and fauna in the rain forest. She led us down the most beautiful path to Traitors Cove to the bear viewing platform. I moved a little slow and she was so supportive and kind. We unfortunately didn’t see any bears coming to eat the spawning salmon. She said this was very unusual. We had gorgeous weather and truly enjoyed our excursion! Thanks to Seawind for providing such a wonderful experience. We will always cherish it!","Family","0","https://media-cdn.tripadvisor.com/media/photo-w/2c/ff/2c/76/caption.jpg
https://media-cdn.tripadvisor.com/media/photo-w/2c/ff/2c/75/caption.jpg
https://media-cdn.tripadvisor.com/media/photo-m/1280/2c/ff/2c/74/caption.jpg
https://media-cdn.tripadvisor.com/media/photo-m/1280/2c/ff/2c/73/caption.jpg
https://media-cdn.tripadvisor.com/media/photo-m/1280/2c/ff/2c/72/caption.jpg
https://media-cdn.tripadvisor.com/media/photo-w/2c/ff/2c/71/caption.jpg
https://media-cdn.tripadvisor.com/media/photo-m/1280/2c/ff/2c/70/caption.jpg","Written July 29, 2024","This review is the subjective opinion of a Tripadvisor member and not of Tripadvisor LLC."
"Nancy M","https://www.tripadvisor.com/Profile/nancymN9463JI","https://media-cdn.tripadvisor.com/media/photo-o/1a/f6/ea/74/default-avatar-2020-68.jpg","","5","","Great tour good experience on the float plane wife has trouble getting in and out they were patient","Kim was very friendly and knowledgeable to time to talk to everybody on our tour. Staff at office was friendly and helpful","","0","","Written July 27, 2024","This review is the subjective opinion of a Tripadvisor member and not of Tripadvisor LLC."
"Kelly M","https://www.tripadvisor.com/Profile/KellyM7023","","Tijeras, NM","5","","Awesome","The front desk staff, pilot, and the fuelman were fantastic! Smooth flight and beautiful scenery. Highly recommended.","","0","https://media-cdn.tripadvisor.com/media/photo-m/1280/2c/f7/dd/bb/caption.jpg
https://media-cdn.tripadvisor.com/media/photo-m/1280/2c/f7/dd/ba/caption.jpg
https://media-cdn.tripadvisor.com/media/photo-m/1280/2c/f7/dd/b9/caption.jpg
https://media-cdn.tripadvisor.com/media/photo-w/2c/f7/dd/b8/caption.jpg
https://media-cdn.tripadvisor.com/media/photo-w/2c/f7/dd/b7/caption.jpg","Written July 27, 2024","This review is the subjective opinion of a Tripadvisor member and not of Tripadvisor LLC."
"Kelly P","https://www.tripadvisor.com/Profile/kellypR329JD","","","5","Jul 2024 • Family","Amazing!","We were lucky to have a beautiful day with great weather.  The trip was amazing.  The views were unbelievable.  One of the best parts was the water landing.  I had no idea that we would just land in the water and get out and stand on the plane in the middle of the water.  Very cool!  I highly recommend Sea Wind Aviation.  We were on a cruise and this was by far the best excursion we took.","Family","0","","Written July 20, 2024","This review is the subjective opinion of a Tripadvisor member and not of Tripadvisor LLC."
"Joy R","https://www.tripadvisor.com/Profile/976joyr","https://media-cdn.tripadvisor.com/media/photo-o/1a/f6/f3/23/default-avatar-2020-28.jpg","Dayton, OH","5","","Amazing landscape!","Our experience with SeaWind was amazing!  We took the flight to the Misty Fjords and landed on a lake at very high elevation in the mountains.  We had a beautiful sunny day.  The pilot, Saul (sp?), was great and provided a lot of information on what we were seeing.  The area in Alaska is so remote and beautiful.  It was great to have this opportunity to see it from high up.  I would recommend taking a flight if you can afford it.  Kind of a once in a lifetime opportunity.<br /><br />We were a family of three so were placed with another couple.  The plane held six total.  Scheduling was easy and they were in contact when we arrived in Ketchikan on our cruise.  It is noisy so we were given headsets and were able to talk through these.  We did not see any bears but one mountain goat made an appearance.  Overall, awesome time.","","0","https://media-cdn.tripadvisor.com/media/photo-w/2c/e7/27/d7/caption.jpg
https://media-cdn.tripadvisor.com/media/photo-w/2c/e7/27/d6/caption.jpg
https://media-cdn.tripadvisor.com/media/photo-w/2c/e7/27/d5/caption.jpg
https://media-cdn.tripadvisor.com/media/photo-w/2c/e7/27/d4/caption.jpg","Written July 20, 2024","This review is the subjective opinion of a Tripadvisor member and not of Tripadvisor LLC."
"Guythegorilla1972","https://www.tripadvisor.com/Profile/Guythegorilla1972","https://media-cdn.tripadvisor.com/media/photo-o/1a/f6/de/e7/default-avatar-2020-37.jpg","","5","","Do not miss. ","I was really looking forward to a trip on a float plane / seaplane, this totally exceeded my expectations. Steve the owner is an amazing pilot and all round nice guy. The take-offs and landings were smoother than on a runway which really surprised me, the views were absolutely mind blowing, and touching down in Misty Fjord to be greeted by a bear working his way along the bushes eating berries was made to order, and the along came a seal. I did some amazing trips on this tour, but this is the one I would not miss given a second chance. Thank you Steve and all the staff for memories made. ","","0","https://media-cdn.tripadvisor.com/media/photo-o/2c/e5/77/8d/caption.jpg
https://media-cdn.tripadvisor.com/media/photo-o/2c/e5/77/8c/caption.jpg
https://media-cdn.tripadvisor.com/media/photo-o/2c/e5/77/8b/caption.jpg
https://media-cdn.tripadvisor.com/media/photo-o/2c/e5/77/8a/caption.jpg
https://media-cdn.tripadvisor.com/media/photo-o/2c/e5/77/89/caption.jpg
https://media-cdn.tripadvisor.com/media/photo-o/2c/e5/77/88/caption.jpg
https://media-cdn.tripadvisor.com/media/photo-o/2c/e5/77/87/caption.jpg
https://media-cdn.tripadvisor.com/media/photo-o/2c/e5/77/86/caption.jpg
https://media-cdn.tripadvisor.com/media/photo-o/2c/e5/77/85/caption.jpg
https://media-cdn.tripadvisor.com/media/photo-o/2c/e5/77/84/caption.jpg","Written July 19, 2024","This review is the subjective opinion of a Tripadvisor member and not of Tripadvisor LLC."
"ChrisGTS","https://www.tripadvisor.com/Profile/ChrisGTS","https://media-cdn.tripadvisor.com/media/photo-o/1a/f6/ed/00/default-avatar-2020-4.jpg","Atlanta, GA","5","Jul 2024 • Family","A wonderful trip to spectacular bear viewing location","Everything was perfect on this trip with Seawind to see bears at the Anan Creek Wildlife Observatory iin Tongass National Forest.  The ground staff were very friendly and we're in constant contact with us before the trip.  Our pilot, Sol, was excellent in all respects.   And our bear guide, Kim, was superb.  She was masterful in guiding us safely down the trail to the observing platform (and there were bears on the trail in both directions).  She provided great insights and information about the bears and their behavior.  She helped us keep track of (and keep occupied) our two young sons (ages 5 and 7).  And she constantly pointed out bear activity to us all around the platform to make sure we didn't miss any good viewing or photo opportunities.  And the  bear viewing at Anan Creek was spectacular, even in the rain.  There were bears constantly in view, fishing, moving up and down from the creek, and even a mother black bear and two cubs climbing a tree right next to the viewing platform.  This trip was the highlight of our trip to Alaska, and we are very thankful to Seawind and Kim for this great experience for ourselves and our children.","Family","0","","Written July 17, 2024","This review is the subjective opinion of a Tripadvisor member and not of Tripadvisor LLC."
"shayla o","https://www.tripadvisor.com/Profile/shayla0","https://media-cdn.tripadvisor.com/media/photo-o/06/b3/52/c0/shayla-o.jpg","dallas","5","Jul 2024 • Family","Perfect day in Ketchikan!","We went to the Anan Bear Observatory. Absolutely incredible experience! Not for the faint of heart with wild bears roaming around the trail, however it was such a unique experience. Our tour guide Kim was fabulous, highly recommend her! The flight was gorgeous and we were lucky to see all the wildlife at Anan :) Also, great customer service and timely responses when booking and coordinating!","Family","0","https://media-cdn.tripadvisor.com/media/photo-m/1280/2c/e1/6c/5b/caption.jpg
https://media-cdn.tripadvisor.com/media/photo-o/2c/e1/6c/5a/caption.jpg
https://media-cdn.tripadvisor.com/media/photo-o/2c/e1/6c/59/caption.jpg","Written July 17, 2024","This review is the subjective opinion of a Tripadvisor member and not of Tripadvisor LLC."
"Susan S","https://www.tripadvisor.com/Profile/susansB4307BV","https://media-cdn.tripadvisor.com/media/photo-o/1a/f6/ee/10/default-avatar-2020-8.jpg","","5","Jul 2024 • Friends","Bucket List Tour","It was truly a bucket list experience...the pilot was great and so helpful when I was a little fearful of getting out on the float.  The views were magnificent and everyone we dealt with at the office and in the transport to and from the meeting point were very friendly and courteous...highly recommend","Friends","0","https://media-cdn.tripadvisor.com/media/photo-w/2c/de/48/28/caption.jpg
https://media-cdn.tripadvisor.com/media/photo-w/2c/de/47/fa/caption.jpg
https://media-cdn.tripadvisor.com/media/photo-m/1280/2c/de/47/f9/caption.jpg","Written July 16, 2024","This review is the subjective opinion of a Tripadvisor member and not of Tripadvisor LLC."
"Alex L","https://www.tripadvisor.com/Profile/244alexl","","Arlington Heights, IL","5","","Amazing Experience with Misty Fjords Flight Tour","Our Misty Fjords Flight Tour was incredible! Our pilot, Sol, was friendly and informative, making the experience even better. We were lucky to have clear skies, which allowed us to enjoy the amazing views fully. The highlight was spotting a mountain goat on one of the cliffs. Highly recommend this tour for anyone looking to experience the beauty of the Misty Fjords!","","0","https://media-cdn.tripadvisor.com/media/photo-m/1280/2c/db/ab/ab/caption.jpg
https://media-cdn.tripadvisor.com/media/photo-m/1280/2c/db/ab/aa/caption.jpg
https://media-cdn.tripadvisor.com/media/photo-w/2c/db/ab/a9/caption.jpg
https://media-cdn.tripadvisor.com/media/photo-w/2c/db/ab/a8/caption.jpg","Written July 15, 2024","This review is the subjective opinion of a Tripadvisor member and not of Tripadvisor LLC."
"Gary S","https://www.tripadvisor.com/Profile/C2980WAgarys","https://media-cdn.tripadvisor.com/media/photo-o/1a/f6/de/e7/default-avatar-2020-37.jpg","","5","Jul 2024 • Family","Up close with bears and fish","Seawind Air took us on the Anan Creek Wildlife Observation Tour, and it was amazing.  Salmon were coming into the creek so black and brown bears were on the water.  Aside from our helpful Seawind naturalist guide, the Forest Service staff did a great job with their new observation structure.  5+ stars with the bears in the creek.","Family","0","https://media-cdn.tripadvisor.com/media/photo-w/2c/d7/b0/d3/caption.jpg
https://media-cdn.tripadvisor.com/media/photo-w/2c/d7/b0/76/caption.jpg","Written July 13, 2024","This review is the subjective opinion of a Tripadvisor member and not of Tripadvisor LLC."
"sprsana","https://www.tripadvisor.com/Profile/sprsana","https://media-cdn.tripadvisor.com/media/photo-f/01/2e/70/98/avatar024.jpg","Anaheim, CA","5","Jul 2024 • Family","Trip to remember!","The tour was breathtaking. We had to delay our 10 am trip because of low cloud coverage and rain. They were able to accommodate us on a later flight and an alternate path. We are so grateful for the experience and the flexibility of the entire team. We felt safe the whole time and enjoyed the music and history of the area. We would definitely recommend doing this tour!","Family","0","https://media-cdn.tripadvisor.com/media/photo-m/1280/2c/d7/a3/0c/caption.jpg
https://media-cdn.tripadvisor.com/media/photo-w/2c/d7/a3/0b/caption.jpg
https://media-cdn.tripadvisor.com/media/photo-w/2c/d7/a3/09/caption.jpg","Written July 13, 2024","This review is the subjective opinion of a Tripadvisor member and not of Tripadvisor LLC."
"patrick t","https://www.tripadvisor.com/Profile/patrickt96","https://media-cdn.tripadvisor.com/media/photo-o/1a/f6/ef/32/default-avatar-2020-12.jpg","Solon, OH","3","","Misty Fjord","Riding a seaplane for the first time was interesting.  The sights during the 90 minute flight were okay, not amazing.  Landing during the trip and getting out added a little to the experience, not much.<br /><br />I would not recommend this tour because of the cost vs. the experience.<br /><br />The administration and pilot were very good.","","0","","Written July 12, 2024","This review is the subjective opinion of a Tripadvisor member and not of Tripadvisor LLC."
"Tom T","https://www.tripadvisor.com/Profile/L7460MLtomt","https://media-cdn.tripadvisor.com/media/photo-o/1a/f6/e7/99/default-avatar-2020-57.jpg","","5","Jul 2024 • Family","Awesome experience!","Terrific way to see Alaska. My 2 granddaughters, age 15 and 17, said it was their favorite excursion by far. The pilot gave us good insights on what we were seeing. He landed the plane and pulled up close enough to land that we could hop right off -no problem. I got to sit in the co-pilot seat which was awesome. Photos and videos were gorgeous. The take-offs and landings were smoother than on land flights. Don’t miss this chance of a lifetime. Sea Wind makes all the connections and tour easy. This is a local, Alaskan company that is top rated.","Family","0","https://media-cdn.tripadvisor.com/media/photo-w/2c/d2/d5/d1/caption.jpg
https://media-cdn.tripadvisor.com/media/photo-w/2c/d2/d5/d0/caption.jpg
https://media-cdn.tripadvisor.com/media/photo-m/1280/2c/d2/d5/cf/caption.jpg","Written July 11, 2024","This review is the subjective opinion of a Tripadvisor member and not of Tripadvisor LLC."
"Ana S","https://www.tripadvisor.com/Profile/K345HSanas","https://media-cdn.tripadvisor.com/media/photo-o/1a/f6/e8/91/default-avatar-2020-62.jpg","","5","Jul 2024 • Couples","NOT LOST","Excellent service<br />Amazing landscapes by the fjords with water stop<br />I highly recommend this tour of the Misty Fjords with Seawind","Couples","0","","Written July 11, 2024","This review is the subjective opinion of a Tripadvisor member and not of Tripadvisor LLC."
"H G","https://www.tripadvisor.com/Profile/hgranade","https://media-cdn.tripadvisor.com/media/photo-o/1a/f6/f3/e4/default-avatar-2020-30.jpg","Morristown, New Jersey","5","Jul 2024 • Couples","There’s a reason this is 5 star.","I just want to echo the majority of these reviews. Communication/coordination was super easy and the trip itself was simply spectacular. We had an excursion cancel the day before in Skagway so we decided at the last minute to splurge on this tour for our last day in Alaska. Turns out this is the one excursion that should have been an absolute lock. Yeah, I was iffy on the price for such a short trip. I was wrong. This flight is what I will talk about for years when I recount my Alaska trip. Anthony was our pilot and he was super informative.  Leslie was the coordinator and I was big time nervous about making it back to the remote Norwegian dock on time.  They listened to my concerns and explained exactly what would happen, and it happened EXACTLY that way. We landed at 5:00 for a last shuttle at 5:30 and it was NO PROBLEM. Made it in plenty of time. (Note: non-Norwegian cruises dock right there nearby so they don’t have to worry about the shuttle back). <br /><br />Being greeted back by the golden retriever at the end of the tour is a pure bonus.","Couples","0","https://media-cdn.tripadvisor.com/media/photo-w/2c/c5/e8/e0/caption.jpg
https://media-cdn.tripadvisor.com/media/photo-w/2c/c5/e8/df/caption.jpg
https://media-cdn.tripadvisor.com/media/photo-w/2c/c5/e8/de/caption.jpg
https://media-cdn.tripadvisor.com/media/photo-w/2c/c5/e8/dd/caption.jpg
https://media-cdn.tripadvisor.com/media/photo-w/2c/c5/e8/dc/caption.jpg
https://media-cdn.tripadvisor.com/media/photo-w/2c/c5/e8/db/caption.jpg
https://media-cdn.tripadvisor.com/media/photo-w/2c/c5/e8/da/caption.jpg","Written July 6, 2024","This review is the subjective opinion of a Tripadvisor member and not of Tripadvisor LLC."
"Luciano A","https://www.tripadvisor.com/Profile/lucianoaN1588XP","https://media-cdn.tripadvisor.com/media/photo-o/1a/f6/e3/1f/default-avatar-2020-46.jpg","","5","Jun 2024 • Solo","Bucket List Experience for Sure","This company was Amazing from the time you enter their small building. They had a variety of stuffed animals on display. Extremely friendly and very professional outfit. They will pick you up from the downtown port area. And the experience of getting high up and ""Flight seeing"" was Bucket list worthy, Spectacular and Amazing. Then the pilot landed on a mountain lake and we got to stand on the pontune of the plane. I Just cannot say enough about the company and the experience. They also have two golden retrievers on property, one of which Loves to swim in the ocean.","Solo","0","https://media-cdn.tripadvisor.com/media/photo-w/2c/c0/36/02/caption.jpg
https://media-cdn.tripadvisor.com/media/photo-w/2c/c0/36/01/caption.jpg
https://media-cdn.tripadvisor.com/media/photo-w/2c/c0/36/00/caption.jpg","Written July 4, 2024","This review is the subjective opinion of a Tripadvisor member and not of Tripadvisor LLC."
"Sherilyn L","https://www.tripadvisor.com/Profile/508sherril","https://media-cdn.tripadvisor.com/media/photo-o/1a/f6/f2/59/default-avatar-2020-24.jpg","LaGrange, IN","5","","DO IT!!! YOU WILL NEVER SEE THE MISTY FJORDS LIKE THIS ON A CRUISE SHIP!!","DO IT!!! You will never see Alaska like this on a cruise ship!!! <br /><br />It's worth every penny you spend!!! <br /><br />Our pilot was a local native and has a vast mental library of knowledge that he freely shares!<br /><br /> We took my mobilty and health-impaired moms on this excursion to which the staff were very understanding and accommodating. Leslie picked us up, not even an 8th of a mile from the cruise ship port. So convenient!<br /><br />High quality plane with a high quality staff and pilot!!!<br /><br />DO IT!!!!","","0","https://media-cdn.tripadvisor.com/media/photo-m/1280/2c/bf/91/c7/caption.jpg
https://media-cdn.tripadvisor.com/media/photo-m/1280/2c/bf/91/c6/caption.jpg
https://media-cdn.tripadvisor.com/media/photo-m/1280/2c/bf/91/c5/caption.jpg
https://media-cdn.tripadvisor.com/media/photo-m/1280/2c/bf/91/c4/caption.jpg","Written July 4, 2024","This review is the subjective opinion of a Tripadvisor member and not of Tripadvisor LLC."
"roper84","https://www.tripadvisor.com/Profile/roper84","https://media-cdn.tripadvisor.com/media/photo-s/02/98/17/42/roper84.jpg","Memphis, TN","5","Jun 2024 • Couples","Fantastic Flight, Fabulous Scenery, Great Operation.","Fantastic trip.  Very professional, but friendly too.  Picked us up and dropped us off from the cruise terminal.  Beautiful views that were out of this world.  Got to land on a remote lake and get out to take in the Natural Grandeur. Greeted by the two golden retrievers upon our return.  Highly recommend.","Couples","0","","Written July 2, 2024","This review is the subjective opinion of a Tripadvisor member and not of Tripadvisor LLC."
"Ralph_Laraine","https://www.tripadvisor.com/Profile/Ralph_Laraine","https://media-cdn.tripadvisor.com/media/photo-o/1a/f6/e9/60/default-avatar-2020-64.jpg","La Mesa, CA","5","Jun 2024 • Couples","Thrilling view of the Misty Fjords National Monument.","A thrilling sight seeing tour. Our pilot was very professional and friendly. The views from the air (not very high) were amazing. We had a drizzly day and it actually made the fjords cool looking. The pickup and drop off were seamless. Right on time. We had to reschedule from an earlier date because of a conflict. They were super responsive of our needs and rescheduled at a time we could go.","Couples","0","https://media-cdn.tripadvisor.com/media/photo-m/1280/2c/b6/da/71/caption.jpg
https://media-cdn.tripadvisor.com/media/photo-m/1280/2c/b6/da/70/caption.jpg
https://media-cdn.tripadvisor.com/media/photo-w/2c/b6/da/6f/caption.jpg","Written June 30, 2024","This review is the subjective opinion of a Tripadvisor member and not of Tripadvisor LLC."
"Joy Barber","https://www.tripadvisor.com/Profile/joysbarber","https://media-cdn.tripadvisor.com/media/photo-o/1a/f6/f2/b8/default-avatar-2020-26.jpg","Nags Head, NC","5","","Memorable experience!","My teen daughters and I had a wonderful flight!  We will remember the experience for years to come.  Wonderful people to do business with!","","0","https://media-cdn.tripadvisor.com/media/photo-w/2c/b4/90/ca/caption.jpg
https://media-cdn.tripadvisor.com/media/photo-w/2c/b4/90/c9/caption.jpg
https://media-cdn.tripadvisor.com/media/photo-m/1280/2c/b4/90/c8/caption.jpg","Written June 29, 2024","This review is the subjective opinion of a Tripadvisor member and not of Tripadvisor LLC."
"Susan E","https://www.tripadvisor.com/Profile/susaneO1372CX","https://media-cdn.tripadvisor.com/media/photo-o/1a/f6/e3/1f/default-avatar-2020-46.jpg","","5","Jun 2024 • Couples","Misty Fjords with SeaWind Aviation - SPECTACULAR","Loved this tour!  We received a 'reminder' text the day before our tour and again the morning of the flight which gave us peace of mind knowing that our tour was on schedule.  Everyone at SeaWind were friendly and engaging.  Our flight captain provided commentary throughout the flight.  A highlight was the tight turn within a  mountain range in order to land on one of the lakes.  The scenery was spectacular.  Photo's don't do it justice.  We were fortunate that the weather cooperated as Juneau receives 12.5 feet of rain annually, but on this day, we had a mix of sun and cloud. The lakes were like glass.  Misty Fjords with SeaWind Aviation was top-notch.","Couples","0","","Written June 29, 2024","This review is the subjective opinion of a Tripadvisor member and not of Tripadvisor LLC."
"alexglen2016","https://www.tripadvisor.com/Profile/alexglen2016","https://media-cdn.tripadvisor.com/media/photo-o/1a/f6/ef/9c/default-avatar-2020-14.jpg","Charleston, SC","5","Jun 2024 • Family","Amazing trip!","Best part of our family Alaskan cruise.  The views were astounding!  Our pilot, Rick , was very experienced and informative. The staff was great. An amazing adventure.","Family","0","https://media-cdn.tripadvisor.com/media/photo-w/2c/b0/7b/82/caption.jpg","Written June 28, 2024","This review is the subjective opinion of a Tripadvisor member and not of Tripadvisor LLC."
"Amy F","https://www.tripadvisor.com/Profile/BoardingPass102487","https://media-cdn.tripadvisor.com/media/photo-o/1a/f6/e2/11/default-avatar-2020-41.jpg","","5","Jun 2024 • Family","Beautiful tour from the air!","The scenery and views from the plane were amazing. Max was a great pilot, and handled everything confidently. He did a great job of explaining some of the things we saw. Landing on the lake was incredible! What a great experience!","Family","0","","Written June 26, 2024","This review is the subjective opinion of a Tripadvisor member and not of Tripadvisor LLC."
"Laura","https://www.tripadvisor.com/Profile/Explore57564219155","https://media-cdn.tripadvisor.com/media/photo-o/1a/f6/f0/48/default-avatar-2020-15.jpg","Dewey, AZ","5","","Truly spectacular!!","Lesley was amazing in emailing us details as they changed. We also called on the day of our trip and she kept us informed as to where they would pick us up for our tour. As they were down a plane due to issues they arranged for us to fly with Timber in his Cessna. It was the three of us with him and he had our grandson sit up front with him. He explained all the instruments to our grandson and have us a great tour. We landed on a beautiful lake, got out and walk around before the flight back. As we were flying back I seen a black bear on the ice, Timber turned the plane around so that everyone could see and the bear had moved to the rocks, but everyone else was able to see the bear. It was a very clear sunny day, so no mist but we loved every minute.","","0","","Written June 25, 2024","This review is the subjective opinion of a Tripadvisor member and not of Tripadvisor LLC."
"Rahul M","https://www.tripadvisor.com/Profile/rahulmV6154AU","","","1","Jun 2024 • Friends","Disappointing Experience and Lack of Professionalism","I had booked the Misty Fjords flightseeing tour for 1.5 hours with a landing, along with 8 other friends and family members, nearly 90 days in advance. However, my experience with SeaWind Aviation was a nightmare.<br /><br />Less than 12 hours before my scheduled departure, I received an email informing me that my flight had been changed from 9:30 AM to 10:30 AM, and instead of the 1.5-hour tour with a landing that I had booked, it was now a 1-hour tour. To make matters worse, my friends were given different flight times, separating our group.<br /><br />When I tried to contact Lesley, our point of contact, she was unhelpful and suggested canceling for a full refund instead of resolving the issue or providing a reasonable explanation for the changes.<br /><br />I am extremely disappointed with SeaWind Aviation's lack of professionalism and their failure to honor the tour package I had booked and paid for well in advance. Changing the tour details at the last minute and separating our group without proper communication or justification is unacceptable.<br /><br />I would not recommend SeaWind Aviation to anyone seeking a reliable and professional flightseeing experience in the Misty Fjords area.","Friends","0","","Written June 24, 2024","This review is the subjective opinion of a Tripadvisor member and not of Tripadvisor LLC."
"Kate C","https://www.tripadvisor.com/Profile/R8215QEkatec","","Stuart, FL","5","Jun 2024 • Family","Spectacular","This was a 10 out of 10 experience! Our pilot, Sol, is a native to the area, very experienced, and he had some great stories to tell while we were flying over the Misty Fjords. I can’t thank him enough for being a part of my family’s experience on a seaplane. ❤️","Family","0","https://media-cdn.tripadvisor.com/media/photo-m/1280/2c/a3/88/0f/caption.jpg","Written June 22, 2024","This review is the subjective opinion of a Tripadvisor member and not of Tripadvisor LLC."
"Kevin E","https://www.tripadvisor.com/Profile/604kevine","https://media-cdn.tripadvisor.com/media/photo-o/1a/f6/e9/60/default-avatar-2020-64.jpg","","5","Jun 2024 • Family","Simply AMAZING!","What an absolute AMAZING experience.  We booked this flight outing not with Princess.  We took a little gamble.  It paid off!  This was the high point of our trip, which was great!","Family","0","","Written June 20, 2024","This review is the subjective opinion of a Tripadvisor member and not of Tripadvisor LLC."
"Abby N","https://www.tripadvisor.com/Profile/320abbyn","https://media-cdn.tripadvisor.com/media/photo-o/1a/f6/e4/2d/default-avatar-2020-48.jpg","","5","Jun 2024 • Family","Beautiful scenery with fun pilot","The Misty Fjords flight tour was simply amazing! Great views and Max our pilot was great! He Took his time explaining the scenery and making sure we all had a great experience. I would highly recommend this tour! It’s some of the most beautiful scenery I have ever seen.","Family","0","https://media-cdn.tripadvisor.com/media/photo-m/1280/2c/99/dc/ea/caption.jpg
https://media-cdn.tripadvisor.com/media/photo-m/1280/2c/99/dc/e9/caption.jpg
https://media-cdn.tripadvisor.com/media/photo-w/2c/99/dc/e8/caption.jpg","Written June 18, 2024","This review is the subjective opinion of a Tripadvisor member and not of Tripadvisor LLC."
"Jerry D","https://www.tripadvisor.com/Profile/jerryd898","https://media-cdn.tripadvisor.com/media/photo-o/1a/f6/f1/42/default-avatar-2020-20.jpg","Hilton Head, SC","5","","Best flight seeing ever","The flight was beautiful and the weather was a wonder. We landed in a remote area which was stunning to say the least. The pilot was skilled and informative. Best part of our trip","","0","https://media-cdn.tripadvisor.com/media/photo-w/2c/96/0d/3e/caption.jpg
https://media-cdn.tripadvisor.com/media/photo-w/2c/96/0d/3d/caption.jpg
https://media-cdn.tripadvisor.com/media/photo-w/2c/96/0d/3c/caption.jpg
https://media-cdn.tripadvisor.com/media/photo-m/1280/2c/96/0d/3b/caption.jpg
https://media-cdn.tripadvisor.com/media/photo-m/1280/2c/96/0d/3a/caption.jpg
https://media-cdn.tripadvisor.com/media/photo-m/1280/2c/96/0d/39/caption.jpg
https://media-cdn.tripadvisor.com/media/photo-w/2c/96/0d/38/caption.jpg","Written June 16, 2024","This review is the subjective opinion of a Tripadvisor member and not of Tripadvisor LLC."
"Perry W","https://www.tripadvisor.com/Profile/87perryw","https://media-cdn.tripadvisor.com/media/photo-o/1a/f6/ef/32/default-avatar-2020-12.jpg","","5","May 2024 • Couples","Ketchikan Sea Plane Discovery","The ease of getting to the site from ship was VERY eas y (short walk).  The pilot and office were friendly and helpful.  The flight was AMAZING and the pilot did a great job telling history, sites and folktales...LOVED IT .... great views of cliffs, Fjords, lakes and forest.<br />We even landed on a small lake and had time to see the shore line and seclusion.<br />Best Excurion I have ever been on in my 30 years of cruising.  5+ stars","Couples","0","","Written June 13, 2024","This review is the subjective opinion of a Tripadvisor member and not of Tripadvisor LLC."
"SayMoi9","https://www.tripadvisor.com/Profile/SayMoi9","","Bellevue, WA","5","Jun 2024 • Couples","Just Incredible","What an experience! We did 90 minutes with a stopover. Our pilot Sol was absolutely excellent. My favorite moment was passing up between mountains over a gushing waterfall and then over the lake above that flowed down. I also enjoyed circling over a whale, which gave a very different perspective on it and its size than seeing it from the side, and following goats up a hillside. Every moment was magical and unforgettable. I never stopped taking photos and vids because it was all so beautiful and I wanted these beautiful memories that would last longer. The stopover was well worth it, not because it was especially interesting, but because it broke up the experience and made it feel varied and longer.","Couples","0","","Written June 9, 2024","This review is the subjective opinion of a Tripadvisor member and not of Tripadvisor LLC."
"Linda H","https://www.tripadvisor.com/Profile/375lindah","https://media-cdn.tripadvisor.com/media/photo-m/1280/22/ac/2e/14/375lindah.jpg","","5","","Absolute best thing I did on my Alaska  cruise.","Incredible !   This tour is a must do.  I’d give it 6 stars if I could.   Stunning up close view of the mountains  fjords and wildlife.   We landed at the base of a waterfall and were able to get out on shore for some great photos and a walk about.  <br />Highly highly recommend this tour and this company.   They were wonderful.","","0","https://media-cdn.tripadvisor.com/media/photo-m/1280/2c/81/2b/05/caption.jpg
https://media-cdn.tripadvisor.com/media/photo-w/2c/81/2b/04/caption.jpg
https://media-cdn.tripadvisor.com/media/photo-m/1280/2c/81/2b/03/caption.jpg
https://media-cdn.tripadvisor.com/media/photo-m/1280/2c/81/2b/02/caption.jpg
https://media-cdn.tripadvisor.com/media/photo-m/1280/2c/81/2b/01/caption.jpg
https://media-cdn.tripadvisor.com/media/photo-m/1280/2c/81/2b/00/caption.jpg","Written June 7, 2024","This review is the subjective opinion of a Tripadvisor member and not of Tripadvisor LLC."
"haygirl16","https://www.tripadvisor.com/Profile/haygirl16","https://media-cdn.tripadvisor.com/media/photo-o/10/5c/27/b6/haygirl16.jpg","Rogers, TX","5","May 2024 • Friends","Seaplane filled","This was the best view of Alaska and an amazing experience.  So glad we did this. Breathtaking. Easy to book with our large group.","Friends","0","https://media-cdn.tripadvisor.com/media/photo-m/1280/2c/79/d9/b0/caption.jpg
https://media-cdn.tripadvisor.com/media/photo-m/1280/2c/79/d9/af/caption.jpg","Written June 3, 2024","This review is the subjective opinion of a Tripadvisor member and not of Tripadvisor LLC."
"WLifeMan","https://www.tripadvisor.com/Profile/WLifeMan","https://media-cdn.tripadvisor.com/media/photo-s/01/51/0f/b4/wlifeman.jpg","Tampa","5","May 2024 • Friends","Seaplane to Misty Fjord's National Monument on SeaWind is a must do","SeaWind Aviation was an excellent tour out of Ketchikan, AK. Earlier we had taken a helicopter ride to a glacier that was a wonderful experience as well.  But to see Misty Fjords National Monument and be the only people there was something especial.  We did this as a stand-alone tour, not through the ship.  They were excellent. We all enjoyed it and said it was one of the highlights of our Alaska Adventure.","Friends","0","https://media-cdn.tripadvisor.com/media/photo-m/1280/2c/73/10/05/caption.jpg
https://media-cdn.tripadvisor.com/media/photo-m/1280/2c/73/0f/e7/caption.jpg
https://media-cdn.tripadvisor.com/media/photo-m/1280/2c/73/0f/cc/caption.jpg
https://media-cdn.tripadvisor.com/media/photo-m/1280/2c/73/0f/bf/caption.jpg","Written June 1, 2024","This review is the subjective opinion of a Tripadvisor member and not of Tripadvisor LLC."
"caroline b","https://www.tripadvisor.com/Profile/carolinebU9113OR","https://media-cdn.tripadvisor.com/media/photo-o/1a/f6/f1/06/default-avatar-2020-18.jpg","","5","May 2024 • Friends","Highlight of our trip!","The views were absolutely stunning, and the staff was amazing as well. Definitely the highlight of our week in Ketchikan. Pilot has some fire aux skills as well!","Friends","0","https://media-cdn.tripadvisor.com/media/photo-w/2c/70/3d/db/caption.jpg
https://media-cdn.tripadvisor.com/media/photo-w/2c/70/3d/da/caption.jpg
https://media-cdn.tripadvisor.com/media/photo-w/2c/70/3d/d9/caption.jpg
https://media-cdn.tripadvisor.com/media/photo-w/2c/70/3d/d8/caption.jpg
https://media-cdn.tripadvisor.com/media/photo-w/2c/70/3d/d7/caption.jpg
https://media-cdn.tripadvisor.com/media/photo-w/2c/70/3d/d6/caption.jpg
https://media-cdn.tripadvisor.com/media/photo-w/2c/70/3d/d5/caption.jpg
https://media-cdn.tripadvisor.com/media/photo-m/1280/2c/70/3d/d4/caption.jpg","Written May 31, 2024","This review is the subjective opinion of a Tripadvisor member and not of Tripadvisor LLC."
"Lisa B","https://www.tripadvisor.com/Profile/J3494DRlisab","https://media-cdn.tripadvisor.com/media/photo-o/1a/f6/f1/b8/default-avatar-2020-22.jpg","Richardson, TX","5","May 2024 • Friends","Fantastic experience on our Misty Fjords flightseeing trip!","We had a fantastic experience on our Misty Fjords flightseeing trip! <br /><br />Before we even booked our tour Lesley was so great at answering the many questions we had for our group of six. We were gifted a gorgeous sunny day for our flight and had a great trip with Pilot Steve. He was very knowledgeable about the area wildlife and their habitats. We each had a window seat, and my husband was even able to ride in the front with Steve. Landing on the fjord was incredible.<br /><br />Do not hesitate to book this tour with SeaWind - one of the top highlights of our Alaska trip!","Friends","0","https://media-cdn.tripadvisor.com/media/photo-o/2c/6d/54/6a/caption.jpg
https://media-cdn.tripadvisor.com/media/photo-o/2c/6d/54/69/caption.jpg
https://media-cdn.tripadvisor.com/media/photo-o/2c/6d/54/68/caption.jpg
https://media-cdn.tripadvisor.com/media/photo-o/2c/6d/54/67/caption.jpg
https://media-cdn.tripadvisor.com/media/photo-o/2c/6d/54/66/caption.jpg","Written May 29, 2024","This review is the subjective opinion of a Tripadvisor member and not of Tripadvisor LLC."
"Howard W","https://www.tripadvisor.com/Profile/howardwL1141MT","https://media-cdn.tripadvisor.com/media/photo-o/1a/f6/e8/91/default-avatar-2020-62.jpg","","5","May 2024 • Family","A Float-plane is great way to see Alaska.  Great experience","The flight was high point of the entire cruise.  Absolutely stunning to be flying among a maze of 1000 foot cliffs.  Great landing on a mountain lake where the water was so clear you could see fish 15 feet down. <br /><br />The staff was friendly and the pilot very competent.  If you want to really see Alaska, a seaplane is one of the best ways to get a feel for the majesty of the land, and I highly recommend SeaWind","Family","0","","Written May 23, 2024","This review is the subjective opinion of a Tripadvisor member and not of Tripadvisor LLC."
"Tinkerman","https://www.tripadvisor.com/Profile/Lenfb","","Strasburg, PA","5","May 2024 • Family","Fantastic family owned and operated, the best float plane tours in Ketchikan !","This was a fantastic flight and tour with a very professional pilot, I have flown with Seawind before and have had nothing but an amazing time. This is a local family-owned tour operation, and they will give you the best in personal attention and recommendations for a wonderful tour. As a pilot i highly recommend this wonderful experience with this family-owned adventure! Beautiful mountains and you maybe even will see a whale from below ! Tell them Len sent you !","Family","0","https://media-cdn.tripadvisor.com/media/photo-o/2c/3e/f3/1f/caption.jpg
https://media-cdn.tripadvisor.com/media/photo-o/2c/3e/f3/0d/caption.jpg
https://media-cdn.tripadvisor.com/media/photo-o/2c/3e/f3/0c/caption.jpg
https://media-cdn.tripadvisor.com/media/photo-o/2c/3e/f3/0b/caption.jpg
https://media-cdn.tripadvisor.com/media/photo-o/2c/3e/f3/09/caption.jpg","Written May 22, 2024","This review is the subjective opinion of a Tripadvisor member and not of Tripadvisor LLC."
"Len F","https://www.tripadvisor.com/Profile/947lenf","https://media-cdn.tripadvisor.com/media/photo-o/1a/f6/eb/e3/default-avatar-2020-59.jpg","","5","","Best Sea Plane tour in Ketchikan","This is a wonderful family owned operation and with  very professional pilots and fully inspected and well maintained aircraft   As a professional pilot myself I would not consider flying with anyone else , Sea Wind Avaition will provide you with a great flight and fun time , I have flown with them before and will continue to give them 5+ stars for a fantastic adventure flight , tell them Len sent you ! They are the best.","","0","https://media-cdn.tripadvisor.com/media/photo-m/1280/2c/38/00/b4/caption.jpg
https://media-cdn.tripadvisor.com/media/photo-m/1280/2c/38/00/b3/caption.jpg
https://media-cdn.tripadvisor.com/media/photo-m/1280/2c/38/00/b2/caption.jpg
https://media-cdn.tripadvisor.com/media/photo-w/2c/38/00/b1/caption.jpg
https://media-cdn.tripadvisor.com/media/photo-w/2c/38/00/b0/caption.jpg
https://media-cdn.tripadvisor.com/media/photo-m/1280/2c/38/00/af/caption.jpg
https://media-cdn.tripadvisor.com/media/photo-m/1280/2c/38/00/ae/caption.jpg
https://media-cdn.tripadvisor.com/media/photo-m/1280/2c/38/00/ad/caption.jpg","Written May 19, 2024","This review is the subjective opinion of a Tripadvisor member and not of Tripadvisor LLC."
"Windy S","https://www.tripadvisor.com/Profile/windys624","https://media-cdn.tripadvisor.com/media/photo-o/1a/f6/f1/b8/default-avatar-2020-22.jpg","","5","May 2024 • Couples","Best experience of our Alaskan cruise!","This was the highlight of our Alaska cruise! The pictures can't even do it justice. Steven, the pilot, shared lots of great info and took us over the most amazing sights. When we passed over a whale, he circled once so everyone could see it. Same thing when he spotted a black bear eating dandelions! Leanne, the shuttle driver, was sweet as can be. And their dog was so friendly and adorable. If you can only afford one shore excursion during your cruise, do this one!!!","Couples","0","https://media-cdn.tripadvisor.com/media/photo-w/2c/30/36/7f/caption.jpg
https://media-cdn.tripadvisor.com/media/photo-m/1280/2c/30/36/5e/caption.jpg","Written May 15, 2024","This review is the subjective opinion of a Tripadvisor member and not of Tripadvisor LLC."
"rms192","https://www.tripadvisor.com/Profile/rms192","https://media-cdn.tripadvisor.com/media/photo-o/1a/f6/e8/5b/default-avatar-2020-61.jpg","London, Canada","5","May 2024 • Couples","Amazing views and great customer service","This was an excellent trip through the fjords, despite the cloudy, rainy day.  It does rain 200 days a year in Ketchikan, so we were not surprised. Lesley worked with us as we tried to sort out an itinerary conflict which she brought to our attention and made sure that we were able to enjoy this excursion and get back to the ship in time.","Couples","0","https://media-cdn.tripadvisor.com/media/photo-m/1280/2c/2a/80/3a/caption.jpg
https://media-cdn.tripadvisor.com/media/photo-w/2c/2a/80/39/caption.jpg","Written May 13, 2024","This review is the subjective opinion of a Tripadvisor member and not of Tripadvisor LLC."
"K & J","https://www.tripadvisor.com/Profile/KeeeeWeeeee","https://media-cdn.tripadvisor.com/media/photo-m/1280/2a/d7/dd/4f/caption.jpg","Bath, OH","5","","A+ BREATHTAKING","This was a very lovely relaxing experience <br />I have severe motion sickness and somehow did not barf all over everyone <br />The views were absolutely breathtaking <br />The pilot was knowledgeable and safe and talked just enough to give you info but not distract your zen<br />The office was clean and new and their two dogs were icing on the cake- such sweet babies! <br />I would absolutely recommend this company (over the others) because the others did not inspire confidence.. I kept thinking …<br />“That guy is taking people in a plane?!”<br />Ignore the weirdo guy and just book with these guys- there IS a difference","","0","https://media-cdn.tripadvisor.com/media/photo-w/2b/db/e5/3f/caption.jpg","Written April 13, 2024","This review is the subjective opinion of a Tripadvisor member and not of Tripadvisor LLC."
"anneris52017","https://www.tripadvisor.com/Profile/anneris52017","https://media-cdn.tripadvisor.com/media/photo-o/1a/f6/7c/01/default-avatar-2020-5.jpg","Miami, FL","5","Aug 2023 • Couples","DO IT","Highlight of our trip.  Everything you read in all the other positive reveiws is accurate.  Book this you will not regret it.   Bucket list flight.  Easy to get to, easy and smooth to get on and get off.  Beautiful!  Friendly staff","Couples","0","","Written April 3, 2024","This review is the subjective opinion of a Tripadvisor member and not of Tripadvisor LLC."
"ddstew03","https://www.tripadvisor.com/Profile/ddstew03","https://media-cdn.tripadvisor.com/media/photo-o/1a/f6/7c/01/default-avatar-2020-5.jpg","","5","Sep 2023 • Couples","100% Yes","Amazing trip! Would definitely recommend and do again. Lovely pilot and perfect landing and cruising. Once he heard we were interested in wildlife it became a Find Waldo adventure in addition to taking in the breathtaking views. Wonderful!","Couples","0","","Written January 9, 2024","This review is the subjective opinion of a Tripadvisor member and not of Tripadvisor LLC."
"Joanne F","https://www.tripadvisor.com/Profile/N8388CMjoannef","https://media-cdn.tripadvisor.com/media/photo-o/1a/f6/f3/e4/default-avatar-2020-30.jpg","","5","Aug 2023 • Family","Wonderful Alaska Experience","This is a wonderful excursion. My grandson was allowed to ride ""co-pilot""(a highlight of his Alaska trip) The plane ride to the viewing area was beautiful, our naturalist guide was most definitely an ""original"": knowledgeable, independent and just plain fun. Best of all, we saw fishing bears!! We recommend it highly","Family","0","","Written November 2, 2023","This review is the subjective opinion of a Tripadvisor member and not of Tripadvisor LLC."
"Panteradog","https://www.tripadvisor.com/Profile/Panteradog","https://media-cdn.tripadvisor.com/media/photo-o/1a/f6/e5/66/default-avatar-2020-53.jpg","Albuquerque, NM","5","Oct 2023 • Couples","Awesome!","The views were unbelievable. The pilot and staff were extremely professional. One of the best experiences of our lives. ","Couples","0","https://media-cdn.tripadvisor.com/media/photo-w/2a/a4/a0/7f/caption.jpg
https://media-cdn.tripadvisor.com/media/photo-w/2a/a4/a0/7e/caption.jpg
https://media-cdn.tripadvisor.com/media/photo-m/1280/2a/a4/a0/7d/caption.jpg","Written October 21, 2023","This review is the subjective opinion of a Tripadvisor member and not of Tripadvisor LLC."
"Fred P","https://www.tripadvisor.com/Profile/601fredp","https://media-cdn.tripadvisor.com/media/photo-o/1a/f6/e9/bb/default-avatar-2020-65.jpg","Sedona, AZ","5","Sep 2023 • Family","Alaska flight and two Golden Retrievers."," This was a great experience.  We were originally scheduled for the Bear Viewing trip but they called us and said it was getting too late for bears - would we like to cancel or switch to Misty Fjords, which is what we opted for. When we first arrived it was raining with low ceilings.  So we waited around for a bit with the owners two goldens.  After the weather cleared we had a terrific flight into the fjords are with a landing at a lake.  Got out and walked the pontoon for a while and then took off for more sightseeing through the fjord area.  Never knew seaplane takeoffs and landings could be so smooth.  Even my wife, who was a little apprehensive felt safe and had a great time. Flying that low over the landscape gave you a wonderful opportunity for sightseeing and pictures.  The owners are a husband and wife team that went the extra mile to make this an unforgettable Alaska experience.  Top that off with two Golden retrievers in the lobby! ","Family","0","https://media-cdn.tripadvisor.com/media/photo-w/2a/a2/93/3f/caption.jpg
https://media-cdn.tripadvisor.com/media/photo-w/2a/a2/93/3e/caption.jpg
https://media-cdn.tripadvisor.com/media/photo-m/1280/2a/a2/93/3d/caption.jpg","Written October 20, 2023","This review is the subjective opinion of a Tripadvisor member and not of Tripadvisor LLC."
"Elizabeth G","https://www.tripadvisor.com/Profile/W2225UMelizabethg","https://media-cdn.tripadvisor.com/media/photo-o/1a/f6/e2/e6/default-avatar-2020-45.jpg","","5","Sep 2023 • Couples","Amazing trip, Highly recommend!!","We did the 1.5 hr Misty Fjords w/ landing at 8 am on 9/14. The trip start to finish was a once in a lifetime experience. This company is family run and it really shows! They take everything seriously so you feel safe. We had a bit of wind the morning of so we waited to make sure we were in the clear. They said if it starts to seem dangerous they were going to head right back. Turns out we had the best time! We landed in the middle of the fjords and bear watched. Our pilot was extremely informative and was happy being our photographer when we landed- he took the best pictures of us! Thank you so much. We’re going home and telling all our friends that they need to do this excursion while in Ketchikan- it was the trip of a lifetime! They even dropped us off right at creek street after our excursion ended so that we could enjoy walking around before heading back to our ship. Thank you!!","Couples","0","https://media-cdn.tripadvisor.com/media/photo-w/2a/57/50/bc/caption.jpg
https://media-cdn.tripadvisor.com/media/photo-w/2a/57/50/bb/caption.jpg
https://media-cdn.tripadvisor.com/media/photo-w/2a/57/50/ba/caption.jpg
https://media-cdn.tripadvisor.com/media/photo-w/2a/57/50/b9/caption.jpg
https://media-cdn.tripadvisor.com/media/photo-w/2a/57/50/b8/caption.jpg
https://media-cdn.tripadvisor.com/media/photo-w/2a/57/50/b7/caption.jpg","Written September 15, 2023","This review is the subjective opinion of a Tripadvisor member and not of Tripadvisor LLC."
"Lynne W","https://www.tripadvisor.com/Profile/H4311ZRlynnew","","","5","Sep 2023 • Solo","Seaplane and bears! Fantastic experience with Seawind Aviation.","Fantastic trip from start to finish. All staff were fun, friendly and informative and I learnt so much from our guide while she took us to the place we would see the bears. <br /><br />I'd definitely receommend this tour, or any tour with Seawind - I felt very looked after from the moment I called to check that the tour would work with my cruise ship itinerary. 10/10 service!","Solo","0","","Written September 14, 2023","This review is the subjective opinion of a Tripadvisor member and not of Tripadvisor LLC."
"Dbrhwalter","https://www.tripadvisor.com/Profile/Dbrhwalter","https://media-cdn.tripadvisor.com/media/photo-o/1a/f6/e9/60/default-avatar-2020-64.jpg","Cortland, NY","5","","A Great Experience","My friend booked this as an excursion in Ketchikan for our cruise. There were 10 of us and it was amazing. Jackie picked us up and she was great ( also being a Buffalo Bills fan due to her nephew playing on the team and most of us were Bills fans made it fun and great conversation) Steve our pilot was awesome too. He was very knowledgeable. I highly recommend Sea Wind Aviation!","","0","https://media-cdn.tripadvisor.com/media/photo-m/1280/2a/53/26/33/caption.jpg","Written September 13, 2023","This review is the subjective opinion of a Tripadvisor member and not of Tripadvisor LLC."
"Joshua T","https://www.tripadvisor.com/Profile/joshuatZ8292KQ","https://media-cdn.tripadvisor.com/media/photo-o/1a/f6/ef/32/default-avatar-2020-12.jpg","","5","","Memorable experience","From start to finish, this Adventure was outstanding!   Staff, equipment and location was all 5 stars !   Would strongly recommend this excursion, the “ elevated lake landing” was a treat !","","0","https://media-cdn.tripadvisor.com/media/photo-m/1280/2a/50/80/6d/caption.jpg","Written September 12, 2023","This review is the subjective opinion of a Tripadvisor member and not of Tripadvisor LLC."
"crow330","https://www.tripadvisor.com/Profile/crow330","https://media-cdn.tripadvisor.com/media/photo-m/1280/16/7b/07/33/christine-r.jpg","New York City, NY","5","Aug 2023 • Family","Do not miss this one!","SeaWind Aviation - I'm not sure I can even give this company a good enough review!  I've never been more impressed by customer service, reliability and the excursion itself was just breathtaking.  I felt so taken care of with this company.  I traveled with my husband and our 8 year old daughter.  All three of us were very happy to have had such a unique experience.  Besides the easy sign up and communication with the company, they even made it seamless to get to their dock.  They picked us up right at our cruise ship and brought us to their very nice and comfortable facility that was complete with water station and beautiful, clean bathrooms.  We got onto the seaplane and the magic started before liftoff.  What a once in a lifetime experience!  We got a great tour of Misty Fjords and lots of information about the area.  You can see straight down through the convex windows - literally a bird's eye view.  We felt safe and it was exciting (although it was chilly in the seaplane - bring a sweater).  After the tour, we were driven right into town and told exactly how to get back to our cruise ship - it was really easy.  Touring with this company was seamless.  I'm not sure exactly, but it felt like a famliy run business that takes great pride in its company.  ","Family","0","","Written September 10, 2023","This review is the subjective opinion of a Tripadvisor member and not of Tripadvisor LLC."
"Tracy J","https://www.tripadvisor.com/Profile/tracyjY8808OH","https://media-cdn.tripadvisor.com/media/photo-o/1a/f6/e3/1f/default-avatar-2020-46.jpg","","5","Jun 2023 • Family","Amazing experience!","We had an amazing trip. This was a unplanned excursion for us on our cruise. We were concerned about accessibility for our daughter with special needs. Turned out to be not an issue, the staff were so helpful and accommodating. Wonderful experience, and would highly recommend.","Family","0","https://media-cdn.tripadvisor.com/media/photo-w/2a/4c/a0/a4/caption.jpg
https://media-cdn.tripadvisor.com/media/photo-m/1280/2a/4c/a0/a3/caption.jpg","Written September 10, 2023","This review is the subjective opinion of a Tripadvisor member and not of Tripadvisor LLC."
"Beth K","https://www.tripadvisor.com/Profile/746bethk","https://media-cdn.tripadvisor.com/media/photo-o/1a/f6/eb/6d/default-avatar-2020-19.jpg","","5","","Misty Fjords Flight","We first flew with Sea Wind in 2019 and when we decided we were coming back for another vacation to Alaska I new I had to look them up again and book!  Love that it’s a family owned business and they always make sure you have the best flight… even if that means adjusting your flight time (due to weather).  We’ve been lucky enough to fly with the owner each time and as we fly he tells us about the areas we are passing by. Just an all around great experience!  We will always fly with Sea Wind and you should too!!","","0","https://media-cdn.tripadvisor.com/media/photo-w/2a/4c/3e/2e/caption.jpg
https://media-cdn.tripadvisor.com/media/photo-w/2a/4c/3e/2d/caption.jpg
https://media-cdn.tripadvisor.com/media/photo-w/2a/4c/3e/2c/caption.jpg
https://media-cdn.tripadvisor.com/media/photo-w/2a/4c/3e/2b/caption.jpg","Written September 10, 2023","This review is the subjective opinion of a Tripadvisor member and not of Tripadvisor LLC."
"Lalalkatelalala","https://www.tripadvisor.com/Profile/lalalkatelalala","https://media-cdn.tripadvisor.com/media/photo-o/16/5e/d5/d9/caption.jpg","Ipswich, UK","5","Sep 2023 • Couples","Loved it!","Allow a few hours for this, but it’s so worth it! Made our trip to Alaska. Max our pilot was fantastic, pointing out spots on the way and looking for animals on the flight, the scenery was absolutely incredible. If you are considering this it’s definitely worth the money and you will not regret it! Highlight of our trip for sure! The playlist as we were flying was awesome too. Thank you!","Couples","0","https://media-cdn.tripadvisor.com/media/photo-m/1280/2a/4a/78/63/misty-fjords-flight-tour.jpg
https://media-cdn.tripadvisor.com/media/photo-w/2a/4a/78/5e/misty-fjords-flight-tour.jpg
https://media-cdn.tripadvisor.com/media/photo-m/1280/2a/4a/78/13/misty-fjords-flight-tour.jpg
https://media-cdn.tripadvisor.com/media/photo-m/1280/2a/4a/78/03/misty-fjords-flight-tour.jpg
https://media-cdn.tripadvisor.com/media/photo-m/1280/2a/4a/78/02/misty-fjords-flight-tour.jpg
https://media-cdn.tripadvisor.com/media/photo-m/1280/2a/4a/77/fe/misty-fjords-flight-tour.jpg
https://media-cdn.tripadvisor.com/media/photo-m/1280/2a/4a/77/fc/misty-fjords-flight-tour.jpg","Written September 9, 2023","This review is the subjective opinion of a Tripadvisor member and not of Tripadvisor LLC."
"667SharonS","https://www.tripadvisor.com/Profile/667SharonS","https://media-cdn.tripadvisor.com/media/photo-f/01/2e/70/80/avatar001.jpg","Fort Myers Beach, FL","5","Sep 2023 • Couples","Bucket list","The flight was awesome and our guide was the most enthusiastic and knowledgeable person making it an around great experience!","Couples","0","https://media-cdn.tripadvisor.com/media/photo-w/2a/3f/b3/5c/caption.jpg
https://media-cdn.tripadvisor.com/media/photo-w/2a/3f/b3/5b/caption.jpg
https://media-cdn.tripadvisor.com/media/photo-w/2a/3f/b3/5a/caption.jpg","Written September 4, 2023","This review is the subjective opinion of a Tripadvisor member and not of Tripadvisor LLC."
"Sewerfish","https://www.tripadvisor.com/Profile/Sewerfish","https://media-cdn.tripadvisor.com/media/photo-f/01/2e/70/67/avatar045.jpg","Stowmarket, UK","5","Aug 2023 • Family","Fantastic experience with Seawind Aviation","This trip with Seawind Aviation was everything I hoped it would be and more. We are a family of 4 with two ""kids"" of 22 and 19. I booked this many months ago as part of an epic trip across the US culminating with a 10-day cruise to Alaska. Through the booking process, Lesley and her colleagues were fantastic and provided a view (not a recommendation) on which trip to book for the best chance to see bears. I booked the Prince of Wales trip but we ended up at Traitors Cove as the chances of seeing bears were better for us. Lesley met us in Ketchikan and helpfully hung around for a couple who were late getting off the ship due to a mix-up in timings. Lesley took us straight to the float plane and boarded us. I think we were the first of the day as our guide ( a lovely lady named Kim) also flew with us. The flight was fantastic and was the first time any of us had been on a floatplane. The landing was very smooth and we docked at the dock. Kim drove us to to the top of the trailhead and we talked us through some of the flora and fauna as we walked down to the viewing area. As soon as we got there we spotted a bald eagle in a tree and when we looked down at the creek we saw our first bear. We were lucky to 6 or 7 bears including a mum with two cubs. The whole thing was amazing. We did not feel rushed and we spent about an hour at the viewing platform. On the way back, Kim took us up to a scenic spot to see the lake where the Salmon were heading too - this in itself looked like something out of a Bob Ross painting.. Kim then took us back to the dock and we waited for our plane to come in and take us back. The whole thing was just fantastic. Everyone from Seawind were awesome and very friendly and, alhough they would have been busy all day, we never felt rushed at all... an absolutely outstanding trip and one I'd recommend to anyone.","Family","0","","Written August 30, 2023","This review is the subjective opinion of a Tripadvisor member and not of Tripadvisor LLC."
"Raymie","https://www.tripadvisor.com/Profile/TravelerRLP","https://media-cdn.tripadvisor.com/media/photo-o/1a/f6/ec/3d/default-avatar-2020-1.jpg","","5","Aug 2023 • Couples","The Ketchikan experience","So much fun!  Kim was a great bear spotter and the flight was great too!  Thanks for a great experience. Highly recommend Seawinds❤️","Couples","0","https://media-cdn.tripadvisor.com/media/photo-w/2a/30/96/0e/traitors-cove-bear-viewing.jpg
https://media-cdn.tripadvisor.com/media/photo-w/2a/30/96/0a/traitors-cove-bear-viewing.jpg
https://media-cdn.tripadvisor.com/media/photo-w/2a/30/96/09/traitors-cove-bear-viewing.jpg","Written August 29, 2023","This review is the subjective opinion of a Tripadvisor member and not of Tripadvisor LLC."
"Sandygeew","https://www.tripadvisor.com/Profile/Sandygeew","https://media-cdn.tripadvisor.com/media/photo-o/1a/f6/f4/d0/default-avatar-2020-33.jpg","Denver, CO","5","Aug 2023 • Family","An Unforgettable Experience!","Great company!  There was a bit of a change in the schedule and the company did an amazing job communicating with us.  Now the trip itself was amazing, our pilot went above and beyond to get us some great views and memories. An unforgettable experience!","Family","0","","Written August 28, 2023","This review is the subjective opinion of a Tripadvisor member and not of Tripadvisor LLC."
"BigEd_Mississauga","https://www.tripadvisor.com/Profile/BigEd_Mississauga","https://media-cdn.tripadvisor.com/media/photo-o/1a/f6/f4/d0/default-avatar-2020-33.jpg","","5","Aug 2023 • Friends","Unforgettable experience","Highly recommend this tour. Our guide Kim was very knowledgeable and friendly. The whole tour was very well organized.","Friends","0","https://media-cdn.tripadvisor.com/media/photo-m/1280/2a/2b/36/32/traitors-cove-bear-viewing.jpg","Written August 26, 2023","This review is the subjective opinion of a Tripadvisor member and not of Tripadvisor LLC."
"Jeri Jones","https://www.tripadvisor.com/Profile/JerIJones","https://media-cdn.tripadvisor.com/media/photo-o/1a/f6/ed/00/default-avatar-2020-4.jpg","Galveston, TX","5","Aug 2023","Bear Viewing by Float Plane--- Wow!","It was a great excursion.  There were two float planes so a group of only about 10 people.  The guide was great and knowledgeable and the pilot was great too.  We did see bears.  They were a little bit down the stream and we forgot our binoculars.  The viewing area is great and we spent plenty of time--didn't feel rushed.  If you want a more private type experience---do this one.","","0","https://media-cdn.tripadvisor.com/media/photo-o/2a/28/52/61/one-bear-getting-some.jpg
https://media-cdn.tripadvisor.com/media/photo-o/2a/28/52/5f/our-plane-coming-to-pick.jpg","Written August 25, 2023","This review is the subjective opinion of a Tripadvisor member and not of Tripadvisor LLC."
"LizGasparich","https://www.tripadvisor.com/Profile/Brookfiel","https://media-cdn.tripadvisor.com/media/photo-o/1a/f6/ef/32/default-avatar-2020-12.jpg","","5","","Misty Fjords Flight Tour.","Anthony, our pilot, was amazing,  a real professional, and great to talk with.   Our stop by an island in the Fjords was amazing.   It was definitely a trip<br />Highlight among many. ","","0","","Written August 24, 2023","This review is the subjective opinion of a Tripadvisor member and not of Tripadvisor LLC."
"cowgirl96","https://www.tripadvisor.com/Profile/cowgirl96","https://media-cdn.tripadvisor.com/media/photo-o/1a/f6/f2/b8/default-avatar-2020-26.jpg","Cornelius, NC","3","Aug 2023 • Family","Boring. Not as advertised. Pilot did. It narrate and we had no idea what we were looking at. Not as advertised.","Very disappointing trip. I read all the reviews and was excited about the commentary. Our pilot maybe said 3 total sentences to us. We could not talk to each other via headphones. It was like flying through a forest with no commentary it was beautiful but very boring. I did reach out to Leslie and she said he was in the quiet side but very safe pilot. She offered a 200<br />Discount but I denied and would rather leave an honest review. I was disappointed how she handled this. We spend 1600 dollars to fly around with no talking or information. My mother actually fell asleep. They advertise that the pilot will narrate the entire trip. Our pilot Hardly said hello or goodbye. I was so looking forward to this trip and it was a splurge to be disappointed with the flight and customer service. There is another company another shipmate went on called wings she said the pilot narrated the entire time and it was wonderful. I am so disappointed. I would not recommend ","Family","0","","Written August 21, 2023","This review is the subjective opinion of a Tripadvisor member and not of Tripadvisor LLC."
"Marisa S","https://www.tripadvisor.com/Profile/Climber07898844999","https://media-cdn.tripadvisor.com/media/photo-o/1a/f6/e3/6a/default-avatar-2020-47.jpg","","5","","Marvelous","It was wonderful!<br />The service from all the staff is first class, and the excursion was incredible, the landscapes, the plane and the bears eating in their habitat is simply unforgettable.<br />I highly recommend it.","","0","https://media-cdn.tripadvisor.com/media/photo-w/2a/1c/3b/ba/caption.jpg
https://media-cdn.tripadvisor.com/media/photo-w/2a/1c/3b/b9/caption.jpg
https://media-cdn.tripadvisor.com/media/photo-w/2a/1c/3b/b8/caption.jpg
https://media-cdn.tripadvisor.com/media/photo-w/2a/1c/3b/b7/caption.jpg","Written August 20, 2023","This review is the subjective opinion of a Tripadvisor member and not of Tripadvisor LLC."
"Todd B","https://www.tripadvisor.com/Profile/P2099QLtoddb","https://media-cdn.tripadvisor.com/media/photo-o/1a/f6/ee/68/default-avatar-2020-9.jpg","","5","","Amazing views even more amazing staff and crew!","10 out of 10 from start to finish!  The shuttle picked us up on time and the driver was a delight!  The staff was friendly and professional, helping my dad to, from, onto and off of the seaplane although he needs a walker to get around (slowly).  A shout out to Lesley for her kindness and patience.  A shout out to Max for piloting the seaplane with commentary of his own engagement and wedding events at various locations throughout our flight.  Loved those personal stories and your musical playlist! A shout out to the dock crew as well!  Thanks everyone (and the three sweet golden retrievers) at SeaWind Aviation!","","0","","Written August 19, 2023","This review is the subjective opinion of a Tripadvisor member and not of Tripadvisor LLC."
"Global830294","https://www.tripadvisor.com/Profile/Global830294","https://media-cdn.tripadvisor.com/media/photo-o/1a/f6/e7/3d/default-avatar-2020-55.jpg","","5","Aug 2023 • Family","Multiple flights over several days-all perfect!","Very friendly service, competent and safe pilots. Wonderful experiences over several flights. These folks really do treat you like family!","Family","0","","Written August 18, 2023","This review is the subjective opinion of a Tripadvisor member and not of Tripadvisor LLC."
"Andrew S","https://www.tripadvisor.com/Profile/llamswerdna","https://media-cdn.tripadvisor.com/media/photo-o/1a/f6/f4/d0/default-avatar-2020-33.jpg","","3","Aug 2023","Disappointed that they changed our itinerary without telling us, but still an incredible view.","A once-in-a-lifetime experience, and a chance to see the fjords from a bird's-eye-view. The experience was incredible and the pilot was incredibly informative and friendly. Only disappointment was that we had opted for the water-landing experience and weren't informed ahead of time that we wouldn't be able to do the water landing due to the tour operator running behind schedule. They refunded the difference and were apologetic, but that doesn't change the disappointment. The ""once-in-a-lifetime"" thing cuts both ways, because it's unlikely we'll get to do this tour again.<br /><br />All that said, I recommend the tour and the incredible, unique view it provides.","","0","","Written August 15, 2023","This review is the subjective opinion of a Tripadvisor member and not of Tripadvisor LLC."
"Cynthia S","https://www.tripadvisor.com/Profile/cynthiasC706LM","https://media-cdn.tripadvisor.com/media/photo-o/1a/f6/ee/68/default-avatar-2020-9.jpg","","5","Jul 2023","Misty Fjords with landing","Beautiful scenery. Excellent customer focused staff from booking to completion. A once in a lifetime experience well worth doing.","","0","","Written August 14, 2023","This review is the subjective opinion of a Tripadvisor member and not of Tripadvisor LLC."
"EllenA121212","https://www.tripadvisor.com/Profile/EllenA121212","https://media-cdn.tripadvisor.com/media/photo-o/1a/f6/e2/4a/default-avatar-2020-42.jpg","Loveland, CO","5","Jul 2023 • Couples","Bears bears bears!","Gorgeous, amazing airplane ride to a secluded island. Make sure your camera has a fully charged battery! We saw so many bears, including a mama and her three cubs. Watching salmon, swim upstream, and the big bears fishing them out of the water was an experience we will never forget. Our guide was extremely knowledgeable and we learned a lot.  Rey professional. This is the second time we’ve taken this tour and would definitely recommend it again. The experience of a lifetime!","Couples","0","https://media-cdn.tripadvisor.com/media/photo-w/2a/04/49/ce/caption.jpg
https://media-cdn.tripadvisor.com/media/photo-w/2a/04/49/cd/caption.jpg
https://media-cdn.tripadvisor.com/media/photo-m/1280/2a/04/49/cc/caption.jpg
https://media-cdn.tripadvisor.com/media/photo-w/2a/04/49/ca/caption.jpg
https://media-cdn.tripadvisor.com/media/photo-w/2a/04/49/c9/caption.jpg
https://media-cdn.tripadvisor.com/media/photo-m/1280/2a/04/49/c8/caption.jpg
https://media-cdn.tripadvisor.com/media/photo-w/2a/04/49/c7/caption.jpg
https://media-cdn.tripadvisor.com/media/photo-m/1280/2a/04/49/c6/caption.jpg
https://media-cdn.tripadvisor.com/media/photo-m/1280/2a/04/49/c5/caption.jpg
https://media-cdn.tripadvisor.com/media/photo-m/1280/2a/04/49/c4/caption.jpg
https://media-cdn.tripadvisor.com/media/photo-w/2a/04/49/c3/caption.jpg
https://media-cdn.tripadvisor.com/media/photo-w/2a/04/49/c2/caption.jpg
https://media-cdn.tripadvisor.com/media/photo-m/1280/2a/04/49/c1/caption.jpg
https://media-cdn.tripadvisor.com/media/photo-w/2a/04/49/c0/caption.jpg
https://media-cdn.tripadvisor.com/media/photo-m/1280/2a/04/49/bf/caption.jpg
https://media-cdn.tripadvisor.com/media/photo-m/1280/2a/04/49/be/caption.jpg
https://media-cdn.tripadvisor.com/media/photo-w/2a/04/49/bd/caption.jpg","Written August 11, 2023","This review is the subjective opinion of a Tripadvisor member and not of Tripadvisor LLC."
"Patrick C.","https://www.tripadvisor.com/Profile/Q48YUpatrickc","https://media-cdn.tripadvisor.com/media/photo-o/1a/f6/e8/5b/default-avatar-2020-61.jpg","","5","Aug 2023","Amazing!","Our seaplane tour to Prince of Wales Island was incredibly special.  The pilot was friendly and very good at his job, and our bear guides were wonderful and informative.  The bear viewing was surreal and magical as we got up close and personal with a black bear as he feasted on salmon.  A once in a lifetime experience.","","0","","Written August 7, 2023","This review is the subjective opinion of a Tripadvisor member and not of Tripadvisor LLC."
"anneris52017","https://www.tripadvisor.com/Profile/anneris52017","https://media-cdn.tripadvisor.com/media/photo-o/1a/f6/7c/01/default-avatar-2020-5.jpg","Miami, FL","5","","DO IT","erfect in every way! The ride was phenomenal. The views and the experience is unmatched. Worth every penny. Bucket list experience. Service was perfect, despite a rocky beginning due to weather. Handled so well. Pilot was heat! Thank you.","","0","https://media-cdn.tripadvisor.com/media/photo-w/29/f6/48/42/caption.jpg
https://media-cdn.tripadvisor.com/media/photo-m/1280/29/f6/48/41/caption.jpg","Written August 5, 2023","This review is the subjective opinion of a Tripadvisor member and not of Tripadvisor LLC."
"Jennifer H","https://www.tripadvisor.com/Profile/jenniferhP8398WK","https://media-cdn.tripadvisor.com/media/photo-m/1280/29/f3/31/46/jenniferhp8398wk.jpg","Newport, PA","5","Jul 2023","Flight seeing & Crab Feast","We recently did the flight seeing & crab feast.  Our pilot was Solomon.  He was such a great pilot and narrator of our Ketchikan flight.  Solomon was super nice and we could tell he enjoys what he does.  We then went to George Inlet for an all you can eat crab feast.  WOW!  The food was incredible.","","0","https://media-cdn.tripadvisor.com/media/photo-w/29/f2/59/cb/preflight.jpg","Written August 4, 2023","This review is the subjective opinion of a Tripadvisor member and not of Tripadvisor LLC."
"CathyandGlenn S","https://www.tripadvisor.com/Profile/cathyandglenns","https://media-cdn.tripadvisor.com/media/photo-o/1a/f6/eb/a3/default-avatar-2020-38.jpg","Aylesbury, UK","5","Jul 2023 • Couples","Watching the bears was the highlight of our holiday!","Fantastic excursion to see the bears. It was the first trip of the year they'd run (the salmon have just arrived) but regardless we had an amazing time watching the bears fishing. Great views from the open platform and the guide was superb! A small group meant a great viewing experience. This was the highlight of an already fantastic 2-week trip.","Couples","0","","Written August 4, 2023","This review is the subjective opinion of a Tripadvisor member and not of Tripadvisor LLC."
"lmagee1036","https://www.tripadvisor.com/Profile/lmagee1036","https://media-cdn.tripadvisor.com/media/photo-o/1a/f6/ed/00/default-avatar-2020-4.jpg","Pinellas Park, FL","5","Jul 2023","Flight over the fjords!","Flight into Misty Fjords with a landing on a lake and take off again!  Absolutely beautiful.  Smooth flight through the fjords, smooth landings and take-offs.  Did a little wildlife searching and saw mountain goats.  Great trip.  Well worth it.","","0","","Written August 3, 2023","This review is the subjective opinion of a Tripadvisor member and not of Tripadvisor LLC."
"tshock24","https://www.tripadvisor.com/Profile/tshock24","https://media-cdn.tripadvisor.com/media/photo-f/01/2e/70/89/avatar010.jpg","London, UK","5","Jul 2023","Seawind tour of the Misty Fjords with a stop, too","Our experience end to end was perfect.  Booking was easy, checking in/logistics were great, and everyone was just a joy to interact with.  Sol was our pilot/guide, and he only added to the experience with great information and personality.  We also had a landing on Old Goat Lake which only makes us want to add stars to the rating :).  Cheers, Tim","","0","","Written July 31, 2023","This review is the subjective opinion of a Tripadvisor member and not of Tripadvisor LLC."
"Adam B","https://www.tripadvisor.com/Profile/L6414BPadamb","https://media-cdn.tripadvisor.com/media/photo-o/1a/f6/e2/e6/default-avatar-2020-45.jpg","","5","","Great experience!","Awesome views and experience.. We had a short time in port and they made it happen.. My only complaint is I wish we had more time for a longer flight..","","0","","Written July 29, 2023","This review is the subjective opinion of a Tripadvisor member and not of Tripadvisor LLC."
"The Bearded Guru","https://www.tripadvisor.com/Profile/thebeardedguru","https://media-cdn.tripadvisor.com/media/photo-s/0d/67/99/99/terrence74.jpg","","5","Jul 2023 • Couples","Scenery that doesn't stop","Unbelievably terrific experience. Staff is so great, facility is nice with restrooms. Sol was our pilot. He's THE BEST! Alaska is beautiful and this the way to see it.","Couples","0","https://media-cdn.tripadvisor.com/media/photo-m/1280/29/dc/73/bf/caption.jpg
https://media-cdn.tripadvisor.com/media/photo-m/1280/29/dc/73/be/caption.jpg","Written July 26, 2023","This review is the subjective opinion of a Tripadvisor member and not of Tripadvisor LLC."
"HaJoEb","https://www.tripadvisor.com/Profile/HaJoEb","https://media-cdn.tripadvisor.com/media/photo-o/03/6f/4e/d7/hajoeb.jpg","Remseck am Neckar, Germany","1","Dec 2022 • Couples","Der Schein hat uns getrogen, wir fühlen uns belogen!","Unsere Buchung über Travelstart war: <br />Hinflug         - Stuttgart – Zürich – Mumbai – GOA,<br />Rückflug	- GOA – Mumbai – München - Stuttgart<br /><br />Wir waren sehr zufrieden mit der Abwicklung unserer Flugbuchung. <br />Auch war die Information über die Flugzeiten und die Zeiten bis zu den nächsten Flügen so angegeben, das wir keine Probleme bei den Transfers zum jeweils nächsten Flug zu befürchten hatten. <br />Am Flughafen Stuttgart wurde uns beim Aufgeben des Gepäcks gesagt, dass wir das Gepäck in Mumbai abholen und neu aufgeben müssten. <br />Die dafür zur Verfügung stehende Zeit von dreieinhalb Stunden haben wir als ausreichend angesehen. <br />In Mumbai angekommen hatten wir an der Immigration reichlich lange zu warten und nach der Immigration waren noch weitere zeitaufwändige Kontrollen . <br />Die Abholung der Koffer ist nach der Immigration und wir waren so spät, das wir die Koffer nicht mehr vom Band holen konnten, sondern an der Stelle abholen mussten wo die nicht abgeholten Koffer deponiert waren. <br />Als wir die Koffer wieder aufgeben wollten, war das Boarding bereits geschlossen. <br />In der Folge waren wir gezwungen, einen anderen Flug nach GOA zu suchen.<br />Wir konnten dann einen Flug buchen, der erst am Abend stattfand, also mehr als 19 Stunden später, zusätzliche Kosten ca. 150 €. <br />Natürlich war unser Taxifahrer, den wir bereits organisiert hatten, umsonst von Arambol nach Mumbai gefahren, Kosten 3.000 lNR, ca. 34 €. <br /><br />In den Statuten von Travelstart steht: <br /><br />„Wenn Sie ein Rückflugticket haben, ist es nicht möglich, den Hinflug verfallen zu lassen und nur den Rückflug zu nutzen.<br />Flugtickets müssen in chronologischer Reihenfolge verwendet werden, da die Fluggesellschaft ansonsten den verbleibenden Teil der Reise  storniert.“<br /><br />Trotz stundenlanger Chats über mehrere Tage ist es uns nicht gelungen, Travelstart zu überzeugen, dass wir den Flug von Mumbai nach GOA ohne eigenes Verschulden versäumt hatten.<br /><br />Organisation für den Rückflug: <br />Den über Travelstart gebuchten Rückflug am 21.12. 2022 von GOI nach STR, <br />Flugnummern 	UK 844 GOI - BOM, <br />		                 LH 767 BOM - MUC, <br />		                 LH 2144 MUC - STR <br />konnten wir nicht antreten, da der Hinflug nicht komplett durchgeführt wurde - was nicht unser Verschulden war - und wir trotz wiederholtem Chat mit den Mitarbeitern von Travelstart keine Freigabe für den gebuchten und bezahlten Rückflug bekommen haben. <br /><br />Somit waren wir gezwungen, einen anderen Rückflug zu buchen. <br />Die Daten: 	QR 523 GOI - DOH 22.12.2022 04:05 am <br />		        QR 71 DOH - FRA 22.12.2022 02:00 pm <br />Zusätzliche Kosten 90.030 lNR, ca. 1.028 € <br /><br />Die Strecke Frankfurt - Stuttgart wurde mittels privatem PKW organisiert. <br /><br />Die Summe der zusätzlichen obigen Kosten beträgt 1.213 € (ohne Berücksichtigung der Abholung durch privaten PKW aus Frankfurt). <br /><br />Ein Schreiben an Travelstart über die unbefriedigende Abwicklung der Buchung blieb bisher unbeantwortet!","Couples","0","","Written July 25, 2023","This review is the subjective opinion of a Tripadvisor member and not of Tripadvisor LLC."
"michaellF1948ZT","https://www.tripadvisor.com/Profile/michaellF1948ZT","https://media-cdn.tripadvisor.com/media/photo-o/1a/f6/f2/59/default-avatar-2020-24.jpg","Province of San Jose, Costa Rica","5","","Amazing seaplane experience","It was really fun and cool as an aviation enthusiast. Amazing views. Landed on a lake on accessible by seaplane. Parked on a tiny island in the middle which was cool.","","0","","Written July 23, 2023","This review is the subjective opinion of a Tripadvisor member and not of Tripadvisor LLC."
"Michael M","https://www.tripadvisor.com/Profile/N8133JQmichaelm","https://media-cdn.tripadvisor.com/media/photo-o/1a/f6/e3/6a/default-avatar-2020-47.jpg","","5","Jul 2023 • Friends","Sea Wind Aviation is a great company with excellent service.  I highly recommend this company.","Landing on the lake. Such a beautiful day with a fantastic view. Pilot was very good at flying. It was very scenic flight and well wworth the money.","Friends","0","","Written July 23, 2023","This review is the subjective opinion of a Tripadvisor member and not of Tripadvisor LLC."
"FarAway07704930523","https://www.tripadvisor.com/Profile/FarAway07704930523","","","5","Jul 2023 • Solo","In the top 5 experiences of my life!","Booking and pickup was very smooth, friendly, and wasted no time being on the plane within 20 minutes. Pilot was experienced and had obviously done this more times than he could remember. Felt very safe and he gave name, descriptions and brief history of many geographical locations and even of animals we saw. Fjords we’re a one of a kind sight and I never expected to land on a lake in such a beautiful location, let alone be parked in the wilderness and let off the plane. The views on the way back were just as unique and beautiful, and the entire plane trip took no longer than a good hour and a half. For the price it takes to maintain and fuel the aircraft, I find the price of this booking greatly reasonable and worth every penny. Rarely do I have an experience that exceeds my inflated imaginary expectations, this one blew them out of the water.","Solo","0","https://media-cdn.tripadvisor.com/media/photo-m/1280/29/d0/dd/69/caption.jpg
https://media-cdn.tripadvisor.com/media/photo-m/1280/29/d0/dd/68/caption.jpg
https://media-cdn.tripadvisor.com/media/photo-m/1280/29/d0/dd/67/caption.jpg
https://media-cdn.tripadvisor.com/media/photo-m/1280/29/d0/dd/66/caption.jpg
https://media-cdn.tripadvisor.com/media/photo-m/1280/29/d0/dc/17/caption.jpg
https://media-cdn.tripadvisor.com/media/photo-m/1280/29/d0/dc/16/caption.jpg
https://media-cdn.tripadvisor.com/media/photo-m/1280/29/d0/dc/15/caption.jpg
https://media-cdn.tripadvisor.com/media/photo-m/1280/29/d0/dc/14/caption.jpg
https://media-cdn.tripadvisor.com/media/photo-m/1280/29/d0/dc/13/caption.jpg","Written July 21, 2023","This review is the subjective opinion of a Tripadvisor member and not of Tripadvisor LLC."
"Will W","https://www.tripadvisor.com/Profile/willw310","https://media-cdn.tripadvisor.com/media/photo-o/1a/f6/e9/60/default-avatar-2020-64.jpg","Surrey, Canada","5","Jul 2023 • Family","Breathtaking scenery, best fleet!","It's all you could ask for. <br />No words to explain the beauty.<br />Very nice people, awesome fleet!<br />So much fun.","Family","0","https://media-cdn.tripadvisor.com/media/photo-m/1280/29/c5/98/0a/caption.jpg
https://media-cdn.tripadvisor.com/media/photo-w/29/c5/98/09/caption.jpg","Written July 16, 2023","This review is the subjective opinion of a Tripadvisor member and not of Tripadvisor LLC."
"James R","https://www.tripadvisor.com/Profile/L6109TCjamesr","https://media-cdn.tripadvisor.com/media/photo-o/1a/f6/f4/d0/default-avatar-2020-33.jpg","","5","Jul 2023","Great Flight, Great Staff and Great Fun!!!!","The tour was outstanding!  Amazing immense views that cannot be captured by a camera.<br />The staff made our trip extra special from the first call I made to Lesley to make arrangements, to our van driver, to the pilot, and office staff.  They were all so incredibly professional and kind.","","0","","Written July 16, 2023","This review is the subjective opinion of a Tripadvisor member and not of Tripadvisor LLC."
"Bronson S","https://www.tripadvisor.com/Profile/bronsons670","https://media-cdn.tripadvisor.com/media/photo-f/01/2e/70/68/avatar046.jpg","","5","Jul 2023 • Couples","Must Do","Absolutely breathtaking. Gorgeous views throughout the trip. Best thing to do on a day in port. Best excursion of our entire Alaskan cruise.","Couples","0","","Written July 15, 2023","This review is the subjective opinion of a Tripadvisor member and not of Tripadvisor LLC."
"Mohan K","https://www.tripadvisor.com/Profile/mohank677","https://media-cdn.tripadvisor.com/media/photo-o/1a/f6/e2/11/default-avatar-2020-41.jpg","Frisco, TX","5","","Awesome experience!!","The tour was awesome and worth every penny spent! Out guide Anthony was very friendly and offered great narrative throughout the trip! Highly recommended.","","0","https://media-cdn.tripadvisor.com/media/photo-w/29/be/24/7f/caption.jpg
https://media-cdn.tripadvisor.com/media/photo-w/29/be/24/7e/caption.jpg
https://media-cdn.tripadvisor.com/media/photo-m/1280/29/be/24/7d/caption.jpg
https://media-cdn.tripadvisor.com/media/photo-m/1280/29/be/24/7c/caption.jpg
https://media-cdn.tripadvisor.com/media/photo-w/29/be/24/7b/caption.jpg
https://media-cdn.tripadvisor.com/media/photo-m/1280/29/be/24/7a/caption.jpg
https://media-cdn.tripadvisor.com/media/photo-m/1280/29/be/24/79/caption.jpg
https://media-cdn.tripadvisor.com/media/photo-m/1280/29/be/24/78/caption.jpg","Written July 13, 2023","This review is the subjective opinion of a Tripadvisor member and not of Tripadvisor LLC."
"Amber V","https://www.tripadvisor.com/Profile/amberv732","https://media-cdn.tripadvisor.com/media/photo-o/1a/f6/f4/5d/default-avatar-2020-32.jpg","","5","","Book it!","We took our six children on this flight, and Dan was not just a good pilot. He was knowledgeable, had a witty personality, and educated us a lot about the landscapes, logging, and just about everything we saw. This small family operation are just good folk. Their sweet teenage daughter picked us up, Lesly hosted us well and kept safe the personal items we didn't want to take on the ride. They work hard and are just the kind of people/business we love to support. ","","0","","Written July 12, 2023","This review is the subjective opinion of a Tripadvisor member and not of Tripadvisor LLC."
"Candice H","https://www.tripadvisor.com/Profile/G1555CWcandiceh","https://media-cdn.tripadvisor.com/media/photo-o/1a/f6/df/2b/default-avatar-2020-39.jpg","","5","Jul 2023 • Family","Seaplane flight with landing","Tour was beautiful and everyone had their own window.  The landing was fun and we all got out to stand on the deck and enjoy the scenery.  We had great weather and both landings and takeoffs were smooth.  A special trip.","Family","0","","Written July 12, 2023","This review is the subjective opinion of a Tripadvisor member and not of Tripadvisor LLC."
"Leslie H","https://www.tripadvisor.com/Profile/lesliehF6139CB","https://media-cdn.tripadvisor.com/media/photo-o/1a/f6/e3/6a/default-avatar-2020-47.jpg","","5","Jul 2023 • Solo","Loved the flight!!","Amazing views and scenery!! Well worth the flight cost. <br /><br />The sky was overcast, which is the BEST time to fly as the air is smooth. <br /><br />Every window has a great view, and if something is on the right, and you are seated on the left, you get to see it on the return. <br /><br />Highly recommend them!!!","Solo","0","","Written July 11, 2023","This review is the subjective opinion of a Tripadvisor member and not of Tripadvisor LLC."
"GregD","https://www.tripadvisor.com/Profile/GregD20192023","https://media-cdn.tripadvisor.com/media/photo-m/1280/29/af/83/ed/gregd20192019.jpg","Elk Grove, CA","5","Jul 2023 • Solo","Historic Beaver Floght","Staff very courteous and professional. Had a very trustworthy experienced pilot. Weather was perfect so the sights were amazing. Landing and taking off from a high mountain lake just added even more to the experience. Would absolutely recommend based on weather.","Solo","0","","Written July 7, 2023","This review is the subjective opinion of a Tripadvisor member and not of Tripadvisor LLC."
"chrisl0veday","https://www.tripadvisor.com/Profile/chrisl0veday","https://media-cdn.tripadvisor.com/media/photo-o/1a/f6/f1/b8/default-avatar-2020-22.jpg","Chandler, AZ","5","Jul 2023 • Family","Misty Fjords 1.5 hr excursion with lake landing in Otter.","It was an amazing experience! Beautiful day for flying and our pilot Matt was top notch! We landed in Lake Nooyah and got an extra takeoff and landing to make for a perfect tour. Leslie and Steve are great people, we highly recommend!!","Family","0","","Written July 5, 2023","This review is the subjective opinion of a Tripadvisor member and not of Tripadvisor LLC."
"Gordon M","https://www.tripadvisor.com/Profile/705gordonm","https://media-cdn.tripadvisor.com/media/photo-o/1a/f6/f3/23/default-avatar-2020-28.jpg","","5","Jun 2023","We had a blast!","Awesome experience.  The views were amazing.  Professional and friendly.  Had a blast!  It was close to the cruise area and we walked there within 5 minutes.  Would highly recommend this business!","","0","","Written July 2, 2023","This review is the subjective opinion of a Tripadvisor member and not of Tripadvisor LLC."
"Matt C","https://www.tripadvisor.com/Profile/mattcM3697PR","https://media-cdn.tripadvisor.com/media/photo-o/1a/f6/de/e7/default-avatar-2020-37.jpg","","5","Jun 2023","Absolutely incredible","Spectacular trip. 1.5 hours was not enough... we loved it! Would highly recommend. We did the landing in the mountain lake which was incredible. Pilot was awesome. Some turbulence but not unexpected for a small plane. Otherwise smooth takeoff and landing, similar to riding in a boat, only less choppy. We had kids (6, 9, 12, 14) and they all LOVED it.","","0","https://media-cdn.tripadvisor.com/media/photo-m/1280/29/99/d3/f5/beautiful-scenery-the.jpg","Written June 28, 2023","This review is the subjective opinion of a Tripadvisor member and not of Tripadvisor LLC."
"Andy","https://www.tripadvisor.com/Profile/Passenger15782002618","https://media-cdn.tripadvisor.com/media/photo-o/1a/f6/ee/68/default-avatar-2020-9.jpg","Modesto, CA","5","","Wonderful experience!","This was an incredible experience! Everything was perfect from the time we left our cruise ship until our return! Pilot was very informative and skilled. Highly recommend","","0","","Written June 27, 2023","This review is the subjective opinion of a Tripadvisor member and not of Tripadvisor LLC."
"Cruiser558598","https://www.tripadvisor.com/Profile/Cruiser558598","https://media-cdn.tripadvisor.com/media/photo-o/1a/f6/e8/ea/default-avatar-2020-63.jpg","","5","Jun 2023 • Family","Flight of a Life time - Misty Fjords by Seawind aviation!","We really enjoyed this excursion.  The entire was accommodating and friendly.  Our pilot Ed was exceptional.  Let me sit up front with him, and explained everything as we flew.  He shared a lot of history with us, his family has grown up there for  several generations.  He picked a beautiful spot to land the plane of a lake.  Great pictures with those gorgeous views.","Family","0","","Written June 26, 2023","This review is the subjective opinion of a Tripadvisor member and not of Tripadvisor LLC."
"Clint S","https://www.tripadvisor.com/Profile/188clints","https://media-cdn.tripadvisor.com/media/photo-o/1a/f6/e8/91/default-avatar-2020-62.jpg","Beebe, AR","5","","Absolutely beautiful!","This is a must do!  I have been 3 different times and would go again.  It is difficult to describe the stunning beauty of what you will see!!!","","0","","Written June 24, 2023","This review is the subjective opinion of a Tripadvisor member and not of Tripadvisor LLC."
"Helen M","https://www.tripadvisor.com/Profile/S9003XIhelenm","https://media-cdn.tripadvisor.com/media/photo-o/1a/f6/f1/42/default-avatar-2020-20.jpg","","5","Jun 2023 • Couples","Favorite experience of our trip!","This was an awesome experience! I had to convince my husband to do this and it ended up being his favorite excursion we did on our trip to Alaska. This is a family ran business that was so friendly, professional and just all around good people. Our pilot did a fantasic job. The views were amazing so if you are on the fence just book it. You will not be disappointed.","Couples","0","https://media-cdn.tripadvisor.com/media/photo-w/29/86/7c/a2/caption.jpg
https://media-cdn.tripadvisor.com/media/photo-w/29/86/7c/92/caption.jpg
https://media-cdn.tripadvisor.com/media/photo-w/29/86/7c/77/caption.jpg","Written June 20, 2023","This review is the subjective opinion of a Tripadvisor member and not of Tripadvisor LLC."
"MaryBrendon","https://www.tripadvisor.com/Profile/MaryBrendon","https://media-cdn.tripadvisor.com/media/photo-o/1a/f6/ec/a2/default-avatar-2020-3.jpg","Bellevue, WA","5","Jun 2023","Amazing Flight Tour!!!","This was an amazing tour!  One of the highlights of our trip to Alaska.  Thank you for an wonderful experience!!","","0","","Written June 19, 2023","This review is the subjective opinion of a Tripadvisor member and not of Tripadvisor LLC."
"Bridget S","https://www.tripadvisor.com/Profile/E8217TMbridgets","https://media-cdn.tripadvisor.com/media/photo-o/1a/f6/de/e7/default-avatar-2020-37.jpg","","5","","Magical Morning soaring around the Misty Fjords!","What an incredible tour! This was an absolute dream way to experience authentic Alaska - remote, breathtaking and majestic. While we were disappointed to miss the season for bear tours, the Misty Fjords tour was absolutely spectacular and well spent precious port time.<br /><br />The office team did an excellent job sending all the detailed meet up/planning information in advance. And the morning of, they kept us updated on weather conditions. We were so relieved when the weather cleared enough to make this experience happen! And they mobilized quickly to load us in vans in a central meeting spot and get us to the dock and loaded up smoothly and quickly. <br /><br />The dock dogs were a welcome greeting - that sweet puppy, Murphy!!! And Anthony was an excellent pilot - always making sure we were comfortable, pointing out the sights, and playing the best assortment of music! And the tour - it’s breathtaking. Once in a lifetime kind of opportunity. We’re so very grateful.","","0","https://media-cdn.tripadvisor.com/media/photo-w/29/85/14/55/caption.jpg
https://media-cdn.tripadvisor.com/media/photo-m/1280/29/85/14/54/caption.jpg
https://media-cdn.tripadvisor.com/media/photo-w/29/85/14/53/caption.jpg","Written June 19, 2023","This review is the subjective opinion of a Tripadvisor member and not of Tripadvisor LLC."
"gretchen30","https://www.tripadvisor.com/Profile/gretchen30","https://media-cdn.tripadvisor.com/media/photo-o/1a/f6/de/0a/default-avatar-2020-35.jpg","Carolina Beach, NC","5","Jun 2023","Excellent Experience & Beautiful Views!!!","Everything about this flight tour was excellent - Leah & Lesley were so helpful booking it and accommodating our schedule. Their customer service was outstanding!  The views from the plane were beautiful! Being so close to everything was just breath taking!  The pilot was great too - answering all of our questions and providing us with lots of fun information.  We would highly recommend this tour! Definitely a highlight of our trip to Alaska!","","0","","Written June 17, 2023","This review is the subjective opinion of a Tripadvisor member and not of Tripadvisor LLC."
"mlmd","https://www.tripadvisor.com/Profile/EPTXstrong","https://media-cdn.tripadvisor.com/media/photo-o/1a/f6/e4/59/default-avatar-2020-49.jpg","El Paso, TX","5","Jun 2023 • Family","Family with 2 Teens","Awesome!! Family of 4.  Easy & on time pick-up at docks. Pilot Eric was great.  More than enough time on plane landing  in middle of mountain fjord. Totally worth every penny, wife’s highlight of Alaska cruise ","Family","0","","Written June 16, 2023","This review is the subjective opinion of a Tripadvisor member and not of Tripadvisor LLC."
"Laura N","https://www.tripadvisor.com/Profile/lauranO482TL","https://media-cdn.tripadvisor.com/media/photo-o/1a/f6/df/99/default-avatar-2020-40.jpg","","5","Jun 2023 • Family","Amazing!!!","This was an amazing experience! Lesley in the booking office was so kind and helpful, Jackie picked us up at the port right on time for a quick ride to the plane and then dropped us off after at Creek Street for some shopping. Ed, our pilot, was so great and has an awesome playlist for the flight! We had a spectacularly sunny day- which is rare in Alaska- and the sights were just gorgeous. I would highly recommend this excursion with Seawind. We booked the option with water landing and got to get out and stand on the pontoons! Well worth the extra money! Absolutely incredible! ","Family","0","https://media-cdn.tripadvisor.com/media/photo-m/1280/29/7d/6e/1a/caption.jpg
https://media-cdn.tripadvisor.com/media/photo-w/29/7d/6e/17/caption.jpg
https://media-cdn.tripadvisor.com/media/photo-m/1280/29/7d/6e/15/caption.jpg
https://media-cdn.tripadvisor.com/media/photo-w/29/7d/6e/13/caption.jpg
https://media-cdn.tripadvisor.com/media/photo-w/29/7d/6e/11/caption.jpg
https://media-cdn.tripadvisor.com/media/photo-w/29/7d/6e/10/caption.jpg
https://media-cdn.tripadvisor.com/media/photo-w/29/7d/6e/0d/caption.jpg
https://media-cdn.tripadvisor.com/media/photo-w/29/7d/6e/0b/caption.jpg","Written June 16, 2023","This review is the subjective opinion of a Tripadvisor member and not of Tripadvisor LLC."
"Bethany M","https://www.tripadvisor.com/Profile/bethanymP4490VO","https://media-cdn.tripadvisor.com/media/photo-o/1a/f6/de/5a/default-avatar-2020-36.jpg","","5","Jun 2023 • Family","Great!","Amazing views from up above! Pilot was friendly and knowledgeable, and pick up from the cruise dock was quick and easy.","Family","0","https://media-cdn.tripadvisor.com/media/photo-w/29/77/94/a5/caption.jpg","Written June 13, 2023","This review is the subjective opinion of a Tripadvisor member and not of Tripadvisor LLC."
"Vaughn D","https://www.tripadvisor.com/Profile/1vaughnd","https://media-cdn.tripadvisor.com/media/photo-o/1a/f6/f4/d0/default-avatar-2020-33.jpg","","5","","For sure… great experience","Wow. What an incredible experience. Thanks to Seawind my wife and I had the most amazing experience flying and landing in the Misty Fjords. They picked up us at the dock and took us to there floatplane dock. Extremely nice, friendly, and appreciative for us being there. Loved their dons too… Murphy gave me a very warm welcome. I guess he knew I was missing my little dog back home.","","0","https://media-cdn.tripadvisor.com/media/photo-w/29/74/72/ab/caption.jpg
https://media-cdn.tripadvisor.com/media/photo-m/1280/29/74/72/aa/caption.jpg","Written June 12, 2023","This review is the subjective opinion of a Tripadvisor member and not of Tripadvisor LLC."
"Cheryl W","https://www.tripadvisor.com/Profile/W2948GJcherylw","https://media-cdn.tripadvisor.com/media/photo-o/1a/f6/e8/ea/default-avatar-2020-63.jpg","","5","Jun 2023","Fantastic Flight","Amazing time from start to finish!  I can't say enough about the  Pilot, full of information and made you feel very safe.  Very smooth flight.  We loved it!!!","","0","","Written June 11, 2023","This review is the subjective opinion of a Tripadvisor member and not of Tripadvisor LLC."
"Maps14111907441","https://www.tripadvisor.com/Profile/Maps14111907441","https://media-cdn.tripadvisor.com/media/photo-o/1a/f6/f1/79/default-avatar-2020-21.jpg","","5","Jun 2023 • Solo","1:30 pm flight on June 9th","My boyfriend lives here in Ketchikan and this is one of the tours he recommends the most. I am visiting from LA. If you are hesitating booking this tour I recommend you book it immediately. It is worth every single penny. This is a family owned business leslie and steve have been doing this a long time. They care about your experience and are always willing to work with you so you can get in and enjoy this your. You can tell it feels like home when entering the waiting room before you board. Being greeted by two lovely dogs Murphy was the cutest. The ride was so smooth. We got really lucky cause it was a nice day. Ketchikan weather can be unpredictable but you know you are safe with each pilot who are local and very good at what they do. The flight there was absolutely gorgeous we had noise canceling headphones that had an amazing playlist. We landed and got out of the plane to enjoy the beautiful scenery. The price is well worth the experience. If you book with other float planes that aren’t local you won’t be able to land and get out. I checked the price of a nonlocal and around 310 and 60 minute plane ride is not worth the experience your able to get here with a 360 90 minute plane ride and being able to exit and enjoy the scenery. The views are absolutely breathtaking and the pilots are very passionate and knowledgeable. thank you again leslie for squeezing me in this flight and for the wonderful experience. <br />-martina ","Solo","0","https://media-cdn.tripadvisor.com/media/photo-w/29/71/83/d8/caption.jpg
https://media-cdn.tripadvisor.com/media/photo-w/29/71/83/d7/caption.jpg
https://media-cdn.tripadvisor.com/media/photo-w/29/71/83/d6/caption.jpg
https://media-cdn.tripadvisor.com/media/photo-w/29/71/83/d5/caption.jpg
https://media-cdn.tripadvisor.com/media/photo-w/29/71/83/d4/caption.jpg
https://media-cdn.tripadvisor.com/media/photo-w/29/71/83/d3/caption.jpg
https://media-cdn.tripadvisor.com/media/photo-w/29/71/7d/30/caption.jpg
https://media-cdn.tripadvisor.com/media/photo-w/29/71/7d/2f/caption.jpg
https://media-cdn.tripadvisor.com/media/photo-w/29/71/7d/2e/caption.jpg
https://media-cdn.tripadvisor.com/media/photo-w/29/71/7d/2d/caption.jpg
https://media-cdn.tripadvisor.com/media/photo-w/29/71/7d/2c/caption.jpg
https://media-cdn.tripadvisor.com/media/photo-w/29/71/7d/2b/caption.jpg
https://media-cdn.tripadvisor.com/media/photo-w/29/71/7d/2a/caption.jpg
https://media-cdn.tripadvisor.com/media/photo-w/29/71/7d/29/caption.jpg
https://media-cdn.tripadvisor.com/media/photo-w/29/71/7d/28/caption.jpg
https://media-cdn.tripadvisor.com/media/photo-w/29/71/7d/27/caption.jpg
https://media-cdn.tripadvisor.com/media/photo-w/29/71/7d/26/caption.jpg
https://media-cdn.tripadvisor.com/media/photo-w/29/71/7d/24/caption.jpg
https://media-cdn.tripadvisor.com/media/photo-w/29/71/7d/23/caption.jpg","Written June 11, 2023","This review is the subjective opinion of a Tripadvisor member and not of Tripadvisor LLC."
"Ginger D","https://www.tripadvisor.com/Profile/407gingerd","https://media-cdn.tripadvisor.com/media/photo-o/1a/f6/f2/7a/default-avatar-2020-25.jpg","Statesville, NC","5","May 2023 • Friends","Sea Plane Sight Seeing","We had a wonderful time.  We landed on a lake and was to get out on the plane floats. I would definitely recommend.","Friends","0","","Written June 5, 2023","This review is the subjective opinion of a Tripadvisor member and not of Tripadvisor LLC."
"Rosa P","https://www.tripadvisor.com/Profile/rosapG1666BB","https://media-cdn.tripadvisor.com/media/photo-o/1a/f6/e7/3d/default-avatar-2020-55.jpg","","5","Jun 2023 • Family","Amazing adventure ","Amazing views! Incredible experience for our family <br />The pilot was great and showed us the most beautiful scenery’s ","Family","0","https://media-cdn.tripadvisor.com/media/photo-w/29/62/9a/30/caption.jpg
https://media-cdn.tripadvisor.com/media/photo-w/29/62/9a/2f/caption.jpg","Written June 4, 2023","This review is the subjective opinion of a Tripadvisor member and not of Tripadvisor LLC."
"Diane M","https://www.tripadvisor.com/Profile/T6195MTdianem","https://media-cdn.tripadvisor.com/media/photo-o/1a/f6/e8/ea/default-avatar-2020-63.jpg","","5","","You should definitely book this excursion","What a great experience! Seeing the area around Ketchikan by air was awesome. Our pilot was very informative and friendly. Landing in the fjord and experience the peacefulness was amazing. <br /><br />We definitely recommend doing this this Seawinds!","","0","https://media-cdn.tripadvisor.com/media/photo-m/1280/29/5b/d8/da/caption.jpg
https://media-cdn.tripadvisor.com/media/photo-w/29/5b/d8/d9/caption.jpg
https://media-cdn.tripadvisor.com/media/photo-w/29/5b/d8/d8/caption.jpg
https://media-cdn.tripadvisor.com/media/photo-w/29/5b/d8/d7/caption.jpg
https://media-cdn.tripadvisor.com/media/photo-m/1280/29/5b/d8/d6/caption.jpg","Written June 1, 2023","This review is the subjective opinion of a Tripadvisor member and not of Tripadvisor LLC."
"Robert S","https://www.tripadvisor.com/Profile/robertsD2700QC","https://media-cdn.tripadvisor.com/media/photo-o/1a/f6/77/ae/default-avatar-2020-2.jpg","","5","May 2023 • Family","This is what you want!","Excellent communication and service on excursion day. We were contacted about where they would pick us up at the dock, and updated about weather conditions that were creating a safety delay. We were brought into town and dropped off to explore while they monitored the weather. Once they were confident we could make the flight safely we were picked up in town and we departed about an hour later than scheduled.The flight was wonderful, flying close to areas man can not reach, landing on a lake within Misty Fjord, walking out on the floats and experiencing pure Alaska. The silence, the mist, the rain, the natural beauty, this is beyond what we were expecting!","Family","0","https://media-cdn.tripadvisor.com/media/photo-w/29/5b/1e/25/caption.jpg
https://media-cdn.tripadvisor.com/media/photo-w/29/5b/1e/02/caption.jpg
https://media-cdn.tripadvisor.com/media/photo-w/29/5b/1d/f0/caption.jpg
https://media-cdn.tripadvisor.com/media/photo-m/1280/29/5b/1d/c1/caption.jpg","Written June 1, 2023","This review is the subjective opinion of a Tripadvisor member and not of Tripadvisor LLC."
"Sharon N","https://www.tripadvisor.com/Profile/T9119TGsharonn","https://media-cdn.tripadvisor.com/media/photo-o/1a/f6/eb/a3/default-avatar-2020-38.jpg","","5","","Incredible once in a lifetime experience!","This was an incredible excursion! Breathtaking views and we even landed in the Fjords for photos. Leslie and her husband who is the Pilot were a pleasure to work with. It was worth every penny and would definitely do again! This was a bucket list trip for myself and my kids!","","0","https://media-cdn.tripadvisor.com/media/photo-w/29/4d/ee/47/caption.jpg
https://media-cdn.tripadvisor.com/media/photo-w/29/4d/ee/46/caption.jpg
https://media-cdn.tripadvisor.com/media/photo-w/29/4d/ee/45/caption.jpg","Written May 27, 2023","This review is the subjective opinion of a Tripadvisor member and not of Tripadvisor LLC."
"Dieter B","https://www.tripadvisor.com/Profile/dieterbR7507VM","https://media-cdn.tripadvisor.com/media/photo-o/1a/f6/e2/a7/default-avatar-2020-44.jpg","Munich, Germany","1","May 2023 • Couples","Das Allerletzte","Ich habe über booking eine Flugreise zum Kölner Karneval für kommendes Jahr gebucht. Dummerweise wurde bei Abschluss nach lastminute weitergeleitet, was ich zu spät bemerkt habe. ich habe dann ein Anzahlung von 135,- geleistet und wollte jetzt stornieren. Jetzt bekomme ich eine Stornierungsstrafe von über 400,- aufs Auge gedrückt, und habe dann zusammen mit der Anzahlung Kosten gehabt für eine Reise, die gerade mal 1300,- gekostet hätte. Nicht nur das dies Betrug war, auch von booking eine ganz linke Nummer, denn ich konnte mich gegen die Weiterleitung nach lastmiunter gar nicht mal wehren.","Couples","0","","Written May 25, 2023","This review is the subjective opinion of a Tripadvisor member and not of Tripadvisor LLC."
"Jo M","https://www.tripadvisor.com/Profile/jomN2183MH","https://media-cdn.tripadvisor.com/media/photo-f/01/2e/70/9f/avatar070.jpg","Apache Junction, AZ","5","","Great flight","Staff was great and knowledgeable.  Leslie even dropped us off wherever we wanted to go.  They even arranged for us to have a sunny trip.  I was a little worried about landing on water.  No need.  Smooth as can be.","","0","https://media-cdn.tripadvisor.com/media/photo-o/29/3f/a7/1a/caption.jpg
https://media-cdn.tripadvisor.com/media/photo-o/29/3f/a7/19/caption.jpg","Written May 22, 2023","This review is the subjective opinion of a Tripadvisor member and not of Tripadvisor LLC."
"Kait","https://www.tripadvisor.com/Profile/kaitlino456","https://media-cdn.tripadvisor.com/media/photo-f/01/2e/70/a2/avatar073.jpg","","5","May 2023 • Couples","Amazing experience","This was a last minute booking when we arrived in Ketchikan on our cruise. It exceeded every expectation we had. Absolutely amazing and our pilot was fabulous. Loved the dogs at the dock too!","Couples","0","https://media-cdn.tripadvisor.com/media/photo-w/29/3d/91/79/misty-fjords-flight-tour.jpg
https://media-cdn.tripadvisor.com/media/photo-m/1280/29/3d/91/67/misty-fjords-flight-tour.jpg
https://media-cdn.tripadvisor.com/media/photo-w/29/3d/91/54/misty-fjords-flight-tour.jpg","Written May 21, 2023","This review is the subjective opinion of a Tripadvisor member and not of Tripadvisor LLC."
"Edgar","https://www.tripadvisor.com/Profile/R2775SEedgarh","https://media-cdn.tripadvisor.com/media/photo-o/1a/f6/f2/11/default-avatar-2020-23.jpg","","5","May 2023 • Solo","Needs to be on your bucket list!","This is one experience you don't want to miss if you come to Ketchikan! It's on the top 3 adventures that I've ever done (the others being Running from the Bulls in Pamplona, and Hot Air Ballooning over the pyramids in Teotihuacan, Mexico). <br /><br />Steve (pilot) is so experienced and he knows the area like the back of his hand. He flies that float plane around the fjords like an eagle, knowing when to turn, rise and descend! His play list was pretty amazing too. I mean, you can't beat Africa (Toto) or Only Time (Enya) as you are overlooking a magnificent view! Then the landing in one of the lakes was breathtaking. <br /><br />Last but not least, Leslie (customer service) was so professional and sweet. They are a lovely couple (owners) and I wish them the very best.<br /><br />Highly recommend!<br /><br />Edgar","Solo","0","https://media-cdn.tripadvisor.com/media/photo-w/29/26/d9/15/misty-fjords-flight-tour.jpg
https://media-cdn.tripadvisor.com/media/photo-m/1280/29/26/d9/14/misty-fjords-flight-tour.jpg
https://media-cdn.tripadvisor.com/media/photo-w/29/26/d9/12/misty-fjords-flight-tour.jpg","Written May 16, 2023","This review is the subjective opinion of a Tripadvisor member and not of Tripadvisor LLC."
"clobban","https://www.tripadvisor.com/Profile/clobban","https://media-cdn.tripadvisor.com/media/photo-o/1a/f6/f2/59/default-avatar-2020-24.jpg","Yamagata, Japan","5","May 2023 • Couples","The glacier-carved valleys are awesome","Great flight with a very experienced pilot, including a landing on one of the lakes. The scenery is awesome and it was a treat to ride in a classic Beaver floatplane. This trip followed the fjords, flying at eye level with the tops of the steep cliffs.","Couples","0","","Written May 16, 2023","This review is the subjective opinion of a Tripadvisor member and not of Tripadvisor LLC."
"Christine J","https://www.tripadvisor.com/Profile/263christinej","","","5","May 2023 • Couples","Seaplane ride over Misty Fjords","Amazing seaplane ride!  Views were amazing ride was so smooth.  Great people that run business, friendly and welcoming!!!  Highlight of our SE Alaska vacation!!!   Must do!!! ","Couples","0","","Written May 11, 2023","This review is the subjective opinion of a Tripadvisor member and not of Tripadvisor LLC."
"Connector521006","https://www.tripadvisor.com/Profile/Connector521006","https://media-cdn.tripadvisor.com/media/photo-o/1a/f6/f4/20/default-avatar-2020-31.jpg","","5","May 2023","SeaWind Aviation will not let you down! Worth every penny. ","We had an incredible time on our flight through the Misty Fjords. We lucked out with a gorgeous sunny morning. I had no idea there are so many lakes! Waterfalls, rivers, everywhere you look the view is unbelievable. Absolutely beautiful. The take off and landing were so smooth we couldn’t tell if we’d landed on or left the water. The flight was smooth and comfortable. The noise canceling headsets with microphones were awesome and made it so easy to still interact with each other and the pilot during the flight. The lake landing was a treat to get out and wander nearby. We had a rough start realizing that the third party we had booked through hadn’t communicated with SeaWind and they didn’t have our reservation the morning of our flight! You can only imagine our panic! Leslie went above and beyond to find a way for us to get in a plane, even though they were fully booked for the day. She worked a miracle and we could not be more grateful! Don’t hesitate for a second to book a tour with SeaWind Aviation. They care about their customers, their prices are very competitive, the employees are friendly, welcoming, and put us right at ease. I can’t say enough good about our experience. We will definitely fly with them again. Thank you SeaWind for a marvelous time!","","0","","Written May 10, 2023","This review is the subjective opinion of a Tripadvisor member and not of Tripadvisor LLC."
"Danimal D","https://www.tripadvisor.com/Profile/danimald2022","https://media-cdn.tripadvisor.com/media/photo-o/1a/f6/e8/ea/default-avatar-2020-63.jpg","","5","Apr 2023 • Couples","Breathtaking views","Beautiful scenery. Friendly people who were very flexible to our schedule and weather. Highly recommend!","Couples","0","https://media-cdn.tripadvisor.com/media/photo-m/1280/28/e8/27/6e/seawind-aviation.jpg
https://media-cdn.tripadvisor.com/media/photo-m/1280/28/e8/27/6c/seawind-aviation.jpg
https://media-cdn.tripadvisor.com/media/photo-m/1280/28/e8/27/69/seawind-aviation.jpg
https://media-cdn.tripadvisor.com/media/photo-m/1280/28/e8/27/66/seawind-aviation.jpg
https://media-cdn.tripadvisor.com/media/photo-m/1280/28/e8/27/4e/seawind-aviation.jpg","Written April 23, 2023","This review is the subjective opinion of a Tripadvisor member and not of Tripadvisor LLC."
"James","https://www.tripadvisor.com/Profile/Zeromoss","https://media-cdn.tripadvisor.com/media/photo-o/1a/f6/e7/7b/default-avatar-2020-56.jpg","Denver, CO","5","Mar 2023 • Couples","Spectacular Aerial View","Looking over the Misty Fjiords with green forest contrasted against the white snow. It was beautiful.  The pilot was experience, knowledgeable, and very personable. The entire experience was the highlight of our visit. Would do it again.","Couples","0","","Written March 27, 2023","This review is the subjective opinion of a Tripadvisor member and not of Tripadvisor LLC."
"Toddangelas","https://www.tripadvisor.com/Profile/Toddangelas","https://media-cdn.tripadvisor.com/media/photo-o/1a/f6/f1/b8/default-avatar-2020-22.jpg","Benton, Arkansas","5","Oct 2022","perfect flight from an outstanding team","had a brief delay only due to weather which is understandable since its a weather dependent excursion.  very nice and intimate plane ride although we rode with another cpl and gentleman me and the wife felt we were on a private flight.  i was impressed with the plane as it was built in 1956. It was very clean and well maintained. Our pilot did a perfect job of narrating enough as well as just letting us enjoy the vistas and scenery as when no one was talking we enjoyed the laid back songs he had on the headsets.  Not knowing when you actually leave the water and land again says a lot about the skills of our pilot.  The area had just recieved over 4 inches of rain in the previous days and we enjoyed every bit of the Tongass area with overspilling lakes and streams.  To say the flight was worth it after a while you just put down the iphone camera and just enjoy it because it was just too much to capture.  one thing that struck me was that the whole time as we boarded flew landed later on the mountain lake and headed back i never once felt like we were in a rush or that the pilot was on a strict timetable his intention was to allow us to see the area instead of it being on a stopwatch.  i would highly recommend this trip as it truly can be a once in a lifetime experience as theres no way to appreciate the area than by flying over it.  Would also like to thank the seawind team they let us at ease knowing that we could enjoy our trip and they would personally drive us back to our cruise ship since we had a shorter than normal port call.  so dont let a short port call dissuade you from booking , if they say you wont miss your ship ...you wont miss it.","","0","","Written October 24, 2022","This review is the subjective opinion of a Tripadvisor member and not of Tripadvisor LLC."
"Mrjoe33","https://www.tripadvisor.com/Profile/Mrjoe33","https://media-cdn.tripadvisor.com/media/photo-o/1a/f6/de/5a/default-avatar-2020-36.jpg","","5","Sep 2022","Wonderful flight experience over Alaskan mountains!","We booked a seaplane flight and water landing (for an extra fee)  with SeaWind directly after comparing to other similar opportunities online. Lesley and company did a fine job from the get-go, communicating with us throughout the process, to the morning of our flight, until we were dropped off just feet from our ship. Part of her difficult job was delaying our flight an hour, then telling us that we would not be able to fly over Misty Fjords and visit the monument due to cloud cover and flight conditions. Instead of cancelling the flight, we were offered another, sure to be beautiful, instead. We accepted. <br /><br />Our pilot Anthony was fantastic; a local who loved flying, was excited to take us over an area they rarely get to fly over with a group, and told personal stories along the way. The ""lake landing"" was the highlight, bending into a postcard-like scene to the (unplanned) song ""Paradise"". The landing was soft and serene, we were able to get off the plane (one in our party even took a icy swim) for an all-too-short but sweet visit. We saw mountains, valleys, peaks, waterfalls, and tried to spot animals, milking every moment. Headsets were used as my wife interviewed a patient and thoughtful Anthony from her shotgun seat. It was a smooth, beautiful flight we will remember forever. Thank you SeaWind for a great experience from start to finish. <br /><br />If we had to nit-pick, the only glitch may be that as we eagerly waited to board the plane, some in the other party we flew with still had to register and pay, perhaps delaying our flight, which, due to weather, was already an hour+ behind schedule. We still got a full tour as promised, but felt a bit rushed at the end due to a short 4 hour Ketchikan visit. 5 stars.","","0","https://media-cdn.tripadvisor.com/media/photo-m/1280/26/2d/30/ae/our-sister-plane-at-our.jpg","Written September 28, 2022","This review is the subjective opinion of a Tripadvisor member and not of Tripadvisor LLC."
"Philip W","https://www.tripadvisor.com/Profile/philipwI7989FY","","","5","","Great experience.","Great communication. They said the bear viewing was not good this time of year and offered a full refund or another trip. We took the Mist Fjord trip and it was excellent. Our pilot Anthony was awesome.","","0","https://media-cdn.tripadvisor.com/media/photo-w/25/f5/8d/8f/caption.jpg
https://media-cdn.tripadvisor.com/media/photo-w/25/f5/8d/8e/caption.jpg
https://media-cdn.tripadvisor.com/media/photo-w/25/f5/8d/8d/caption.jpg","Written September 19, 2022","This review is the subjective opinion of a Tripadvisor member and not of Tripadvisor LLC."
"soniagrant7","https://www.tripadvisor.com/Profile/soniagrant7","https://media-cdn.tripadvisor.com/media/photo-o/1a/f6/e9/bb/default-avatar-2020-65.jpg","London, UK","5","Sep 2022 • Family","Excellent Company","Amazing experience, great views. <br />Highly recommend. <br />Leslie was very accommodating and let us change tours when there was not much chance to see bears. Super friendly team, would book with this company again. Family loved the tour, even a very hard to please son.","Family","0","","Written September 17, 2022","This review is the subjective opinion of a Tripadvisor member and not of Tripadvisor LLC."
"Anthony R","https://www.tripadvisor.com/Profile/930anthonyr","https://media-cdn.tripadvisor.com/media/photo-o/1a/f6/e8/ea/default-avatar-2020-63.jpg","Boca Raton, FL","5","Sep 2022 • Couples","Well worthwhile","Well organized. Flight was delayed because of weather. A+ for safety.<br />Guide was knowledgeable, great experience.","Couples","0","","Written September 6, 2022","This review is the subjective opinion of a Tripadvisor member and not of Tripadvisor LLC."
"Laura-Alabama","https://www.tripadvisor.com/Profile/Laura-Alabama","https://media-cdn.tripadvisor.com/media/photo-o/0e/13/3a/74/laura-alabama.jpg","Mobile, Alabama","5","Aug 2022","Memorable Misty Fjords flight","I chose to fly with Seawind Aviation on recommendation from my father who has had two previous tours with Steve Kamm.  The whole experience was fantastic. We flew in a vintage float plane which added to the overall ambiance. Steve and Leslie took great care of our needs and were so professional. They actually remembered my dad! What great people who obviously love there state and sharing it with others.","","0","https://media-cdn.tripadvisor.com/media/photo-m/1280/25/a7/91/55/landing-on-a-remote-lake.jpg
https://media-cdn.tripadvisor.com/media/photo-m/1280/25/a7/91/51/bird-s-eye-view.jpg","Written September 6, 2022","This review is the subjective opinion of a Tripadvisor member and not of Tripadvisor LLC."
"Mark R","https://www.tripadvisor.com/Profile/LanceThornworthy","https://media-cdn.tripadvisor.com/media/photo-o/1a/f6/f2/eb/default-avatar-2020-27.jpg","Austin, TX","5","Aug 2022","perfect","11 out of 10!  3 of us took a flight on a whim while our cruise docked in Ketchikan....couldn't have had a better experience from the booking to the flight to the return landing where the whales were jumping when we got off the plane.<br />If it seems pricy, know that this experience will never be forgotten.<br />Our pilot put us all at ease and talked about the beauty around us.  He seemed to enjoy the flight as much as us!!","","0","","Written September 5, 2022","This review is the subjective opinion of a Tripadvisor member and not of Tripadvisor LLC."
"Paul Langevin","https://www.tripadvisor.com/Profile/FriarPaolo","https://media-cdn.tripadvisor.com/media/photo-o/2b/73/a3/e6/caption.jpg","Chicago, IL","5","Aug 2022 • Friends","See the sites by seaplane","It was a thrilling experience being up in a seaplane. The extra bonus of landing in the fjord was the smoothest landing I have ever experienced. Our pilot gave a great narration and had a keen eye for spotting black bears and mountain goats and then circling down for a closer view.  An amazing way to see God’s grandeur!!!","Friends","0","https://media-cdn.tripadvisor.com/media/photo-w/25/9f/fc/60/misty-fjords-flight-tour.jpg
https://media-cdn.tripadvisor.com/media/photo-w/25/9f/fc/5f/misty-fjords-flight-tour.jpg","Written September 4, 2022","This review is the subjective opinion of a Tripadvisor member and not of Tripadvisor LLC."
"Jim S","https://www.tripadvisor.com/Profile/JimS2922","","","5","Aug 2022","SeaWind  Aviation Aeriel tour","Our first float plane flight. The tour was great. The takeoff and landing was very smooth. Excellent pilot/tour guide. They picked us up at our ship and dropped us off at a restaurant that we wanted to go to. The owners and family were very outgoing and nice. They made us feel right at home. The tour was great. I would definitely do it again.","","0","","Written September 2, 2022","This review is the subjective opinion of a Tripadvisor member and not of Tripadvisor LLC."
"John K","https://www.tripadvisor.com/Profile/O1247KUjohnk","https://media-cdn.tripadvisor.com/media/photo-o/1a/f6/e2/4a/default-avatar-2020-42.jpg","","5","Aug 2022","Wonderful Memories!","We had a wonderful experience with SeaWind Aviation.  The whole Staff was amazing.  It is such a beautiful flight.  I highly recommend it!","","0","","Written August 31, 2022","This review is the subjective opinion of a Tripadvisor member and not of Tripadvisor LLC."
"Yan","https://www.tripadvisor.com/Profile/yanjinzhang","https://media-cdn.tripadvisor.com/media/photo-o/1a/f6/e9/ef/default-avatar-2020-66.jpg","","4","Aug 2022","Traitor's Cove Bear view tour","We booked the Traitor's Cove Bear view tour. The lady for pickup is super nice and friendly. The view from the flight is fantastic, but the pilot is silent throughout the flight, not a single word of introduction, which is quite different from my other tour experience.As of the bear view, it really depends on timing and luck. I heard from the guide that sometimes there are 5 bears at the creek eating salmon. But I only saw a bear for 1 minute during the hour we stay on the platform.","","0","","Written August 27, 2022","This review is the subjective opinion of a Tripadvisor member and not of Tripadvisor LLC."
"Terri B","https://www.tripadvisor.com/Profile/E7895ATterrib","https://media-cdn.tripadvisor.com/media/photo-o/1a/f6/df/99/default-avatar-2020-40.jpg","Dahlonega, GA","5","Aug 2022 • Couples","An Experience of a Lifetime","This was my favorite adventure on our Alaskan cruise. It was fabulous! The beauty of the fjords literally brought me to tears a couple of times. Anthony, our pilot, made us feel safe and in knowledgeable hands. I highly recommend Seaview Aviation and visiting the Misty Fjords. It’s one for the bucket list.","Couples","0","https://media-cdn.tripadvisor.com/media/photo-m/1280/25/5c/6d/b6/misty-fjords-flight-tour.jpg","Written August 23, 2022","This review is the subjective opinion of a Tripadvisor member and not of Tripadvisor LLC."
"Shaun D","https://www.tripadvisor.com/Profile/323shaund","https://media-cdn.tripadvisor.com/media/photo-o/25/60/fe/ce/shaun-d.jpg","","5","","Great tour!","This was a great tour. The views were amazing! <br />We booked with SeaWind Aviation after poor response from another company we found on TA. <br />SeaWind correspondence was excellent. We booked our tour, and received an email detailing what to expect and what to do when we arrived. We actually got there early that day, called Lesley and they were able to take us on the tour then. Lesley and the rest of the staff were exceptionally nice and told us exactly what to do and where to be. It couldn’t have been easier. The pilot was really great, and full of knowledge about the area. Great company. Great employees. Highly recommend. We even got to see some seal on their dock. Bonus!","","0","https://media-cdn.tripadvisor.com/media/photo-m/1280/25/5c/39/24/caption.jpg
https://media-cdn.tripadvisor.com/media/photo-w/25/5c/39/23/caption.jpg
https://media-cdn.tripadvisor.com/media/photo-m/1280/25/5c/39/22/caption.jpg
https://media-cdn.tripadvisor.com/media/photo-w/25/5c/39/21/caption.jpg
https://media-cdn.tripadvisor.com/media/photo-m/1280/25/5c/39/20/caption.jpg","Written August 23, 2022","This review is the subjective opinion of a Tripadvisor member and not of Tripadvisor LLC."
"Breanne C","https://www.tripadvisor.com/Profile/Companion49577","https://media-cdn.tripadvisor.com/media/photo-o/1a/f6/e8/5b/default-avatar-2020-61.jpg","","5","Aug 2022","Breathtaking views! Unsurpassable Experience!","Absolutely fantastic. Highly recommend. It was the perfect ending to our trip to Alaska! The views were incredible and the pilot (and owner of the company) was friendly and accommodating.","","0","","Written August 20, 2022","This review is the subjective opinion of a Tripadvisor member and not of Tripadvisor LLC."
"Ed D","https://www.tripadvisor.com/Profile/Magicedd1970","https://media-cdn.tripadvisor.com/media/photo-o/1a/f6/df/2b/default-avatar-2020-39.jpg","United Kingdom","1","Aug 2022","Trip Cancelled without being informed","Tour cancelled at the last minute apparently due to rain in the area - we were not informed and had to call (at £1.40 a minute) in panic, especially as our NCL ship had docked in a different port to where Seawind has advised us it would dock - we had to call them to say we would be a few minutes late but they said it was cancelled anyway. We saw other sea planes flying that morning and could not understand why we could not be offered an alternative such flying later, or to another area where bears were. We were refunded but that doesn’t make up for a trip we had been planning for 3 years being a 50th trip, and booked over a year in advance. It’s not as if we can get back to Alaska any time soon living in the UK. We have not been offered any good will gesture such as a future discount. We feel very let down by Seawind Aviation.","","0","","Written August 19, 2022","This review is the subjective opinion of a Tripadvisor member and not of Tripadvisor LLC."
"Dan Q","https://www.tripadvisor.com/Profile/danq543","https://media-cdn.tripadvisor.com/media/photo-o/1a/f6/7c/01/default-avatar-2020-5.jpg","Delaware, OH","5","Aug 2022 • Couples","Great float plane trip","We booked a trip last minute. And if you think customer service is gone you need to book a trip with seawind aviation. Not only did Leslie try to find us another tour since they were booked she made some adjustments and got us a trip and she even picked us up herself. We had a great time what a experience. Even my wife enjoyed it and she is afraid of flying. We highly recommend this tour our pilot was very knowledgeable and kept us informed the entire flight.","Couples","0","https://media-cdn.tripadvisor.com/media/photo-w/25/41/e0/47/seawind-aviation.jpg","Written August 17, 2022","This review is the subjective opinion of a Tripadvisor member and not of Tripadvisor LLC."
"Ims","https://www.tripadvisor.com/Profile/Ims92100","","Singapore, Singapore","5","Aug 2022","Amazing encounter with bears in an isolated place","Wonderful experience with Seawind aviation ! I contacted them because this type of excursion were fully booked on our cruise (NCL Encore0 and they answered right away with the right level of detail. On our excursion day, they were nice enough to drive us back to the deck when city shuttles were gone (wonderful, as it would have been an issue)<br />On top of that, the excursion was amazing. Our family of five and a couple only. We went to an isolated island, did a 10 minutes walk in the woods before getting to the plateform. We were alone, a bit scared as the bears were right around us, but felt very safe with our guide, who was also very knowledgeable and interesting. An amazing experience for us all","","0","","Written August 17, 2022","This review is the subjective opinion of a Tripadvisor member and not of Tripadvisor LLC."
"deniseJ7131MU","https://www.tripadvisor.com/Profile/deniseJ7131MU","https://media-cdn.tripadvisor.com/media/photo-o/1a/f6/ea/b2/default-avatar-2020-69.jpg","Dallas, TX","5","Aug 2022","Spectacular!","The views were breathtaking, flight gave a true perspective of the Alaska landscape, and touch down on the water was pure fun!","","0","","Written August 11, 2022","This review is the subjective opinion of a Tripadvisor member and not of Tripadvisor LLC."
"Thomas W","https://www.tripadvisor.com/Profile/thomaswA3109IG","https://media-cdn.tripadvisor.com/media/photo-o/1a/f6/f4/5d/default-avatar-2020-32.jpg","Charles Town, WV","5","","Do it!!!!","From the time we were conveniently picked up at the cruise dock til we were dropped off, the staff was exceedingly friendly and efficient. Anthony was our pilot and he was outstanding. The trip itself was incredible. Yes, it’s a bit pricey but what isn’t these days?  You will always have the opportunity to earn back the money. Will you have the opportunity to take a trip like this again?","","0","","Written August 9, 2022","This review is the subjective opinion of a Tripadvisor member and not of Tripadvisor LLC."
"David S","https://www.tripadvisor.com/Profile/davidsK3496RX","https://media-cdn.tripadvisor.com/media/photo-o/1a/f6/e9/ef/default-avatar-2020-66.jpg","","5","Aug 2022","They came through","This was our plan D. Literally we had 3 cancellations on our Alaska Trip. But what a plan D it was. They came through with very little advance notice, and we enjoyed every minute. Make this your plan A, save time.","","0","","Written August 8, 2022","This review is the subjective opinion of a Tripadvisor member and not of Tripadvisor LLC."
"B. Ferrell","https://www.tripadvisor.com/Profile/BTFerrell","https://media-cdn.tripadvisor.com/media/photo-o/1a/f6/f4/20/default-avatar-2020-31.jpg","","5","Jul 2022","Beautiful Setting!","This was a great trip!  It was a beautiful day and we had a wonderful seaplane ride and a beautiful short walk through part of a rain forest.  Our guide was great and very passionate about the rain forest.  I was bummed that we did not see any bears, but it was still a great and memorable trip!","","0","https://media-cdn.tripadvisor.com/media/photo-m/1280/25/12/26/18/pretty-walk-to-the-bear.jpg
https://media-cdn.tripadvisor.com/media/photo-m/1280/25/12/26/05/this-was-our-seaplane.jpg
https://media-cdn.tripadvisor.com/media/photo-m/1280/25/12/25/ff/beautiful-lake.jpg","Written August 2, 2022","This review is the subjective opinion of a Tripadvisor member and not of Tripadvisor LLC."
"John K","https://www.tripadvisor.com/Profile/G3135JMjohnk","https://media-cdn.tripadvisor.com/media/photo-o/1a/f6/e3/6a/default-avatar-2020-47.jpg","Sterling Heights, MI","5","Jul 2022","Amazing experience!  Highly recommend!","Absolutely loved our Misty Fjords Flight!!  Beautiful views!! The entire Seawind staff, especially Leslie,  were very welcoming and friendly.  They were very accommodating with changing our flight,  when a few days before our cruise,  our Ship schedule changed and we visited Ketchikan on a different schedule.  Our pilot was awesome and very experienced!   Landing in the fjords and getting out on the pontoon was such a thrill!!   We loved everything about this and would definitely recommend Seawind Aviation to anyone going to Ketchikan!","","0","","Written August 1, 2022","This review is the subjective opinion of a Tripadvisor member and not of Tripadvisor LLC."
"Getaway438130","https://www.tripadvisor.com/Profile/Getaway438130","https://media-cdn.tripadvisor.com/media/photo-o/1a/f6/ef/32/default-avatar-2020-12.jpg","Shepherdsville, KY","5","Jul 2022 • Couples","An awesome experience","The plane ride was sooo much fun. Landing on the water in the fjords was a fantastic experience. The views were unbelievable.","Couples","0","","Written July 25, 2022","This review is the subjective opinion of a Tripadvisor member and not of Tripadvisor LLC."
"Bobbbbbbbbbbbbbb27s","https://www.tripadvisor.com/Profile/Bobbbbbbbbbbbbbb27s","https://media-cdn.tripadvisor.com/media/photo-o/1a/f6/f4/5d/default-avatar-2020-32.jpg","Cleveland, OH","5","Jun 2022","Great flight to the Fjords in Ketchikan! Highly Recommended","Outstanding experience with Sea Wind!  Flight and tour to Misty Fjords was spectacular.  Truly fun landing back up on the Fjord and getting some amazing photos. Our pilot and ground staff were friendly, welcoming, and helpful when making reservations and selecting a flight time that worked with our cruise ship schedule.  Great family run business who truly enjoy what they do.  The Beaver was in great shape, comfortable and the com system in aircraft was clear and worked well.  I would certainly fly with these folks again.","","0","https://media-cdn.tripadvisor.com/media/photo-m/1280/24/ad/81/25/our-misty-fjord-tour.jpg
https://media-cdn.tripadvisor.com/media/photo-m/1280/24/ad/80/b5/one-of-seawind-s-de-havilland.jpg","Written July 14, 2022","This review is the subjective opinion of a Tripadvisor member and not of Tripadvisor LLC."
"irh214","https://www.tripadvisor.com/Profile/irh214","","Wilmington, Delaware","5","Jun 2022","Wonderful experience in Ketchikan!","We absolutely loved our Misty Fjords Sightseeing tour run by SeaWind Aviation. Leslie and Steve run a wonderful business and are great hosts. The flight was super smooth and our pilot was friendly and knowledgeable. We are grateful to have visited the ""Misties"" and would recommend a sightseeing tour from SeaWind Aviation to anyone visiting Ketchikan!","","0","","Written July 10, 2022","This review is the subjective opinion of a Tripadvisor member and not of Tripadvisor LLC."
"Flyer598011","https://www.tripadvisor.com/Profile/Flyer598011","https://media-cdn.tripadvisor.com/media/photo-o/1a/f6/ea/b2/default-avatar-2020-69.jpg","","5","Jul 2022","5 Star","There was ""no"" favorite part, the trip exceeded all expectations. Lindsey and her staff were very professional. Steve, our pilot, was informative with his narrations and provided answers to our questions when asked. Would highly recommend!","","0","","Written July 8, 2022","This review is the subjective opinion of a Tripadvisor member and not of Tripadvisor LLC."
"Jill T","https://www.tripadvisor.com/Profile/jilltab","https://media-cdn.tripadvisor.com/media/photo-o/1a/f6/e5/2b/default-avatar-2020-52.jpg","Los Angeles, CA","5","Jun 2022","Stunning!","SeaWind Aviation was fabulous! The family owned company was friendly, responsive, and professional. Our flight over Misty Fjords was stunning! Owner and pilot Steve gave us a wonderful overview of the area with commentary, along with classic tunes playing in the background. Highly recommend it!","","0","https://media-cdn.tripadvisor.com/media/photo-w/24/7c/02/bf/flight-over-misty-fjords.jpg","Written July 5, 2022","This review is the subjective opinion of a Tripadvisor member and not of Tripadvisor LLC."
"Rob M","https://www.tripadvisor.com/Profile/B6195MProbm","https://media-cdn.tripadvisor.com/media/photo-o/1a/f6/f3/e4/default-avatar-2020-30.jpg","Maupin, OR","5","Jun 2022","Great Floatplane Tour of Misty Fjords","Floatplane flying with Ed was fabulous. We hit a perfect blue bird day and smooth air. Could not have been better...unless it lasted longer. We saw a couple of brown bears, and so many beautiful lakes. So worth the time and fee to take in this adventure.","","0","","Written June 27, 2022","This review is the subjective opinion of a Tripadvisor member and not of Tripadvisor LLC."
"Corbin W","https://www.tripadvisor.com/Profile/corbinw194","","","5","Jun 2022 • Couples","Spectacular mountains and cliffs in the misty fjords","We had a great time from moment of the shuttle pick up at the hotel until being dropped off after the flight.<br />Everyone cared about us from the shuttle ride to the seaplane pilot. Answering questions about what we're seeing and things to do and see in town. <br />We would highly recommend taking this flight and seeing the fjords.","Couples","0","","Written June 26, 2022","This review is the subjective opinion of a Tripadvisor member and not of Tripadvisor LLC."
"Anita G","https://www.tripadvisor.com/Profile/W6870CQanitag","https://media-cdn.tripadvisor.com/media/photo-o/1a/f6/e2/11/default-avatar-2020-41.jpg","San Diego, CA","5","May 2022 • Couples","Fantastic","Excellent. This Misty Fjords tour was absolutely the best part of our Alaskan cruise. Steve and Leslie were amazing. Ultra kind people and great communication. Leslie and Steve were great about helping my older parents on an off the plane. Steve is a great pilot. We will always remember this experience.<br /><br />This is an experience you don't want to miss. Beautiful.<br /><br />Thank you Seawind Aviation!<br /><br />The Green Family","Couples","0","","Written June 20, 2022","This review is the subjective opinion of a Tripadvisor member and not of Tripadvisor LLC."
"Andy K","https://www.tripadvisor.com/Profile/E2401JPandyk","https://media-cdn.tripadvisor.com/media/photo-o/1a/f6/ea/b2/default-avatar-2020-69.jpg","Fort Lauderdale, FL","5","Jun 2022","THE WAY TO GO!!!","Pleasant, timely, comfortable, accommodating and safe.  Seawind  is the call you make when wanting or needing flights.  See you guys again in July and August with our groupst!!!!","","0","","Written June 10, 2022","This review is the subjective opinion of a Tripadvisor member and not of Tripadvisor LLC."
"Andrew B","https://www.tripadvisor.com/Profile/AndrewB58","https://media-cdn.tripadvisor.com/media/photo-o/1a/f6/7c/01/default-avatar-2020-5.jpg","Knoxville, TN","5","","Great tour saves the day!!!!","Today was our first day ever in Alaska.  We docked in Ketchikan this morning, and we were scheduled to take a flight seeing tour aboard a seaplane in the Misty Fjord National Monument, BUT….we received a notice on our door last night that our flight had been canceled. Super sad, we decided to just spend the day walking around Ketchikan and I was going to drown my sorrows by eating King Crab. I mean sounded redeeming….anyways. We spent the morning wandering around town, and after about two hours found ourselves back at the visitor center. We went in to see if there were any tours and voila! Another flight seeing tour! We booked it. We then waited until the time to go, boarded the van, and then….cancelled. It’s windy apparently. <br /><br />Sadder than we were before, we just started walking across town. Full bags on camera gear in tow…we walked. And stopped and ate crab. And then we walked. And then!!!!  Haha We found an eagle!!! Just sitting there. Good sign right? And then we found more eagles, and so we just kept following the eagles, until we reached Seawind Aviation. It looked closed, but I walked in. No one was there. I jiggled the little bells on the door, and moments later the kindest people appeared. I asked if there were any seaplane tours, and they were like “sure!! We have one that can go at 13:30?” We jumped on it, and the rest was history! The third time really is the charm and saved us from leaving Ketichikan a little bit sadder.  We could not have asked for a better experience. <br /><br />We had a wonderful time! Highly, highly recommend them. Steve - our pilot - has been flying in this area for over 30 years. Could not have asked for a better experience. <br /><br />Oh. And those eagles we followed….all apparently hang out at Seawind Aviation. 🥰🤗 It was just meant to be for us, and we could not have had a better day. Sometimes things just work out as they should and birds always know the way. 😉","","0","https://media-cdn.tripadvisor.com/media/photo-o/23/d2/8d/f5/caption.jpg
https://media-cdn.tripadvisor.com/media/photo-o/23/d2/8d/f4/caption.jpg
https://media-cdn.tripadvisor.com/media/photo-o/23/d2/8d/f3/caption.jpg
https://media-cdn.tripadvisor.com/media/photo-o/23/d2/8d/f2/caption.jpg
https://media-cdn.tripadvisor.com/media/photo-o/23/d2/8d/f1/caption.jpg
https://media-cdn.tripadvisor.com/media/photo-o/23/d2/8d/f0/caption.jpg
https://media-cdn.tripadvisor.com/media/photo-o/23/d2/8d/ef/caption.jpg","Written June 8, 2022","This review is the subjective opinion of a Tripadvisor member and not of Tripadvisor LLC."
"Ross B","https://www.tripadvisor.com/Profile/rossb213","https://media-cdn.tripadvisor.com/media/photo-o/1a/f6/f6/0d/default-avatar-2020-34.jpg","","5","Jun 2022","Worth it!","Amazing! Friendly staff and very accommodating. I was mid-cruise when I called to see availability. Knowing that I didn't have access to much communication being on a cruise they handled everything for me and when I got to my next port. I had an email confirmation waiting for me. Everyone was organized well and the flight was great. I was a bit scared but once we took off, all that fear was gone. Beautiful views all around and a very comfortable flight. The hour flew by, pun intended? Not intended? You decide.","","0","https://media-cdn.tripadvisor.com/media/photo-m/1280/23/c9/d3/35/the-views.jpg","Written June 7, 2022","This review is the subjective opinion of a Tripadvisor member and not of Tripadvisor LLC."
"Johanna B","https://www.tripadvisor.com/Profile/C9476TCjohannab","https://media-cdn.tripadvisor.com/media/photo-o/1a/f6/f3/23/default-avatar-2020-28.jpg","","5","May 2022","Misty Fjords","Our tour was scheduled for 8AM but it was too windy when it was time to leave so they got us on the 11AM tour and we were able to still do the tour. It was an absolutely amazing experience. The BEST way to see Ketchikan. I would highly recommend this tour and Seawind Aviation.","","0","","Written May 31, 2022","This review is the subjective opinion of a Tripadvisor member and not of Tripadvisor LLC."
"Richard F","https://www.tripadvisor.com/Profile/richardfB6149WV","https://media-cdn.tripadvisor.com/media/photo-o/1a/f6/e9/bb/default-avatar-2020-65.jpg","","5","May 2022","Amazing Experience","We were looking forward to the our and we were nothing but impressed by the staff and beauty of the scenery. I will return in the future","","0","","Written May 22, 2022","This review is the subjective opinion of a Tripadvisor member and not of Tripadvisor LLC."
"hayleyginn","https://www.tripadvisor.com/Profile/hayleyginn","https://media-cdn.tripadvisor.com/media/photo-s/0b/d0/5b/6a/hayley-g.jpg","","5","","Fantastic Flightseeing Experience","SeaWinds was awesome and super personable! I went on my Misty flight with only two other guests so I got to sit co-pilot for some extra special views. <br /><br />The tour was great and sights were pointed out to us along the way, but our pilot also just let us take all the amazing scenery in. <br /><br />Bonus points for two adorable doggie mascots!","","0","https://media-cdn.tripadvisor.com/media/photo-w/23/67/14/cc/caption.jpg
https://media-cdn.tripadvisor.com/media/photo-m/1280/23/67/14/cb/caption.jpg
https://media-cdn.tripadvisor.com/media/photo-m/1280/23/67/14/ca/caption.jpg
https://media-cdn.tripadvisor.com/media/photo-m/1280/23/67/14/c9/caption.jpg","Written May 15, 2022","This review is the subjective opinion of a Tripadvisor member and not of Tripadvisor LLC."
"Scarlett O","https://www.tripadvisor.com/Profile/ScarlettO49","https://media-cdn.tripadvisor.com/media/photo-o/1a/f6/ee/68/default-avatar-2020-9.jpg","Denver, CO","5","Oct 2021 • Couples","Worth It!","A glorious experience not to miss. Beautiful scenery you cannot see any other way. It might help to make plans a day in advance.","Couples","0","https://media-cdn.tripadvisor.com/media/photo-m/1280/21/0e/bf/25/misty-fjords-flight-tour.jpg
https://media-cdn.tripadvisor.com/media/photo-w/21/0e/bf/24/misty-fjords-flight-tour.jpg
https://media-cdn.tripadvisor.com/media/photo-m/1280/21/0e/bf/21/misty-fjords-flight-tour.jpg","Written October 26, 2021","This review is the subjective opinion of a Tripadvisor member and not of Tripadvisor LLC."
"Victoria S","https://www.tripadvisor.com/Profile/victoriasY8917BI","https://media-cdn.tripadvisor.com/media/photo-o/1a/f6/ee/68/default-avatar-2020-9.jpg","","5","Sep 2021","Wilderness adventure","Can’t stop talking about the adventure. Staff was phenomenal, we had to change our tour due to weather and they went out of their way to give us a spectacular day. This was our first time in a float plane, could not believe how smooth the ride was. The scenery was spectacular from the air.  Dave guided us into the rainforest to the viewing platform where we were greeted by 3 bears feasting below.  He was very informative and answered all our questions. Just as we were gathering to leave another bear greeted us lumbering down the trail. Close enough to get our heart rate going, lingering a bit longer than I think anyone would have liked but our guide was prepared and after a long ponder the bear decided to move on and enjoy his salmon. We stop by a picture perfect site in the rainforest to punctuate the day. Thank you!","","0","https://media-cdn.tripadvisor.com/media/photo-m/1280/1f/15/70/0a/seawind-aviation-floatplane.jpg","Written October 4, 2021","This review is the subjective opinion of a Tripadvisor member and not of Tripadvisor LLC."
"merrittweisinger@gmail.com","https://www.tripadvisor.com/Profile/Sbn58595","https://media-cdn.tripadvisor.com/media/photo-o/1a/f6/e9/ef/default-avatar-2020-66.jpg","","5","Sep 2021","Safe, Efficient, Professional","Steve and Leslie run a highly efficient, welcoming, safe and accommodating flight service.  They are some of the nicest people you'll meet, Steve has been flying for 30+ years in Alaska, and the location is easy to get to.  They have two DHC-2 Beavers, and a C-185, so the size of the group is not limited.  We very highly recommend this business, and these people, for your flight needs when in Ketchikan.  <br /><br />Merritt Weisinger<br />Sparks, NV","","0","","Written September 29, 2021","This review is the subjective opinion of a Tripadvisor member and not of Tripadvisor LLC."
"ORoss","https://www.tripadvisor.com/Profile/ORoss","https://media-cdn.tripadvisor.com/media/photo-o/1a/f6/e2/e6/default-avatar-2020-45.jpg","Hopatcong, NJ","5","Sep 2021","Awesome….amazing…would go again in a heartbeat!","This was the highlight of our trip! What a great experience….Steve and Lesley are great to book with.  We had a beautiful day in Ketchikan and the views were spectacular!  When we climbed aboard they asked for a backseat volunteer….I jumped at it and boy was I glad I did.  I was the only one back there so I was able to take pics from both sides… not that you can’t upfront but I didn’t have to reach over anyone.  I had a lot of room..5”5.  …climbing in and out was pretty easy as well…slow an easy on the steps.  Landing on the lake was….so cool!… the lake was like glass, the pics we have show the reflection of the mtn & clouds on the lake…amazing.  I’m actually still smiling from the experience!   I would highly recommend you book with SeaWind Aviation.","","0","https://media-cdn.tripadvisor.com/media/photo-w/1d/f5/a4/11/the-fella-upfront-right.jpg
https://media-cdn.tripadvisor.com/media/photo-w/1d/f5/a4/0c/landed-on-the-lake.jpg
https://media-cdn.tripadvisor.com/media/photo-w/1d/f5/a4/0a/pic-from-my-iphone.jpg
https://media-cdn.tripadvisor.com/media/photo-w/1d/f5/a4/09/pic-from-my-iphone-amazing.jpg
https://media-cdn.tripadvisor.com/media/photo-w/1d/f5/a4/06/iphone-pic-careful-with.jpg","Written September 16, 2021","This review is the subjective opinion of a Tripadvisor member and not of Tripadvisor LLC."
"Hudson J","https://www.tripadvisor.com/Profile/hudsonj796","https://media-cdn.tripadvisor.com/media/photo-o/1a/f6/e4/59/default-avatar-2020-49.jpg","Denver, CO","5","Aug 2021 • Couples","Bear tour-Incredible!","It was a great great time! Dave was our guide when we got to the forest and it was INCREDIBLE! All of the staff was great and kind. Dave was super knowledgeable and you could tell he loved his job more the just the money, he had a true passion to love and show you bears. We went in late august in the morning. More people seemed to book the afternoon so if you’re willing to get up early you will probably have less people!","Couples","0","https://media-cdn.tripadvisor.com/media/photo-m/1280/1d/b9/b8/58/prince-of-wales-island.jpg","Written August 28, 2021","This review is the subjective opinion of a Tripadvisor member and not of Tripadvisor LLC."
"Tommy R","https://www.tripadvisor.com/Profile/tommyrD5014PM","https://media-cdn.tripadvisor.com/media/photo-o/1a/f6/e2/e6/default-avatar-2020-45.jpg","","5","Aug 2021 • Solo","Boyhood Dream Come True","My first time in a De Havilland Beaver Aircraft. Boyhood dream. On my bucket list. My wife, Cindy, set up the tour for me. Lesley and Steve were great. The flying and tour far exceeded my expectations. Felt like a kid again and I am 66 years young. If you’re in Ketchikan, Alaska go fly with SeaWind Aviation. Great Company!","Solo","0","https://media-cdn.tripadvisor.com/media/photo-w/1d/b1/5a/6b/misty-fjords-flight-tour.jpg
https://media-cdn.tripadvisor.com/media/photo-w/1d/b1/59/65/misty-fjords-flight-tour.jpg","Written August 25, 2021","This review is the subjective opinion of a Tripadvisor member and not of Tripadvisor LLC."
"Lynn C","https://www.tripadvisor.com/Profile/B8955VIlynnc","https://media-cdn.tripadvisor.com/media/photo-l/01/2a/fd/a0/avatar.jpg","","5","Aug 2021 • Couples","Traitor’s Cove Bear watch","HIGHLY recommend this company!  Eric was an awesome pilot.  It was a smooth ride with a gentle water landing.  Leslie was so nice, knowledgeable & accommodating - even driving us to lunch in town after the tour.  Dave our Bear guide taught us so much about the bears & salmon run.  Best excursion of our trip!","Couples","0","https://media-cdn.tripadvisor.com/media/photo-m/1280/1d/a4/a8/b6/seawind-aviation.jpg","Written August 20, 2021","This review is the subjective opinion of a Tripadvisor member and not of Tripadvisor LLC."
"henschick","https://www.tripadvisor.com/Profile/henschick","https://media-cdn.tripadvisor.com/media/photo-s/01/50/65/f9/henschick.jpg","Newark, DE","5","Aug 2021","The Highlight of our Alaska Cruise","Seaplane tour was an amazing way to experience the beauty of Misty Fjords! Scenery was stunning throughout the flight. Landing on a lake with the chance to get out on a small lake was a true highlight. Seawind also coordinated with us on our flight time since or cruise ship arrived late, picked us up at the NCL Ward Cove dock, dropped us in Ketchikan after the tour, and later took us back to the ship. They were also easy to get a hold of via phone.","","0","https://media-cdn.tripadvisor.com/media/photo-o/1d/a0/1c/06/landing-in-misty-fjords.jpg","Written August 18, 2021","This review is the subjective opinion of a Tripadvisor member and not of Tripadvisor LLC."
"Leann Q","https://www.tripadvisor.com/Profile/654leannq","https://media-cdn.tripadvisor.com/media/photo-o/1a/f6/f1/42/default-avatar-2020-20.jpg","","5","Aug 2021 • Family","Highly recommend","Highly recommend!!! It was beautiful to see parts of Alaska only seen from the air 🙂 Getting to land on the water and get out was fun as well!!","Family","0","","Written August 10, 2021","This review is the subjective opinion of a Tripadvisor member and not of Tripadvisor LLC."
"Steve K","https://www.tripadvisor.com/Profile/loriek151","https://media-cdn.tripadvisor.com/media/photo-l/01/2a/fd/92/avatar.jpg","","5","Aug 2021 • Couples","A must do","Absolutely breath taking. We flew low enough to get a great view of everything. Our pilot circled the main features to make sure both sides of the plane got to see. The island stop was so beautiful and really gave us time to absorb everything around us.","Couples","0","","Written August 8, 2021","This review is the subjective opinion of a Tripadvisor member and not of Tripadvisor LLC."
"Rob A","https://www.tripadvisor.com/Profile/Rob2246","https://media-cdn.tripadvisor.com/media/photo-f/01/2e/70/6a/avatar048.jpg","","5","Aug 2021","Grateful and 'Bear-y' satisfied....","Lesley, Steve and Dan provided top notch service as we explored Traitor's Cove Bear feeding site with their professionally run organization!<br /><br />The experience is amazing, Dan's knowledge of the area and nature that surrounded us was superb, and Steve's flying confidence and sky-tour of Ketchikan and surrounding area was extraordinary. <br /><br />Per their plan, we were able to see a handful of bears feeding on the live salmon in the river leading inland...<br /><br />We would do this again in a heartbeat!<br /><br />PS Shelby was wonderful on the very personal shuttle service!!  :)","","0","https://media-cdn.tripadvisor.com/media/photo-w/1d/8a/3b/0e/dan-provides-safe-passage.jpg
https://media-cdn.tripadvisor.com/media/photo-w/1d/8a/3b/0a/large-male-black-bear.jpg
https://media-cdn.tripadvisor.com/media/photo-w/1d/8a/3b/08/salmon-spawning-lake.jpg
https://media-cdn.tripadvisor.com/media/photo-m/1280/1d/8a/3b/07/steve-and-dan-provide.jpg","Written August 7, 2021","This review is the subjective opinion of a Tripadvisor member and not of Tripadvisor LLC."
"Abigael B","https://www.tripadvisor.com/Profile/124abigaelb","https://media-cdn.tripadvisor.com/media/photo-o/1a/f6/e7/99/default-avatar-2020-57.jpg","","3","Jul 2021 • Couples","Customer Service left much to be desired!","We had a truly beautiful flight out to Misty Fjords today with an excellent pilot but some very rude behavior by one of the employees at the office left us wishing we would have gone with a different operator. After our flight was over we asked if it would be okay to leave our luggage in the office while we grabbed lunch. We came back to pick it and paused on the gangway to admire a lovely group of seals who were hanging out on the dock. After a few minutes a dark haired man came out of the office and angrily yelled at us,  “You need to get out of here, you can’t be on the dock.” I told him we were there to pick up our luggage and he said “I know but you need to leave. If the FAA saw you on the dock it would be my ass”.  <br />If it’s an important rule, then put up a large sign and if you need to ask customers to move, ask in a friendly, polite way. Having an employee aggressively holler at me after spending $750 on plane tour tickets definitely left a bad taste in my mouth. It’s also worth noting that the free shuttle pick up advertised on the website seems to only applies to the cruise ship docks. We were in town on a sailboat and weren’t able to get a pick up at a marina that was 15 minutes down the road or a ride to the airport afterwards.","Couples","0","","Written July 31, 2021","This review is the subjective opinion of a Tripadvisor member and not of Tripadvisor LLC."
"Chris B","https://www.tripadvisor.com/Profile/chrisbY8640XK","https://media-cdn.tripadvisor.com/media/photo-o/1a/f6/f6/0d/default-avatar-2020-34.jpg","","5","Jul 2021","Knight in shining floatplane!!","SeaWinds came to our rescue when I booked the wrong flight off POW island!  They responded very quickly, sent a 185 floatplane to pick us in time to meet our commercial flight in Ketchikan!  Mike was an excellent pilot and very engaging in conversation.  We will definitely use SeaWinds again and highly recommend them!","","0","","Written July 23, 2021","This review is the subjective opinion of a Tripadvisor member and not of Tripadvisor LLC."
"Ruchi M","https://www.tripadvisor.com/Profile/ruchim609","https://media-cdn.tripadvisor.com/media/photo-o/1a/f6/e5/66/default-avatar-2020-53.jpg","New York City, NY","5","Jul 2021 • Family","Simply stunning","We flew with Eric on a Mistry Fjords floatplane and it’s beautiful. The whole flight was so beautiful and pictures don’t do justice. My daughter was given the co-pilot seat and that was special for her. We did it book in advance, and Danielle worked hard to make it happen for us. It’s expensive, but so worth it!!","Family","0","https://media-cdn.tripadvisor.com/media/photo-w/1d/68/bb/55/misty-fjords-flight-tour.jpg","Written July 22, 2021","This review is the subjective opinion of a Tripadvisor member and not of Tripadvisor LLC."
"Ami A","https://www.tripadvisor.com/Profile/49amia","https://media-cdn.tripadvisor.com/media/photo-s/0f/cc/8b/22/ami-a.jpg","","5","Jul 2021","Excellent flightseeing with pilot Steve","This was a highlight of our Ketchikan visit. Owner and local pilot Steve is a personable and fun guide who gave us a great afternoon flying through the Misty Fjords. We put down on a little island in one of the lakes to enjoy the scenery and take photos. The Misty Fjords did not disappoint! Highly recommend!","","0","","Written July 21, 2021","This review is the subjective opinion of a Tripadvisor member and not of Tripadvisor LLC."
"Blaine B","https://www.tripadvisor.com/Profile/417blaineb","","","5","Jul 2021","Experience of a lifetime!","We did a lot of things while in Ketchikan for the week including two days of fishing.  Of the 6 of us on this trip, all said that this flight tour was by far the best part of the entire trip.  This experience is truly once-in-a-lifetime and cannot be missed.  The professionalism and preparedness of the pilot and crew were outstanding.","","0","https://media-cdn.tripadvisor.com/media/photo-o/1d/5f/fe/3b/half-way-through-the.jpg","Written July 19, 2021","This review is the subjective opinion of a Tripadvisor member and not of Tripadvisor LLC."
"Christine M","https://www.tripadvisor.com/Profile/G6309RCchristinem","https://media-cdn.tripadvisor.com/media/photo-o/1a/f6/f3/23/default-avatar-2020-28.jpg","","5","Jun 2021","Fabulous!","We did not come off a cruise but were staying in town.  Staff was very helpful in coordinating pick-up and delivering us back.  It was a great flight and our pilot was fun and informative.  We were very lucky with the weather - clear beautiful (but warm) day","","0","","Written July 1, 2021","This review is the subjective opinion of a Tripadvisor member and not of Tripadvisor LLC."
"Jeffrey F","https://www.tripadvisor.com/Profile/F3802MVjeffreyf","https://media-cdn.tripadvisor.com/media/photo-o/1a/f6/e2/e6/default-avatar-2020-45.jpg","","5","Jun 2021","Great people","My preference was to book with Island Tours with Michelle but she had nothing going on for a solo.  She recommended calling Carlin or SeaWind. Carlin had nothing available. Carlin emailed SeaWind, called me back and said call Lesley, they have 2 openings. All 3 are local long term family operations that will be best to do a tour with.  SeaWind Aviation was AWESOME! Thank you to Jeff the pilot( spotting our several bears) and Leslie for great pick up, drop off and coordinating the whole experience. ","","0","","Written June 10, 2021","This review is the subjective opinion of a Tripadvisor member and not of Tripadvisor LLC."
"Discover611221","https://www.tripadvisor.com/Profile/Discover611221","https://media-cdn.tripadvisor.com/media/photo-o/1a/f6/ef/32/default-avatar-2020-12.jpg","","5","Jun 2021 • Friends","A must do if in Alaska this is an absolute must","Amazing trip and knowledge by the pilot. The trip not just had amazing views but an amazing stop and so much knowledge and answering of questions. I would recommend to anyone!","Friends","0","https://media-cdn.tripadvisor.com/media/photo-m/1280/1d/1c/db/9d/misty-fjords-flight-tour.jpg
https://media-cdn.tripadvisor.com/media/photo-m/1280/1d/1c/db/90/misty-fjords-flight-tour.jpg
https://media-cdn.tripadvisor.com/media/photo-m/1280/1d/1c/db/7b/misty-fjords-flight-tour.jpg","Written June 9, 2021","This review is the subjective opinion of a Tripadvisor member and not of Tripadvisor LLC."
"Companion392474","https://www.tripadvisor.com/Profile/Companion392474","https://media-cdn.tripadvisor.com/media/photo-o/1a/f6/e8/ea/default-avatar-2020-63.jpg","","5","Jun 2021 • Couples","Excellent trip and people","Wonderful flight with Steve in the Beaver!  Staff was super kind and attentive, picked us up and dropped us off after. Saw bears too!! Can't miss out on this awesome experience!","Couples","0","https://media-cdn.tripadvisor.com/media/photo-w/1d/1c/cb/f6/misty-fjords-flight-tour.jpg
https://media-cdn.tripadvisor.com/media/photo-w/1d/1c/cb/ef/misty-fjords-flight-tour.jpg","Written June 8, 2021","This review is the subjective opinion of a Tripadvisor member and not of Tripadvisor LLC."
"N3065LKdebbies","https://www.tripadvisor.com/Profile/N3065LKdebbies","https://media-cdn.tripadvisor.com/media/photo-o/1a/f6/ec/a2/default-avatar-2020-3.jpg","Abingdon, VA","5","Aug 2020 • Family","Most Amazing Experience","What an amazing day due to the expertise of our pilot, Steve. So many gorgeous sights on such a clear day.  Our favorite part was landing ( seemed like we were gliding onto a lake with the clearest water. Were able to spend some time walking around for a bit. This experience was our favorite part of our entire trip..absolutely unforgettable! Would do it all over again and ask for Steve! His wife, Lesley was great too.","Family","0","https://media-cdn.tripadvisor.com/media/photo-m/1280/1c/01/93/1d/seawind-aviation.jpg
https://media-cdn.tripadvisor.com/media/photo-m/1280/1c/01/93/1c/seawind-aviation.jpg
https://media-cdn.tripadvisor.com/media/photo-m/1280/1c/01/93/1b/seawind-aviation.jpg
https://media-cdn.tripadvisor.com/media/photo-m/1280/1c/01/93/1a/seawind-aviation.jpg
https://media-cdn.tripadvisor.com/media/photo-m/1280/1c/01/93/16/seawind-aviation.jpg","Written September 14, 2020","This review is the subjective opinion of a Tripadvisor member and not of Tripadvisor LLC."
"Sharon C","https://www.tripadvisor.com/Profile/L1632JKsharonc","https://media-cdn.tripadvisor.com/media/photo-o/1a/f6/ee/68/default-avatar-2020-9.jpg","","5","Apr 2020 • Business","Cargo delivery","Excellent! Easy to work with and very flexible. We appreciate the friendly intetactionand and their willing to provide great service on short notice.  Wonderful people.","Business","0","","Written April 20, 2020","This review is the subjective opinion of a Tripadvisor member and not of Tripadvisor LLC."
"John G","https://www.tripadvisor.com/Profile/Y4746KKjohng","","Bloomington","5","Aug 2019 • Couples","Bear feeding","Will use this service to go bear watching in Alaska and we flew in by sea plane and were taken to a look out where we got to observe black bears catching salmon and eating them. It was a great experience that the the owners were great to work with.  We would definitely do it again.","Couples","0","","Written October 26, 2019","This review is the subjective opinion of a Tripadvisor member and not of Tripadvisor LLC."
"Julie M","https://www.tripadvisor.com/Profile/juliemU2219AK","https://media-cdn.tripadvisor.com/media/photo-o/1a/f6/ea/74/default-avatar-2020-68.jpg","","5","Oct 2019","Great flight","We had a great time during our flight with Seawind Aviation seeing the Misty Fjord area.  The flight was wonderful - able to see the beautiful Fjord with the lakes and other scenery.  We were lucky to see sheep during out flight.  Everything was perfect during our time with them.  This is a great company and would highly recommend them when visiting the area.  We had arrived via cruise ship and this is not part of the cruise ship packages -but would still recommend it.  Will book this again when visiting the area.  Thanks Leslie and Steve for the great experience.","","0","","Written October 14, 2019","This review is the subjective opinion of a Tripadvisor member and not of Tripadvisor LLC."
"cmr352","https://www.tripadvisor.com/Profile/cmr352","https://media-cdn.tripadvisor.com/media/photo-o/06/5b/97/e4/cmr352.jpg","Vancouver, WA","5","Sep 2019","The highlight of our trip!","This was an absolute two thumbs up experience! We had the best time and were very well taken care of. The views were unreal. Getting the opportunity to land on a beautiful lake in Alaska was a wonderful experience that I won't forget!  These were super sweet and accommodating people and we really appreciated it!","","0","","Written September 29, 2019","This review is the subjective opinion of a Tripadvisor member and not of Tripadvisor LLC."
"David B","https://www.tripadvisor.com/Profile/DavidV208","https://media-cdn.tripadvisor.com/media/photo-s/18/40/f2/40/david-b.jpg","Manvel, TX","5","","Fantastic Adventure!","Wow! Thank you all for an Amazing Adventure of a lifetime.  Thank you Leslie,Jill and Pilot Steve! We highly recommend this trip to everyone <br /> You won't be disappointed.  ","","0","https://media-cdn.tripadvisor.com/media/photo-o/19/6b/c8/60/20190926-103633-002-largejpg.jpg
https://media-cdn.tripadvisor.com/media/photo-o/19/6b/c8/5f/20190926-101229-largejpg.jpg
https://media-cdn.tripadvisor.com/media/photo-o/19/6b/c8/5e/20190926-093747-largejpg.jpg
https://media-cdn.tripadvisor.com/media/photo-o/19/6b/c8/5d/20190926-092634-largejpg.jpg
https://media-cdn.tripadvisor.com/media/photo-o/19/6b/c8/5c/20190926-103846-largejpg.jpg
https://media-cdn.tripadvisor.com/media/photo-o/19/6b/c8/5b/20190926-104204-largejpg.jpg","Written September 28, 2019","This review is the subjective opinion of a Tripadvisor member and not of Tripadvisor LLC."
"Kimberly W","https://www.tripadvisor.com/Profile/kimberlyw763","","Mesa, AZ","5","Sep 2019 • Friends","Thankful for honest, stand-up service","Our group traveled to Alaska via cruise ship and I was a little nervous booking an excursion that was not offered by the cruise line. I had nothing to worry about...thank goodness for stand-up service, and a company that'll keep its word. Due to circumstances beyond anyones control our excursion had to be cancelled. Within hours of canceling our entire fee was refunded to my card. If I'm ever in Alaska again I will definitely book another excursion with SeaWind Aviation.","Friends","0","","Written September 23, 2019","This review is the subjective opinion of a Tripadvisor member and not of Tripadvisor LLC."
"llb575","https://www.tripadvisor.com/Profile/llb575","https://media-cdn.tripadvisor.com/media/photo-o/19/a7/f4/f5/caption.jpg","Allentown, PA","5","Aug 2019","Excellent staff, highlight of our trip, absolutely breathtaking views!","Seawind was very professional and friendly!  What an amazing seaplane tour with breathtaking views!  Well worth the money spent, it was the highlight of our Alaskan cruise.","","0","","Written September 22, 2019","This review is the subjective opinion of a Tripadvisor member and not of Tripadvisor LLC."
"Yankee Bootsie","https://www.tripadvisor.com/Profile/ezworldtraveler","https://media-cdn.tripadvisor.com/media/photo-o/1a/f6/ee/68/default-avatar-2020-9.jpg","","5","Sep 2019","Best flight tour of my life, very professional, tops in flight safety!","As a professional pilot, I am always pleased when seeing flight excellence and a very professional approach to giving the public a great and relaxing experience. All of staff were a joy to spend this time with, and the rates were very competitive. Our group of 8 all feel we had the experience of a lifetime! <br />Will certainly do this again on next cruise, next season.  <br />John and Cathy Krings and family and friends","","0","","Written September 18, 2019","This review is the subjective opinion of a Tripadvisor member and not of Tripadvisor LLC."
"Raymond B","https://www.tripadvisor.com/Profile/D7996FIraymondb","https://media-cdn.tripadvisor.com/media/photo-o/1a/f6/ea/2e/default-avatar-2020-67.jpg","","5","Sep 2019","Mountain Goats and Rainbows","Organized, Informative, Gracious hosts. Our tour was brilliant. Highly recommend the gang at Seawind Aviation.","","0","https://media-cdn.tripadvisor.com/media/photo-m/1280/19/4c/cd/c8/a-rainbow-came-out-while.jpg","Written September 17, 2019","This review is the subjective opinion of a Tripadvisor member and not of Tripadvisor LLC."
"Geoff W","https://www.tripadvisor.com/Profile/geoffw121","https://media-cdn.tripadvisor.com/media/photo-s/09/ca/d3/7f/geoff-w.jpg","Clifton Springs, Australia","5","","Spectacular","This was the highlight of our cruise to Alaska. The company is very professional and well organised. The pilot was outstanding. Highly recommended. ","","0","","Written September 14, 2019","This review is the subjective opinion of a Tripadvisor member and not of Tripadvisor LLC."
"Ralf W","https://www.tripadvisor.com/Profile/63ralfw","https://media-cdn.tripadvisor.com/media/photo-o/1a/f6/e3/1f/default-avatar-2020-46.jpg","","5","Sep 2019 • Couples","Floatplane","We had an great experience with Sea wind Aviation. We can highly recommend this company. They picked us up in the city and we had a great flight with an landing in a mystic sea. Pilot explained everything. Make this trip when you come to Ketchikan.","Couples","0","","Written September 11, 2019","This review is the subjective opinion of a Tripadvisor member and not of Tripadvisor LLC."
"Beth K","https://www.tripadvisor.com/Profile/746bethk","https://media-cdn.tripadvisor.com/media/photo-o/1a/f6/eb/6d/default-avatar-2020-19.jpg","","5","","Amazing Tour & Scenery ","This was such an amazing day. It’s a family owned business and the owner Steve took us on our flight this day. The views were breathtaking. He had music playing but any questions we had he would answer as we were all on a two way radio. If we saw wildlife he would make a circle so all of us were able to see it. We landed half way through our flight and got our for pictures and to take it all in. Then loaded back up and headed back. This was definitely a highlight of our trip. We will definitely fly with SeaWind Aviation again and highly recommend them. ","","0","https://media-cdn.tripadvisor.com/media/photo-w/19/33/19/85/photo2jpg.jpg
https://media-cdn.tripadvisor.com/media/photo-w/19/33/19/84/photo1jpg.jpg
https://media-cdn.tripadvisor.com/media/photo-m/1280/19/33/19/83/photo0jpg.jpg","Written September 10, 2019","This review is the subjective opinion of a Tripadvisor member and not of Tripadvisor LLC."
"prttaylor","https://www.tripadvisor.com/Profile/prttaylor","","Ketchikan, AK","5","Sep 2019","A Must do in Ketchikan. Highly reccomend","Am a local and took some friends to fly with Seawind last week they were so impressed that my wife and I went today. Absolutely awesome trip saw bears and mountain goats. and an incredible view of a humpback whale bubble feeding. Scenery was spectacular and Steve was very knowledgeable. Owners are local and know Kechikan. Thanks Lesley and Steve for an amazing time.","","0","https://media-cdn.tripadvisor.com/media/photo-m/1280/19/15/8b/82/lesley-patrick-and-cricket.jpg
https://media-cdn.tripadvisor.com/media/photo-m/1280/19/15/8b/80/seawind-aviation.jpg
https://media-cdn.tripadvisor.com/media/photo-m/1280/19/15/8b/7b/fog-in-a-small-area-on.jpg
https://media-cdn.tripadvisor.com/media/photo-w/19/15/8b/76/nice-waterfall.jpg
https://media-cdn.tripadvisor.com/media/photo-m/1280/19/15/8b/69/us-and-the-plane.jpg
https://media-cdn.tripadvisor.com/media/photo-m/1280/19/15/8b/66/the-seawind-plane.jpg
https://media-cdn.tripadvisor.com/media/photo-m/1280/19/15/8b/60/lake-we-landed-on.jpg
https://media-cdn.tripadvisor.com/media/photo-w/19/15/8b/53/steve.jpg
https://media-cdn.tripadvisor.com/media/photo-m/1280/19/15/8b/4e/steve-and-cricket.jpg
https://media-cdn.tripadvisor.com/media/photo-w/19/15/8b/48/our-awesome-pilot-steve.jpg
https://media-cdn.tripadvisor.com/media/photo-w/19/15/8b/45/coming-back-in-to-ketchikan.jpg
https://media-cdn.tripadvisor.com/media/photo-m/1280/19/15/8b/40/coming-back-in-to-ketchikan.jpg","Written September 1, 2019","This review is the subjective opinion of a Tripadvisor member and not of Tripadvisor LLC."
"Cory S","https://www.tripadvisor.com/Profile/17corys","https://media-cdn.tripadvisor.com/media/photo-o/1a/f6/e3/1f/default-avatar-2020-46.jpg","","5","Aug 2019","AWESOME MISTY FJORDS TOUR","As with most people who make it to this area we arrived early morning via a cruise ship. I scheduled the tour same day online (much, much cheaper than any tour offered from the cruise ship) while waiting to get off the boat. We were a group of four and ended up with two extra for a total of six on the flight. SeaWind offered to pick us up from the pier which was awesome however we elected to walk which was an easy half mile from the peer. Our pilot was super knowledgable and also our tour guide. The tour hit all the highlights included a stop on one of the lakes to stretch our legs and enjoy the scenery. The total flight was an hour and half and an awesome experience I would recomment to anyone in the area. For anyone coming off a cruiseship, if you are looking to splurge this is it, you can only see the Fjord from sea or air and it is absolutely worth it.","","0","","Written August 28, 2019","This review is the subjective opinion of a Tripadvisor member and not of Tripadvisor LLC."
"Kat","https://www.tripadvisor.com/Profile/Kat63928","https://media-cdn.tripadvisor.com/media/photo-o/1a/f6/e9/ef/default-avatar-2020-66.jpg","","5","Aug 2019 • Friends","Traitors Cove Bear Viewing","I highly recommend this tour. We saw lots of bears and our guide even got closer to take some pictures for people in the group. We had really smooth landings too.","Friends","0","","Written August 23, 2019","This review is the subjective opinion of a Tripadvisor member and not of Tripadvisor LLC."
"Pugkim","https://www.tripadvisor.com/Profile/Pugkim","https://media-cdn.tripadvisor.com/media/photo-o/1a/f6/ea/2e/default-avatar-2020-67.jpg","Fort Wayne, IN","5","Aug 2019","The beauty is astounding. A must do trip.","Eric was our pilot. He did a great job. He is a bit quiet at first but if you get him talking he is a very interesting man.","","0","https://media-cdn.tripadvisor.com/media/photo-m/1280/18/ea/a0/8b/my-family.jpg","Written August 23, 2019","This review is the subjective opinion of a Tripadvisor member and not of Tripadvisor LLC."
"RKrawczyk","https://www.tripadvisor.com/Profile/RKrawczyk19","https://media-cdn.tripadvisor.com/media/photo-o/1a/f6/7c/01/default-avatar-2020-5.jpg","","5","Aug 2019","Misty Fjords","Great clear day to see the sites. Great Captain and tour guide pointing out all the sites including the mountain goats.<br />Would recommend this trip.<br />Ron Krawczyk","","0","","Written August 22, 2019","This review is the subjective opinion of a Tripadvisor member and not of Tripadvisor LLC."
"Joanna S","https://www.tripadvisor.com/Profile/joannasQ8758MS","https://media-cdn.tripadvisor.com/media/photo-o/1a/f6/e2/a7/default-avatar-2020-44.jpg","Temple, TX","5","Aug 2019 • Family","Very nice family operation","Steve and Leslie have a family owned and operated float plane operation.  They called promptly after the cruise ship disembarked and made arrangements to meet us. Steve explained a lot about the area that we flew over and set us down gently on a beautiful mountain lake. He pointed out a bear! <br /><br />Highly recommend. Please know those with mobility issues may have trouble getting in and out of the plane due to stepping on the pontoon then up into the plane. Also it’s a tight fit inside. If we are ever there again will look them up!","Family","0","","Written August 20, 2019","This review is the subjective opinion of a Tripadvisor member and not of Tripadvisor LLC."
"Dini54","https://www.tripadvisor.com/Profile/Dini54","https://media-cdn.tripadvisor.com/media/photo-o/1a/f6/ea/b2/default-avatar-2020-69.jpg","Prince Rupert, Canada","5","Aug 2019 • Couples","AMAZING! ","A true fabulous experience!<br />Well operated by an excellent staff.<br />The pilot Mike made the adventure unique.<br />Can’t wait to go back.<br />Thanks the opportunity of a lifetime.<br />See you next year...<br />","Couples","0","https://media-cdn.tripadvisor.com/media/photo-m/1280/18/d3/54/fd/photo0jpg.jpg","Written August 17, 2019","This review is the subjective opinion of a Tripadvisor member and not of Tripadvisor LLC."
"mecampo","https://www.tripadvisor.com/Profile/mecampo","https://media-cdn.tripadvisor.com/media/photo-o/1a/f6/e8/5b/default-avatar-2020-61.jpg","","5","Aug 2019 • Family","Highlight of our trip!!!","We were a group of 12 and half of us did a bear tour and the other half did Misty Fjords and carb feast. Both groups agreed that the Seawind Aviation tours were highlight of our trip. From the moment of booking, customer service was impeccable... and we drove them crazy with last minute changes. They were able to accommodate all of our requests and communication was always timely. It was a pleasure working with them and we cannot recommend enough!!!","Family","0","","Written August 15, 2019","This review is the subjective opinion of a Tripadvisor member and not of Tripadvisor LLC."
"Coffou","https://www.tripadvisor.com/Profile/Coffou","https://media-cdn.tripadvisor.com/media/photo-s/23/5f/0f/27/coffou.jpg","Phoenix, AZ","5","","Soaring above the Misty Fjords & Ultimate Crab Feast","Outstanding adventure provided by Sea Wind Aviation. Started off mingling with seals on the dock, meeting our pilot Mike & soaring over alongside of docked cruise ships & town of Ketchikan on our way to the Misty Fjords. Mike noticed a bear on shore and circled around for us to get a closer look. He narrated a beautiful landscape for us pointing out numerous waterfalls and topography like no other. We landed half way at a dock to stretch our legs and see a few other sea planes. Then we were off again for more breathtaking scenery en route to George Inlet lodge for our ultimate all you can eat Dungeness crab feast. Succulent sweet, rich and delicious crab with unlimited beer, wine & soft drinks. If you go don’t wear anything fancy, it’s a bit messy but you won’t mind, best crab of my life, your plate & glass will never be empty. Jill, from Sea Wind provided extraordinary customer service as I called her several times with questions. This is a family owned business where safety and customer service is top priority.","","0","https://media-cdn.tripadvisor.com/media/photo-w/18/c5/ee/02/photo5jpg.jpg
https://media-cdn.tripadvisor.com/media/photo-w/18/c5/ee/01/photo4jpg.jpg
https://media-cdn.tripadvisor.com/media/photo-m/1280/18/c5/ee/00/photo3jpg.jpg
https://media-cdn.tripadvisor.com/media/photo-w/18/c5/ed/ff/photo2jpg.jpg
https://media-cdn.tripadvisor.com/media/photo-m/1280/18/c5/ed/fe/photo1jpg.jpg
https://media-cdn.tripadvisor.com/media/photo-m/1280/18/c5/ed/fd/photo0jpg.jpg","Written August 14, 2019","This review is the subjective opinion of a Tripadvisor member and not of Tripadvisor LLC."
"wparker1","https://www.tripadvisor.com/Profile/wparker1","https://media-cdn.tripadvisor.com/media/photo-o/1a/f6/f6/0d/default-avatar-2020-34.jpg","cincinnati, Ohio","5","Aug 2019","Traitor's Cove Bear Watching","This tour could not have been better. Float plane was excellent; Drew O'Kane our guide was incredible-he really knew his stuff; we saw about 8 bears in a safe relaxed setting as they searched for salmon.  Leslie and the other Sea Wind team members were wonderful.  Couldn't recommend them any more highly.","","0","","Written August 11, 2019","This review is the subjective opinion of a Tripadvisor member and not of Tripadvisor LLC."
"John F","https://www.tripadvisor.com/Profile/818JohnF818","https://media-cdn.tripadvisor.com/media/photo-s/02/80/38/01/john-f.jpg","Land O Lakes, FL","5","Aug 2019","Great Excursion","This was one of the best excursion ever experienced.  We booked though Alaska Shore Tours.  Kat @ AST was very helpful getting us on the right tours.<br />As far as the tour itself, Drew, the Bear Guide, was awesome.  The people from Seawind were very friendly.  We saw at least 5 bears, eating salmon right from the rapids.  I felt like I was a National Geographic photographer.","","0","https://media-cdn.tripadvisor.com/media/photo-m/1280/18/aa/b4/7d/i-took-these-right-from.jpg
https://media-cdn.tripadvisor.com/media/photo-m/1280/18/aa/b4/52/i-took-this-right-from.jpg","Written August 6, 2019","This review is the subjective opinion of a Tripadvisor member and not of Tripadvisor LLC."
"Nancy","https://www.tripadvisor.com/Profile/1010wins","https://media-cdn.tripadvisor.com/media/photo-o/1a/f6/e8/ea/default-avatar-2020-63.jpg","","5","Jul 2019 • Couples","Traitors Cove Bear Viewing!","Besides the birth of my sons,  viewing 7 bears eating salmon at Traitors Cove was the best experience in my lifetime! It was so magical I even hugged the owner, Steve, who was our pilot after our trip. I simply couldn’t help myself!  Our very experienced and quite entertaining guide, Drew, was excellent! The walk through the Lord of the Rings land to get to the bears is beyond description. This experience is worth every cent including tipping Drew more than we have ever have before on any excursion. Enjoy!","Couples","0","","Written August 2, 2019","This review is the subjective opinion of a Tripadvisor member and not of Tripadvisor LLC."
"gg709","https://www.tripadvisor.com/Profile/gg709","https://media-cdn.tripadvisor.com/media/photo-o/1a/f6/f3/23/default-avatar-2020-28.jpg","Post Falls, ID","4","Jul 2019 • Solo","Enjoyable and what a view","I enjoyed my ride very much.  My pilot, I think Chris was his name, was very knowledgeable.  Pointed out landmarks and answered questions from all. The view was awesome.  I hated for it to end.","Solo","0","","Written July 30, 2019","This review is the subjective opinion of a Tripadvisor member and not of Tripadvisor LLC."
"Greg B","https://www.tripadvisor.com/Profile/I7498QQgregb","https://media-cdn.tripadvisor.com/media/photo-o/1a/f6/df/99/default-avatar-2020-40.jpg","","5","Jul 2019 • Couples","Great Experience!","Last minute decision to take this flight.  Great service from fitting us in to providing transportation.  Flight was beautiful and informative.  Fun for any age.","Couples","0","","Written July 25, 2019","This review is the subjective opinion of a Tripadvisor member and not of Tripadvisor LLC."
"Chuck","https://www.tripadvisor.com/Profile/NeptuneTackle","","","5","Jul 2019 • Family","Shuttled from Ketchikan to fishing camp and back;   excellent aircraft and pilot","Alaska is a magic land and Steve and Lesley are the best as are their staff;  helpful, smart, and dedicated","Family","0","","Written July 23, 2019","This review is the subjective opinion of a Tripadvisor member and not of Tripadvisor LLC."
"116aryas","https://www.tripadvisor.com/Profile/116aryas","https://media-cdn.tripadvisor.com/media/photo-o/1a/f6/ed/00/default-avatar-2020-4.jpg","los angeles, United States","5","Jul 2019 • Family","Misty fjords floatplane tour.","Excellent excursion. Beautiful sightseeing. Very friendly customer service. My 7 year old daughter enjoyed this tour very much. <br />","Family","0","","Written July 21, 2019","This review is the subjective opinion of a Tripadvisor member and not of Tripadvisor LLC."
"Deborah M","https://www.tripadvisor.com/Profile/DeborahM79","https://media-cdn.tripadvisor.com/media/photo-o/1a/f6/e2/a7/default-avatar-2020-44.jpg","Melbourne, Australia","5","Jun 2019 • Couples","Misty Fjords flight","Loved it!!<br />What a beautiful wilderness and what a lovely way to see it. From the air you get a feel for the vastness.<br />We landed on a tiny beautiful remote island. such a special way to experience nature.","Couples","0","","Written July 20, 2019","This review is the subjective opinion of a Tripadvisor member and not of Tripadvisor LLC."
"Joan Griffith","https://www.tripadvisor.com/Profile/Joan544","https://media-cdn.tripadvisor.com/media/photo-o/1a/f6/ef/9c/default-avatar-2020-14.jpg","Dandridge, TN","5","","Mr & Mrs. ","Customer Service Outstanding! Experience was superb! Thank you Leslie, Naomi, Eric and Ilse. <br /><br />Joan & Duke","","0","","Written July 19, 2019","This review is the subjective opinion of a Tripadvisor member and not of Tripadvisor LLC."
"Karen H","https://www.tripadvisor.com/Profile/M8854QNkarenh","https://media-cdn.tripadvisor.com/media/photo-o/1a/f6/df/2b/default-avatar-2020-39.jpg","Goldsboro, MD","5","Jul 2019 • Family","Beautiful Scenery and BEARS!","First time taking a seaplane and WOW!  We were a group of 3 and got the whole planes to ourselves and the pilot.  We spotted bears and landed in the water where we walked around a secluded shoreline.  Spotted bear tracks and even tried a salmon berry!  Our pilot graciously took our picture in front of the plane with the mountains in the background.  He was a better photographer and knew my camera better than me!  Thanks for making this a once in a lifetime experience.","Family","0","","Written July 14, 2019","This review is the subjective opinion of a Tripadvisor member and not of Tripadvisor LLC."
"Greg R","https://www.tripadvisor.com/Profile/dgrtrv","https://media-cdn.tripadvisor.com/media/photo-o/03/51/46/19/dgrtrv.jpg","Jacksonville Beach, FL","5","","Soar through the Misty Fjords","My wife and I recently sailed on an Alaskan cruise and were disappointed when on the first day we learned that our previously booked float plane excursion had been cancelled. In port at Ketchikan we were able to find a tour through Seawind Aviation and couldn’t have been more pleased with our experience. <br /><br />Naomi met us at the terminal and drove us to the Seawind office and dock, where our pilot (Steve) and floatplane were waiting.  The plane seats six, and everyone has a window seat with a great view. We made our way through Ketchikan Harbor and into the unbelievable scenery of Misty Fjords. It was a foggy morning, but this didn’t hinder our views, and only added to the “Misty” environment.  We didn’t see a ton of wildlife but we did see a black bear searching for salmon. Steve was great mixing informative commentary with a little bit of humor. <br /><br />The whole operation is top-notch, and we are so glad that we were able to book a tour through Seawind. ","","0","https://media-cdn.tripadvisor.com/media/photo-w/18/4b/08/43/photo6jpg.jpg
https://media-cdn.tripadvisor.com/media/photo-m/1280/18/4b/08/41/photo5jpg.jpg
https://media-cdn.tripadvisor.com/media/photo-m/1280/18/4b/08/40/photo4jpg.jpg
https://media-cdn.tripadvisor.com/media/photo-m/1280/18/4b/08/3f/photo3jpg.jpg
https://media-cdn.tripadvisor.com/media/photo-m/1280/18/4b/08/3e/photo2jpg.jpg
https://media-cdn.tripadvisor.com/media/photo-m/1280/18/4b/08/3d/photo1jpg.jpg
https://media-cdn.tripadvisor.com/media/photo-w/18/4b/08/3b/photo0jpg.jpg","Written July 12, 2019","This review is the subjective opinion of a Tripadvisor member and not of Tripadvisor LLC."
"MCramer14","https://www.tripadvisor.com/Profile/MCramer14","https://media-cdn.tripadvisor.com/media/photo-o/1a/f6/ec/3d/default-avatar-2020-1.jpg","","5","Jul 2019 • Friends","Incredible Trip","This was an incredible trip and a ""must do"" while in Ketichikan.  Leslie at SeaWind is great to work with.  Steve our pilot was awesome.  The Crab Feast is off the charts.  The Crab was tremendous and the best I've ever had.","Friends","0","","Written July 11, 2019","This review is the subjective opinion of a Tripadvisor member and not of Tripadvisor LLC."
"Laura A","https://www.tripadvisor.com/Profile/lamodeo115","https://media-cdn.tripadvisor.com/media/photo-o/1a/f6/f1/b8/default-avatar-2020-22.jpg","Sterling Heights, MI","5","Jul 2019 • Couples","Don't miss this!","Our pilot had 30 years of experience flying in the area.  This company has 3 planes so they are not hard pressed to find experienced pilots.  We heard about the back to back deadly plane crashes in April 2018 and were very concerned about booking this tour.  After doing long research we found out the crashes were with a competing company and not Sea Winds Air.  The crashes were caused by pilot error.  When I booked this tour I asked many questions and found out that all the pilots that are at Sea Winds Air have many, many years experience.  We felt better about booking and did so.  Our flight was amazing.  Our pilot was knowledgeable and very friendly.  We saw a full humpback whale from the plane.  When we landed on the water in the Fjord we saw seals.  I highly recommend this tour.  It was fantastic.  Our ship was delayed getting into port and we thought our tour was cancelled but they were able to get everyone in and back to the ship on time.  It was very well organized with excellent, excellent communication.","Couples","0","https://media-cdn.tripadvisor.com/media/photo-o/18/40/b6/26/hubs-was-the-co-pilot.jpg
https://media-cdn.tripadvisor.com/media/photo-o/18/40/b6/22/this-is-the-dock-in-the.jpg
https://media-cdn.tripadvisor.com/media/photo-o/18/40/b6/20/view-from-the-dock-in.jpg
https://media-cdn.tripadvisor.com/media/photo-o/18/40/b6/1e/all-seats-have-windows.jpg","Written July 9, 2019","This review is the subjective opinion of a Tripadvisor member and not of Tripadvisor LLC."
"DeStos","https://www.tripadvisor.com/Profile/DeStos","https://media-cdn.tripadvisor.com/media/photo-o/1a/f6/f4/d0/default-avatar-2020-33.jpg","Bloomington, IN","5","Jun 2019 • Friends","Had to do these again","Our fifth trip to Alaska, and we were so happy to find this combination of two of our favorite excursions.  Wonderful seaplane flight - landed on a lake and walked on the wings - then to the lodge and all that luscious crab.  Another great day in Alaska!","Friends","0","https://media-cdn.tripadvisor.com/media/photo-m/1280/18/38/b8/40/view-from-the-wing.jpg","Written July 7, 2019","This review is the subjective opinion of a Tripadvisor member and not of Tripadvisor LLC."
"TPhage","https://www.tripadvisor.com/Profile/TPhage","https://media-cdn.tripadvisor.com/media/photo-o/1a/f6/f3/23/default-avatar-2020-28.jpg","Aspen, CO","4","Jul 2019 • Couples","Fun but nauseating. ","Super fun. Beautiful sights. No bears seen though a different group saw. Half way both us got nauseous. Take dramamine. Other than that it was great. ","Couples","0","","Written July 6, 2019","This review is the subjective opinion of a Tripadvisor member and not of Tripadvisor LLC."
"TGtbc","https://www.tripadvisor.com/Profile/TGtbc","https://media-cdn.tripadvisor.com/media/photo-o/1a/f6/df/99/default-avatar-2020-40.jpg","Mt. Prospect","5","Jun 2019 • Family","Wonderful Flightseeing Experience","My family took this flight on a trip to celebrate my Mom’s 90th birthday.  What a ride!  The company treated her like a queen.  The pilot was professional and safe and even spotted a bear for us.  The booking and pick up were seamless.  The staff went out of their way to make everything perfect, even following up later by sending my mom’s photo to us.","Family","0","","Written July 1, 2019","This review is the subjective opinion of a Tripadvisor member and not of Tripadvisor LLC."
"Peggy B","https://www.tripadvisor.com/Profile/peggyb494","https://media-cdn.tripadvisor.com/media/photo-o/1a/f6/f0/d5/default-avatar-2020-17.jpg","","5","Jun 2019 • Family","Amazing morning flight in misty fjords","Eric was our pilot. What a great experience. Would recommend to anyone<br />Very informative of area. Landed in the lake watched a brown bear.","Family","0","","Written June 30, 2019","This review is the subjective opinion of a Tripadvisor member and not of Tripadvisor LLC."
"Ken T","https://www.tripadvisor.com/Profile/518kent","https://media-cdn.tripadvisor.com/media/photo-o/1a/f6/e4/2d/default-avatar-2020-48.jpg","","5","","A must do!","Breathtaking flight with excellent views! Pilot and staff were friendly and personable, and gave great information on the scenery. Would definitely do again.","","0","https://media-cdn.tripadvisor.com/media/photo-o/18/07/e0/75/mvimg-20190622-143507.jpg
https://media-cdn.tripadvisor.com/media/photo-o/18/07/e0/74/mvimg-20190622-141138.jpg","Written June 22, 2019","This review is the subjective opinion of a Tripadvisor member and not of Tripadvisor LLC."
"MandDCrockett","https://www.tripadvisor.com/Profile/MandDCrockett","","","5","Jun 2019 • Couples","Exceeded Expectations","Took this flight two weeks after the two crashes on another air tour company.  I was apprehensive, though my husband was not.  Even though the weather wasn't the best, the whole flight was great.  The pilot was knowledgable and friendly.  He knew the area well and made the entire experience a delight.","Couples","0","","Written June 20, 2019","This review is the subjective opinion of a Tripadvisor member and not of Tripadvisor LLC."
"vickyannea","https://www.tripadvisor.com/Profile/vickyannea","https://media-cdn.tripadvisor.com/media/photo-o/1a/f6/e4/2d/default-avatar-2020-48.jpg","Leicestershire, UK","5","Jun 2019 • Couples","Fantastic flight.","Excellent trip from start to finish. Very friendly, courteous service, from the welcome, through the boarding and flight, to the transfer back to town. Super smooth take-off, flight and landing, including the one on the fjord. We had a long flight over the wonderful scenery and were blessed with good weather too. Couldn't always hear the commentary clearly, but otherwise can't fault it. Thank you.","Couples","0","https://media-cdn.tripadvisor.com/media/photo-o/17/ff/e0/7f/misty-fjords.jpg","Written June 20, 2019","This review is the subjective opinion of a Tripadvisor member and not of Tripadvisor LLC."
"Britanee","https://www.tripadvisor.com/Profile/Oxe19","https://media-cdn.tripadvisor.com/media/photo-f/01/2e/70/97/avatar023.jpg","","5","Jun 2019 • Couples","Best way to view Fjords","We covered a lot of ground and really good visibility even though the windows seem small. Friendly staff and great facilities, also convenient to the dock.","Couples","0","","Written June 16, 2019","This review is the subjective opinion of a Tripadvisor member and not of Tripadvisor LLC."
"ELENAMIAMILOVER","https://www.tripadvisor.com/Profile/elenamiamilover","https://media-cdn.tripadvisor.com/media/photo-o/17/e6/f3/cc/brilliance2015.jpg","Miami, FL","5","Jun 2019 • Couples","Birthday sux gift!","It was my b day and i took this excursion woth my fiance <br />We had a great time ! <br />Very good pilot and the tour was fantastic!! <br />The scenary is unbelievable and you can t forget the beauty of this place ! <br />1 hoir and a half of joy peace and beauty !","Couples","0","https://media-cdn.tripadvisor.com/media/photo-m/1280/17/e7/08/0e/misty-fjords-flight-tour.jpg
https://media-cdn.tripadvisor.com/media/photo-w/17/e7/08/0a/misty-fjords-flight-tour.jpg
https://media-cdn.tripadvisor.com/media/photo-w/17/e7/08/07/misty-fjords-flight-tour.jpg
https://media-cdn.tripadvisor.com/media/photo-w/17/e7/08/05/misty-fjords-flight-tour.jpg","Written June 12, 2019","This review is the subjective opinion of a Tripadvisor member and not of Tripadvisor LLC."
"Shari W","https://www.tripadvisor.com/Profile/254shariw","https://media-cdn.tripadvisor.com/media/photo-s/0a/e0/1e/68/shari-w.jpg","Seattle, WA","5","May 2019 • Couples","Not to be missed","A great flight over the Misty Fjords, with a pilot and 6 passengers.  Our pilot provided great information about the local lifestyle, the scenery, and answered all of our questions.  We landed on Lake Grace and had some time to walk around the coast and see some wolf tracks by the water.<br /><br />The views, although a little hazy due to the weather, was well worth the trip.  You just can't see all the lakes and peaks from the water.<br /><br />The pickup from the port was very simple, and they were even willing to drop me and my husband off near the trailhead we were hiking next.","Couples","0","","Written June 7, 2019","This review is the subjective opinion of a Tripadvisor member and not of Tripadvisor LLC."
"Brittany S","https://www.tripadvisor.com/Profile/bstrong2018","https://media-cdn.tripadvisor.com/media/photo-o/1a/f6/e8/5b/default-avatar-2020-61.jpg","Shreveport, LA","4","May 2019 • Couples","Flight was okay,  Feast was awesome","The flight was smooth and beautiful.  It was a little on the short side though.   The crab feast at the lodge was great though.  If you didn't leave full and satisfied it was your own fault.   I also didn't realize that Beer/wine would be included.","Couples","0","","Written June 5, 2019","This review is the subjective opinion of a Tripadvisor member and not of Tripadvisor LLC."
"kevinandco47","https://www.tripadvisor.com/Profile/kevinandco47","https://media-cdn.tripadvisor.com/media/photo-f/01/2e/70/88/avatar009.jpg","Rickmansworth, UK","5","","A great flight","I've wanted to take a float plane trip for a long time, this trip to Alaska was the ideal time.<br />We contacted Seawind and booked our trip. I love flying but have a problem with claustrophobia, so I contacted Steve and his wife and they very kindly saved the co pilots seat for me.<br />We were met at the cruise ship dock and taken to the sea plane base by a friendly member of staff who gave us information about how the trip would work.<br />The weather was a bit cloudy but our pilot took off and chose the best route to give us wonderful views and a great chat about the geology and formation of the mountains.<br />We saw a bear and made a landing up on a lake. The views of Misty Fjord were great, just a little rain.<br />We returned to base and had a drink and then took us back to the centre of town.<br />It was a great trip. ","","0","https://media-cdn.tripadvisor.com/media/photo-o/17/cc/ec/e3/img-20190601-191048-largejpg.jpg","Written June 4, 2019","This review is the subjective opinion of a Tripadvisor member and not of Tripadvisor LLC."
"World Travalers","https://www.tripadvisor.com/Profile/dpurscell","https://media-cdn.tripadvisor.com/media/photo-o/1a/f6/ec/3d/default-avatar-2020-1.jpg","","5","May 2019 • Couples","Wow smooth flight, friendly staff.","Wow what amazingly smooth & professional flight, So very friendly staff as well.We will definitely do this again.","Couples","0","","Written June 3, 2019","This review is the subjective opinion of a Tripadvisor member and not of Tripadvisor LLC."
"RMurray847","https://www.tripadvisor.com/Profile/RMurray847","https://media-cdn.tripadvisor.com/media/photo-o/0f/44/f1/6f/rmurray847.jpg","Albuquerque, NM","5","May 2019 • Couples","Such a beautiful flight!","My wife and I were in Ketchikan for a few hours (cruise stop) and had originally schedule a flight tour with another company.  They cancelled on us about 2 days prior!  But we were able to find Seawind on Viatour, and we salvaged our visit!  They couldn't have been nicer.  We were picked up just outside our ship and taken the short distance to the ""airfield.""  (And after, a different driver took us to Creek Street...both drivers were delightful and friendly).<br /><br />The trip was amazing and beautiful.  When we spotted a bear, our pilot made sure to circle back around to give us another view.  And we landed on a lake for a chance to just stretch our legs and enjoy the scenery around us in relative quiet.  Our first experience with a float plane...what fun.  Smoothest landings ever!  Great experience, and a great business.","Couples","0","","Written May 30, 2019","This review is the subjective opinion of a Tripadvisor member and not of Tripadvisor LLC."
"C.Rabsatt","https://www.tripadvisor.com/Profile/CRabsatt","https://media-cdn.tripadvisor.com/media/photo-m/1280/17/f1/ef/ea/crabsatt.jpg","Blue Ridge, GA","5","May 2019 • Couples","Awesome experience!","This floatplane ride was one of the highlights of our trip! Our pilot, Steve, was great! Beautiful flight, amazing sights and easy take off and landing. We loved it!","Couples","0","","Written May 26, 2019","This review is the subjective opinion of a Tripadvisor member and not of Tripadvisor LLC."
"Man-Ling Y","https://www.tripadvisor.com/Profile/Man-LingY","https://media-cdn.tripadvisor.com/media/photo-o/1a/f6/e9/60/default-avatar-2020-64.jpg","Sydney, Australia","5","May 2019 • Couples","Great experience and beautiful scenery","We were picked up at the Cruise Port and taken to the Seawind Flight Center. There were 6 of us in the group and we each got a window seat with noise reduction headphone that we can communicate with the pilot and other passengers.<br />The sceneries are breathtaking. We see waterfalls. rugged mountains and fjords.<br />There is a landing on a lake which is peaceful and tranquil.<br />Everything goes smoothly and we were dropped off at Creek Street for a stroll on our own.<br />","Couples","0","","Written May 24, 2019","This review is the subjective opinion of a Tripadvisor member and not of Tripadvisor LLC."
"Beau","https://www.tripadvisor.com/Profile/beaudegraaf","https://media-cdn.tripadvisor.com/media/photo-o/1a/f6/e2/11/default-avatar-2020-41.jpg","Spijkenisse, The Netherlands","5","","Beautiful flight","We had a beautiful flight over the Misty Fjords with our flight captain Eric. Pickup at the harbour was easy and fast. We hopped on the plain and took off which brought us to a lake in the Misty fjords. It was a memorable experience and would definitely book then again and recommend them!","","0","https://media-cdn.tripadvisor.com/media/photo-o/17/a7/17/ce/img-20190523-120729-largejpg.jpg
https://media-cdn.tripadvisor.com/media/photo-o/17/a7/17/cd/img-20190523-122616-largejpg.jpg","Written May 24, 2019","This review is the subjective opinion of a Tripadvisor member and not of Tripadvisor LLC."
"Gregg A","https://www.tripadvisor.com/Profile/gregga2014","https://media-cdn.tripadvisor.com/media/photo-l/01/2a/fd/9c/avatar.jpg","Ryder, ND","5","May 2019 • Couples","A Life Experience","Even as a retired fighter pilot this was one of my favorite aviation experiences. Our pilot/guide was Steve, a true professional that clearly enjoys his work. His knowledge of the area, skill and aviation skills made the tour exceptional in every way. The weather cooperated and added even more to the breathtaking scenery. I would not miss this tour, it is a great value in time and money!","Couples","0","https://media-cdn.tripadvisor.com/media/photo-m/1280/17/a4/68/5a/misty-fjords-flight-tour.jpg","Written May 23, 2019","This review is the subjective opinion of a Tripadvisor member and not of Tripadvisor LLC."
"anand4you","https://www.tripadvisor.com/Profile/anand4you","https://media-cdn.tripadvisor.com/media/photo-o/1a/f6/ea/2e/default-avatar-2020-67.jpg","Weston, FL","1","May 2019 • Couples","Cancelled On us.","They cancelled on us at last minute stating the weather. At the same time three other companies were still selling the air tour including their agent. We ended up booking with a diffrent company. ","Couples","0","","Written May 23, 2019","This review is the subjective opinion of a Tripadvisor member and not of Tripadvisor LLC."
"Doug B","https://www.tripadvisor.com/Profile/dougb116","https://media-cdn.tripadvisor.com/media/photo-o/1a/f6/f2/b8/default-avatar-2020-26.jpg","","5","May 2019 • Couples","Awesome trip","Great trip!!!! Super nice family that owns and fly's the planes, Must see country that you can only see from the air!!!!","Couples","0","","Written May 23, 2019","This review is the subjective opinion of a Tripadvisor member and not of Tripadvisor LLC."
"Dee C","https://www.tripadvisor.com/Profile/G7871LRdeec","https://media-cdn.tripadvisor.com/media/photo-o/1a/f6/ec/3d/default-avatar-2020-1.jpg","Gold Coast, Australia","5","Sep 2018 • Couples","Fantastic","Excellent flight with a well experienced pilot who had lots of information about the local area. We couldn't have wished for a better trip. We even saw a bear on the mountain top. We would highly recommend Seawind flights.","Couples","0","","Written May 15, 2019","This review is the subjective opinion of a Tripadvisor member and not of Tripadvisor LLC."
"Alison A","https://www.tripadvisor.com/Profile/alisona532","https://media-cdn.tripadvisor.com/media/photo-o/1a/f6/f0/d5/default-avatar-2020-17.jpg","Brisbane Region, Australia","5","May 2019 • Couples","Mrs","Excellent service and very friendly family run business.  Well organised. Wonderful experience seeing the beautiful scenery and although it was early in the season and a hot day the pilot did his best to find us some wildlife. Excellent bald eagle spotting at the start point of this flight too.  Felt safe and confident. Highly recommend doing this tour with Seawind Aviation.","Couples","0","https://media-cdn.tripadvisor.com/media/photo-m/1280/17/85/aa/e2/misty-fjords-flight-tour.jpg
https://media-cdn.tripadvisor.com/media/photo-w/17/85/aa/db/misty-fjords-flight-tour.jpg
https://media-cdn.tripadvisor.com/media/photo-m/1280/17/85/aa/d0/misty-fjords-flight-tour.jpg","Written May 15, 2019","This review is the subjective opinion of a Tripadvisor member and not of Tripadvisor LLC."
"Charlene G","https://www.tripadvisor.com/Profile/996charleneg","https://media-cdn.tripadvisor.com/media/photo-o/1a/f6/7c/01/default-avatar-2020-5.jpg","","5","","Ketchikan with Drew ","Steve our pilot was filled with knowledge of the area. We had an amazing ride through the fjords. We landed in one of the lakes and explored the area. We cruised the harbor on the way back to the dock. Excellent tour!! ","","0","","Written October 3, 2018","This review is the subjective opinion of a Tripadvisor member and not of Tripadvisor LLC."
"Richard L","https://www.tripadvisor.com/Profile/H5490WRrichardl","https://media-cdn.tripadvisor.com/media/photo-o/1a/f6/e2/e6/default-avatar-2020-45.jpg","","5","Oct 2018 • Couples","To Leslie and steve and Drew and all the wonderful staff at Seawind aviation","My mother and i flew with you in September you treated us like royalty courteous friendly professional and yes even lovingly i thank you from the bottom of my heart we enjoyed our time with you so much a trip of a lifetime because of you truly Richard lessor and Dolores Ackley ocala Florida","Couples","0","https://media-cdn.tripadvisor.com/media/photo-m/1280/14/ea/c4/5b/thanks-leslie.jpg","Written October 2, 2018","This review is the subjective opinion of a Tripadvisor member and not of Tripadvisor LLC."
"Bob-a-JobSussex","https://www.tripadvisor.com/Profile/Bob-a-JobSussex","https://media-cdn.tripadvisor.com/media/photo-o/1a/f6/df/2b/default-avatar-2020-39.jpg","Sussex, England","4","Sep 2018 • Couples","Good bear viewing at Margaret Creek, Tongass National Forest","Their driver was a little late picking us up but then it was only a 5 minute drive to the plane and after checking in we were able to depart on schedule. We were very lucky to have a fine day as all their flights were cancelled the previous day.<br /><br />Both flights were very good with no problems at all. In fact we were the only 2 clients that day so it was just us and the pilot on the plane - a private tour for the group price which has to be great.<br /><br />Our bear guide Drew was very friendly. We wondered if the platform would be crowded, well for most of the time we were the only people there although one group left soon after we arrived and another group arrived just before we left. Again we were very happy.<br /><br />The viewing platform was quite high above the creek and it was rather dark with black bears in a dark creek for photos, but the experience of seeing the bears was excellent. We saw 5 or 6 bears all quite close to us so we were very happy.<br /><br />We were returned promptly to our ship.<br /><br />This was an excellent tour and we would recommend it.","Couples","0","","Written September 28, 2018","This review is the subjective opinion of a Tripadvisor member and not of Tripadvisor LLC."
"sylvesters134","https://www.tripadvisor.com/Profile/sylvesters134","https://media-cdn.tripadvisor.com/media/photo-o/1a/f6/f6/0d/default-avatar-2020-34.jpg","Los Angeles, CA","5","Sep 2018 • Couples","SeaWind Bear Excursion in Alaska","Terrific excursion--the highlight of our vacation! Our seaplane pilot and bear guide were fantastic, and the SeaWind staff were so welcoming and enthusiastic. Although they do not guarantee a bear sighting, we were lucky enough to watch a bear catching salmon and lumbering around in the rapids. The seaplane journey was so beautiful, we would have been happy, even if we hadn't seen the bear. Well worth the cost. Also, crew very aware of cruise ship departure, and timing back to the port. ","Couples","0","","Written September 27, 2018","This review is the subjective opinion of a Tripadvisor member and not of Tripadvisor LLC."
"Peggy N","https://www.tripadvisor.com/Profile/PeggyN487","https://media-cdn.tripadvisor.com/media/photo-o/1a/f6/77/ae/default-avatar-2020-2.jpg","Crowley, TX","5","Sep 2018 • Couples","great float plane ride","We took our trip in August 2018. It couldn't have been any better.  Our pilot was very knowledgeable  and the flight was smooth. We enjoyed landing on the water and stopping on the isolated land and walking around. We even saw animal tracks. The scenery was outstanding.","Couples","0","","Written September 25, 2018","This review is the subjective opinion of a Tripadvisor member and not of Tripadvisor LLC."
"danny8274","https://www.tripadvisor.com/Profile/danny8274","","Fairfield, CA","5","Sep 2018 • Couples","Misty Fjords Flightseeing","My wife and I had a great time with Seawind Aviation. Our pilot, Anthony, did a fantastic job and showed us some incredible sights. We landed in the middle of a small lake where there was a little rock island. We got to walk around and really take in the spectacular views. After that we headed back. Highly recommend!","Couples","0","","Written September 24, 2018","This review is the subjective opinion of a Tripadvisor member and not of Tripadvisor LLC."
"Anita M","https://www.tripadvisor.com/Profile/Cosmopolitan766790","","","5","Sep 2018 • Couples","Amazing Flight","A wonderful experience. From the online booking to being picked up by the super friendly shuttle service to an amazing flight, Seawind aviation were super friendly and professional. Would highly recommend this family business. Lesley, the owner, was so cheerful and happy to accommodate our needs. Mike provided a superb flight for us. Best decision to go with Seawind.","Couples","0","","Written September 21, 2018","This review is the subjective opinion of a Tripadvisor member and not of Tripadvisor LLC."
"Brittany S","https://www.tripadvisor.com/Profile/935brittanys","https://media-cdn.tripadvisor.com/media/photo-o/1a/f6/e2/a7/default-avatar-2020-44.jpg","Dallas, TX","5","Sep 2018 • Solo","Excellent trip, great tour","I didn’t have plans today and contacted Lesley who was able to get me in on one of the trips with an open seat. I’ve never been on a float plane before, but it could not have been any better. The pilot was confident and knowledgeable. Steve and Lesley are great. Take offs and landings were smooth and the fjords were beautiful. I highly recommend this professional company for a wonderful time.","Solo","0","https://media-cdn.tripadvisor.com/media/photo-w/14/b8/0d/59/seawind-aviation.jpg
https://media-cdn.tripadvisor.com/media/photo-m/1280/14/b8/0d/3e/seawind-aviation.jpg
https://media-cdn.tripadvisor.com/media/photo-m/1280/14/b8/0d/2d/seawind-aviation.jpg
https://media-cdn.tripadvisor.com/media/photo-w/14/b8/0d/23/seawind-aviation.jpg","Written September 19, 2018","This review is the subjective opinion of a Tripadvisor member and not of Tripadvisor LLC."
"tepacheco2","https://www.tripadvisor.com/Profile/tepacheco2","https://media-cdn.tripadvisor.com/media/photo-o/1a/f6/eb/a3/default-avatar-2020-38.jpg","Detroit, MI","4","Sep 2018 • Friends","Misty Fjords tour","The tour was awesome, great views of inner Alaska, the float plane was awesome, our pilot seemed bothered when we would ask a few questions, glad he knew how to fly the plane.","Friends","0","","Written September 14, 2018","This review is the subjective opinion of a Tripadvisor member and not of Tripadvisor LLC."
"mschuler865","https://www.tripadvisor.com/Profile/mschuler865","https://media-cdn.tripadvisor.com/media/photo-o/1a/f6/ea/b2/default-avatar-2020-69.jpg","Grayson, GA","5","Sep 2018 • Couples","Great Trip & Wonderful People","The Floatplane trip to Misty Fjords was smooth from takeoff to landing, with amazing views and a terrific pilot. All of the folks associated with Seawind, from the driver who picked us up and dropped us off (at our restaurant destination!) to the pilot and the owners were friendly, enthusiastic and a pleasure to meet. We strongly recommend Seawind to anyone interested in a Floatplane trip in Ketchikan!","Couples","0","","Written September 12, 2018","This review is the subjective opinion of a Tripadvisor member and not of Tripadvisor LLC."
"Mark G","https://www.tripadvisor.com/Profile/mrkgillis","https://media-cdn.tripadvisor.com/media/photo-o/15/b1/1f/eb/mrkgillis.jpg","North Bend, OR","5","","The highlight of our Alaskian Cruise","We booked Seawind at the last minute and were afraid to expect much from this experience...but they flew us to a out of the way cove and we got to experience bears fishing for salmon and interacting with each other. This was all behind a blind on a platform.  <br />I felt they were realistic in predicting bear encounters and were prepared for all eventualities.  The guide knew each bear by behavior and markings. The pilots were very experienced and their support staff was professional.  <br />As a tourist,  every once in a while you meet outstanding companies that do their job better than anyone else that you've worked with.  <br />I would come to these guys anytime i needed flights in SE Alaska.","","0","https://media-cdn.tripadvisor.com/media/photo-o/14/84/6a/ce/img-20180906-wa0009-largejpg.jpg
https://media-cdn.tripadvisor.com/media/photo-o/14/84/6a/cd/20180906-095647-largejpg.jpg","Written September 8, 2018","This review is the subjective opinion of a Tripadvisor member and not of Tripadvisor LLC."
"Virginia C","https://www.tripadvisor.com/Profile/W8934MBvirginiac","https://media-cdn.tripadvisor.com/media/photo-o/1a/f6/eb/6d/default-avatar-2020-19.jpg","Washington DC, DC","5","Aug 2018 • Solo","Fantastic tour, very knowledgeable staff!","The tour I booked from the cruise had gotten cancelled, so a bunch of us in the same predicament signed up last minute at the dock with Seawind Aviation, and what a stroke of luck that was! We took a comfy van to their office and arranged the group into two small aircraft.  One person in our aircraft became very claustrophobic as soon as the door closed and insisted on being let out, which the pilot did very graciously with no issue at all.  Once at the cove Drew our bear guide was fantastic, injecting fun in our group with antics like making us do a ""bear dance"", hokey but he put such a positive vibe on the tour we played along and had a great time and always felt safe.  Even though he must see hundreds of tourists each season, he knew that for each of us this was likely our first time seeing the bears like this, in their element eating salmon, and he helped make the tour live up to our expectations and then some.  We probably saw about 5 to 8 bears total.  Highly recommended!!","Solo","0","","Written September 6, 2018","This review is the subjective opinion of a Tripadvisor member and not of Tripadvisor LLC."
"HollyHW","https://www.tripadvisor.com/Profile/HollyHW","https://media-cdn.tripadvisor.com/media/photo-s/02/50/de/ff/hollyhw.jpg","San Diego, California, United States","5","Aug 2018 • Family","An expensive nap for our 4 year old!","Everyone was so friendly! I was a bit nervous about the flight, but we couldn't have asked for better weather and our pilot was confident, experienced, and informative. My 4 year old took a nap about 10 mins in, so leave the littles on the boat is my advice! ;) It was amazing to see and I did feel safe, albeit nervous, but that's just me. It was a once in a lifetime view and the folks who run this had smiling and reassuring faces to help. :) ","Family","0","","Written August 31, 2018","This review is the subjective opinion of a Tripadvisor member and not of Tripadvisor LLC."
"Barb W","https://www.tripadvisor.com/Profile/TravelBarb2014","https://media-cdn.tripadvisor.com/media/photo-o/1a/f6/ed/00/default-avatar-2020-4.jpg","Cleveland, OH","5","Aug 2018","Flight Seeing and Bear viewing","Great trip. Expensive but worth it! The staff were professional and accommodating and we saw lots of bears. ","","0","","Written August 30, 2018","This review is the subjective opinion of a Tripadvisor member and not of Tripadvisor LLC."
"Barb W","https://www.tripadvisor.com/Profile/TravelBarb2014","https://media-cdn.tripadvisor.com/media/photo-o/1a/f6/ed/00/default-avatar-2020-4.jpg","Cleveland, OH","5","Aug 2018 • Family","Bear Viewing and Flight Seeing","GREAT trip. The owner and her husband were gracious and professional. The bear guide<br />was very knowledgeable and entertaining. The flights were smooth and fun and not scary at all . My family loved and highly recommend this!","Family","0","https://media-cdn.tripadvisor.com/media/photo-w/14/64/72/75/one-of-many-bears-we.jpg
https://media-cdn.tripadvisor.com/media/photo-w/14/64/71/8f/view-approaching-prince.jpg","Written August 30, 2018","This review is the subjective opinion of a Tripadvisor member and not of Tripadvisor LLC."
"mattV4248RL","https://www.tripadvisor.com/Profile/mattV4248RL","https://media-cdn.tripadvisor.com/media/photo-o/1a/f6/f4/5d/default-avatar-2020-32.jpg","Lawrenceville, GA","5","Aug 2018 • Friends","Wonderful trip","This company is the best.  Pickup was as instructed and the check in was easy.  the plane trip was incredible and our pilot was great.  I would highly recommend this trip.","Friends","0","","Written August 27, 2018","This review is the subjective opinion of a Tripadvisor member and not of Tripadvisor LLC."
"Diana K","https://www.tripadvisor.com/Profile/V5268FCdianak","https://media-cdn.tripadvisor.com/media/photo-o/1a/f6/f2/b8/default-avatar-2020-26.jpg","Houston, TX","5","Aug 2018 • Couples","Amazing experience!","Pictures never can justify or convey this breathtaking experience. Our pilot Andy was very knowledgeable, skilled, and let us enjoy the views with the right balance of narration. The flight was safe and comfortable.We booked this trip directly on the website and not via the cruise line.Well worth the price and magnificent 1.5 hour actual flight time with a water landing nearby a dock.Would do this again. Highly recommended!","Couples","0","","Written August 24, 2018","This review is the subjective opinion of a Tripadvisor member and not of Tripadvisor LLC."
"Peter W","https://www.tripadvisor.com/Profile/peterwS9294LH","https://media-cdn.tripadvisor.com/media/photo-o/04/12/54/0c/peter-w.jpg","Shrewsbury, UK","5","Aug 2018 • Friends","Amazing experience and very accomodating","We wanted to buy our friend a special birthday treat so booked at seaplane companies in Ketchikan with the idea of a short sightseeing flight.<br />Most had pre-designated trips with a lot of them including a food stop etc.  This was more than we really wanted and bumped up the cost.   However Seawing agreed to take us for a 30 minute ""flightseeing"" jaunt by piggybacking onto another group of 3 who were going to a crab bake.  This meant that we had our required flight with 2 landing and takeoffs.<br />Our pilot was great and detoured to see humpback and orca whales as well as finding a black bear on the return journey.<br />Really friendly and accommodating enterprise.","Friends","0","https://media-cdn.tripadvisor.com/media/photo-m/1280/14/4a/d8/6b/views-from-plane.jpg
https://media-cdn.tripadvisor.com/media/photo-m/1280/14/4a/d8/45/humpback-whales-from.jpg
https://media-cdn.tripadvisor.com/media/photo-m/1280/14/4a/d8/26/linda-s-special-day.jpg","Written August 24, 2018","This review is the subjective opinion of a Tripadvisor member and not of Tripadvisor LLC."
"fwf2016","https://www.tripadvisor.com/Profile/fwf2016","https://media-cdn.tripadvisor.com/media/photo-o/1a/f6/e2/e6/default-avatar-2020-45.jpg","Kiel, Germany","4","Aug 2018 • Couples","Flug über Gebirge, statt zu den Bären","Gebucht war ein Flug zur Bärenbeobachtung westlich von Ketchikan auf einer Insel. Da leider wenig Waser, wenig Lachse und damit auch keine Bären am Zielort waren, wurde ein Flug über Gebirge vorgeschlagen und von uns angenommen. Das war schade, aber wohl nicht änderbar. Vielleicht ist die Zielstelle nicht so gut geeignet. Der Flug über das Gebirge bei Ketchikan war sehr schön. Beeindruckend war die Gewaltigkeit des Gebirges und es waren die teilweise senkrecht abfallenden Berghänge. Es gab auch eine Zwischenlandung an einem Fjord. ","Couples","0","","Written August 23, 2018","This review is the subjective opinion of a Tripadvisor member and not of Tripadvisor LLC."
"Jasmin T","https://www.tripadvisor.com/Profile/210jasmint","https://media-cdn.tripadvisor.com/media/photo-s/08/76/38/96/jasmin-t.jpg","Los Angeles, CA","4","Aug 2018 • Couples","Great experience apart from last minute changes!","The overall experience was amazing. However, we had booked the 8am flight and were meant to be picked up from our ship at 7:30... at 7:15 I got a phone call saying they would pick us up at 8:45. We had another excursion booked for later that morning so this was a problem. We were able to do both but we no longer had time to explore the town and had to really rush lunch which was a shame.","Couples","0","","Written August 22, 2018","This review is the subjective opinion of a Tripadvisor member and not of Tripadvisor LLC."
"Tom W","https://www.tripadvisor.com/Profile/tomwZ1764RV","https://media-cdn.tripadvisor.com/media/photo-o/1a/f6/e5/2b/default-avatar-2020-52.jpg","","5","Aug 2018 • Couples","Nice Float Flight in Misty Fiords","This was a great start to our tours in Alaska, a floatplane flight landing in Misty Fiords.  When our pilot spotted a whale along the way, we circled to have plenty of time to see it.  We had four tourists in the plane, and since I had a big camera he let me have the back seat alone so that I could shoot from both sides of the plane.  We landed in the fiord and had plenty of time for photos before returning.  The pickup gal called me when we got mixed up on the pickup time but made sure when we made the flight just fine, also back in plenty of time for our ship to board early.  Good day!","Couples","0","","Written August 20, 2018","This review is the subjective opinion of a Tripadvisor member and not of Tripadvisor LLC."
"Lisa A","https://www.tripadvisor.com/Profile/lisaaN3365RO","https://media-cdn.tripadvisor.com/media/photo-o/1a/f6/ee/10/default-avatar-2020-8.jpg","West Linn, OR","5","","Impeccable Customer Service","We just got home from an Alaskan cruise and the Misty Fjords Flight Tour was a highlight. From the moment we made the reservation, the Seawind staff was very friendly and helpful. Naomi met us promptly at the dock with a smile. It was super easy to find the van and the dock was only a short ride away. We were lucky enough to have the plane to ourself with a party of five. Eric was our pilot and he did a fantastic job narrating the things to see. We weren’t sure about going on a float plane, but it was worth every penny. We would be happy to do it again. We highly recommend SeaWind Aviation. ","","0","https://media-cdn.tripadvisor.com/media/photo-m/1280/14/33/92/40/photo0jpg.jpg","Written August 18, 2018","This review is the subjective opinion of a Tripadvisor member and not of Tripadvisor LLC."
"jose enrique p","https://www.tripadvisor.com/Profile/joseenriquep2017","https://media-cdn.tripadvisor.com/media/photo-o/1a/f6/eb/6d/default-avatar-2020-19.jpg","","5","Aug 2018 • Family","increible lugar","excelente servicio, una empresa familiar muy comprometida con la atencion, el viaje maravilloso unas visrtas ecepcionales","Family","0","","Written August 17, 2018","This review is the subjective opinion of a Tripadvisor member and not of Tripadvisor LLC."
"Linette L","https://www.tripadvisor.com/Profile/26linettel","https://media-cdn.tripadvisor.com/media/photo-s/0e/60/66/fa/linette-l.jpg","New York","5","Aug 2018 • Solo","Great experience at Traitor's Cove","I booked a trip to Traitor's Cove directly from the website, which was pretty easy to navigate, and received confirmation of the booking within 24 hours (it might have been closer to 10 hours). <br /><br />The directions in terms of where to meet were very clear (by the berth next to our cruise ship's), and the vans were clearly marked and easy to find. It was a short drive to the Seawind office/dock.<br /><br />We flew in one of the 7 passenger De Havillands. It was surprisingly comfortable. We spent a few minutes figuring out seating, which did worry me. (What if someone lied about their weight and they balanced the plane incorrectly?) However, the flight went very smoothly and we were able to see a lot of the Tongass National Forest on our way to Traitor's Cove. On the way back, one of the kids decided he wanted my seat (to be closer to his little brother), and so we switched with no discernible difference as to the smoothness of the flight. I guess the weight balancing didn't need to be that precise!<br /><br />Our plane had two-way headsets which the kids tested out. The flight itself was somewhere between 20-30 minutes long. Our pilot provided commentary on the way out, but gave us time to just look out and relax on the way back.<br /><br />After the flight, we took a short drive, and then a short walk to the viewing platform. Along the way, our guide reiterated the bear viewing/safety guidelines, and pointed out native plants and fresh bear scat.<br /><br />We were the first group of the day to arrive at the viewing platform, where the USFS ranger pointed out a bear who was already fishing for salmon. In all, we saw 7 bears (or maybe 8?), including one who walked right under our platform, and a mama bear fishing with her two cubs. We also saw salmon jumping, and two bald eagles. We stayed for about 2 hours - one group arrived and left while we were there, and another arrived about 30 minutes before we left. During that time, the platform was never crowded, and there was plenty of space for everyone to get a good view. My binoculars were handy at times, but not necessary, as most of the bears were very close.<br /><br />This was an incredible experience! That being said, I understand that it is heavily dependent on Mother Nature's cooperation and I was lucky. We were told all flights the previous day had been cancelled due to the weather, and that viewing in July had been poor as the lack of rain had affected the salmon run. However, the easy communication, the smooth and scenic flight, and the friendly and knowledgeable guides made all the parts under human control excellent (and the bears were great as well :-)","Solo","0","","Written August 16, 2018","This review is the subjective opinion of a Tripadvisor member and not of Tripadvisor LLC."
"Curious479093","https://www.tripadvisor.com/Profile/Curious479093","https://media-cdn.tripadvisor.com/media/photo-o/1a/f6/f4/20/default-avatar-2020-31.jpg","","5","Aug 2018 • Couples","Seawind Aviation Misty Fjords Seaplane Flight","Great experience, a must do trip when in Ketchikan. Definitely a trip to remember. This company was very easy to deal with and very accommodating. They provided a very personalised experience and nothing was a problem. Will be recommending them to friends and colleagues.","Couples","0","","Written August 10, 2018","This review is the subjective opinion of a Tripadvisor member and not of Tripadvisor LLC."
"sanaqvi51","https://www.tripadvisor.com/Profile/sanaqvi51","https://media-cdn.tripadvisor.com/media/photo-o/1a/f6/f1/b8/default-avatar-2020-22.jpg","Orchard Lake, MI","5","Aug 2018 • Family","Wonderful experience","The staff was very friendly, the pilot was experienced and knowledgeable and gave us an excellent review of the areas we flew over.  He went out of his way to make this an absolutely wonderful experience for us.  ","Family","0","","Written August 10, 2018","This review is the subjective opinion of a Tripadvisor member and not of Tripadvisor LLC."
"Wendy C","https://www.tripadvisor.com/Profile/wendycU3200GT","https://media-cdn.tripadvisor.com/media/photo-o/1a/f6/f3/23/default-avatar-2020-28.jpg","","5","Aug 2018 • Couples","Wow!!","They say a picture is worth a thousand words, and I can honestly say the views were priceless! Our pilot was very informative and provided us with a thrill of a lifetime...thank you for a memorable experience!","Couples","0","","Written August 9, 2018","This review is the subjective opinion of a Tripadvisor member and not of Tripadvisor LLC."
"jamesbfishin1","https://www.tripadvisor.com/Profile/jamesbfishin1","https://media-cdn.tripadvisor.com/media/photo-o/16/f5/8a/52/jamesbfishin1.jpg","Murrieta, CA","5","Jul 2018 • Family","Great service","Great Service!<br />We were picked up at the airport and driven to multiple locations so that we could pick up various items needed at our final destination which was Coffman Cove.  They gladly accommodated our needs saving us money on cab fare before our breathtaking flight across Southeast Alaska.  A special thank you to Lesley who's friendly smile and positive attitude made us feel like we were the only thing that mattered and we all appreciated that treatment.","Family","0","","Written August 8, 2018","This review is the subjective opinion of a Tripadvisor member and not of Tripadvisor LLC."
"Joey A","https://www.tripadvisor.com/Profile/joellena277","https://media-cdn.tripadvisor.com/media/photo-o/1a/f6/eb/e3/default-avatar-2020-59.jpg","","5","Aug 2018 • Couples","Great view of Mystic Fjord","Wonderful views and much cheaper than cruise ships.  The take off and landing on the water is a once in a life time opportunity. Steve was our pilot and a great tour guide ","Couples","0","","Written August 7, 2018","This review is the subjective opinion of a Tripadvisor member and not of Tripadvisor LLC."
"Ted F","https://www.tripadvisor.com/Profile/Teddflor","https://media-cdn.tripadvisor.com/media/photo-o/1a/f6/f1/b8/default-avatar-2020-22.jpg","Charlotte, North Carolina","5","Jun 2018 • Couples","Extraordinary once in a lifetime adventure with a great company and expert pilots","The highlight of our cruise was our amazing flight tour of Misty Fjords out of Ketchican in June 2018 with this family owned business. Spectacular scenery flown over by an expert pilot with a stop at a mountain lake. We even got to see mountain goats from the air. An amazing adventure we will never forget!","Couples","0","https://media-cdn.tripadvisor.com/media/photo-m/1280/14/08/23/b1/seawind-aviation.jpg
https://media-cdn.tripadvisor.com/media/photo-m/1280/14/08/23/b0/seawind-aviation.jpg
https://media-cdn.tripadvisor.com/media/photo-m/1280/14/08/23/a9/seawind-aviation.jpg
https://media-cdn.tripadvisor.com/media/photo-m/1280/14/08/23/a4/seawind-aviation.jpg","Written August 7, 2018","This review is the subjective opinion of a Tripadvisor member and not of Tripadvisor LLC."
"Karen R","https://www.tripadvisor.com/Profile/kayfrayroth","https://media-cdn.tripadvisor.com/media/photo-o/1d/58/0c/68/karen-r.jpg","California","5","Aug 2018","Awesome adventure!","Extremely scenic flight, and longer than I expected.  Our pilot was knowledgable and skilled.  We landed on a lake in the middle of the misty fjords- so serene and beautiful.  Definitely a great excursion!!","","0","","Written August 5, 2018","This review is the subjective opinion of a Tripadvisor member and not of Tripadvisor LLC."
"Paula W","https://www.tripadvisor.com/Profile/paulawrenn72","https://media-cdn.tripadvisor.com/media/photo-o/1a/f6/e3/1f/default-avatar-2020-46.jpg","","5","Jul 2018 • Family","SeaWind Flight","We had a great time on our tour.  Everything was perfect.  Great weather, clear skies and we even got to see a couple of whales.  A beautiful view of Alaska. Highly recommend this excursion while in Alaska.  ","Family","0","","Written August 4, 2018","This review is the subjective opinion of a Tripadvisor member and not of Tripadvisor LLC."
"Nathan S","https://www.tripadvisor.com/Profile/839nathans","https://media-cdn.tripadvisor.com/media/photo-o/1a/f6/e4/2d/default-avatar-2020-48.jpg","Murrieta, CA","5","Jul 2018 • Couples","Bucket list adventure","The Misty Fjords flight seeing was incredible, well worth it. The staff and pilot were very knowledgeable and pleasant. ","Couples","0","","Written August 2, 2018","This review is the subjective opinion of a Tripadvisor member and not of Tripadvisor LLC."
"A C B","https://www.tripadvisor.com/Profile/peachprincess9977","https://media-cdn.tripadvisor.com/media/photo-o/17/ee/90/c2/caption.jpg","Toronto, Canada","5","Jul 2018 • Couples","amazing seaplane flight and crab feast","The weather was a clear warm sunny day.  Could not have been more perfect flying conditions for seaplane flight to Misty Fjord.  Our pilot was clearly very experienced and all take offs and landings were smoother than in regular commercial flights.  The landscape was beautiful.  He landed us in a small inlet where we were able to get out of the plane walk around and explore for about 10 minutes.  Very idyllic and fairy tale.  We then were flown to George Inlet for all you can eat dungeness crab within less than an hr.  Eat fast!  Van ride back to cruise ship.  Guide pointed out a bear that no one else was able to spot.  Overall an amazing trip.","Couples","0","","Written July 31, 2018","This review is the subjective opinion of a Tripadvisor member and not of Tripadvisor LLC."
"ldjwg11","https://www.tripadvisor.com/Profile/ldjwg11","https://media-cdn.tripadvisor.com/media/photo-o/1a/f6/e7/7b/default-avatar-2020-56.jpg","Alexandria, VA","5","Jul 2018 • Couples","Awesome Sghtseeing Experience","Awesome way to see the area. Pilot was amazing, landed so smoothly. We were greeted by a lovely young lady who took us to the area where we boarded the seaplane and everything was so smooth. ","Couples","0","","Written July 24, 2018","This review is the subjective opinion of a Tripadvisor member and not of Tripadvisor LLC."
"denis-hartshorne","https://www.tripadvisor.com/Profile/denis-hartshorne","https://media-cdn.tripadvisor.com/media/photo-o/1a/f6/f3/e4/default-avatar-2020-30.jpg","Colby, UK","5","Jul 2018 • Solo","Flight of Fancy and Joy","The flight was above and beyond all that I expected. To land on a prestine lake, step out Ona small island and experience the peace and tranquility was outstanding. The staff are to be commended on the service provided. ","Solo","0","","Written July 22, 2018","This review is the subjective opinion of a Tripadvisor member and not of Tripadvisor LLC."
"theamans2018","https://www.tripadvisor.com/Profile/theamans2018","https://media-cdn.tripadvisor.com/media/photo-o/1a/f6/eb/6d/default-avatar-2020-19.jpg","Ketchikan, AK","2","","Disappointing ","Once on the bus to go to the float plane dock, we were informed that our tour would be in reverse order, with the plane ride at the end. As it turned out we went both ways by bus due to bad weather. Just know that they will run this tour with or without the plane ride. We booked this through our cruise line, and they were kind enough to refund all but $99 because of this. Even with this discount it was an overpriced crab dinner with ZERO history of the lodge, (wouldn’t have even known the name of it except for the sign by the gift shop) ZERO smoked salmon, no fireplace (I think we were in a smaller overflow dinning room). The bus rides were Dull and uninformative. Highlight of this tour was the host at the lodge (friendly and accommodating) and the all you can eat crab which was excellent.","","0","","Written July 22, 2018","This review is the subjective opinion of a Tripadvisor member and not of Tripadvisor LLC."
"Chris E","https://www.tripadvisor.com/Profile/chriseP5906EZ","https://media-cdn.tripadvisor.com/media/photo-o/1a/f6/de/e7/default-avatar-2020-37.jpg","","5","Jul 2018 • Couples","Float plane ride to free tops lodge","Awesome first experience in float plane. Mike,the pilot was great!! Fun, informative and safe!!!! Seawind very accommodating and customer focused","Couples","0","","Written July 21, 2018","This review is the subjective opinion of a Tripadvisor member and not of Tripadvisor LLC."
"dpatel90","https://www.tripadvisor.com/Profile/dpatel90","https://media-cdn.tripadvisor.com/media/photo-o/1a/f6/f4/d0/default-avatar-2020-33.jpg","Atlanta, GA","5","Jun 2018 • Family","Amazing experience with beautiful scenery","My family went on this as an excursion during our Alaskan cruise. I had called a few months before and the customer service is great! They helped us plan out the best times according to the cruise schedule and even gave us a discount for our large group (10).<br /><br />They gave me a call before we got off the cruise and I had their phone number on hand, just in case. When we got there, everyone was super friendly. We split into two groups and took two planes.<br /><br />The scenery is just gorgeous! We flew between mountains and over several bodies of water. In one area, the pilot spotted orcas and landed our plane near them so we could get a closer look. It was such a unique experience. My nephew was super happy during this part. We later landed on a dock for a break and took some pictures in the Alaskan wilderness. My cousin spotted jellyfish here! When we took off again, we spotted bald eagles but were unable to see any bears this time around. Still, I was so happy we got to see the orcas at such a close range in the wild!<br /><br />The only thing I would caution anyone about is motion sickness. The planes are small and you feel a lot of movement (especially when the plane turns). My nephew got sick but the pilot was prepared with bags and paper towels. He was very nice and understanding. The rest of us were fine. So, please make sure to take medicine if you need it!<br /><br />Overall, I would definitely recommend this activity to others. You always hear about lots of wildlife in Alaska but it still surprises you when you actually see it. We also had great weather, so it was a memorable and fun time.","Family","0","","Written July 21, 2018","This review is the subjective opinion of a Tripadvisor member and not of Tripadvisor LLC."
"Tatiana T","https://www.tripadvisor.com/Profile/tatianatU5211GJ","https://media-cdn.tripadvisor.com/media/photo-o/1a/f6/7c/01/default-avatar-2020-5.jpg","","5","Jun 2018 • Family","Незабываемый полет","Очень понравился тур на гидросамолете в Туманный фьорд. Непередаваемые эмоции от увиденного. Все было на высшем уровне.","Family","0","","Written July 19, 2018","This review is the subjective opinion of a Tripadvisor member and not of Tripadvisor LLC."
"Lois82","https://www.tripadvisor.com/Profile/SpinderL","https://media-cdn.tripadvisor.com/media/photo-o/1a/f6/df/99/default-avatar-2020-40.jpg","","5","Jun 2018 • Couples","Amazing!!","This was an Amazing Excursion, totally worth it!!  The plane ride was surreal and the misty Fjords were Beautiful!!","Couples","0","","Written July 15, 2018","This review is the subjective opinion of a Tripadvisor member and not of Tripadvisor LLC."
"Michaela","https://www.tripadvisor.com/Profile/Michaela","https://media-cdn.tripadvisor.com/media/photo-l/01/2a/fd/9c/avatar.jpg","El Dorado Hills, CA","5","Jul 2018 • Couples","A Must Do!","There was a plane crash (not a Seawind Aviation plane) on Prince of Wales Island four days before we arrived by cruise ship in Ketchikan. The pilot of that plane, which had 10 passengers on board, safely landed on top of a mountain and nobody was seriously injured. However the accident made our cruise company, Regent, nervous and there must be of course some potential liability issues until the crash is fully investigated and the cause is determined. <br /><br />So our cruise line canceled any excursion in the Ketchikan area that had to do with flying. We did not want to miss the Misty Fjords so we got online and saw the great trip advisor reviews for Seawind Aviation and booked our tickets the night before for the next morning. A married couple owns and runs the company, and the husband, Steve, was our pilot. We liked everything about our experience with Seawind and the couple that run it, and we highly recommend!<br /><br />","Couples","0","https://media-cdn.tripadvisor.com/media/photo-m/1280/13/af/fa/40/photo8jpg.jpg
https://media-cdn.tripadvisor.com/media/photo-m/1280/13/af/fa/3f/photo7jpg.jpg
https://media-cdn.tripadvisor.com/media/photo-m/1280/13/af/fa/3e/photo6jpg.jpg
https://media-cdn.tripadvisor.com/media/photo-m/1280/13/af/fa/3d/photo5jpg.jpg
https://media-cdn.tripadvisor.com/media/photo-m/1280/13/af/fa/3c/photo4jpg.jpg
https://media-cdn.tripadvisor.com/media/photo-m/1280/13/af/fa/3b/photo3jpg.jpg
https://media-cdn.tripadvisor.com/media/photo-m/1280/13/af/fa/3a/photo2jpg.jpg
https://media-cdn.tripadvisor.com/media/photo-m/1280/13/af/fa/39/photo1jpg.jpg
https://media-cdn.tripadvisor.com/media/photo-m/1280/13/af/fa/38/photo0jpg.jpg","Written July 13, 2018","This review is the subjective opinion of a Tripadvisor member and not of Tripadvisor LLC."
"Sucrea H","https://www.tripadvisor.com/Profile/sucreah","https://media-cdn.tripadvisor.com/media/photo-s/13/a5/db/f9/sucrea-h.jpg","","5","Jul 2018 • Couples","Exceptional Flight and Service","By pure luck we booked this excursion for our cruise stop. The flight was the smoothest landings and take offs I have ever been on. Steve, our pilot, was informative yet also gave us time to take in the splendor that surrounded us! Landing in the lake at 300 ft above sea level to a place only available by sea plane was unreal. If I am ever in Ketchikan again, I will definitely be booking another flight with Steve! The whole crew was so sweet and genuine! Thanks for being the best part of our vacation!","Couples","0","https://media-cdn.tripadvisor.com/media/photo-w/13/a5/db/c9/seawind-aviation.jpg
https://media-cdn.tripadvisor.com/media/photo-w/13/a5/db/ba/seawind-aviation.jpg
https://media-cdn.tripadvisor.com/media/photo-w/13/a5/db/b1/seawind-aviation.jpg","Written July 10, 2018","This review is the subjective opinion of a Tripadvisor member and not of Tripadvisor LLC."
"aaronsucrea","https://www.tripadvisor.com/Profile/aaronsucrea","https://media-cdn.tripadvisor.com/media/photo-o/1a/f6/e7/7b/default-avatar-2020-56.jpg","Kalama, WA","5","Jul 2018 • Couples","Amazing Views and Experience with a Personal Touch","This company is friendly and very welcoming. Our pilot and his wife were delightful! We were loaded on a well kept plane with only 4 other people. Our pilot, Steve, was insightful but also let us just take in the awe and beauty that surrounded us. His take offs and landings were the smoothest I’ve ever experienced. The private stop on a lake was breathtaking! Highly recommend!!!","Couples","0","","Written July 10, 2018","This review is the subjective opinion of a Tripadvisor member and not of Tripadvisor LLC."
"Katheryn S","https://www.tripadvisor.com/Profile/katheryns2014","https://media-cdn.tripadvisor.com/media/photo-o/0c/a7/7e/67/katheryn-s.jpg","Winter Garden, FL","5","Jun 2018 • Family","Above and Beyond Expectations","SeaWind Aviation was absolutely amazing to work with! From the moment I called to book our trip to the minute we stepped off our cruise ship, I had a great experience. They answered all my questions leading up to our float plane tour and the tour itself was incredible. There really are no words to describe the scenery we saw, nor do our pictures do the Misty Fjords justice. Oh and the crab...to die for!! Visiting George Inlet Lodge was an experience in itself. Our group consisted of my husband and I, our son with his wife and baby, our other son and our daughter. We loved it and enjoyed every minute of our adventure! Thank you SeaWind Aviation for an amazing family adventure we will never forget!","Family","0","https://media-cdn.tripadvisor.com/media/photo-s/13/a2/8c/14/thank-you-seawind-aviation.jpg
https://media-cdn.tripadvisor.com/media/photo-m/1280/13/a2/8c/08/we-came-in-second-place.jpg
https://media-cdn.tripadvisor.com/media/photo-w/13/a2/8b/f9/even-the-baby-loved-it.jpg
https://media-cdn.tripadvisor.com/media/photo-w/13/a2/8b/f1/yum.jpg
https://media-cdn.tripadvisor.com/media/photo-w/13/a2/8b/ef/bring-on-the-crab.jpg
https://media-cdn.tripadvisor.com/media/photo-w/13/a2/8b/ea/best-cheesecake-ever.jpg
https://media-cdn.tripadvisor.com/media/photo-m/1280/13/a2/8b/e1/pictures-don-t-even-compare.jpg
https://media-cdn.tripadvisor.com/media/photo-m/1280/13/a2/8b/cb/now-that-s-a-happy-kid.jpg
https://media-cdn.tripadvisor.com/media/photo-m/1280/13/a2/8b/bf/just-another-day-in-awe.jpg","Written July 9, 2018","This review is the subjective opinion of a Tripadvisor member and not of Tripadvisor LLC."
"Allen B","https://www.tripadvisor.com/Profile/960allenb","https://media-cdn.tripadvisor.com/media/photo-o/1a/f6/f0/9f/default-avatar-2020-16.jpg","","5","Jul 2018 • Couples","Great Experience!","We had a great experience flying over the Ketchikan region, truly beautiful, Highly recommend this adventure. There was a last minute change of plans with the plan due to weather, so we were not able to land and experience landing and venturing back in the fjords, however, Seawind reasonably adjusted the price before we left. We recommend Seawind for a flight over Ketchikan, I would do it again if in Ketchikan!","Couples","0","","Written July 9, 2018","This review is the subjective opinion of a Tripadvisor member and not of Tripadvisor LLC."
"639dentist","https://www.tripadvisor.com/Profile/639dentist","https://media-cdn.tripadvisor.com/media/photo-o/1a/f6/f0/9f/default-avatar-2020-16.jpg","","5","Jun 2018 • Family","Best Excursion company","We are a group of 21,  booked through Seawind Aviation for the Misty Fjords excursion. We got a discounted group rate , I called at least 6 different companies, before calling them, She gave me excellent price  and also the best service. She  had trouble with 2 of her planes, but able to manage to book us through her friends company as took all 21 of us at the same time, as promised. The Excursion itself is phenomenal ,breath taking views. the Pilots are so good. Over all 5 star rated company.","Family","0","","Written July 6, 2018","This review is the subjective opinion of a Tripadvisor member and not of Tripadvisor LLC."
"12GinaP","https://www.tripadvisor.com/Profile/12GinaP","https://media-cdn.tripadvisor.com/media/photo-o/1a/f6/f4/5d/default-avatar-2020-32.jpg","Homosassa, FL","5","Jun 2018","Amazing Flight Experience ","There were six of us getting off the cruise ship and after a short walk around the cute town we met our guide.  Also, they have a kiosk in the visitors center if you need to talk to someone.  It was very rainy so I was nervous about the flight, in general, and also being cancelled.  The staff was very nice and accommodating and after a safety talk, we were off!  The plane was comfortable and safe.  The pilot was great and played music when he wasn’t narrating which was very soothing to me.  The views were spectacular and this is one of those experiences I will never forget.  We all agree that we would do this again with this great company! ","","0","https://media-cdn.tripadvisor.com/media/photo-m/1280/13/8c/c3/66/photo1jpg.jpg
https://media-cdn.tripadvisor.com/media/photo-m/1280/13/8c/c3/65/photo0jpg.jpg","Written July 2, 2018","This review is the subjective opinion of a Tripadvisor member and not of Tripadvisor LLC."
"jbayless255","https://www.tripadvisor.com/Profile/jbayless255","https://media-cdn.tripadvisor.com/media/photo-o/1a/f6/ea/74/default-avatar-2020-68.jpg","","5","Jun 2018 • Family","A great time!","Take offs and landings were super smooth.  We saw lots of bald eagles, a bear, and lots of beautiful scenery.  ","Family","0","","Written July 1, 2018","This review is the subjective opinion of a Tripadvisor member and not of Tripadvisor LLC."
"Randy M","https://www.tripadvisor.com/Profile/589randym","https://media-cdn.tripadvisor.com/media/photo-o/1a/f6/f2/b8/default-avatar-2020-26.jpg","Carlsbad, CA","5","","Crab Feast and Float Plane Flight ","Arriving at Ketchikan on the Oceania Regatta cruise ship, our tour took us on about a 15 mile, guided bus tour to the George Inlet Lodge, where Patrick continually filled our plates with delicious Dungeness crab until we said, “No more!”  Then he brought out the cheesecake with blueberry topping.  After lunch, we boarded a float plane that took on a tour over the local inlets and mountains before landing back in Ketchikan.  Fantastic!","","0","https://media-cdn.tripadvisor.com/media/photo-m/1280/13/89/ea/c3/photo0jpg.jpg","Written July 1, 2018","This review is the subjective opinion of a Tripadvisor member and not of Tripadvisor LLC."
"jessy thomas","https://www.tripadvisor.com/Profile/jessy0719","https://media-cdn.tripadvisor.com/media/photo-l/01/2a/fd/92/avatar.jpg","Fort Worth, TX","5","Jun 2018 • Family","Float plane misty fjords experience","Awesome misty fjords experience up close with experienced and wonderful crew. We were able to even spot multiple whales, landed in an awesome scenic place. One caution though is don't fly right after a meal, as some of us didn't do well with that. Overall we were welcomed and entertained very well.","Family","0","","Written June 30, 2018","This review is the subjective opinion of a Tripadvisor member and not of Tripadvisor LLC."
"Lindab82014","https://www.tripadvisor.com/Profile/Lindab82014","https://media-cdn.tripadvisor.com/media/photo-o/1a/f6/df/2b/default-avatar-2020-39.jpg","McKinney, TX","5","","Flight of a Lifetime!","So impressed with Lesley and her husband. Their hospitality was top notch!<br />Our flight to George Inlet Lodge included beautiful scenic views as well as whales, mountain goats, and bears...oh my!","","0","https://media-cdn.tripadvisor.com/media/photo-m/1280/13/7a/3e/58/photo8jpg.jpg
https://media-cdn.tripadvisor.com/media/photo-m/1280/13/7a/3e/57/photo7jpg.jpg
https://media-cdn.tripadvisor.com/media/photo-m/1280/13/7a/3e/56/photo6jpg.jpg
https://media-cdn.tripadvisor.com/media/photo-m/1280/13/7a/3e/55/photo5jpg.jpg
https://media-cdn.tripadvisor.com/media/photo-m/1280/13/7a/3e/54/photo4jpg.jpg
https://media-cdn.tripadvisor.com/media/photo-m/1280/13/7a/3e/53/photo3jpg.jpg
https://media-cdn.tripadvisor.com/media/photo-m/1280/13/7a/3e/52/photo2jpg.jpg
https://media-cdn.tripadvisor.com/media/photo-m/1280/13/7a/3e/51/photo1jpg.jpg","Written June 25, 2018","This review is the subjective opinion of a Tripadvisor member and not of Tripadvisor LLC."
"patinca","https://www.tripadvisor.com/Profile/patinca","https://media-cdn.tripadvisor.com/media/photo-o/1a/f6/f2/eb/default-avatar-2020-27.jpg","Los Angeles, CA","5","Jun 2018 • Family","This is an amazing excursin","This was my husband and my second trip - this time we took our daughter, son in law and 3 teenage granddaughters.  It was magical - everyone loved it.  Steve, our pilot was the a wonderful guide, as well as an experienced pilot and fun.  Lesley, his wife made this so special and Jill our van driver was fabulous.<br />Thank you Seawind for making this  such a special event.","Family","0","","Written June 25, 2018","This review is the subjective opinion of a Tripadvisor member and not of Tripadvisor LLC."
"StangGirl929","https://www.tripadvisor.com/Profile/StangGirl929","","Boothwyn, PA","5","Jun 2018 • Couples","An amazing excursion idea and fun for all....","First.. I would like to thank Steve, the owner of SeaWind Aviation and also our pilot for the excursion.  He was full of fun fact and knowledge on the areas we flew over/through.  The background music he played couldn't have been more perfect for the duration of our flight.  The views were AMAZING!  I was with my fiancé, my Dad and my Aunt on this and we all were in awe of the beautiful scenery you get to take in from so far up.<br /><br />When I knew my cruise ship was going to be doing a stop in this town and I asked online what was the best excursion to do in the area, several people on social media responded to check out SeaWind Aviation AND I'm so glad we did!  I highly recommend this to everyone, you wont be disappointed.","Couples","0","","Written June 20, 2018","This review is the subjective opinion of a Tripadvisor member and not of Tripadvisor LLC."
"brendafalgoust","https://www.tripadvisor.com/Profile/brendafalgoust","","","5","May 2018 • Friends","Alaska Ketchikan Seaplane Crab feast","Awesome!!! Beautiful!! Great way to see Alaska!! Love our stop on the mountain top lake!!! Wonderful pilot and staff!!  Crabs were delicious!!! Friendly staff at the crab feast!!","Friends","0","","Written June 17, 2018","This review is the subjective opinion of a Tripadvisor member and not of Tripadvisor LLC."
"janbar750","https://www.tripadvisor.com/Profile/janbar750","https://media-cdn.tripadvisor.com/media/photo-o/1a/f6/ee/10/default-avatar-2020-8.jpg","Brisbane, Australia","5","May 2018 • Couples","Wonderful flight, breathtaking scenery, knowledgeable and friendly staff","We have flown with SeaWind Aviation before and always found them to be exceptional.  They are very safe and caring. Their pilots have extensive knowledge of the Ketchikan region.  They care about their customers. The pilot made sure we were able to capture the spectacular scenery and pointed out wild life along the way, even circling back to ensure we got a good view.  We enjoyed landing on a remote bay and stopping off at the dock. SeaWind are welcoming and very professional. They also pick up and return to your cruise-ship. We have complete confidence in their tours, and we will definitely fly with them again.  Their quality of service and extensive knowledge is what all companies should aspire to have.","Couples","0","","Written June 14, 2018","This review is the subjective opinion of a Tripadvisor member and not of Tripadvisor LLC."
"Patricia R","https://www.tripadvisor.com/Profile/patriciarX7430TR","https://media-cdn.tripadvisor.com/media/photo-o/1a/f6/e5/2b/default-avatar-2020-52.jpg","Grenada, MS","5","Jun 2018 • Friends","Beautiful view and great service.....You will not be disappointed..","Great friendly service...  Great experience for the whole family.   They pick you up and return your to your ship or hotel.  During the flight the pilot pointed out wild life and circled back to make sure we all got to see.  We got to see a black bear, Orca Whales, Hump Back Whales, and eagles.","Friends","0","https://media-cdn.tripadvisor.com/media/photo-m/1280/13/44/64/a2/view-during-flight.jpg","Written June 12, 2018","This review is the subjective opinion of a Tripadvisor member and not of Tripadvisor LLC."
"dedavis66","https://www.tripadvisor.com/Profile/dedavis66","","Chino, CA","5","Jun 2018 • Solo","Spectacular","I made a last minute reservation online and SeaWind was able to accommodate me on the next flight within an hour. SeaWind went the extra mile to make sure I had a great experience. The flight was spectacular. Our pilot Adam was very knowledgeable and pointed out a ton of landmarks and wildlife including a humpback whale, a bear, and several bald eagles. The staff were all super friendly and helpful and Lesley and Terrie even drove us above the town to take pictures on the ride back. SeaWind provides a safe, professional, and fun experience. Didn’t disappoint!","Solo","0","","Written June 7, 2018","This review is the subjective opinion of a Tripadvisor member and not of Tripadvisor LLC."
"Nancy S","https://www.tripadvisor.com/Profile/nancysD5484DA","https://media-cdn.tripadvisor.com/media/photo-f/01/2e/70/7a/avatar061.jpg","Hayward, WI","5","May 2018 • Couples","Worth every penny!!!","Our pilot was fantastic, very couteous. The flight was fun and beyond beautiful! Then the crab feast, so very delicious! Our hostess/waitress at the crab feast was a total delight, the crab is wonderful, as is the cheesecake, so save some room for it! Just a wonderful excursion, I can't say enough!","Couples","0","","Written May 28, 2018","This review is the subjective opinion of a Tripadvisor member and not of Tripadvisor LLC."
"denniswilson123","https://www.tripadvisor.com/Profile/denniswilson123","https://media-cdn.tripadvisor.com/media/photo-o/1a/f6/ea/74/default-avatar-2020-68.jpg","Globe, AZ","5","Jul 2017","Excellent choice","This is a top quality company with excellent tours they will provide you with a great your no matter which one you choose","","0","","Written May 27, 2018","This review is the subjective opinion of a Tripadvisor member and not of Tripadvisor LLC."
"Harold T","https://www.tripadvisor.com/Profile/935haroldt","https://media-cdn.tripadvisor.com/media/photo-o/1a/f6/ef/32/default-avatar-2020-12.jpg","San Francisco, CA","5","May 2018 • Solo","Stuff Your Face & Fly With The Eagles","My trip began with a bus ride from the dock to the lodge (perhaps a half hour trip), then the crab feed, then a flight back to Ketchikan.  Depending on when you go, the order may be reversed.<br /><br />The trip up was on a comfortable bus, with a fun driver.  Plenty of local color and stories.<br /><br />Then the feast.  As many dungeness crab legs as you want, with all the butter you want.  Delicious.  And messy.  Dessert is cheesecake, but you can skip that and have more crab if you prefer.<br /><br />The flight back was on a 1950s vintage Dehavilland Beaver with up to date avionics.  Surprisingly short take off run.  Then over the island to Ketchikan and a smooth landing.  My first flight in such a small aircraft and it's a very different sort of experience.  The trip is short, but fun with great views.  And if you you are lucky, as I was on this trip, you can find yourself soaring with Bald Eagles over the forest.","Solo","0","https://media-cdn.tripadvisor.com/media/photo-o/12/f4/72/c0/dehavilland-beavers-boarding.jpg","Written May 15, 2018","This review is the subjective opinion of a Tripadvisor member and not of Tripadvisor LLC."
"Honore T","https://www.tripadvisor.com/Profile/HonoreT","https://media-cdn.tripadvisor.com/media/photo-s/01/fa/b2/d5/honore-t.jpg","Washington DC, DC","5","May 2018 • Friends","Excellent Customer Service","We arrived at Ketchikan, May 4, 2018 on Holland America and booked a seaplane tour of the Misty Fjords National Monument for four people, $239 each. <br /><br />When the weather looked like it was not going to work in our favor, I called Leslie to cancel. This was a same day cancellation, just hours before takeoff. I was afraid Leslie would not accept the cancellation or charge me a hefty fee, but she was incredibly helpful. She told me she understood and didn't want us to fly if we couldn't enjoy it. This is what customer service is all about! Often, we out-of-town folks get the short end of the stick, squeezed for our hard-earned dollars with overpriced activities. We also don't have control over the weather so we can be hesitant to book expensive activities dependent on good weather. But there are a few operators like SeaWind Aviation who will work with you. <br /><br />I appreciated immensely Leslie's help and professionalism, and though we sadly never did the tour, I highly recommend SeaWind Aviation based on their customer service and helpful cancellation policy. Book at ease, Leslie and her team will work with you even if the weather won't.","Friends","0","","Written May 9, 2018","This review is the subjective opinion of a Tripadvisor member and not of Tripadvisor LLC."
"Jeanine","https://www.tripadvisor.com/Profile/988jeanine","https://media-cdn.tripadvisor.com/media/photo-o/18/19/a9/b6/caption.jpg","Pretoria, South Africa","5","","Salt of the earth company!","It’s been a life long dream to fly in a beaver over Alaskan fjords! Steve absolutely surpassed all our expectations! He was knowledgeable, easy going, safe, and had a great sense of humor. The weather turned out to be gorgeous the day we arrived in Ketchikan and Steve readily accommodated our last minute change of flight to an earlier one. My fiancé and I had the best beaver experience EVER! This is what I love about smaller companies—you’re not just another number. Seawind Aviation was warm, welcoming, and treated us like old friends! ","","0","https://media-cdn.tripadvisor.com/media/photo-o/12/9d/2b/2b/photo3jpg.jpg
https://media-cdn.tripadvisor.com/media/photo-o/12/9d/2b/2a/photo2jpg.jpg
https://media-cdn.tripadvisor.com/media/photo-o/12/9d/2b/29/photo1jpg.jpg
https://media-cdn.tripadvisor.com/media/photo-o/12/9d/2b/28/photo0jpg.jpg","Written April 12, 2018","This review is the subjective opinion of a Tripadvisor member and not of Tripadvisor LLC."
"denniswilson123","https://www.tripadvisor.com/Profile/denniswilson123","https://media-cdn.tripadvisor.com/media/photo-o/1a/f6/ea/74/default-avatar-2020-68.jpg","Globe, AZ","5","Jul 2017 • Couples","Trip of a lifetime","Seawind Aviation will not only provide you with a great scenic trip their customer service goes beyond excellent this is one company you need to visit for a lifetime memory no matter which tour you reserve","Couples","0","https://media-cdn.tripadvisor.com/media/photo-o/11/f6/98/7b/the-crab-feast.jpg
https://media-cdn.tripadvisor.com/media/photo-o/11/f6/98/78/george-inlet.jpg","Written February 4, 2018","This review is the subjective opinion of a Tripadvisor member and not of Tripadvisor LLC."
"MiamiTravelers_7","https://www.tripadvisor.com/Profile/MiamiTravelers_7","https://media-cdn.tripadvisor.com/media/photo-s/01/a9/59/78/miamitravelers-7.jpg","Miami, FL","5","Aug 2017 • Couples","At Least a 10 Star Amazing Trip","Can't say enough about this tour and staff.  Pilot Steve's love of Ketchikan was wonderful.  The vistas and sights while airborne were epic, We had a beautiful clear day and were able to view all of the amazing sights.  Was fun landing in the water and arrive at a large dock in an isolated area with again outstanding views.  Landing so soft you didn't even realize you landed.  This is a must do in Ketchikan only way to see is to go UP.  Thanks to Steve for a great trip.","Couples","0","","Written October 27, 2017","This review is the subjective opinion of a Tripadvisor member and not of Tripadvisor LLC."
"Yorks-Rick-and-Sue","https://www.tripadvisor.com/Profile/Yorks-Rick-and-Sue","https://media-cdn.tripadvisor.com/media/photo-s/04/1d/6b/1f/yorksrick.jpg","York, UK","5","Sep 2017 • Couples","Amazing Trip","Seawind arranged to pick us up from our hotel and to us to the dock where the plane was moored. After introductions and a friendly briefing we set out, skimming across the harbour, past the cruise ships. It was a morning flight and the low cloud was just clearing, giving periodic glimpses of the countryside. However, very soon, just as promised by our pilot Steve, the cloud cleared and the views were stunning. Steve pointed out mountain goats as we passed them close by and when he spotted whales, he circled around them, low down, to give us a good view. We landed in a remote and totally peaceful fjord and disembarked onto an island. The other couple on the plane with us were going to an organised 'crab feast', so we had an extra landing while they were dropped off. Everything was great - from booking to the flight itself. We would thoroughly recommend Seawind.","Couples","0","https://media-cdn.tripadvisor.com/media/photo-o/11/02/4d/56/remote-landing.jpg","Written October 18, 2017","This review is the subjective opinion of a Tripadvisor member and not of Tripadvisor LLC."
"Richard G","https://www.tripadvisor.com/Profile/richardgB6924LE","https://media-cdn.tripadvisor.com/media/photo-o/1a/f6/df/2b/default-avatar-2020-39.jpg","Mendon, NY","5","Sep 2017 • Couples","Great People!","Sea Wind was a pleasure to work with on our excursion -- great communications and nice people.  The bear watching at Traitor's Cove with Sea Wind was one of the best Alaska excursions we had -- Leslie Kamm did a super job communicating .","Couples","0","","Written September 24, 2017","This review is the subjective opinion of a Tripadvisor member and not of Tripadvisor LLC."
"Patric B","https://www.tripadvisor.com/Profile/PatricB113","https://media-cdn.tripadvisor.com/media/photo-o/1a/f6/eb/6d/default-avatar-2020-19.jpg","Frederick, MD","5","Sep 2017 • Friends","Most Excellent Excursion","We were met at the dock and taken to the SeaWind office for a safety video.  Then the adventure began. We had a superb flight and saw wonderful scenery and wildlife. It was a top-notch trip start to finish.","Friends","0","","Written September 17, 2017","This review is the subjective opinion of a Tripadvisor member and not of Tripadvisor LLC."
"charlenem436","https://www.tripadvisor.com/Profile/charlenem436","https://media-cdn.tripadvisor.com/media/photo-o/1a/f6/ec/3d/default-avatar-2020-1.jpg","","5","Sep 2017 • Couples","Highlight of Alaskan Cruise","We highly recommend this excursion! Our flight to the bear oberservatory was over the top! We wanted to see bears & did we ever--10 to 12 to include a momma bear & her 2 cubs plus bears fighting over a salmon! It was thrilling to see the bears in their natural habitat! Thank you Seawind staff for this wonderful experience. You were all so kind, friendly & knowledgable!","Couples","0","","Written September 15, 2017","This review is the subjective opinion of a Tripadvisor member and not of Tripadvisor LLC."
"JPKraus","https://www.tripadvisor.com/Profile/JPKraus","https://media-cdn.tripadvisor.com/media/photo-o/1a/f6/f2/b8/default-avatar-2020-26.jpg","The Hague, The Netherlands","5","Aug 2017 • Couples","Bear viewing adventure","Enjoyed this excursion very much. All staff were very friendly and welcoming. The floatplane ride from Ketchikan was smooth. Our guide made us feel safe and secure in the forests of Prince of Wales island. Immediately after arriving at the viewing platform, we saw several black bears. Throughout our two hour stay there were two bears fishing, and I got some good photos. My only comment about the flights is that they are mostly over water with not much time for sightseeing, but that's fine because the focus of this excursion is bears. On the way back to the ship we were dropped off in the city center to see a bit of the town, all part of the service. ","Couples","0","https://media-cdn.tripadvisor.com/media/photo-o/10/a8/1b/8d/two-black-bears-on-prince.jpg
https://media-cdn.tripadvisor.com/media/photo-o/10/a8/1b/86/floatplane-at-polk-inlet.jpg","Written September 14, 2017","This review is the subjective opinion of a Tripadvisor member and not of Tripadvisor LLC."
"Q6900KNstephenc","https://www.tripadvisor.com/Profile/Q6900KNstephenc","https://media-cdn.tripadvisor.com/media/photo-o/1a/f6/f1/06/default-avatar-2020-18.jpg","Spokane Valley, WA","5","Sep 2017 • Couples","A great time","This was a highlight of our trip!  The ride was smooth, the scenery amazing and the crab was delicious!","Couples","0","","Written September 12, 2017","This review is the subjective opinion of a Tripadvisor member and not of Tripadvisor LLC."
"Michael W","https://www.tripadvisor.com/Profile/K585UKmichaelw","https://media-cdn.tripadvisor.com/media/photo-o/1a/f6/e4/2d/default-avatar-2020-48.jpg","Lake Havasu City","5","Sep 2017 • Friends","Great Alaskan Adventure.","This was an excellent tour.  Probably as close to backwoods bush piloting you will ever get not living there.  Pilot was great an knowlegeable.  So beautiful!!!","Friends","0","","Written September 11, 2017","This review is the subjective opinion of a Tripadvisor member and not of Tripadvisor LLC."
"Holly T","https://www.tripadvisor.com/Profile/hollyt988","https://media-cdn.tripadvisor.com/media/photo-o/1a/f6/e3/6a/default-avatar-2020-47.jpg","Sterling, VA","5","Aug 2017 • Couples","Amazing views and landings","We so enjoyed this adventure.  It was a partly cloudy day but once in the fjords, there was a beautiful mist of clouds running through them.  The pilot had great commentary on the fjords and the background music was very peaceful and perfect for the setting. The landings were so smooth we almost couldn't tell when the plane was on the water! There was a little turbulence in the air but not so much that it made anyone sick and one in our group was prone to the that. We all loved the views and the ride!","Couples","0","","Written September 5, 2017","This review is the subjective opinion of a Tripadvisor member and not of Tripadvisor LLC."
"CanEng","https://www.tripadvisor.com/Profile/CanEng2","https://media-cdn.tripadvisor.com/media/photo-o/1a/f6/ec/3d/default-avatar-2020-1.jpg","Vancouver, Canada","5","Sep 2017 • Family","Excellent Misty Tour","Our group of six took this tour yesterday and it was simply amazing. You can see why they call it Wild Alaska! Owner operated and very well maintained equipment.","Family","0","https://media-cdn.tripadvisor.com/media/photo-o/10/88/4d/27/beaver-we-were-in-on.jpg","Written September 3, 2017","This review is the subjective opinion of a Tripadvisor member and not of Tripadvisor LLC."
"softballer","https://www.tripadvisor.com/Profile/softballer","https://media-cdn.tripadvisor.com/media/photo-m/1280/19/73/01/aa/softballer.jpg","Auckland Central, New Zealand","5","Jul 2017 • Couples","Epic!","Friends of ours had taken a trip with Seawind before so we were quite happy to go with their recommendation. We were on a cruise but booked this excursion privately. They picked us up and took us to their nearby office. I asked if we would need binoculars and they said it wouldn’t be much of a trip if you needed them. Whilst they do not guarantee bears they were pretty sure we would see some. The 20 minute flight is very smooth and we are met at Traitor Cove by our guide Drew and his very large gun. It is a quick drive to the sighting area and short walk in to a secluded “hide” to watch for bears. We knew they were around as there was some evidence. After a very short wait we saw bears coming down to the water to hunt for salmon, without much luck. However just watching the bears was a fantastic experience. Drew was an excellent guide, although the jokes he tells need some work. The flight back was great as well and the pilot even responded to a request to fly over a lodge owned by some friends. On arrival back at Ketchikan they were going to take us back to the ship but when we asked for a good place to eat they went out of their way to take us to a local restaurant. This was an epic journey. Seawind are a first class operation. Thanks guys.","Couples","0","https://media-cdn.tripadvisor.com/media/photo-o/10/83/7e/b7/bear.jpg
https://media-cdn.tripadvisor.com/media/photo-o/10/83/7e/a9/bear-skat.jpg
https://media-cdn.tripadvisor.com/media/photo-o/10/83/7e/9d/take-off.jpg
https://media-cdn.tripadvisor.com/media/photo-o/10/83/7e/94/ready-for-take-off.jpg
https://media-cdn.tripadvisor.com/media/photo-o/10/83/7e/8f/here-we-go.jpg","Written September 1, 2017","This review is the subjective opinion of a Tripadvisor member and not of Tripadvisor LLC."
"Andy F","https://www.tripadvisor.com/Profile/fuhrm22","https://media-cdn.tripadvisor.com/media/photo-m/1280/17/bd/5f/d9/avatar.jpg","Weston, FL","5","Aug 2017 • Couples","Great people running this business","Although the weather didn't allow us to do the flight we wanted, Lesley was able to get us  a shorter flight  that was still wonderful. They really make everything easy and the pilot was first class. I strongly recommend using Seawind if in town.","Couples","0","","Written August 24, 2017","This review is the subjective opinion of a Tripadvisor member and not of Tripadvisor LLC."
"kphancock","https://www.tripadvisor.com/Profile/kphancock","https://media-cdn.tripadvisor.com/media/photo-o/1a/f6/e4/2d/default-avatar-2020-48.jpg","Lutz, FL","3","Aug 2017 • Friends","I wish it was longer","It was a quick flight and couldn't hear the captain to well because of static noise.  Not a lot of information about what we did see was given.  We were expecting to see more.  We probably would not do it again knowing this.","Friends","0","","Written August 23, 2017","This review is the subjective opinion of a Tripadvisor member and not of Tripadvisor LLC."
"Scottyncher H","https://www.tripadvisor.com/Profile/scottyncher","https://media-cdn.tripadvisor.com/media/photo-o/10/65/81/f7/scottyncher.jpg","Guthrie, OK","5","Aug 2017 • Couples","Outstanding excursion to see bears!!","This excursion was booked after our helicopter/glacier tour got canceled due to weather...and I’m so glad we did it! The flight was stunning and smooth! The scenery was just spectacular, especially when we landed! Our guide was excellent...The treck  through the rain forest to the viewing platform was very smooth and absolutely gorgeous! We saw 5 black bears and a cub! They  fished  and ate - the mama fed her baby - we saw two of them get into a brief skirmish over their fishing spot!! It was one of our  favorite excursions!","Couples","0","https://media-cdn.tripadvisor.com/media/photo-o/10/62/95/4c/just-one-of-the-bears.jpg","Written August 22, 2017","This review is the subjective opinion of a Tripadvisor member and not of Tripadvisor LLC."
"peejaySydney","https://www.tripadvisor.com/Profile/peejaySydney","https://media-cdn.tripadvisor.com/media/photo-f/01/2e/70/8d/avatar014.jpg","sydney","5","Aug 2017 • Couples","great experience","This small family run company was excellent with a personal touch and great care to provide service that was warm, friendly and highly efficient. They went the extra mile to make sure we got a memorable experience. When the Misty Fiords trip was cancelled due to weather conditions they arranged for us to fly out to see bears instead. We flew to a remote area and were rewarded with close views of a mother and two babies on a salmon fishing walk. A Memorable moment of our Alaskan trip","Couples","0","","Written August 17, 2017","This review is the subjective opinion of a Tripadvisor member and not of Tripadvisor LLC."
"susangI7306SN","https://www.tripadvisor.com/Profile/susangI7306SN","https://media-cdn.tripadvisor.com/media/photo-o/1a/f6/f2/11/default-avatar-2020-23.jpg","","5","Aug 2017 • Family","Flight Seeing and Crabfest","We had a wonderful experience with SeaWind Aviation. Our family loved the flightseeing of the Misty Fijords on a beautiful Alaskan day. All of the personnel were friendly and helpful. Making reservations was easy and there was a savings from booking through the ship's excursion. We were also told that if the weather did not permit our flying that day, our deposit would be refunded. Our crabfest was so delicious and more than we could possibly eat. We would highly recommend this activity and company.","Family","0","","Written August 16, 2017","This review is the subjective opinion of a Tripadvisor member and not of Tripadvisor LLC."
"19kat61","https://www.tripadvisor.com/Profile/19kat61","","Cambridge, UK","5","Aug 2017 • Couples","Bear watching on Prince of Wales Island via float plane !","Absolutely superb, fantastic flight, fantastic guide (Drew) and we saw black bears !! The bright blue sky and sun helped also !!","Couples","0","","Written August 15, 2017","This review is the subjective opinion of a Tripadvisor member and not of Tripadvisor LLC."
"nnflyboy","https://www.tripadvisor.com/Profile/nnflyboy","https://media-cdn.tripadvisor.com/media/photo-o/1a/f6/ee/68/default-avatar-2020-9.jpg","","5","Aug 2017 • Friends","Highly Recommended","This group was awesome...<br />Great flight, but our guide Drew was awesome!  He was confident yet funny.<br />I would highly recommend this experience.","Friends","0","","Written August 12, 2017","This review is the subjective opinion of a Tripadvisor member and not of Tripadvisor LLC."
"June W","https://www.tripadvisor.com/Profile/JuneW549","","Hong Kong, China","5","Aug 2017 • Friends","Floatplane Bear Tour: Awesome!!","My friend and I was on Regent Seven Seas Cruise and could not get onto the cruise-offered Bear tours in Ketchikan as they were all full.  We then happened to try this Seawind Floatplane Bear Tour which was sold at the pier (by a gentleman called Terry Chandler).  It was a fantastic and well organised tour. Seawind is a family operated aviation service run by Steve and Lesley Kamm.  They were such nice people and you feel safe as well as being well taken care of at the same time.  Not the big commercial feel at all.  The guide, Drew, who went out with us to find bears was also extremely hospitable and professional at the same time.  I am actually very happy that I did not get onto one of the big Regent groups - I am sure the Regent Tour would have been good too - it is just that there is a caring and non-big-corporate feel to the Seawind Aviation Bear Tour.  My friend and I joined up with another family of three, which makes up a cosy 5-people group to go out on the floatplane to see bears!<br /><br />AND WE SAW BLACK BEARS HUNTING SALMON ON THE RIVER AND WE WITNESSED A CATCH WHICH WAS FANTASTIC!!  Drew was helpful throughout the tour to look for more bears (we saw cubs on trees with their mother keeping watch, too!). Overall a most wonderful tour.<br /><br />Thank you, Seawind Aviation, for looking after us well.","Friends","0","","Written August 8, 2017","This review is the subjective opinion of a Tripadvisor member and not of Tripadvisor LLC."
"Wjones2003","https://www.tripadvisor.com/Profile/Wjones2003","https://media-cdn.tripadvisor.com/media/photo-o/1a/f6/f1/06/default-avatar-2020-18.jpg","Tonypandy, UK","5","Aug 2017","One of the best experiences in Alaska","This was our 2nd time in Ketchikan but we had never done any Sea plane trips that local companies advertised, however this time we decided to do it. We chose SeaWind Aviations bear trip. We had just came off the cruise and waited patiently for a Mini bus to pick us up. We got in the Mini bus and were greeted by a very pleasant local lady. It was about a 10 minute drive from the dock to where we were departing to see the bears. The Check in building was small and cosy there were to 2 sofas and an area in the back were you could keep large bulky bags because they were not allowed on the aircraft. We flew in a de havilland Beaver flown by a former carrier pilot Fred. It was a short but memorable flight lasting about 20 minutes. Once we landed our guide (Who was hilarious) asked us to follow him into the forest. I advise everyone to wear appropriate shoes and bring mosquito spray. He took us through the Forrest to a viewing platform were we saw the beautiful black bears and Bald eagles. it was an amazing experience and a must do.","","0","https://media-cdn.tripadvisor.com/media/photo-o/10/2b/2f/18/photo0jpg.jpg","Written August 6, 2017","This review is the subjective opinion of a Tripadvisor member and not of Tripadvisor LLC."
"DBH20","https://www.tripadvisor.com/Profile/DBH20","https://media-cdn.tripadvisor.com/media/photo-o/19/89/80/57/dbh20.jpg","Corvallis, OR","5","Jun 2017","Always my choice for floatplane service","I have flown with Seawind Aviation the last two trips to Ketchikan and wouldn't consider not using them for floatplane services.  Steve, the pilot is great, Leslie the manager is awesome and all of the employees seem to be trying to make my vacation as fun and rewarding as they can.  I trust them completely to get me and my friends to and from the airport and our destination with as little hassle as possible. They couldn't be more accommodating.  I would recommend them without hesitation to anyone travelling through Ketchikan.","","0","","Written August 5, 2017","This review is the subjective opinion of a Tripadvisor member and not of Tripadvisor LLC."
"Michael M","https://www.tripadvisor.com/Profile/J1886TYmichaelm","https://media-cdn.tripadvisor.com/media/photo-o/1a/f6/f3/e4/default-avatar-2020-30.jpg","San Francisco, CA","5","Jul 2017 • Couples","Beautiful tour of Misty Fjords","Seawind Aviation was the perfect choice for our floatplane trip to Misty Fjords. The pilot was knowledgeable and shared a lot of information about the history and the flora and fauna of the area. We didn't see much wildlife, but we did see the beautiful, unspoiled fjord. It was breathtaking!  Taking off and landing on the water was smooth, yet exciting. I had the back single seat with perfect viewing on both sides. This was definitely a highlight of our trip to Alaska. We highly recommend Seawind Aviation.","Couples","0","","Written August 3, 2017","This review is the subjective opinion of a Tripadvisor member and not of Tripadvisor LLC."
"edie j","https://www.tripadvisor.com/Profile/edie1008","https://media-cdn.tripadvisor.com/media/photo-o/1a/f6/df/2b/default-avatar-2020-39.jpg","Orange Beach, AL","5","Aug 2017 • Couples","Great flight","Our flight from Thorne Bay was very pleasant. Pilot was professional and friendly. Staff in Ketchikan were very accommodating and friendly. ","Couples","0","https://media-cdn.tripadvisor.com/media/photo-o/10/20/58/93/photo1jpg.jpg
https://media-cdn.tripadvisor.com/media/photo-o/10/20/58/92/photo0jpg.jpg","Written August 3, 2017","This review is the subjective opinion of a Tripadvisor member and not of Tripadvisor LLC."
"Scott S","https://www.tripadvisor.com/Profile/S3Scott","https://media-cdn.tripadvisor.com/media/photo-o/1a/f6/f3/e4/default-avatar-2020-30.jpg","Clifton Park, NY","5","Jul 2017 • Couples","Misty Fjords Tour","I booked the Misty Fjords trip in July 2017. The booking process was simple and efficient. We were in a plane that holds 6 customers; 1 in the front & back and 2 sets of seat together. I was in the front for the first part of the trip which was a great viewpoint. We had a 2:00 schedule that was moved up a couple of hours and this worked out as our cruise ship was already docked. They kept in touch with us to make sure we knew where to be picked up (right in front of the cruise ship). We took a 5 minute van ride to their dock and flew out from there. The flight and scenery were amazing ! Would highly recommend for all!","Couples","0","","Written August 1, 2017","This review is the subjective opinion of a Tripadvisor member and not of Tripadvisor LLC."
"Ann Feng S","https://www.tripadvisor.com/Profile/annfengs","https://media-cdn.tripadvisor.com/media/photo-s/09/ac/9d/7b/ann-feng-s.jpg","","5","Jul 2017 • Family","Misty Fjords","We booked the Misty Fjords trip in July 2017 and SeaWind was great.  The booking process was easy and efficient.  They accommodated our family of 11 in 2 planes so that we can go at the same time.  SeaWind made sure to get in touch with us before the trip and contacted us several times to make sure we knew where to be picked up.  Then the flight was spectacular!  Highly recommend for all ages!","Family","0","","Written July 31, 2017","This review is the subjective opinion of a Tripadvisor member and not of Tripadvisor LLC."
"WarmWeatherValerie","https://www.tripadvisor.com/Profile/WarmWeatherValerie","https://media-cdn.tripadvisor.com/media/photo-o/1a/f6/df/2b/default-avatar-2020-39.jpg","Fort Lauderdale, Florida","5","Jul 2017 • Family","Wonderful!","Great family run outfit, great day and guide.  Float plane flight and seeing bears was a trip highlight.","Family","0","","Written July 30, 2017","This review is the subjective opinion of a Tripadvisor member and not of Tripadvisor LLC."
"janelitamirta","https://www.tripadvisor.com/Profile/janelitamirta","https://media-cdn.tripadvisor.com/media/photo-o/1a/f6/e4/2d/default-avatar-2020-48.jpg","Gilbert, AZ","2","Jul 2017 • Family","Traitors cove bear viewing (or not)","I have the feeling that I chose the wrong tour. This was Traitors Cove and I wish I understood what it involved: 20 min each way in hydroplane (exciting) with 2 hours in the rain hoping to see something. I would not have paid $700 plus for 2 people. This is more than 20% of the cost of the whole cruise!<br /><br />We saw no bears, just rain. But the guide (who spent a good part of the time protecting himself from the rain) made it worse: on our way out, wet and disappointed, he pretended that there was a bear on a tree, just to laugh at us for believing him. Inexcusable.<br /><br />Save you money. Don't do this.. I thought the hydroplane was going to take us to a place where bears had been sighted. Here, you could more people going back to the plane looking disappointed. And no fish jumping in the water either. Just rain.","Family","0","","Written July 29, 2017","This review is the subjective opinion of a Tripadvisor member and not of Tripadvisor LLC."
"ssgolf23","https://www.tripadvisor.com/Profile/ssgolf23","https://media-cdn.tripadvisor.com/media/photo-o/17/e2/8e/ac/caption.jpg","Brisbane, Australia","5","Jul 2017 • Couples","Best part of our trip","From the first contact the communication was great, they provided all the information we needed to find the collection location.  All of the staff were friendly and helpful and the trip itself was awesome!  The Pilot was very knowledgeable and chatty and we had a fantastic time.  Would highly recommend Seawind and encourage anybody going to Ketchikan to take the Misty Fjord Seaplane Trip!","Couples","0","","Written July 24, 2017","This review is the subjective opinion of a Tripadvisor member and not of Tripadvisor LLC."
"terryprosen","https://www.tripadvisor.com/Profile/terryprosen","https://media-cdn.tripadvisor.com/media/photo-o/1a/f6/e8/ea/default-avatar-2020-63.jpg","","5","Jul 2017 • Couples","By air and sea","SeaWind does an excellent tour.  Take this tour from your cruise ship.  They pick you up right at port.  No reason to pay excursion prices.  They were very professional.  Great flight and landing for wonderful picture opps.<br />","Couples","0","","Written July 23, 2017","This review is the subjective opinion of a Tripadvisor member and not of Tripadvisor LLC."
"Ktnlady","https://www.tripadvisor.com/Profile/Ktnlady","https://media-cdn.tripadvisor.com/media/photo-o/02/92/66/8f/ktnlady.jpg","Ketchikan","5","Jul 2017 • Friends","Very Excellent Tour","The Misty Fjord flight was so awesome..   You feel that you can touch the mountains... Got to see Mountain Goats at top of snow caps mountain... The waterfalls were excellent to see coming down the side of the shear mountains..  I opinion that taken a floatplane  is lot better going by boat..  There is lots better of a view of what our Misty Fjords is all about.. Our pilot Fred is excellent pilot and knows his area... Taking off and landing was so smooth... We top off our tour with a crab feed.... We also flew into a lake and got out onto floats to take pictures... As a local I highly recommend taking SeaWind for a  tour of the Misty Fjords... Its breath taking flight...","Friends","0","https://media-cdn.tripadvisor.com/media/photo-o/0f/f6/62/ba/awesome.jpg
https://media-cdn.tripadvisor.com/media/photo-o/0f/f6/62/a5/awesome-sight.jpg
https://media-cdn.tripadvisor.com/media/photo-o/0f/f6/62/85/one-of-the-awesome-waterfalls.jpg","Written July 20, 2017","This review is the subjective opinion of a Tripadvisor member and not of Tripadvisor LLC."
"Dave H","https://www.tripadvisor.com/Profile/PapaHorse01","https://media-cdn.tripadvisor.com/media/photo-o/24/10/3a/04/dave-h.jpg","The Villages, FL","5","Jul 2017 • Couples","A flight to the Misty Fjords Meadllion","We got a terrific flight and birds eye view of the Misty Fjords, landed, coasted into a beach, got out walked a round a bit and took off again and pilot was an excellent guide even spotting some bears and turning around so we could get a closer look ","Couples","0","","Written July 17, 2017","This review is the subjective opinion of a Tripadvisor member and not of Tripadvisor LLC."
"Ozidol","https://www.tripadvisor.com/Profile/Ozidol","https://media-cdn.tripadvisor.com/media/photo-o/06/af/72/ab/oioioibug.jpg","Victoria","5","Jul 2017 • Couples","Far exceeded our expectations ","We had a wonderful flight with Seawind aviation. The views over the coast and fjords are stunning. Our pilot was knowledgeable and friendly, he landed on a beautiful Lake where the was an island that we could get out on. This was much more beautiful than the lake with dock that is usually used. He even pointed out a black bear and flew around so that everyone could see it. <br />So very glad that we chose Seawind. ","Couples","0","","Written July 16, 2017","This review is the subjective opinion of a Tripadvisor member and not of Tripadvisor LLC."
"Zwander","https://www.tripadvisor.com/Profile/Zwander","https://media-cdn.tripadvisor.com/media/photo-o/1a/f6/e4/2d/default-avatar-2020-48.jpg","San Francisco, CA","5","Jul 2017 • Family","Astonishing sea plane tour","It was easy to deal with the owners. Seamless booking and confirmation.  Pickup and drop off were efficient. <br /><br />The actual ride was simply amazing. We lucked out with great weather. The pilot was great with commentary - not too much not too little just right amount. The Misty fjords are beautiful. The pilot also spotted a whale and a bear and did nice 360 to give everyone a chance to see.<br /><br />The tour was for 1 hour but looks like the pilot never rushed us and may have spent more time.<br /><br />","Family","0","","Written July 16, 2017","This review is the subjective opinion of a Tripadvisor member and not of Tripadvisor LLC."
"hswilcox","https://www.tripadvisor.com/Profile/hswilcox","https://media-cdn.tripadvisor.com/media/photo-o/1a/f6/e2/a7/default-avatar-2020-44.jpg","","5","Jul 2017 • Solo","Experience & Chill Attitude","I had a lovely time.  Family/company was wonderful to deal with.  Felt safe.  Piolet could answer most questions.","Solo","0","","Written July 15, 2017","This review is the subjective opinion of a Tripadvisor member and not of Tripadvisor LLC."
"Krisztian P","https://www.tripadvisor.com/Profile/kprimasz","https://media-cdn.tripadvisor.com/media/photo-o/15/af/86/99/krisztian-p.jpg","Dubai, United Arab Emirates","5","Jun 2017 • Friends","Awesome ","We originally booked Seaplane tour on our cruise which was cancelled due to the rain. <br />We than walked to the Tourist information office where you can book several tours. <br /><br />We finally got to Seawing and they could take us. <br />Price was even a lil cheaper than advertised on the cruise. <br /><br />Pick up was 20min late which was annoying as they postponed the flying time and we worried that we dont come back for the departure of the ship. <br /><br />Other couple had similar issue so at the office after pick up we mentioned it to the staff who called the manager. We cut the flight by 15minutes and also the price got reduced. We really appreciated it! <br /><br />The flight was long enough, the captain gave us information. The calm music in the headset made it super relaxing. Even it was raining in Ketchikan, there was clear and good visibilty and no rain over the fjords. <br />Superb sites. <br /><br />Was our first sea plane, bit anxious about landing but it was fantastic. No bumps, very smooth. ","Friends","0","https://media-cdn.tripadvisor.com/media/photo-o/0f/e3/7a/16/photo3jpg.jpg
https://media-cdn.tripadvisor.com/media/photo-o/0f/e3/7a/15/photo2jpg.jpg
https://media-cdn.tripadvisor.com/media/photo-o/0f/e3/7a/14/photo1jpg.jpg
https://media-cdn.tripadvisor.com/media/photo-o/0f/e3/7a/12/photo0jpg.jpg","Written July 14, 2017","This review is the subjective opinion of a Tripadvisor member and not of Tripadvisor LLC."
"janine7163","https://www.tripadvisor.com/Profile/janine7163","https://media-cdn.tripadvisor.com/media/photo-o/1a/f6/de/e7/default-avatar-2020-37.jpg","Oakdale, MN","5","Jul 2017 • Couples","Misty Fjords Float plane","Awesome tour. Fred our pilot was very knowledgeable, friendly and accommodating. Fred allowed time for family photos which I appreciated. He also landed on a remote lake instead of the typical lake with a dock and other float plane traffic. It was beautiful and peaceful where we landed.","Couples","0","","Written July 13, 2017","This review is the subjective opinion of a Tripadvisor member and not of Tripadvisor LLC."
"Gobitrip","https://www.tripadvisor.com/Profile/Gobitrip","https://media-cdn.tripadvisor.com/media/photo-o/1a/f6/df/2b/default-avatar-2020-39.jpg","DeLeon Springs, FL","5","Jun 2017 • Friends","Sunny and clear day flying excursion","Although we were told that Ketchikan was the rain capital of the world we came and had our very best day of our entire Alaska tour. So on this beautiful sunny day we booked a trip from this very friendly young man at the dock in Ketchikan and told us we would have a great flight. He was correct we had a beautiful flight over the entire area and everyone of the flight crew and their offices could not have been friendlier and helpful. We even saw Dall sheep as we flew over the mountains","Friends","0","","Written July 12, 2017","This review is the subjective opinion of a Tripadvisor member and not of Tripadvisor LLC."
"Melissa B","https://www.tripadvisor.com/Profile/melissabI1254LM","https://media-cdn.tripadvisor.com/media/photo-o/1a/f6/ef/32/default-avatar-2020-12.jpg","Lehighton, PA","5","Jun 2017 • Family","Best excursion in Alaska","Had a great time with Fred, he went the extra mile narrating the trip and did all sorts of turns in the mountains.","Family","0","","Written July 4, 2017","This review is the subjective opinion of a Tripadvisor member and not of Tripadvisor LLC."
"John M","https://www.tripadvisor.com/Profile/O3852JFjohnm","https://media-cdn.tripadvisor.com/media/photo-o/1a/f6/de/e7/default-avatar-2020-37.jpg","Tucson, AZ","5","Jul 2017 • Family","Spectacular!","Unbelievable sights! Must do while in Ketchikan! Smooth flight. Landing on a remote lake was awesome!","Family","0","","Written July 4, 2017","This review is the subjective opinion of a Tripadvisor member and not of Tripadvisor LLC."
"Scott T","https://www.tripadvisor.com/Profile/scottyt34","https://media-cdn.tripadvisor.com/media/photo-o/1a/f6/ec/3d/default-avatar-2020-1.jpg","Cincinnati, OH","5","Jun 2017 • Couples","Float Plane Tour of Misty Fjords","We had an outstanding tour of Misty Fjords with SeaWind Aviation.  Fred, our pilot, was fantastic...request him!  He was full of interesting info, history, and stories and he is quite entertaining.  The scenery was great and the thrill of taking off and landing on the water was one of the highlights of our entire cruise-tour to Alaska.  I highly recommend doing this, and I highly recommend SeaWind Aviation!","Couples","0","","Written July 4, 2017","This review is the subjective opinion of a Tripadvisor member and not of Tripadvisor LLC."
"Mary Beth B","https://www.tripadvisor.com/Profile/843marybethb","https://media-cdn.tripadvisor.com/media/photo-o/1a/f6/f2/eb/default-avatar-2020-27.jpg","Pittsburgh, PA","5","Jun 2017 • Family","An excellent choice","We decided to book a seaplane adventure and this was great.  It's a little pricey, but worth the trip.  Lesley worked with me and my family to accommodate the 10 of us.  When we arrived in Ketchican the weather was bad and the visibility was poor.  Lesley kept in contact with me until the circumstances changed and was able to eventually get us up in the air. <br />Mike and Steve, our pilots, were great.  Upon seeing a black bear on shore they circled around to make sure we all saw it.","Family","0","","Written July 2, 2017","This review is the subjective opinion of a Tripadvisor member and not of Tripadvisor LLC."
"jratzlaf","https://www.tripadvisor.com/Profile/jratzlaf","https://media-cdn.tripadvisor.com/media/photo-s/19/35/85/2a/jratzlaf.jpg","Asheville, NC","5","Jun 2017 • Couples","We loved Misty Fjords with SeaWind Aviation!","Seven years ago, we cruised to Alaska, visited Ketchikan, and picked SeaWind Aviation more or less at random for a flight-seeing trip to Misty Fjords National Monument. We were very happy with the trip--I was literally grinning the entire time, it was so fun! So this year, when we planned a return trip to Alaska, including Ketchikan, I looked them up and was pleased to see that they were still there and evidently thriving, with more planes and pilots. We had a different pilot this time, same plane, and loved the trip just as much if not more! I highly recommend them!","Couples","0","","Written June 30, 2017","This review is the subjective opinion of a Tripadvisor member and not of Tripadvisor LLC."
"postcards-from-far","https://www.tripadvisor.com/Profile/postcards-from-far","https://media-cdn.tripadvisor.com/media/photo-s/07/59/23/9c/postcards-from-far.jpg","Dublin, Ireland","5","Jun 2017 • Friends","Magnificent views","Pilots and staff are amazing. We were lucky enough to get a clear day and the views were breathtaking. ","Friends","0","","Written June 28, 2017","This review is the subjective opinion of a Tripadvisor member and not of Tripadvisor LLC."
"jts430","https://www.tripadvisor.com/Profile/jts430","https://media-cdn.tripadvisor.com/media/photo-f/01/2e/70/95/avatar021.jpg","Pittsburgh","5","Jun 2017 • Friends","Great experience and value!!","SeaWind Aviation was a pleasure to work with and provided a first class experience to me and my guests.  Fred the pilot was professional and did an excellent job as well as the SeaWind Aviation staff.  We landed on a beautiful lake and had the opportunity to see two bears.  Provided shuttle service from cruise port.  Highly recommend if you want to see Alaska from above!!!","Friends","0","","Written June 26, 2017","This review is the subjective opinion of a Tripadvisor member and not of Tripadvisor LLC."
"BillK59","https://www.tripadvisor.com/Profile/BillK59","https://media-cdn.tripadvisor.com/media/photo-m/1280/18/29/30/3f/billk59.jpg","Rocklin, CA","5","Jun 2017 • Couples","Fantastic service friendly people ","We got into Ketchikan this morning and went on the float plane excursion to Misty Fiords. We really enjoyed it. The staff was friendly and met us on time by the visitor center, took us to their place and got us in the air quickly. I booked this a couple of months ago and saved some money. I do recommend them. ","Couples","0","https://media-cdn.tripadvisor.com/media/photo-o/0f/ae/8c/d1/photo1jpg.jpg
https://media-cdn.tripadvisor.com/media/photo-o/0f/ae/8c/d0/photo0jpg.jpg","Written June 25, 2017","This review is the subjective opinion of a Tripadvisor member and not of Tripadvisor LLC."
"Teresa B","https://www.tripadvisor.com/Profile/teresabI8298ES","https://media-cdn.tripadvisor.com/media/photo-o/1a/f6/e2/11/default-avatar-2020-41.jpg","Seattle, WA","5","Jun 2017 • Family","June 23rd, 2016","Most amazing experience of our lives.  Perfect weather for a perfect day.  Thank you so much for sharing your beautiful part of the country with us.  Pelley and Keller families. ","Family","0","","Written June 25, 2017","This review is the subjective opinion of a Tripadvisor member and not of Tripadvisor LLC."
"Experience409","https://www.tripadvisor.com/Profile/Experience409","https://media-cdn.tripadvisor.com/media/photo-o/1a/f6/ea/2e/default-avatar-2020-67.jpg","Greensboro, NC","5","Jun 2017 • Friends","Exceeded all expectations!","SeaWind was awesome.  From the super convenient pick-up at the cruise ship, to the friendly staff at the office to the actual flight.  I witnessed the staff being super helpful and patient with customers that had mobility issues.  The flight was amazing and included actually getting out at the fjord on a dock to allow for photos.  The pilot was super friendly and knowledgeable.  We had the ability to actually talk via headsets while in flight to the pilot and the other passengers.  The value for the price was exceptional.  It was the highlight of our entire trip to Alaska and Canada.  The folks at SeaWind were genuine, warm and down to earth....not a corporate or cold experience.  Loved it!!!","Friends","0","","Written June 24, 2017","This review is the subjective opinion of a Tripadvisor member and not of Tripadvisor LLC."
"Deb T","https://www.tripadvisor.com/Profile/920debt","https://media-cdn.tripadvisor.com/media/photo-o/1a/f6/e2/11/default-avatar-2020-41.jpg","Laingsburg, MI","5","Jun 2017 • Friends","Wow!","It was beautiful! I would love to go again tomorrow. We had perfect weather so we were able to see clearly. The company was friendly, and made our trip enjoyable. Our pilot gave us interesting information while flying us over spectacular scenery. We landed on a pristine mountain lake. I would highly recommend this experience. ","Friends","0","","Written June 20, 2017","This review is the subjective opinion of a Tripadvisor member and not of Tripadvisor LLC."
"optflv","https://www.tripadvisor.com/Profile/optflv","https://media-cdn.tripadvisor.com/media/photo-o/1a/f6/f2/b8/default-avatar-2020-26.jpg","Mooresville, NC","5","Jun 2017 • Couples","This is a great day trip!","We flew with Steve in a beautiful DeHavilland DH-2, and it was an excellent experience.  I had high hopes, and they were met and more.  From the moment we met Lesley in the van until the time we said goodbye, there were friendly, professional, and great to work with.  The flight itself had very smooth takeoffs and landings, and the scenery is out of this world.  We even saw a whale and a bear.  If you're on the fence, go for it.  These guys are great.","Couples","0","","Written June 16, 2017","This review is the subjective opinion of a Tripadvisor member and not of Tripadvisor LLC."
"hylander1956","https://www.tripadvisor.com/Profile/hylander1956","https://media-cdn.tripadvisor.com/media/photo-o/1a/f6/e4/59/default-avatar-2020-49.jpg","Salt Lake City, UT","5","May 2017 • Couples","Float plane flight.","If you are looking for a great plane ride in Ketchikan ,AK., This business offers a great plane ride. Over mountains, water and seeing stuff from the air, Need to check this out. I went with several couples and  rate this a A+ A+ for  service and professional carefree experience.","Couples","0","https://media-cdn.tripadvisor.com/media/photo-o/0f/8c/04/ce/seawind-aviation.jpg","Written June 11, 2017","This review is the subjective opinion of a Tripadvisor member and not of Tripadvisor LLC."
"tld5432","https://www.tripadvisor.com/Profile/tld5432","https://media-cdn.tripadvisor.com/media/photo-o/1a/f6/e2/4a/default-avatar-2020-42.jpg","New Orleans, LA","5","May 2017","Spectacular Vues, Great local hosts","Had a wonderful time with the whole family flying with Steve over Misty Fjords. Absolutely smooth flight by a pilot you can trust. His narration was spot on without being too chatty. Family owned business, so you guys need to book these nice folks. You even get to see Steve have his daughter fuel up the plane!<br />Enjoyed chatting about The Masters, Steve....hope to see you there some time! Great trip, very near the cruise ship dock, with pick up and drop off included. Thanks!","","0","","Written June 8, 2017","This review is the subjective opinion of a Tripadvisor member and not of Tripadvisor LLC."
"maverickfd","https://www.tripadvisor.com/Profile/maverickfd","","","5","Jun 2017 • Couples","Fly the fjords!","If you visit Ketchikan, this is a must do excursion. The scenery, the wildlife, and the excitement of small plane flying make this a wonderful experience. 90 minutes at a reasonable price!<br />TH - Rockwall TX","Couples","0","","Written June 6, 2017","This review is the subjective opinion of a Tripadvisor member and not of Tripadvisor LLC."
"bill b","https://www.tripadvisor.com/Profile/P8102OPbillb","https://media-cdn.tripadvisor.com/media/photo-o/01/d4/2c/12/vickienbill.jpg","Phoenix, AZ","4","Jun 2017 • Couples","Limited visibility","Customer service was top shelf and everyone was very personable. They picked us up on time and communicated well on the entire adventure. We booked directly with Seawind and saved some money. Pilot was skilled and knowledgeable. The only negative was limited visibility. One of the employees admitted 75% of flights had this problem. Seems like a great aviation company but understand Mother Nature will most likely lesson your experience even if humans are doing their best to battle her.","Couples","0","","Written June 4, 2017","This review is the subjective opinion of a Tripadvisor member and not of Tripadvisor LLC."
"foodlovr22","https://www.tripadvisor.com/Profile/foodlovr22","https://media-cdn.tripadvisor.com/media/photo-o/1a/f6/f2/b8/default-avatar-2020-26.jpg","Greenville, NC","5","May 2017 • Couples","Fabulous trip❤️","SeaWind Aviation provided a great trip to the Misty Fjords. It was a perfect weather day and Steve was a wonderful guide and pilot. Our first trip on a seaplane and it was all I could imagine. Jill is great to book your trip and very knowledgeable about the area. These are all local residents who know lots about the area. This is a must do!<br />You will not be disappointed!","Couples","0","","Written June 2, 2017","This review is the subjective opinion of a Tripadvisor member and not of Tripadvisor LLC."
"Lisbon19","https://www.tripadvisor.com/Profile/Lisbon19","https://media-cdn.tripadvisor.com/media/photo-f/01/2e/70/8a/avatar011.jpg","Green Bay, WI","5","May 2017 • Couples","Amazing flight!","This was an incredible trip over the misty fijord! Our pilot Mike was great; very knowledgeable, experienced, professional and fun to be with. Everything went smoothly and Naomi was delightful as she picked us up and dropped us off at the ship in a very timely way. I would highly recommend this trip. It was the highlight of our trip!!","Couples","0","","Written May 31, 2017","This review is the subjective opinion of a Tripadvisor member and not of Tripadvisor LLC."
"Michelle H","https://www.tripadvisor.com/Profile/L7012KDmichelleh","https://media-cdn.tripadvisor.com/media/photo-o/1a/f6/e3/1f/default-avatar-2020-46.jpg","","5","May 2017 • Couples","Fabulous","This was a wonderful experience and the scenery was breathtaking. Best landing from a pilot I've ever had!","Couples","0","","Written May 30, 2017","This review is the subjective opinion of a Tripadvisor member and not of Tripadvisor LLC."
"kelene_boyle","https://www.tripadvisor.com/Profile/kelene_boyle","https://media-cdn.tripadvisor.com/media/photo-o/1a/f6/ea/74/default-avatar-2020-68.jpg","","5","May 2017 • Couples","Definitely recommend!","We had a wonderful time. Our pilot was very knowledgeable on Ketchikan and was very skilled in flying the float plane. I took some awesome pictures of the Misty Fjords! I would definitely recommend SeaWinds to anyone!","Couples","0","","Written May 30, 2017","This review is the subjective opinion of a Tripadvisor member and not of Tripadvisor LLC."
"Holly W","https://www.tripadvisor.com/Profile/hollywU6784NK","","Mount Pleasant, MI","5","May 2017 • Couples","LOVED This!","We flew Seawind Aviation on our Alaskan cruise stop to Ketchikan. It was the first flight of the day...bright, clear, sunny and gorgeous. Could not have been better! Easy to book on-line, find the Shuttle, and the terrific sights and views of Misty Fjords, would do this again in a heartbeat!","Couples","0","","Written May 30, 2017","This review is the subjective opinion of a Tripadvisor member and not of Tripadvisor LLC."
"wesvballmom09","https://www.tripadvisor.com/Profile/wesvballmom09","https://media-cdn.tripadvisor.com/media/photo-l/01/2a/fd/96/avatar.jpg","Summerville, SC","5","May 2017 • Couples","TOP NOTCH and Professional","Great Excursion in Ketchikan! We booked on our own instead of through cruise ship. It was personalized, on time and an amazing flight!","Couples","0","","Written May 28, 2017","This review is the subjective opinion of a Tripadvisor member and not of Tripadvisor LLC."
"Valerie K","https://www.tripadvisor.com/Profile/319valeriek","","Tulsa, OK","5","May 2017 • Couples","Would do it again","Great fun!!  Just wish it would have been longer!  Our big splurge on the cruise.  Booked on line and not thru cruise ship.","Couples","0","","Written May 25, 2017","This review is the subjective opinion of a Tripadvisor member and not of Tripadvisor LLC."
"Bill C","https://www.tripadvisor.com/Profile/538billc","https://media-cdn.tripadvisor.com/media/photo-o/1a/f6/f3/e4/default-avatar-2020-30.jpg","San Diego, CA","5","May 2017 • Couples","Good weather helps!","We booked right on the pier from the cruise ship so we could ensure we had good weather.  SeaWind is locally and family owned and four of us in our party had a great time.  Steve the owner was our pilot for the DeHavilland Beaver (seats up to 8).  Everyone gets a window seat and the flight up to the Misty Fjords was fantastic.  Steve provided very informative narration on the way up and back.  We landed on a lake and had time to walk around on one of the islands there.  Highly recommend the trip and SeaWind!","Couples","0","","Written May 24, 2017","This review is the subjective opinion of a Tripadvisor member and not of Tripadvisor LLC."
"Erica D","https://www.tripadvisor.com/Profile/Erica_PDX","https://media-cdn.tripadvisor.com/media/photo-o/1a/f6/e8/5b/default-avatar-2020-61.jpg","Portland, OR","5","Oct 2016 • Solo","Experience of a lifetime!","My float plane trip with Seawind Aviation was definitely an experience of a lifetime! I couldn't think of a better way to enjoy the beauty and grandeur of SE Alaska. I was visiting after the tourist season but Lesley and Steve were very accommodating to make sure I got out on a tour. Lesley was great about staying in touch with me to make sure we could find a time that worked with my travel dates. I would recommend this as a definite ""bucket list"" item for anyone visiting SE Alaska.  I was a bit nervous about going up in a small aircraft but this was one of the smoothest flights I've ever experienced. Steve is an amazing pilot and I'd recommend their tours to anyone!","Solo","0","https://media-cdn.tripadvisor.com/media/photo-o/0d/50/43/f0/view-from-the-flight.jpg
https://media-cdn.tripadvisor.com/media/photo-o/0d/50/43/e2/view-from-the-flight.jpg
https://media-cdn.tripadvisor.com/media/photo-o/0d/50/43/bd/at-the-dock.jpg","Written October 15, 2016","This review is the subjective opinion of a Tripadvisor member and not of Tripadvisor LLC."
"Jacob S","https://www.tripadvisor.com/Profile/jacobs43","https://media-cdn.tripadvisor.com/media/photo-o/1a/59/ec/99/avatar.jpg","Grand Cayman","5","Sep 2016 • Couples","Great Tour","We took this excursion on a beautiful day in Alaska. We were able to see all kinds of wildlife, glaciers, and get some great pictures. Small family owned company that are very nice. I would definitely recommend this company since they were super down to Earth and very friendly.","Couples","0","","Written September 22, 2016","This review is the subjective opinion of a Tripadvisor member and not of Tripadvisor LLC."
"Kristal S","https://www.tripadvisor.com/Profile/761kristals","","","5","Sep 2016 • Couples","Misty Fjords Flight Tour","Mike was our pilot, he is awesome!<br />We saw killer whales and were able to land in the water for a closer view. Saw humpback whales, bears, goats, flew over a Glacier, and saw seals...... I could go on and on. <br />This is a must tour for Alaska. The price is nothing compared to the experience. Pick up at ship was easy, and the office experience, watch a safety video was good, because we dealt with great, happy employees. Thanks for the adventure. ","Couples","0","https://media-cdn.tripadvisor.com/media/photo-o/0c/ec/a9/c6/20160911-134851-largejpg.jpg","Written September 11, 2016","This review is the subjective opinion of a Tripadvisor member and not of Tripadvisor LLC."
"grigg122019","https://www.tripadvisor.com/Profile/grigg122019","https://media-cdn.tripadvisor.com/media/photo-s/2e/04/98/b1/grigg122019.jpg","Alameda, CA","5","Aug 2016 • Couples","Spectacular Seaplane Trip","A plane ride is the best way to see Alaska's spectacular scenery, and a seaplane ride is even better. We had the best of both worlds, seeing the beauty of the vast Tongass National Forest from the air, and then landing on a secluded alpine lake that made us feel like we were the only people within a hundred miles. <br />Our pilot was great, and the flight was fun and well worth it. <br />We highly recommend SeaWind Aviation to anyone who would like to get a bird's eye view of Alaska.","Couples","0","https://media-cdn.tripadvisor.com/media/photo-o/0c/e6/ac/a8/taking-a-break-on-a-secluded.jpg","Written September 9, 2016","This review is the subjective opinion of a Tripadvisor member and not of Tripadvisor LLC."
"JLP1226","https://www.tripadvisor.com/Profile/JLP1226","https://media-cdn.tripadvisor.com/media/photo-o/1a/f6/f4/20/default-avatar-2020-31.jpg","Greenwich, CT","5","Aug 2016 • Family","Bear Viewing at Traitors' Cove","We took two planes up to Traitors' Cove to see the bears at the salmon ladder.  The day was grey, but still beautiful.  We were surprised how smooth the takeoff and landing was on water, never having ridden in a float-plane.  Our pilot was engaging and gave us lots of information.  Once we landed at the cove we were met by a guide who drove us a short distance to a walking path.  Our guide was very knowledgable about the area flora and fauna. The walk to the salmon ladder was incredibly beautiful.  We only saw 2 bears at the ladder, but they were very close to us.  Apparently, a couple more walked right across the path behind us as we were busy watching for them at the ladder.  We did see a couple more of them fishing on the walk back from the ladder.  The trip as a whole was worth it.  All of the people we met at SeaWind were very nice and helpful and the landscape was gorgeous.","Family","0","","Written September 8, 2016","This review is the subjective opinion of a Tripadvisor member and not of Tripadvisor LLC."
"nchurchill","https://www.tripadvisor.com/Profile/nchurchill","https://media-cdn.tripadvisor.com/media/photo-o/1a/f6/f1/79/default-avatar-2020-21.jpg","Boerne, TX","5","Aug 2016 • Couples","Excellent sunny day adventure!","From the minute my communications began, to the time our Fjords floatplane excursion ended, it was a delightful experience.  Leslie, the pilot's wife met us at the cruise ship dock in their new and comfortable van.  As we drove the short distance to the floatplane, we enjoyed learning more about Skagway.  Once we checked in, we were asked to watch a detailed safety video.  Following a few questions, we then walked outdoors to a ramp to meet the pilot and board our plane...but not before Leslie took individual and group pictures.  The plane was so smooth and comfortable for a party of 6, plus the pilot.  The scenery was breathtaking and the narration & music enhanced our experience.  Landing and floating up to a dock in the middle of nowhere...priceless.  Thank you Steve & Leslie for the wonderful experience.","Couples","0","","Written September 1, 2016","This review is the subjective opinion of a Tripadvisor member and not of Tripadvisor LLC."
"GalYedidia","https://www.tripadvisor.com/Profile/GalYedidia","https://media-cdn.tripadvisor.com/media/photo-s/07/ae/38/0a/galyedidia.jpg","Bitzaron ","5","Aug 2016 • Family","Cool flight, Beautiful Bears and great Guide","We were 8 people flying with 2 planes. The flight was very interesting to us, as this was the first time to take off from the water. The view were great, we saw deer, a bear and when we saw seals the pilot did a loop around them so we can see them clearly!  <br />We landed in a spectacular bay and were greeted by 2 Bold Eagles. We had a van waited for us to the start of a short trail. The guide was great – he explained a lot about the bears and how we would walk along the path. We felt safe and were happy to have him with us . The hike itself was easy, pretty level, on a good path. Our first bear was few feet below us eating a salmon very actively, in the stream next to it you were able to see the salmons swim and spawn by. The next 3 bears we saw from a little distance – they were in the middle of the stream fishing – unfortunately, the guide continue, and was not willing to go back so we can see it properly  - We were very close to the viewing ramp – and he probably thought that we will see many bears there – but there were none – we waited an hour in the viewing platform and headed back – we didn’t see any no the way back. <br />In the viewing ramp we were able to see so many salmons jumping the water fall – it was amazing!<br /><br />To conclude – if you can budget it – it is a great experience!!!<br />Notice! Bear viewing is not guarantee anywhere, so if you do see a bear, even from a distance, agree with your guide ahead of time that you would like to pause and watch…<br /><br />(The bears photos and the jumping salmons i keep to myself...you should go and take them yourself ;-) )","Family","0","https://media-cdn.tripadvisor.com/media/photo-o/0c/98/8c/12/nice-views-of-the-bay.jpg
https://media-cdn.tripadvisor.com/media/photo-o/0c/98/8c/02/salmon-had-real-hard.jpg
https://media-cdn.tripadvisor.com/media/photo-o/0c/98/8b/d9/taking-off.jpg","Written August 19, 2016","This review is the subjective opinion of a Tripadvisor member and not of Tripadvisor LLC."
"KayO1215","https://www.tripadvisor.com/Profile/KayO1215","https://media-cdn.tripadvisor.com/media/photo-o/1a/f6/f2/eb/default-avatar-2020-27.jpg","Marion, OH","5","Aug 2016 • Couples","Vacation 2016","This is the third time we have flown with Steve over a 7-year period; and we would do it again tomorrow.  His knowledge of the area and ability to find wildlife while flying is great!  We have had three different experiences, taking the same tour three times.  This year we went to Alaska with my sister and brother-in-law; and it was their first time visiting Alaska.  He wanted to experience the ""majesty and grandeur"" of Alaska, so we immediately booked a flight with Seawind.  They absolutely were thrilled and can't wait to go back.","Couples","0","","Written August 15, 2016","This review is the subjective opinion of a Tripadvisor member and not of Tripadvisor LLC."
"btmoney","https://www.tripadvisor.com/Profile/btmoney","https://media-cdn.tripadvisor.com/media/photo-o/1a/f6/ea/74/default-avatar-2020-68.jpg","Tucson, AZ","5","Jul 2016 • Family","Too rainy","We booked an excursion independently from our cruise and it was a pleasure to deal with Lesley, who answered all our questions and provided a customized itinerary.  Unfortunately the weather did not cooperate and the excursion was cancelled.  She called me early in the day to let us know and even said they would be flexible if the weather cleared.  There were no charges to my credit card.  I found her to be honest and am grateful they didn't try to give us an expensive tour of the clouds or risk our safety.  Locals confirmed that it was an unusually rainy day in Ketchikan.  If I get back to Alaska, I would try to work with SeaWind Aviation before any other outfits because of their honesty.","Family","0","","Written August 8, 2016","This review is the subjective opinion of a Tripadvisor member and not of Tripadvisor LLC."
"ChicagoTraveler80","https://www.tripadvisor.com/Profile/ChicagoTraveler80","https://media-cdn.tripadvisor.com/media/photo-o/1a/f6/e6/ea/default-avatar-2020-54.jpg","Chicago, Illinois","5","Aug 2016 • Couples","Misty Fjords tour","Must do this tour in Ketchikan!  Our cruise ship arrived at 7am and we caught the Seawind shuttle by 7:30 and were flying by 7:50!  The scenery of Ketchikan island and Misty Fjords is breathtaking.  The flight was very smooth.  The headsets blocked out the engine noise and allowed us to listen to music and pilot and even talk to the pilot.  We landed on a lake in Misty Fjords about half way through and spent some time at floating dock.  When I was there I saw some of the other company's planes and noticed that some planes have better windows.  Our windows were OK but they went from about waist level to nose level so we were straining our necks to get best view.  Seawind seems to be the best priced though so maybe that's how it works :).  Seeing the fjords was a highlight of the trip , they were very steep and blanketed in mist, just amazing.  We booked this about 1 - 2 weeks in advance to make sure we had a spot.  All the shopping in Ketch gets old fast for us so we're really glad we got out of town to see the sights .  Service was great from bus driver to pilot to office personnel.  Highly recommend","Couples","0","","Written August 6, 2016","This review is the subjective opinion of a Tripadvisor member and not of Tripadvisor LLC."
"dkeppler","https://www.tripadvisor.com/Profile/dkeppler","https://media-cdn.tripadvisor.com/media/photo-s/01/6f/52/f9/dkeppler.jpg","Washington, DC","4","Jul 2016 • Family","Misty Fjords tour","Generally had a wonderful time.  There was clearly a miscommunication with our pickup and I had to call them to see where they were, we were picked up about 30-45 min late and then had to wait a bit when we got to the dock so that got a little frustrating.  Fortunately we had enough time in port that it wasn't really an issue, just an inconvenience.  But the flight itself was wonderful, nice and smooth which was good because I'm a little nervous on small planes.  But Steve was an excellent pilot, he even banked and turned around so show us a bear on a logging road.  We landed on a dock in the middle of the one of the lakes which was very picturesque.  My daughter got a little airsick and Steve was even willing to fly us to another spot if needed so she could, uh, take care of business with no one else around.  Wasn't necessary but appreciated the thought!  We had ""misty"" weather which was very appropriate!  Overall a fantastic experience!","Family","0","","Written July 28, 2016","This review is the subjective opinion of a Tripadvisor member and not of Tripadvisor LLC."
"CaseyH_01","https://www.tripadvisor.com/Profile/CaseyH_01","https://media-cdn.tripadvisor.com/media/photo-o/1a/f6/ea/b2/default-avatar-2020-69.jpg","Atlanta, GA","5","May 2016 • Couples","Amazing Fly-Out Fishing Trip","My husband and I were celebrating our anniversary aboard the Carnival Legend cruising around Alaska back in May.  One of our stops was Ketchikan and I wanted to make sure my husband, who loves to fish, got the chance to do so in such an incredible place.  I tried contacting a couple of other places who were booked, but one guy personally contacted Lesley to see if SeaWind was available.  Lesley immediately agreed to help plan an unforgettable trip for us with their trusted fishing guide Rick.  She was kind, easy to communicate with, and provided us with options so we could pick one that best suited us.  Steve was a wonderful pilot and executed an incredibly smooth take-off and landing on the water.  It was quite an experience seeing Ketchikan from above in the Beaver plane; I even had my best whale sighting on the way back!  Thank you Lesley for being so accommodative and providing us with a trip of a lifetime, and thank you Steve for your excellent piloting skills!","Couples","0","https://media-cdn.tripadvisor.com/media/photo-o/0c/34/f4/61/photo-by-caseyh-01.jpg","Written July 24, 2016","This review is the subjective opinion of a Tripadvisor member and not of Tripadvisor LLC."
"Melissa S","https://www.tripadvisor.com/Profile/melissasB5726JR","https://media-cdn.tripadvisor.com/media/photo-o/1a/f6/e4/2d/default-avatar-2020-48.jpg","Dover, FL","5","Jun 2016 • Family","Great ","We did the misty fjords tour Steve was the pilot . Had a wonderful time it was beautiful we landed at a dock in the middle of nowhere got out and took pictures. Would do it again ","Family","0","https://media-cdn.tripadvisor.com/media/photo-o/0c/08/97/84/seawind-aviation.jpg
https://media-cdn.tripadvisor.com/media/photo-o/0c/08/97/82/seawind-aviation.jpg
https://media-cdn.tripadvisor.com/media/photo-o/0c/08/97/80/seawind-aviation.jpg","Written July 17, 2016","This review is the subjective opinion of a Tripadvisor member and not of Tripadvisor LLC."
"Yongmei L","https://www.tripadvisor.com/Profile/YongmeiL","https://media-cdn.tripadvisor.com/media/photo-o/1a/f6/e5/2b/default-avatar-2020-52.jpg","Bloomington, Illinois, United States","5","Jun 2016 • Family","Great value!","Service was great! Everyone was very nice. Steve was our pilot. He apparently loves what he does, and genuinely cares that we have a good experience. He pointed to us two bears on the beach and turned the plane around so that passengers on each side can have a good view. The view of Ketchikan from the air is amazingly beautiful!","Family","0","","Written July 11, 2016","This review is the subjective opinion of a Tripadvisor member and not of Tripadvisor LLC."
"MARSHA G","https://www.tripadvisor.com/Profile/MARSHAG145","https://media-cdn.tripadvisor.com/media/photo-o/1a/f6/ee/68/default-avatar-2020-9.jpg","LAKE HAVASU CITY","5","Jun 2016 • Couples","Misty Fjords flight","Another great trip with Seawind Aviation and Steve as pilot of our Beaver.  We had a picture perfect day landing on one of the many lakes.  The plane landed smoothly and backed right up against a mountain.  We were able to get out and hike up for some awesome pictures & picked some ripe berries. <br />As we soared past the mountains he took us close up to view some mountain sheep on the return flight back to Ketchikan.  <br />A great family local owned business.  This was the second time we booked independently with Steve & Leslie Kamm.  Highly recommend this trip.","Couples","0","https://media-cdn.tripadvisor.com/media/photo-o/0b/e9/2c/71/mountain-sheep.jpg
https://media-cdn.tripadvisor.com/media/photo-o/0b/e9/2c/52/lake-we-landed-on.jpg
https://media-cdn.tripadvisor.com/media/photo-o/0b/e9/2c/32/lake.jpg
https://media-cdn.tripadvisor.com/media/photo-o/0b/e9/2c/07/our-gang.jpg","Written July 9, 2016","This review is the subjective opinion of a Tripadvisor member and not of Tripadvisor LLC."
"JayLC","https://www.tripadvisor.com/Profile/JayLC","https://media-cdn.tripadvisor.com/media/photo-m/1280/18/b2/ea/eb/jaylc.jpg","Upland, CA","4","Jun 2016 • Couples","Bird's eye view of Ketchikan","Staff and flight crew were very polite and professional. We booked this excursion through CostcoTravel.com and received no problems. Though at first we thought our flight was going to be cancelled due to acclimate weather in the area. Thankfully it was all clear by the time we got to the dock.<br />The pilot showed us around and trued his best to spot any animals, but we did not luck out.","Couples","0","https://media-cdn.tripadvisor.com/media/photo-o/0b/dc/eb/4c/one-of-the-mini-islands.jpg
https://media-cdn.tripadvisor.com/media/photo-o/0b/dc/eb/33/over-the-harbor.jpg
https://media-cdn.tripadvisor.com/media/photo-o/0b/dc/eb/11/seaplane.jpg
https://media-cdn.tripadvisor.com/media/photo-o/0b/dc/eb/0e/sign.jpg","Written July 6, 2016","This review is the subjective opinion of a Tripadvisor member and not of Tripadvisor LLC."
"LittleRockcruiser","https://www.tripadvisor.com/Profile/LittleRockcruiser","https://media-cdn.tripadvisor.com/media/photo-o/1a/f6/f3/23/default-avatar-2020-28.jpg","Little Rock, AR","5","Jun 2016 • Couples","Highlight of our trip","We booked w Seawind based on previous reviews and on the price.  The website was also helpful and we appreciated being able to book online ahead of time.  Leslie called my husband to confirm and she also gave us another $10 off the price per person.  We originally booked a 1:30pm flight time but she asked us to call that morning when we got off the cruise ship to check on the weather.  We ended up flying that morning around 10am and it turned out to be a great time, the weather was beautiful and sunny.  We were picked up promptly in the parking lot behind the visitor's center near the Liquid Sunshine gauge.  It was very close to where our ship was docked.  It was just a short drive to the office and dock where the floatplanes are located.  We saw several eagles in the area.  My husband got to sit next to our pilot, Steve and he loved it.  We both enjoyed the trip so much and are so glad we got to experience it.  Incredible views, just breathtaking.  Happy to get some nice photos, too.  The plane is small and I was a little concerned but no problems at all, just a great experience that I highly recommend.  Much more reasonable pricewise than booking through the cruiseline.  Steve and Leslie are very professional and you should have no qualms booking with them.","Couples","0","https://media-cdn.tripadvisor.com/media/photo-o/0b/d9/81/c3/seawind-aviation.jpg
https://media-cdn.tripadvisor.com/media/photo-o/0b/d9/81/9d/seawind-aviation.jpg
https://media-cdn.tripadvisor.com/media/photo-o/0b/d9/81/6d/seawind-aviation.jpg
https://media-cdn.tripadvisor.com/media/photo-o/0b/d9/81/28/seawind-aviation.jpg","Written July 4, 2016","This review is the subjective opinion of a Tripadvisor member and not of Tripadvisor LLC."
"Wisga","https://www.tripadvisor.com/Profile/Wisga","https://media-cdn.tripadvisor.com/media/photo-o/1a/f6/df/99/default-avatar-2020-40.jpg","Fayetteville, GA","5","Jun 2016 • Couples","Fabulous trip!","We booked this independtly after reading all the positive reviews posted here. We were picked up promptly at the cruise dock and driven about 1 mile to the office and plane.  There were only 4 of us in the plane so everyone had a window and my husband sat next to Erik, the pilot.  He talked the whole time pointing out landmarks, history of the area, logging information,  etc.  We landed on a beautiful lake and spent enough time to take in all the wonder of this lovely place. We were very, very pleased with Sea Wind Aviation. Thank you, Leslie, for,the special favor you did for me.","Couples","0","","Written June 30, 2016","This review is the subjective opinion of a Tripadvisor member and not of Tripadvisor LLC."
"myzygy","https://www.tripadvisor.com/Profile/myzygy","https://media-cdn.tripadvisor.com/media/photo-o/04/79/fc/d5/myzygy.jpg","Oklahoma City, OK","5","Jun 2016 • Couples","Skip the Ship Excursion and Book This Trip!","Don't book that shore excursion from the ship!  Go to the Seawind Aviation website and book directly through them: this is a the trip of a lifetime.  <br /><br />A van will pick you up where you leave the ship and take you to Seawind Aviation.  Then, the next 90 minutes are spent in a seaplane, traveling over the Misty Fjords with the knowledgeable guide and pilot.  <br /><br />Mike, our pilot, took time to point out where we might see whales, bears, bald eagles, or seals. Bald eagles and seals were the extent of what we got to see, but it was kind of him to look for the other animals for us.  He knew the area and could speak to how things in nature have changed over the last 15 years. <br /><br />I felt in good hands with our pilot.  Paying for the trip online was a breeze.  Communication was good and accurate.  We saved about $160 as a couple booking directly with Seawind over booking with our cruiseline.","Couples","0","https://media-cdn.tripadvisor.com/media/photo-o/0b/c9/70/58/seawind-aviation.jpg
https://media-cdn.tripadvisor.com/media/photo-o/0b/c9/70/41/waterfall-in-the-misty.jpg
https://media-cdn.tripadvisor.com/media/photo-o/0b/c9/70/39/misty-fjords-from-the.jpg","Written June 30, 2016","This review is the subjective opinion of a Tripadvisor member and not of Tripadvisor LLC."
"carlosarbe","https://www.tripadvisor.com/Profile/carlosarbe","https://media-cdn.tripadvisor.com/media/photo-o/1a/f6/e3/1f/default-avatar-2020-46.jpg","Bogota, Colombia","5","Jun 2016 • Family","Incredible adventure.","We had a great time with Mike our pilot, and Laura one of the manager was great and nice with us. This a graet advundure going to the misty fiords that nobody can miss when coming to Ketchikan. We flew a small plane and got 1st to the sea platform. we saw another 3 planes landing and everyone was amazed with this tour. Trying flying with Mike, great pilot and great human being.","Family","0","","Written June 28, 2016","This review is the subjective opinion of a Tripadvisor member and not of Tripadvisor LLC."
"gbramster","https://www.tripadvisor.com/Profile/gbramster","https://media-cdn.tripadvisor.com/media/photo-o/1a/f6/f0/d5/default-avatar-2020-17.jpg","Long Beach, CA","5","Jun 2016 • Family","Incredible experience!","My family (5 adults) went up in a seaplane in Ketchikan Alaska and had the most amazing flight.  It was such an incredible way to see the area and our pilot was a wonderful tour guide.  It is something my family will remember forever!","Family","0","","Written June 27, 2016","This review is the subjective opinion of a Tripadvisor member and not of Tripadvisor LLC."
"Linda P","https://www.tripadvisor.com/Profile/lindap504","https://media-cdn.tripadvisor.com/media/photo-o/1a/f6/ef/73/default-avatar-2020-13.jpg","","5","Jun 2016 • Couples","Great flight through the Misty Fjords!","I booked this excursion through the Internet and immediately received confirmation and a phone number to call when we arrived in Ketchikan. Leslie, the owner, called me as soon as our cruise ship arrived and sent a van to pick us up. We were seated according to weight, since the plane is small. My husband was thrilled to be seated next to Steve, the pilot. Steve is extremely experienced and pointed out landmarks during our flight and also talked about the impact of logging and some of the severe storms. We flew to a small island in the fjords where we were able to get off the plane. We could hear the loud warning cry of a couple of loons who were guarding their nest with two green eggs. This was a great experience and I highly recommend Seawind Aviation.","Couples","0","https://media-cdn.tripadvisor.com/media/photo-o/0b/c3/08/6c/getting-off-the-plane.jpg
https://media-cdn.tripadvisor.com/media/photo-o/0b/c3/08/5c/view-from-the-plane-as.jpg
https://media-cdn.tripadvisor.com/media/photo-o/0b/c3/08/4c/flying-through-the-the.jpg
https://media-cdn.tripadvisor.com/media/photo-o/0b/c3/08/1e/view-of-the-misty-fjiords.jpg","Written June 27, 2016","This review is the subjective opinion of a Tripadvisor member and not of Tripadvisor LLC."
"Weltz5","https://www.tripadvisor.com/Profile/Weltz5","https://media-cdn.tripadvisor.com/media/photo-f/01/2e/70/89/avatar010.jpg","Burlington, WI","5","Jun 2016 • Couples","Thank you for the time of my life!","I have always wanted to fly in a seaplane and seeing Misty Fjords seemed like a perfect fit.  Securing our reservations was a breeze.  Lesley couldn't be any nicer.  Our party of 3 was lucky enough to have a plane all to ourselves and I was luck enough to fly upfront with the pilot.  Yeah!  The views are spectacular - words cannot describe this wonderful experience.   It's like being transformed to another world. Thank you for the memory of a lifetime!","Couples","0","","Written June 27, 2016","This review is the subjective opinion of a Tripadvisor member and not of Tripadvisor LLC."
"Chrissy M","https://www.tripadvisor.com/Profile/chrissym949","https://media-cdn.tripadvisor.com/media/photo-o/1a/f6/e2/e6/default-avatar-2020-45.jpg","New York City, NY","5","Jun 2016 • Family","Fabulous flight with SeaWind Aviation!","This was the best excursion my mom and I had taken during our cruise to Alaska!! I’m so happy that it all worked out perfectly. A few weeks before our cruise, I contacted Lesley to ask about their handicap accommodations as my mom had fallen a few years ago which left her with a broken shoulder and hurt foot so it’s a bit more difficult for her to get in and out of cars/planes/trains. Lesley assured me that they have ramps to the dock/onto the plane and was confident that my mom would be able to enjoy the flight. She also offered a great deal to my request of an AAA rate so I booked right away for our day in Ketchikan. When we arrived at the cruise port, Lesley picked us up in their van right by the port (no need to have to find our way to their dock). This excursion was a HUGE surprise for my mom’s birthday so I never actually let her know what I had planned for us until she saw the seaplane advertised on the side of the van. I knew she would never partake in such an adventurous excursion if I told her ahead of time. By looking at the shocked expression on my mom’s face, Lesley was so warm and comforting to my mom’s jitters of flying in a seaplane. Even the fellow passengers who would be flying along with us were so nice and friendly -- they tried their best to keep my mom’s mind off her nerves ☺ Once we got to the dock, we met our awesome pilot Peter who helped my mom into the seaplane with the use of the ramp. Easy peesy! We got to wear these great headsets where we could hear each other ask questions, the pilot provide feedback about what we’re seeing, and incredible music that fit the sights (ie. Jurassic Park soundtrack). It really made the entire flight enjoyable. BUT THE VIEWS! They were awe-inspiring and like nothing I’ve ever seen. We flew throughout a part of the Misty Fjords and even stopped at a lake dock for about 20 mins that had incredible views too. This flight was awesome and an once-in-a-lifetime experience! SO happy my mom got to experience this with me because by the time she got up in the air, her nerves settled and she loved every second of the flight. Big thank you to Lesley + team for a fabulous time in Ketchikan!","Family","0","https://media-cdn.tripadvisor.com/media/photo-o/0b/c1/4c/f9/mom-and-me-on-the-plane.jpg
https://media-cdn.tripadvisor.com/media/photo-o/0b/c1/4c/bd/unreal-landscape.jpg
https://media-cdn.tripadvisor.com/media/photo-o/0b/c1/4c/8b/spectacular-view.jpg","Written June 27, 2016","This review is the subjective opinion of a Tripadvisor member and not of Tripadvisor LLC."
"luv2travl23","https://www.tripadvisor.com/Profile/luv2travl23","https://media-cdn.tripadvisor.com/media/photo-s/02/c4/b1/69/luv2travl23.jpg","Philadelphia, PA","5","Jun 2016 • Friends","Loved our flight","We were a group of six and had a wonderful flight with Steve.  We did not have reservations, but booked our flight in the Visitors Center when we got off our ship.  They were able to take us right away.  The weather was perfect for seeing the Fjords and they were beautiful!  We landed on a lake and we able to get out of the plane for a short time.  The lake was beautiful and serene.  We saw waterfalls and some Dall sheep.  We had a great time and highly recommend them.","Friends","0","","Written June 23, 2016","This review is the subjective opinion of a Tripadvisor member and not of Tripadvisor LLC."
"GinnyL1027","https://www.tripadvisor.com/Profile/GinnyL1027","https://media-cdn.tripadvisor.com/media/photo-o/1a/f6/f0/48/default-avatar-2020-15.jpg","Austin, TX","5","May 2016","Nice flight and great people.","The owners of this company our very nice and helpful.  We were able to see a lot from this flight, we even saw a brown bear.  The pilot pointed out lots of stuff for us to see.  We felt very safe the whole time we were flying.  It is a little noisy but that is typical with those types of planes.","","0","","Written June 13, 2016","This review is the subjective opinion of a Tripadvisor member and not of Tripadvisor LLC."
"Mike B","https://www.tripadvisor.com/Profile/158mikeb158","https://media-cdn.tripadvisor.com/media/photo-o/09/c3/53/2d/mike-b.jpg","Hanoi, Vietnam","5","Jun 2016","Great day... Flying in Ketchikan","We booked after we got off the ship and saved a bunch of money!!! The ship price was 280 and we got the trip for 230... Naomi took us to the plane and Mike took us flying. It was wonderful even on a rainy day. We saw a whale and felt very safe....family run business that makes you feel welcome.  If you want to be sure you get them I would call ahead. From the time we left the boat to in the air was 15 mins....","","0","https://media-cdn.tripadvisor.com/media/photo-o/0b/90/c6/3b/photo3jpg.jpg
https://media-cdn.tripadvisor.com/media/photo-o/0b/90/c6/3a/photo2jpg.jpg
https://media-cdn.tripadvisor.com/media/photo-o/0b/90/c6/39/photo1jpg.jpg
https://media-cdn.tripadvisor.com/media/photo-o/0b/90/c6/38/photo0jpg.jpg","Written June 9, 2016","This review is the subjective opinion of a Tripadvisor member and not of Tripadvisor LLC."
"cenoel","https://www.tripadvisor.com/Profile/cenoel","https://media-cdn.tripadvisor.com/media/photo-o/1a/f6/ef/9c/default-avatar-2020-14.jpg","Darien, IL","5","May 2016 • Solo","Great Safe Service","Booked online and got a better rate than the cruise ship offered. Picked us up and dropped us off right at the dock. Steve was our pilot and he was a great tour guide. Felt safe the entire time. Although it was cloudy and a little rainy, that did not take away from great views. Definitely go with Seawindaviation Aviation.","Solo","0","","Written June 8, 2016","This review is the subjective opinion of a Tripadvisor member and not of Tripadvisor LLC."
"Jeff S","https://www.tripadvisor.com/Profile/jeffsZ4178DM","https://media-cdn.tripadvisor.com/media/photo-s/08/ce/04/7b/jeff-s.jpg","","5","May 2016 • Couples","Best excursion of our trip","We booked the excursion directly with Sea Wind rather than going through the cruise line as we felt Sea Wind offered a better value. Everyone that we dealt with were very nice, helpful, and professional. The flight was awesome and very smooth. The views were more beautiful than we expected. Well worth the money. Thank you, Sea Wind!","Couples","0","","Written June 7, 2016","This review is the subjective opinion of a Tripadvisor member and not of Tripadvisor LLC."
"inessa l","https://www.tripadvisor.com/Profile/223inessal","https://media-cdn.tripadvisor.com/media/photo-s/07/ff/12/2e/inessa-l.jpg","Atlanta, GA","5","May 2016 • Couples","Amazing experience!","This was an amazing experience, one of the highlights of our trip! We've never done float plane before and I was a little nervous going into it but it was worth every penny! The view you get is breathtaking! We flew over Misty Fjords National Monument and devoured all of its beauty from above: mountains, greens, waterfalls, and low hanging clouds. Now i really understand why they call it ""Misty"". We landed on a small water doc for a brief photo ops and were up in the air again. I really enjoyed the ride, the take off and landing were very smooth and barely noticeable. And we felt safe the entire time!","Couples","0","","Written June 7, 2016","This review is the subjective opinion of a Tripadvisor member and not of Tripadvisor LLC."
"Andurca","https://www.tripadvisor.com/Profile/Andurca","https://media-cdn.tripadvisor.com/media/photo-o/09/f6/7d/a7/andurca.jpg","Madrid, Spain","5","May 2016 • Couples","A must in Alaska","take a ride in a hidroplane and see killer whales jumping, fiords in all their splendor, humpback whales breathing, and going around them many times just to enjoy this moment, priceless.  We booked this trip in advance, so as soon as the cruise arrived we were picked up and it was significantly cheaper than a similar excursion organized by the cruise. Strongly recommended.","Couples","0","https://media-cdn.tripadvisor.com/media/photo-o/0b/63/73/78/views.jpg
https://media-cdn.tripadvisor.com/media/photo-o/0b/63/73/73/seaplane.jpg
https://media-cdn.tripadvisor.com/media/photo-o/0b/63/73/5c/views.jpg","Written May 25, 2016","This review is the subjective opinion of a Tripadvisor member and not of Tripadvisor LLC."
"Phil S","https://www.tripadvisor.com/Profile/PhilS57","https://media-cdn.tripadvisor.com/media/photo-o/1a/f6/f2/eb/default-avatar-2020-27.jpg","Antioch, IL","5","May 2016 • Friends","Great Experience","This was a top-notch experience from start to finish.<br />I had several questions before we left home and Lesley responded quickly and cheerfully.<br />Connecting with them in port went smoothly and before we knew it we were meeting Mike our pilot and climbing into the plane. I had never taken off from water before, but Mike is an excellent pilot and it was just like taking off from a runway.<br />The views were breathtaking and well worth the cost.<br />Definitely book direct from them rather than your cruise ship. You save big $$ and get to deal directly with them, which is a plus.","Friends","0","","Written May 23, 2016","This review is the subjective opinion of a Tripadvisor member and not of Tripadvisor LLC."
"ctbrown720","https://www.tripadvisor.com/Profile/ctbrown720","https://media-cdn.tripadvisor.com/media/photo-o/1a/f6/f0/9f/default-avatar-2020-16.jpg","Tampa, FL","5","May 2016 • Friends","Top notch","The service, from being picked up downtown to our pilot, was first class!<br /><br />The booking process with Leslie was easy and she was a pleasure to email back and forth with, answering all questions and accommodating us!<br /><br />Checking in once we arrived was easy and everyone was extremely friendly.<br /><br />Steve, our pilot, was great and explained what we were looking out at. The playlist on the headphones was spot on! The landing was much smoother than I thought it would be. The plane seemed to be in good shape and I'd assume they take good care of it.<br /><br />Thanks for a great trip!","Friends","0","","Written May 23, 2016","This review is the subjective opinion of a Tripadvisor member and not of Tripadvisor LLC."
"allananddebbie","https://www.tripadvisor.com/Profile/allananddebbie","","Ohatchee, AL","5","May 2016 • Couples","Ahhhmazing , Book Now","Our shuttle driver was AJ he was great, our pilot Mike was awesome showed us so many things high low close and farther away he made our trip so great, Leslie in the office was so easy to deal with, got off the boat walked to tourist center man in the center called into the office for me, we shopped for a little bit, Leslie called us said AJ was coming then things went on from there so very easy and wonderful thanks guys","Couples","0","","Written May 18, 2016","This review is the subjective opinion of a Tripadvisor member and not of Tripadvisor LLC."
"Sandpower_S","https://www.tripadvisor.com/Profile/Sandpower_S","https://media-cdn.tripadvisor.com/media/photo-o/18/58/ec/fa/caption.jpg","Stone Mountain, GA","5","Oct 2015 • Solo","Serenity on a SeaPlane","Despite the noise of a seaplane; this was the best excursion I have ever experienced. Book this excursion directly with SeaWind rather than the cruise ship.  Easy pickup and drop off at the cruise port.  The pictures speak for themselves.","Solo","0","https://media-cdn.tripadvisor.com/media/photo-o/09/83/c3/e4/seawind-aviation.jpg
https://media-cdn.tripadvisor.com/media/photo-o/09/83/c3/d8/seawind-aviation.jpg
https://media-cdn.tripadvisor.com/media/photo-o/09/83/c3/c7/seawind-aviation.jpg
https://media-cdn.tripadvisor.com/media/photo-o/09/83/c3/bb/seawind-aviation.jpg
https://media-cdn.tripadvisor.com/media/photo-o/09/83/c3/b4/seawind-aviation.jpg
https://media-cdn.tripadvisor.com/media/photo-o/09/83/c3/ae/seawind-aviation.jpg
https://media-cdn.tripadvisor.com/media/photo-o/09/83/c3/9d/seawind-aviation.jpg
https://media-cdn.tripadvisor.com/media/photo-o/09/83/c3/93/seawind-aviation.jpg
https://media-cdn.tripadvisor.com/media/photo-o/09/83/c3/88/seawind-aviation.jpg
https://media-cdn.tripadvisor.com/media/photo-o/09/83/c3/7f/seawind-aviation.jpg
https://media-cdn.tripadvisor.com/media/photo-o/09/83/c3/7c/seawind-aviation.jpg","Written November 14, 2015","This review is the subjective opinion of a Tripadvisor member and not of Tripadvisor LLC."
"deladypilot","https://www.tripadvisor.com/Profile/deladypilot","https://media-cdn.tripadvisor.com/media/photo-o/1a/f6/e9/60/default-avatar-2020-64.jpg","Dover, Delaware","5","Sep 2015 • Friends","Perfect Day","We can not say enough good things about the SeaWind experience.  My husband booked this flight my myself, my mother and our adult children.  We were met at the visitor center and whisked off to their own private dock area.  We were then given a safety briefing and soon we were on our way.  We had a wonderful weather day and were able to see so much.  The flight was smooth and beautiful.  This was the best excursion of our entire trip and I would happily book with them again","Friends","0","https://media-cdn.tripadvisor.com/media/photo-o/09/19/cd/cf/seawind-aviation.jpg","Written October 1, 2015","This review is the subjective opinion of a Tripadvisor member and not of Tripadvisor LLC."
"leeleej","https://www.tripadvisor.com/Profile/leeleej","https://media-cdn.tripadvisor.com/media/photo-s/02/dc/1f/9a/leeleej.jpg","Brisbane","5","Aug 2015 • Friends","Fantastic Misty Fjord National Monument with Steve","We booked our tour to Misty Fjord with SeaWind as we left our cruise ship. We were so glad we did. The whole experience was so professional right from the young man selling the tour from the dock to the ground information provided by Lesley and the very safe pilot Steve.  We had never been on a float plane before but felt totally comfortable and safe every moment with Steve.  He obviously loves what he does and he does it extremely well.  I was surprised that the takeoff and landing was so smooth. Misty Fjord was absolutely fantastic scenery and we were also able to land and spend some time on a wooden dock.  This was one of the highlights of our whole Alaskan holiday.","Friends","0","","Written September 29, 2015","This review is the subjective opinion of a Tripadvisor member and not of Tripadvisor LLC."
"MattU24","https://www.tripadvisor.com/Profile/MattU24","https://media-cdn.tripadvisor.com/media/photo-o/1a/f6/e8/91/default-avatar-2020-62.jpg","Ohio","5","Sep 2015 • Couples","Unimaginable beauty","Seawind picks you up at the main Ketchikan Visitors Bureau and drives you to their seaplane dock where you meet your bush pilot.  We flew with Steve and had the most amazing experience.  We had never flown in a seaplane and it is really quite a capable plane with smoother takeoff and landing than you can imagine. The beauty of the Misty Fjords National Monument and the scenery along the way is something you have to experience for yourself.  This is nature untouched.  We saw the beautiful, sheer basalt cliffs, dozens and dozens of waterfalls, and more beautiful spruce than you can imagine.  The weather conditions allowed Steve to land us in the Misty Fjords and we got to stand on a dock and listen to the sounds of the waterfall and rain falling along with some great and unforgettable photos.  Highly highly recommend doing this as your choice in Ketchikan.","Couples","0","","Written September 26, 2015","This review is the subjective opinion of a Tripadvisor member and not of Tripadvisor LLC."
"Lanoman","https://www.tripadvisor.com/Profile/Lanoman","https://media-cdn.tripadvisor.com/media/photo-o/1a/f6/e2/11/default-avatar-2020-41.jpg","","5","Jun 2015 • Friends","SeaWind folks provided excellent customer service","The folks at SeaWind were great! They provided us with local transportaion around Ketchikan as we stocked up on food, gas, and ice. We were going to stay one day in Ketchikan to get our shopping done, but SeaWind told us bad weather was coming the next day and recommended we fly later that day. Was great advice as we left under a blue sky and the next day was rain.  They promptly picked us back up from the cabin when they said they would. When it was time to leave for the airport to fly home, they gave us a ride there too. Steve and Lesly are really friendly and went out of their way to help us in all aspects of our trip. They get my highest recommendation (and thanks).","Friends","0","https://media-cdn.tripadvisor.com/media/photo-o/09/04/84/fb/seawind-aviation.jpg
https://media-cdn.tripadvisor.com/media/photo-o/09/04/84/f3/seawind-aviation.jpg
https://media-cdn.tripadvisor.com/media/photo-o/09/04/84/ee/seawind-aviation.jpg
https://media-cdn.tripadvisor.com/media/photo-o/09/04/84/e5/seawind-aviation.jpg
https://media-cdn.tripadvisor.com/media/photo-o/09/04/84/ca/seawind-aviation.jpg","Written September 23, 2015","This review is the subjective opinion of a Tripadvisor member and not of Tripadvisor LLC."
"Judy A","https://www.tripadvisor.com/Profile/Judy110647","https://media-cdn.tripadvisor.com/media/photo-o/08/ea/9f/77/judy110647.jpg","Foley, AL","5","Aug 2015 • Couples","Amazing Point of View","This was my first experience with Steve and Lesley and SeaWind Aviation.  The Fjords were beautiful.  Steve explained the area and the history.  We landed on an mountain lake and taxi up to an island.  It was exciting to land and take off from such a remote area.  Steve pointed out the waterfalls as we ascended into the sky.  It is amazing to me that a plane can be that close to the scenery and still be safe.  We also looked for brown bears and saw many species of birds. Coming into the rocky picturesque landing of Ketchikan was breath taking! What a wonderful way to view the Fjords.  Thank you SeaWind!","Couples","0","https://media-cdn.tripadvisor.com/media/photo-o/08/ea/ca/85/seawind-aviation.jpg
https://media-cdn.tripadvisor.com/media/photo-o/08/ea/ca/21/seawind-aviation.jpg
https://media-cdn.tripadvisor.com/media/photo-o/08/ea/c9/e0/seawind-aviation.jpg
https://media-cdn.tripadvisor.com/media/photo-o/08/ea/c9/b9/seawind-aviation.jpg
https://media-cdn.tripadvisor.com/media/photo-o/08/ea/c9/7e/seawind-aviation.jpg
https://media-cdn.tripadvisor.com/media/photo-o/08/ea/c9/30/seawind-aviation.jpg","Written September 13, 2015","This review is the subjective opinion of a Tripadvisor member and not of Tripadvisor LLC."
"fmvet2002","https://www.tripadvisor.com/Profile/fmvet2002","https://media-cdn.tripadvisor.com/media/photo-o/1a/f6/f0/9f/default-avatar-2020-16.jpg","Reno, NV","5","Sep 2015","Amazing flights","Steve and Lesly are great. We flew with them on two different days. Once to see the bears, where we were about 15ft from a mom and two cubs, and again for the Misty Fjords. Both times we flew with Steve and he can be pretty funny. He spotted a bear in the Misty Fjords and circle a couple times so everyone could see it. He even pointed out the mountain goats! I will fly with them again!","","0","","Written September 10, 2015","This review is the subjective opinion of a Tripadvisor member and not of Tripadvisor LLC."
"Barbara R","https://www.tripadvisor.com/Profile/barbararK6410ZI","https://media-cdn.tripadvisor.com/media/photo-s/08/db/dd/b0/barbara-r.jpg","Manchester, CT","5","Jun 2015 • Friends","Totally unforgetable adventure!","This was the 1st side tour that I booked for our Alaska land-cruise tour. I found a BIG difference when comparing what the cruise was offering with what other Misty Fjord floatplane tours were available. After reading the reviews for SeaWind Aviation, I knew this was the one to go with. All positives: small plane, family operated, everyone gets a headset and window seat, professionally run, plus early booking discount. On the day of our Ketchikan port visit, Lesley called a few hours before departure to say they were running late. I told her that we had another tour booked immediately after the float plane excursion with no wiggle room. She told us to come a little earlier & she would work things out. Not only did she keep us on schedule, she contacted our next tour (Tracy from Wild Wolf Tours) to let her know that we were running late. Because we were the only passengers for that tour, Tracy was waiting for us at SeaWind Aviation when we returned from the plane ride! Talk about excellent service! I must give credit to both Lesley and Tracy for pulling this off and giving me and my sister-in-law such personalized service for our short stay in Ketchikan. Hats off to you! And not to forget thanking Steve for his awesome piloting skills, narration during the breathtaking flight and answering all of our questions. I'll even give him credit for the warm, sunny day we had - unusual for rainy Ketchikan!","Friends","0","","Written September 6, 2015","This review is the subjective opinion of a Tripadvisor member and not of Tripadvisor LLC."
"Phil A","https://www.tripadvisor.com/Profile/PhilA618","https://media-cdn.tripadvisor.com/media/photo-o/1a/f6/df/2b/default-avatar-2020-39.jpg","Lubbock, TX","5","Aug 2015 • Family","Second trip with SeaWind Aviation was even better!","This was the second time in three years that we have taken the flight to the Misty Fjords National Monument with SeaWind..  SeaWind is a family-owned business with outstanding service.  They picked us promptly at the pier and took us to their business site.  After a safety video we boarded the plane for a Great tour of Misty Fjords National Monument.  Our grandson was able to sit up front with the pilot (owner).  The take off & landing was super smooth, and we enjoyed terrific views of all the sights.  We were able to land in a fjord & enjoy the great sights & tranquility.  Slightly less expensive than purchasing the tour through the cruise company, but we'll-worth the money.","Family","0","","Written August 21, 2015","This review is the subjective opinion of a Tripadvisor member and not of Tripadvisor LLC."
"MarkPhillips27","https://www.tripadvisor.com/Profile/MarkPhillips27","https://media-cdn.tripadvisor.com/media/photo-o/1a/f6/e2/4a/default-avatar-2020-42.jpg","Birmingham, UK","5","Aug 2015","Fantastic seaplane journey and bear watching","Had an amazing day with Steve, our pilot and Drew our bear guide. We saw up to five bears at once in the river hunting for salmon. Absolutely fantastic. Can't recommend this company enough.","","0","","Written August 18, 2015","This review is the subjective opinion of a Tripadvisor member and not of Tripadvisor LLC."
"ikiser","https://www.tripadvisor.com/Profile/ikiser","https://media-cdn.tripadvisor.com/media/photo-f/01/2e/70/60/avatar038.jpg","Edmond, OK","5","Aug 2015 • Couples","Great Flight and Bears on Pricne of Wales Island","My wife and I had booked a tour with one of SeaWind Aviation's competitors who had to cancel at the last minute. However, they did not leave us out in the cold.  They contacted SeaWind who scheduled us at the last minute and gave us a great tour.  Leslie made sure we were ready and comfortable when the plane arrived and the flights were some of the smoothest I have ever had. There were a total of five of us on the 8 passenger deHaviland Beaver.  We were met on the island by our guide named Diamond.  He is a long time Ketchikan resident (since the 30s) who was delightful.  His knowledge of the area is amazing.  We were able to see several black bears fishing including a mother and her twin cubs.  My last photo at the stream is of two bears fishing with  bald eagle sitting in a tree overhead.  Both on the way to the island and back we saw whales below us.  Each time the pilot circled so we could watch and take photos.Doesn't get much better than that!  Highly recommend this company.","Couples","0","","Written August 15, 2015","This review is the subjective opinion of a Tripadvisor member and not of Tripadvisor LLC."
"Russell T","https://www.tripadvisor.com/Profile/russellt908","https://media-cdn.tripadvisor.com/media/photo-o/1a/f6/e9/ef/default-avatar-2020-66.jpg","Ketchikan, AK","5","Aug 2015","Wonderful flight to and from some great fishing!","Had a wonderful flight yesterday with Steve on our way to some epic fishing and scenery east of Ketchikan.  The airplane was clean and comfortable, headsets at every seat allowing us to communicate during the flight, and Steve is a first-class pilot.  As a local who lives here all year, I was glad to have him in the pilot's seat.  <br /><br />In addition to the safe flight, Rick Collins of Explore Alaska Charters provided us with some fantastic fishing in an area that only gets fished a handful of times each year.  <br /><br />You can't go wrong with these two!","","0","","Written August 14, 2015","This review is the subjective opinion of a Tripadvisor member and not of Tripadvisor LLC."
"Diane M","https://www.tripadvisor.com/Profile/V211GZdianem","","Florham Park, NJ","5","Aug 2015 • Family","Favorite Excursion in Alaska!!!","I am a mother who was traveling with her husband and 3 boys (12,13, and 15) in Alaska, we did a cruise and a land tour and this was by far our favorite excursion. <br />     We booked this tour privately and Leslie the owner was more than helpful at assisting us with our plans. She made sure our tour was great. Our pilot Mike was so smooth at both take off and landing, the whole tour he was explaining things to us and pointing out numerous things. He made sure to tell us where to keep our eyes peeled for wildlife, even though we did not see any bears :-(.  (but the tour before us did )The views from the plane were indescribable. He landed the plane in a lake and happily took pictures of our whole group (my in-laws also came with us, grandma-67 and grandpa-72). Although the weather in Ketchikan was rainy and yucky the views were still amazing in the fjord and throughout the whole flight. We saw several seals and eagles and Mike made sure to spin around the wildlife a couple of times so everyone could view it! The fjord with the fog coming off it was breathtaking. And the whole experience was perfect. I cannot think of a single complaint.","Family","0","https://media-cdn.tripadvisor.com/media/photo-o/08/a2/f1/2f/seawind-aviation.jpg
https://media-cdn.tripadvisor.com/media/photo-o/08/a2/f1/1d/seawind-aviation.jpg
https://media-cdn.tripadvisor.com/media/photo-o/08/a2/f1/0e/seawind-aviation.jpg
https://media-cdn.tripadvisor.com/media/photo-o/08/a2/f0/f7/seawind-aviation.jpg
https://media-cdn.tripadvisor.com/media/photo-o/08/a2/f0/de/seawind-aviation.jpg","Written August 13, 2015","This review is the subjective opinion of a Tripadvisor member and not of Tripadvisor LLC."
"Melissa W","https://www.tripadvisor.com/Profile/647melissaw","https://media-cdn.tripadvisor.com/media/photo-o/1a/f6/e2/a7/default-avatar-2020-44.jpg","Salt Lake City, UT","5","Jul 2015 • Solo","Best experience of my life!","I visited Ketchikan at the beginning of July.  I was there for a very sentimental reason and tried to get in as much as possible during the 5 days that I was there.  I felt extremely lucky to go on a flight to the Misty Fjords with SeaWind the day before I left.  The flight could not have been any better.  Steve was the best pilot.  The take off and landing were incredibly smooth and I felt very safe the entire time.  Steve made it fun with an awesome playlist and pointing out different things along the way.  I felt like I could have flown all day and I never wanted it to stop.  If you're planning a trip to Ketchikan, I highly recommend booking a flight with SeaWind.  It will be the best thing you ever do!  Thank you so much Steve and Lesley!","Solo","0","https://media-cdn.tripadvisor.com/media/photo-o/08/74/95/58/seawind-aviation.jpg
https://media-cdn.tripadvisor.com/media/photo-o/08/74/95/55/seawind-aviation.jpg","Written July 26, 2015","This review is the subjective opinion of a Tripadvisor member and not of Tripadvisor LLC."
"merrilyIgo","https://www.tripadvisor.com/Profile/merrilyIgo","https://media-cdn.tripadvisor.com/media/photo-o/1a/f6/f4/20/default-avatar-2020-31.jpg","Los Angeles, CA","5","Jul 2015 • Couples","The Best Choice","I am so glad that we found SeaWind.  We opted to  book a shore excursion outside the cruise because it was less expensive and offered a better time.  The reservation process was very easy, and the confirmation letter included clear instructions where to meet.  <br /><br />We called Lesley as soon as we docked, and she called back to confirm our time.  It was raining, and the time could have been adjusted due to the weather.  Thankfully, the tour was not canceled.  We were picked up by their staff and taken to their dock which happens to be near an eagle landing.  There were 4 eagles just sitting by the shore.<br /><br />Our tour consisted of 4 passengers and our pilot Steve, the owner.  He had 30 years of flying experience all in Ketchikan.  I immediately felt like we were in good hands.  Take off and landing was smooth.  The flight though rainy at times was beautiful.  Steve included music in the background and spoke about the topography and animals when appropriate.  He said that rain was the best way to see how Misty Fjord got its name.  It was beautiful!  <br /><br />Sadly the trip ended.  Leslie took us back to port and dropped us off where we liked.  She also offered a recommendation for a good place to eat.<br /><br />We were happy that we went with this family-run operation.  Learning about the area from a true local is the way to go.  I know it feels like a risk booking outside the cruise, but these businesses know the cruise schedule as well.  Ketchikan is so small too.  It would be hard to miss your ship.","Couples","0","","Written July 20, 2015","This review is the subjective opinion of a Tripadvisor member and not of Tripadvisor LLC."
"Howard B","https://www.tripadvisor.com/Profile/733howardb","https://media-cdn.tripadvisor.com/media/photo-o/1a/f6/e2/e6/default-avatar-2020-45.jpg","Panama City Beach, FL","5","Jul 2015 • Couples","Our favorite activity on our trip","Steve did an excellent job of not only flying but pointing out sites and telling the history as well.  It is well worth the money compared to how much other activities cost.  We flew all through the surrounding mountains and landed in a secluded spot to better enjoy the  beautiful surroundings.  Both Steve and his wife Lesley were excellent hosts.","Couples","0","","Written July 20, 2015","This review is the subjective opinion of a Tripadvisor member and not of Tripadvisor LLC."
"ColleenB71","https://www.tripadvisor.com/Profile/ColleenB71","https://media-cdn.tripadvisor.com/media/photo-o/08/62/90/19/colleenb71.jpg","Alberton, South Africa","5","Jul 2015 • Family","A highlight of our trip to Alaska","We booked this seaplane trip to the Misty Fjords and although it was quite expensive due to poor exchange rate with our South African currency, it was well worth the trip and money spent.<br />I researched the Seaplane companies quite extensively and Seawind was superb. Leslie was so helpful and got us a great family rate as we were 11 people traveling together. We were collected at our cruise liner and taken to the plane. Half the family went in one plane and the other in the second plane. We all had window seats with great views. Steve was very informative and chatted with all of us about his time living in Ketchikan. WE all fell in love with this little peace of paradise.<br />The Mistys were beautiful. Still a bit of snow and ice on the mountain tops - just stunning.<br />We took some awesome photos of the Misty Fjords, Ketchikan our our ship.<br />The whole experience was truly memorable.","Family","0","https://media-cdn.tripadvisor.com/media/photo-o/08/62/8f/fa/seawind-aviation.jpg
https://media-cdn.tripadvisor.com/media/photo-o/08/62/8f/3b/seawind-aviation.jpg
https://media-cdn.tripadvisor.com/media/photo-o/08/62/8e/f2/seawind-aviation.jpg
https://media-cdn.tripadvisor.com/media/photo-o/08/62/8e/6e/seawind-aviation.jpg
https://media-cdn.tripadvisor.com/media/photo-o/08/62/8e/28/seawind-aviation.jpg
https://media-cdn.tripadvisor.com/media/photo-o/08/62/8d/7b/seawind-aviation.jpg
https://media-cdn.tripadvisor.com/media/photo-o/08/62/8c/e8/seawind-aviation.jpg
https://media-cdn.tripadvisor.com/media/photo-o/08/62/8c/32/seawind-aviation.jpg","Written July 16, 2015","This review is the subjective opinion of a Tripadvisor member and not of Tripadvisor LLC."
"Thad K","https://www.tripadvisor.com/Profile/952thadk","https://media-cdn.tripadvisor.com/media/photo-o/1a/f6/e8/5b/default-avatar-2020-61.jpg","Las Vegas, NV","5","Jul 2015 • Couples","Best Seaplane Tour in Ketchikan","Seawind Aviation is a family owned business in Ketchikan that offers stellar service and wonderful local knowledge. My wife and I had the pleasure of flying to Misty Fjords with Steve on a beautiful day in southeast Alaska. The flight was smooth and Steve's knowledge of the local history and natural features was impeccable. Steve's wife Lesley handled our reservations with ease. When an earlier flight became available she contacted us and picked us up at another location in town without any trouble. She also gave us other detailed suggestions for things to do in Ketchikan as well as other places on our Alaska trip. Top notch and highly recommended!","Couples","0","","Written July 16, 2015","This review is the subjective opinion of a Tripadvisor member and not of Tripadvisor LLC."
"Rick and Marge T","https://www.tripadvisor.com/Profile/rickandmarget","https://media-cdn.tripadvisor.com/media/photo-s/08/5a/76/f4/rickmarge.jpg","Pennsylvania","5","Jun 2015 • Couples","Smooth air and water","We enjoyed a float-plane tour of Misty Fjords on Friday morning, June 26 with SeaWind.  We were on a Princess cruise, but booked directly with SeaWind as a result of the great reviews.  We weren't disappointed.  The pilot had many years of experience, and was an informative tour guide.  The landing in the fjord was so silky smooth that we didn't even realize we were back on the water.  My wife's Dramamine was likely unnecessary!  We were not expecting to see much wildlife, and that was indeed the case, other than the eagles at their dock in Ketchikan.","Couples","0","","Written July 12, 2015","This review is the subjective opinion of a Tripadvisor member and not of Tripadvisor LLC."
"Jenh51380","https://www.tripadvisor.com/Profile/Jenh51380","https://media-cdn.tripadvisor.com/media/photo-s/01/86/86/ef/jenh51380.jpg","Kildeer, IL","5","Jul 2015 • Family","7/3 Flightseeing and Crab Feast","We were in port in Ketchikan for half a day on Friday 7/3 from the NCL Pearl and had booked an independent flightseeing excursion with Seawind based on the reviews on Trip Advisor.  SeaWind was excellent.  A week before the excursion, there was a horrible tragedy with another flightseeing company on an excursion near identical to ours in the Misty Fjords in Ketchikan that left the pilot and all 8 passengers aboard dead.  As you can imagine, this scared the heck out of my family and I, the news breaking the day before our flight to Seattle to board our Alaska cruise.  Well, we kept our reservation with SeaWind and am glad we did.  The owner Leslie picked us up from the port and she raised the issue of the accident and discussed it with us openly and candidly.  It really helped to set us at ease.  After we got to the office for our safety briefing, the mechanic reported the plane we were going to use needed a new starter.  Undeterred, Leslie had her employee drive us to Creek Street in Ketchikan to kill 45 mins so we didn't have to just sit there.  We probably would have missed the wonderfully quirky Creek Street otherwise, so this was an error that worked in our favor.  Once the plane was fixed, we were whisked back to Seawind (where we saw a bald eagle perched on the building in perfect view) and then taken to the plane.  While we were not able to do the full hour flight planned if we wanted to still do the crab feast (which we did), it was still an amazing and beautiful 25 min flight.   While our pilot Mike could have been a little more talkative in my opinion, he was still very good (albeit a little quiet).  My mom, son and I were the only 3 passengers so the ride was 100% private!  The weather was perfect -- around 70 with a gentle breeze and very few clouds.  The radio blared Tom Petty's Learning to Fly and some other really great tunes throughout the flight!  Leslie also discounted the price of the tour significantly to account for the delay and shorter flight, which was more than fair.  After we stuffed ourselves silly with Dungeness Crab at the George Inlet Lodge where the pilot dropped us, we took a bus with some other tourists back to town.  My mom couldn't bring her wheelchair on the plane, so Leslie met us back in town to bring it back to us.  Despite the little bumps in the road, Leslie and Seawind went the extra mile to keep us safe and make sure we were comfortable, satisfied and happy.  I can't recommend SeaWind highly enough!  Don't be scared -- just do it!  It is truly an experience of a lifetime.","Family","0","https://media-cdn.tripadvisor.com/media/photo-o/08/4e/9b/27/photo9jpg.jpg
https://media-cdn.tripadvisor.com/media/photo-o/08/4e/9b/25/photo8jpg.jpg
https://media-cdn.tripadvisor.com/media/photo-o/08/4e/9b/23/photo7jpg.jpg
https://media-cdn.tripadvisor.com/media/photo-o/08/4e/9b/21/photo6jpg.jpg
https://media-cdn.tripadvisor.com/media/photo-o/08/4e/9b/1f/photo5jpg.jpg
https://media-cdn.tripadvisor.com/media/photo-o/08/4e/9b/1e/photo4jpg.jpg
https://media-cdn.tripadvisor.com/media/photo-o/08/4e/9b/1d/photo3jpg.jpg
https://media-cdn.tripadvisor.com/media/photo-o/08/4e/9b/1c/photo2jpg.jpg
https://media-cdn.tripadvisor.com/media/photo-o/08/4e/9b/1b/photo1jpg.jpg
https://media-cdn.tripadvisor.com/media/photo-o/08/4e/9b/1a/photo0jpg.jpg","Written July 8, 2015","This review is the subjective opinion of a Tripadvisor member and not of Tripadvisor LLC."
"RobDorinda","https://www.tripadvisor.com/Profile/RobDorinda","https://media-cdn.tripadvisor.com/media/photo-o/1a/f6/e5/66/default-avatar-2020-53.jpg","Crestline, CA","5","Jun 2015 • Couples","Our Float Plane with Mike aka Susan (lol)","We highly recommend SeaWind!  They were awesome!  Our pilot Mike was a great pilot (and I didn't get sick once)!  He's also an excellent photographer so be sure to have him take your picture when he lands the plane at the floating dock.  Chris was awesome as well and made our trip to Alaska even better with the coffee creamer lol!  It was a wonderful vacation excursion and if you are going to be in Ketchikan, look up SeaWind Aviation!  Thank you to Brian when we got off the ship or we never would have given it a try!","Couples","0","","Written July 7, 2015","This review is the subjective opinion of a Tripadvisor member and not of Tripadvisor LLC."
"Art128","https://www.tripadvisor.com/Profile/Art128","","Tampa, FL","5","Jun 2015 • Couples","The highlight of our Alaskan Adventure!","This was a spectacular tour.  Mike is an incredible pilot and very knowledgeable about the area.  He knows where to spot wild life, like the mama bear with her three cubs that we saw during our flight!  We were blessed with a warm sunny day and MIke took advantage of the weather by soaring us above the mountain tops for some spectacular views and then landing as smooth as silk on the lake for a chance to get out of the plane and snap some beautiful pictures of the majestic mountains and scenery around us.  This trip with SeaWind Aviation was a highlight of our Alaskan Cruise and I recommend it to those looking to see the beauty of Alaska and Misty Fjords.","Couples","0","https://media-cdn.tripadvisor.com/media/photo-o/08/4b/a6/8a/misty-fjords-flight.jpg
https://media-cdn.tripadvisor.com/media/photo-o/08/4b/a6/89/misty-fjords-flight.jpg
https://media-cdn.tripadvisor.com/media/photo-o/08/4b/a6/88/misty-fjords-flight.jpg","Written July 6, 2015","This review is the subjective opinion of a Tripadvisor member and not of Tripadvisor LLC."
"R4038","https://www.tripadvisor.com/Profile/R4038","https://media-cdn.tripadvisor.com/media/photo-o/1a/f6/ef/73/default-avatar-2020-13.jpg","Chicago","5","Jul 2015 • Family","A must do trip & with Seawind Aviation","Could not have been a better experience for our party of 6, including our father celebrating his 90th birthday. We enjoyed the personal touch of dealing with Steve & Lesley Kamm, owners of Seawind Aviation. Everything about the experience, from the van pickup to the flight, the pride taken in their business is very obvious. During our flight we landed on a mountain lake, were able to get out and take photos of incredible scenery and the only other residence, eagles. A must do trip.","Family","0","","Written July 6, 2015","This review is the subjective opinion of a Tripadvisor member and not of Tripadvisor LLC."
"Phillip B","https://www.tripadvisor.com/Profile/666phillipb","https://media-cdn.tripadvisor.com/media/photo-o/1a/f6/f4/20/default-avatar-2020-31.jpg","","5","Jun 2015 • Business","Spectacular ride and an once in a lifetime experience!","We took the classic Misty Fjords Tour and hoped on to the Beaver airplane. The beaver itself looked really nice, well maintained and looked after! Mike, the pilot gave us a security briefing and the flight began. It was breathtaking! A true once in a lifetime experience! The extra landing in a remote fjord was just amazing and we really enjoyed it! <br />I can recommend Seawind Aviation beside all the other operators because they are family owned, family and customer orientated and willing to satisfy all the customer needs and requests. Dealing with them is really enjoyable! Thumbs up!","Business","0","https://media-cdn.tripadvisor.com/media/photo-o/08/43/ea/b7/seawind-aviation.jpg","Written July 2, 2015","This review is the subjective opinion of a Tripadvisor member and not of Tripadvisor LLC."
"Wyn R","https://www.tripadvisor.com/Profile/273wynr","https://media-cdn.tripadvisor.com/media/photo-o/16/80/50/32/caption.jpg","Metro Minneapolis-Saint Paul, MN","5","Jun 2015","Misty Fjord flight","Great flight! Very professional flight with pilot Mike! Excellent safety protocols and wonderful views. I would go again in a heart beat!","","0","https://media-cdn.tripadvisor.com/media/photo-o/08/3f/12/8c/photo5jpg.jpg
https://media-cdn.tripadvisor.com/media/photo-o/08/3f/12/8b/photo4jpg.jpg
https://media-cdn.tripadvisor.com/media/photo-o/08/3f/12/8a/photo3jpg.jpg
https://media-cdn.tripadvisor.com/media/photo-o/08/3f/12/89/photo2jpg.jpg
https://media-cdn.tripadvisor.com/media/photo-o/08/3f/12/88/photo1jpg.jpg
https://media-cdn.tripadvisor.com/media/photo-o/08/3f/12/87/photo0jpg.jpg","Written June 30, 2015","This review is the subjective opinion of a Tripadvisor member and not of Tripadvisor LLC."
"annepnyc","https://www.tripadvisor.com/Profile/annepnyc","","New York City, NY","5","Jun 2015 • Solo","Spectacular ride with breathtaking views","I wrapped two weeks of shooting Alaskan tourist videos yesterday and decided to take the morning to do something that I wanted to do for myself and this was it.  The tour isn't cheap - but it was well worth it, in my opinion.  The experience didn't disappoint - I'd seen Misty Fjords from the water - but to see it from the air is something else.  Mike, our pilot, was great -- lightening the mood with jokes and 70s tunes.  When we saw Orca's on our way out he swooped down to check them out, and gave us colorful commentary along the way.  Our mid-trip touchdown in a lake atop the fjords was one of the most peaceful sites I've seen - we landed near a rock and all six of us got to get out, stretch our legs and take in the view.  My only regret is that we didn't see bears - but that's no fault of the tour.  That's for next time!  In the meantime,  I would recommend this tour in a heartbeat!","Solo","0","https://media-cdn.tripadvisor.com/media/photo-o/08/30/cd/0b/seawind-aviation.jpg","Written June 26, 2015","This review is the subjective opinion of a Tripadvisor member and not of Tripadvisor LLC."
"Rayspools","https://www.tripadvisor.com/Profile/Rayspools","https://media-cdn.tripadvisor.com/media/photo-o/1a/f6/e9/ef/default-avatar-2020-66.jpg","Las Vegas, NV","5","Jun 2015 • Couples","Amazing!!!","We flew to Misty Fjords this afternoon with 6 passengers and the pilot. We were impressed with the comfort of the plane and the experience of the pilot. Taking of and landing on the water was softer than any flight I've been on before. Our pilot gave us a history lesson about the area and then landed for us to get out and take some great photos. On our way back to Ketchikan he looped around to make sure we all saw the bear below us. All I can say is it was amazing. The flight is something we will do again on our next trip to Ketchikan.","Couples","0","","Written June 21, 2015","This review is the subjective opinion of a Tripadvisor member and not of Tripadvisor LLC."
"JaneTucson","https://www.tripadvisor.com/Profile/JaneTucson","https://media-cdn.tripadvisor.com/media/photo-o/12/4b/20/1c/janetucson.jpg","Tucson, Arizona","5","Jun 2015 • Couples","Flying over the Alps and Harbor Amazing!","My husband and I planned this tour months in advance with Lesley, Steve's wife. I like to do a lot of research before a trip and found these reviews very helpful. Lesley always wrote right back with answers to my questions and we formed a friendship via internet! Both are great people to meet and know. Another couple joined as four can be seated, as we had connected  through Cruise Critic. We had a half hour flight over Ketchikan but saw so much in about the 20 to 30 miles we covered. We didn't see bears or much wild life, except for lots of eagles, but that didn't really matter. The views were special and since Steve had grown up in the area, he knew exactly where to fly. He also gave us lots of history and personal stories. If we had more time we would have taken the Misty Fords flight but this was fine as were able to hike later in the Tongass National Forest. Steve flew over Ward Lake, which we knew we would be hiking later  so that was very special.<br />The service is great and the value, as someone noted, exceptional as well.  I truly recommend Lesley and Steve Kamm at Sea Wind Aviation!","Couples","0","https://media-cdn.tripadvisor.com/media/photo-o/08/24/3e/36/ward-lake.jpg
https://media-cdn.tripadvisor.com/media/photo-o/08/24/3e/35/entrance-to-sea-wind.jpg","Written June 20, 2015","This review is the subjective opinion of a Tripadvisor member and not of Tripadvisor LLC."
"Web Brown","https://www.tripadvisor.com/Profile/WebBrown","https://media-cdn.tripadvisor.com/media/photo-o/1a/f6/df/2b/default-avatar-2020-39.jpg","Aurora, CO","5","Jun 2015 • Family","Exceptional tour, exceptional customer service, exceptional value","This tour was amazing and Mike was a great pilot/guide.  He took the time to expain what we were seeing and when we saw something cool he would actually circle around a couple of times to help us get a good look.  The Misty Fjords were amazing to fly over.  Leslie back at the office was a joy to deas with as well.  This excursion was fairly priced and I would do it again in a second.  Thanks Seawind!","Family","0","","Written June 16, 2015","This review is the subjective opinion of a Tripadvisor member and not of Tripadvisor LLC."
"Erik N","https://www.tripadvisor.com/Profile/ErikN272","https://media-cdn.tripadvisor.com/media/photo-o/1a/f6/e8/91/default-avatar-2020-62.jpg","Kailua, HI","5","May 2015 • Couples","Perfect Ketchikan Excursion","After doing little research for our half day in Ketchikan, I happened to find Seawind Aviation on an internet search.  Lesley was very accommodating to all of my questions and their dockside pickup service made it easy to get to/from the plane.  Being a pilot myself, I recommend a floatplane trip on the DHC-2 Beaver as it is the workhorse of Alaska's aviating fleet.  <br />Our pilot Mike commentated as he flew us up to Misty Fjord.  We spotted a few orcas during the excursion and i hear that bears and goats are also spotted on the flight, although we didn't see them on this run.  The highlight of the trip was a pit stop on a remote lake around the Fjord.  The 20 minute stop allowed for picture taking and just enjoying the quiet and serene surroundings.  <br />I definitely recommend this trip to any aviation/nature/history enthusiast.  You won't be disappointed.","Couples","0","https://media-cdn.tripadvisor.com/media/photo-o/08/07/a5/73/seawind-aviation.jpg
https://media-cdn.tripadvisor.com/media/photo-o/08/07/a5/62/seawind-aviation.jpg
https://media-cdn.tripadvisor.com/media/photo-o/08/07/a5/60/seawind-aviation.jpg
https://media-cdn.tripadvisor.com/media/photo-o/08/07/a5/52/seawind-aviation.jpg
https://media-cdn.tripadvisor.com/media/photo-o/08/07/a5/49/seawind-aviation.jpg","Written June 4, 2015","This review is the subjective opinion of a Tripadvisor member and not of Tripadvisor LLC."
"Frank B","https://www.tripadvisor.com/Profile/41frankb","https://media-cdn.tripadvisor.com/media/photo-o/1a/f6/e7/3d/default-avatar-2020-55.jpg","Santa Rosa, CA","5","May 2015 • Couples","Breath taking from start to finish","Want to take a floatplane trip to Misty Fjords? Seawind Aviation is the company to go with. From my first contact with Lesley requesting information and later making a reservation to the ride back to the cruise dock was most professional yet personal. I talked to both Steve and Lesley before making my reservation and I felt I was talking to a friend whom I could trust. I was so glad I made my reservation in advance. The day we arrived in Ketchikan was a beautiful dry day. As we arrived early in the morning it was foggy. As informed in advance I contacted Lesley and she said the weather in Misty Fjords was clear and we may be delayed a little bit while the fog cleared off in Ketchikan. The delay was only fifteen minutes which I would consider on time for Ketchikan. After a short ride to the office and a safety briefing we boarded our beautiful Beaver aircraft. Steve kept us informed as we made a smooth takeoff and flight to the Fjords. His knowledge of the area is amazing and made the experience that much more interesting. The landing on the lake was so smooth that I didn't know that we had touched down. The flight back took us over some peaks looking for bears. We didn't see any but we did see mountain goats which was a first for everyone on board. When we got back a whole group of people were waiting to take the next flight which was to continue all day with the perfect weather that day. On the ride back to the dock our driver took a round about way to show a family we that flown with the city park so their children could have a place to play. You don't get that from the big guys the cruise company uses. I highly recommend Seawind Aviation for a great excusion in Ketchikan.","Couples","0","","Written May 31, 2015","This review is the subjective opinion of a Tripadvisor member and not of Tripadvisor LLC."
"Pete B","https://www.tripadvisor.com/Profile/81peteb","","Pittsburgh, PA","5","May 2015 • Friends","Just got back from Alaska","The sea plane was one of the best parts of my Alaska trip, six of us were on the plane,<br />and to was a ride to remember, great  landing on the lake, plus shuttle from ship to the plane. These people work very hard to please their passengers. If you are going to<br />Ketchikan, hook up with them it was a blast.","Friends","0","","Written May 29, 2015","This review is the subjective opinion of a Tripadvisor member and not of Tripadvisor LLC."
"Gwendolyn L","https://www.tripadvisor.com/Profile/gwendolynl512","https://media-cdn.tripadvisor.com/media/photo-o/1a/f6/e2/4a/default-avatar-2020-42.jpg","Fairfield","5","May 2015 • Family","Seawind Aviation Rocks!!","We loved our seaplane ride. Steve our pilot was fantastic. It was so beautiful and the landing on the lake was a bonus. We saw eagles, bear, blue ice-what a view ! I would highly recommend a trip with Seawind to the Misty Fjords. Very professional, easy reservations, safety minded-love every minute of our trip!","Family","0","","Written May 28, 2015","This review is the subjective opinion of a Tripadvisor member and not of Tripadvisor LLC."
"GRtravel","https://www.tripadvisor.com/Profile/GRtravel","https://media-cdn.tripadvisor.com/media/photo-o/1a/f6/f2/59/default-avatar-2020-24.jpg","Grand Rapids, MI","5","May 2015 • Family","Great outing with Seawind Aviation","We were on a cruise and chose to book on our own.  We were very happy with the communication ahead of time, the shuttle to and from the port, and the floatplane ride itself.   All of the staff were great and the view was amazing.  We were glad we had booked an early trip out as the day was sunny and warm and the plane heats up.","Family","0","","Written May 28, 2015","This review is the subjective opinion of a Tripadvisor member and not of Tripadvisor LLC."
"bridgetg","https://www.tripadvisor.com/Profile/bridgetg","https://media-cdn.tripadvisor.com/media/photo-o/1a/f6/e3/1f/default-avatar-2020-46.jpg","Commerce City, CO","5","May 2015 • Family","Beautiful, breath taking, lovely","Writing from the balcony of the Solstice, just got back on board.<br /><br />I was afraid of flying in a small plane like this - but my daughter mentioned that she wasn't afraid and she would like to do it, so I had to. The group on my roll-call was already full by that time, so I found Sea Winds just for the two of us on Trip Advisor.  <br /><br />This cruise was her birthday gift.  <br /><br />From take off to landing it was very smooth... a few gentle bumps but not at all what I was expecting from a small prop plane flying through spectacular mountains.  <br /><br />The scenery is gorgeous, the music is perfect.  I will do this again.  Thank you, Steve and Lesley!","Family","0","","Written May 24, 2015","This review is the subjective opinion of a Tripadvisor member and not of Tripadvisor LLC."
"chris88100","https://www.tripadvisor.com/Profile/chris88100","https://media-cdn.tripadvisor.com/media/photo-o/1a/f6/ee/10/default-avatar-2020-8.jpg","Nancy, France","5","May 2015 • Family","Fantastique Ballade en Float Plane","Superbe Ballade au dessus du Misty  Fjord  . Excellent accueil et Bonne Humeur  de toute l'équipe .<br />Découverte à faire absolument  lors de votre escale à Ketchikan .","Family","0","https://media-cdn.tripadvisor.com/media/photo-o/07/f1/2d/ae/misty-fjord.jpg
https://media-cdn.tripadvisor.com/media/photo-o/07/f1/2d/ad/misty-fjord.jpg","Written May 22, 2015","This review is the subjective opinion of a Tripadvisor member and not of Tripadvisor LLC."
"chris d","https://www.tripadvisor.com/Profile/chrisdN1016VK","https://media-cdn.tripadvisor.com/media/photo-o/1a/f6/f2/eb/default-avatar-2020-27.jpg","Derby, CT","5","May 2015 • Couples","Top notch flight in a De Havilland Beaver","Owner Steve gave myself and my ailing brother the ride of our lives.<br />Excellent pilot and the plane of choice for our bucket list flight.<br />We chased Dall Sheep across a mountain top, saw a whale, albiet dead, but we saw a whale. We had a blast. Steve worked with another flight company to get us in the air as we only had a few hours left in Ketchikan to fulfill a lifes dream for my brother.<br />Excellent people, planes, music, and flight. The whole package, at a reasonable price.<br />Do it. !!!!!!","Couples","0","","Written May 21, 2015","This review is the subjective opinion of a Tripadvisor member and not of Tripadvisor LLC."
"pupetree l","https://www.tripadvisor.com/Profile/patriciav934","https://media-cdn.tripadvisor.com/media/photo-o/1a/f6/eb/6d/default-avatar-2020-19.jpg","Fresno, CA","5","","GREAT IS NOT EVEN A CLOSE WORD!!!!!!","I am very afraid of heights, Specially in a small setting. Once we begin our spectacular moment I completely forgot of the fear.  This journey must not be missed!!!!","","0","","Written May 21, 2015","This review is the subjective opinion of a Tripadvisor member and not of Tripadvisor LLC."
"Jim K","https://www.tripadvisor.com/Profile/573jimk","https://media-cdn.tripadvisor.com/media/photo-o/1a/f6/e7/3d/default-avatar-2020-55.jpg","","5","May 2015 • Couples","The ultimate Alaska cruise excursion for Ketchikan","Captain Steve Kamm provided an amazing tour. It was so cool to take-off and fly past our cruise ship, the Holland America Westerdam, as we climbed out over Ketchikan Harbor. He was proud of being an Alaskan and a second generation bush pilot, it reflected in his narration and explanation of the Misty Fjord's we explored. Landing on a secluded lake and seeing nature in the pristine Alaskan wilderness really made my cruise so much more meaningful. Seawind Aviation's Dehavilland Beaver, although not a new aircraft, was extremely comfortable and safe. It had the most modern instrument equipment and safety gear. As an aviation professional myself, I felt at very much at ease after climbing in the airplane and throughout the journey. Capt. Kamm was very engaging and answered questions as well as pointing out interesting details that only an native Alaskan bush pilot could. I enjoyed the adventure so much that besides the wonderful picture memories, I also have a Seawind Aviation Polo and Cap to remember my flight. (BTW, I am not related to Steve - it was that good!!!)","Couples","0","","Written May 18, 2015","This review is the subjective opinion of a Tripadvisor member and not of Tripadvisor LLC."
"John W","https://www.tripadvisor.com/Profile/johnwF2957GH","https://media-cdn.tripadvisor.com/media/photo-s/06/ea/ce/7a/john-w.jpg","","5","May 2015 • Solo","Misty Fjord Flight is a must!","They picked me up at the cruise ship, did a quick safety briefing, and after a short taxi to the waterway, we were off!  Mike is a great pilot.  He told us about the fjord and landscape, and he played a fitting musical shuffle in the background during the trip.  The ride was smooth and relaxing as we meandered through the valleys, circled wildlife we spotted, and landed on a lake about half way through the trip.  It was personal; there was no script, and Mike had no problems maneuvering back for us to get another glimpse or photo of the spectacular landscape.  I still have a smile on my face - it was worth every penny!","Solo","0","","Written May 18, 2015","This review is the subjective opinion of a Tripadvisor member and not of Tripadvisor LLC."
"Fernanda B","https://www.tripadvisor.com/Profile/854fernandab","https://media-cdn.tripadvisor.com/media/photo-o/1a/f6/ef/9c/default-avatar-2020-14.jpg","","5","Jun 2014 • Couples","Conhecendo Ketchikan por cima, lindo passeio!","Foi um lindo passeio, mesmo com o tempo fechado, conseguimos ver toda a beleza que o Alaska tem pra oferecer. Essa foi uma das melhores viagens que eu já fiz, a cidade é linda, e este passeio foi fenomenal, o piloto foi muito simpático e nos levou para conhecer lugares incríveis, deu até pra ver um urso. Muito lindo mesmo, vale muito a pena.","Couples","0","https://media-cdn.tripadvisor.com/media/photo-o/06/f2/b8/8e/seawind-aviation.jpg","Written November 24, 2014","This review is the subjective opinion of a Tripadvisor member and not of Tripadvisor LLC."
"H20mac3","https://www.tripadvisor.com/Profile/H20mac3","https://media-cdn.tripadvisor.com/media/photo-o/1a/f6/de/0a/default-avatar-2020-35.jpg","Oakland, CA","5","Aug 2014 • Friends","Awesome flight!","What an awesome flight we had!  The whole experience from first contact to de-planing was top notch!  I was concerned that my husband who is 6'8"" would be able to fit and was told his height would not be a problem - he sat in the co-pilot seat and had the time of his life!  Lesley in the office was a delight to work with and Steve our pilot was so knowledgable and professional.  We had the flight of our lives!  To be able to soar above such pristine forests and lakes was a flight we will never forget!  Thank you Steve for an unbelievable flight and Lesley for your lovely kindness!","Friends","0","https://media-cdn.tripadvisor.com/media/photo-o/06/a3/5a/46/seawind-aviation.jpg","Written September 27, 2014","This review is the subjective opinion of a Tripadvisor member and not of Tripadvisor LLC."
"623RobertL","https://www.tripadvisor.com/Profile/623RobertL","https://media-cdn.tripadvisor.com/media/photo-o/0a/ea/18/07/623robertl.jpg","Roswell, NM","5","Jul 2014 • Family","What a View","This is really the only way to see Alaska.  Our pilot knows his stuff and made the trip a true adventure.   He even buzzed our cruise ship a little!  Seeing so much of the wilderness from a sea plane was amazing and I wanted to again minutes after arriving back at the dock.   You folks are awesome...  Thanks","Family","0","","Written September 22, 2014","This review is the subjective opinion of a Tripadvisor member and not of Tripadvisor LLC."
"mwwhite13","https://www.tripadvisor.com/Profile/mwwhite13","https://media-cdn.tripadvisor.com/media/photo-o/1a/f6/e7/3d/default-avatar-2020-55.jpg","South Glens Falls, NY","5","Sep 2014 • Friends","Beautiful flight to Misty Fiord","Had a beautiful flight aboard from Ketchikan, AK to Misty Fijords In a well cared for DeHaviland Beaver Airplane.  The entire staff at the Ketchikan office took very good care of us from pickup at our cruise ship to our return.  The pilot was extremely knowledgeable about his route of flight and gave us some beautiful scenic moments along to the route and return.  The takeoff and landings were so smooth it was as to make it difficult to know when we were actually on water on in the air. <br />Thanks Seawind Aviation,   great job!","Friends","0","","Written September 16, 2014","This review is the subjective opinion of a Tripadvisor member and not of Tripadvisor LLC."
"jgoldnj","https://www.tripadvisor.com/Profile/jgoldnj","https://media-cdn.tripadvisor.com/media/photo-o/1a/f6/ec/a2/default-avatar-2020-3.jpg","jgoldnj","5","Aug 2014 • Couples","Excellent in everyday","Traveled with my wife and mother-in-law. Not only was the flight and experience awesome, the care and personal service that Steve, Lesley and staff provided was top notch. Steve alleviated all of the concerns my mother-in-law had about climbing in an out of the plane. The flight was smith and the narrative so very interesting.  Words can't describe the beauty of the views. We landed on the lake and enjoyed the quiet there until another plane showed up. boo!  Didn't see much wildlife, only a few goats in the distance. Would recommend without hesitation.","Couples","0","https://media-cdn.tripadvisor.com/media/photo-o/06/8e/cf/ad/misty-fjords.jpg
https://media-cdn.tripadvisor.com/media/photo-o/06/8e/cf/7c/awesome-views.jpg
https://media-cdn.tripadvisor.com/media/photo-o/06/8e/cf/43/on-the-lake.jpg
https://media-cdn.tripadvisor.com/media/photo-o/06/8e/cf/1b/preparing-for-takeoff.jpg","Written September 13, 2014","This review is the subjective opinion of a Tripadvisor member and not of Tripadvisor LLC."
"karrie0208","https://www.tripadvisor.com/Profile/karrie0208","https://media-cdn.tripadvisor.com/media/photo-o/1a/f6/eb/e3/default-avatar-2020-59.jpg","Cleveland, OH","5","Sep 2014 • Couples","Beautiful!","I booked this excursion knowing I would be scared stiff and I was! BUT it was beautiful and  I enjoyed the trip so much...the scenery was breathtaking! I think I might even do it again! Thank you Steve!","Couples","0","https://media-cdn.tripadvisor.com/media/photo-o/06/8c/6a/ec/beautiful.jpg","Written September 11, 2014","This review is the subjective opinion of a Tripadvisor member and not of Tripadvisor LLC."
"Dave Parente","https://www.tripadvisor.com/Profile/davidpT169GT","https://media-cdn.tripadvisor.com/media/photo-o/1a/f6/e3/6a/default-avatar-2020-47.jpg","Southlake, TX","5","Sep 2014 • Couples","Fantastic Trip!!","Our group of 6 had the most amazing flightseeing trip with Rolf as our pilot and tour guide.  All went so smoothly and the weather fortunately cooperated!  I highly recommend this tour.","Couples","0","","Written September 10, 2014","This review is the subjective opinion of a Tripadvisor member and not of Tripadvisor LLC."
"EdBak1","https://www.tripadvisor.com/Profile/EdBak1","https://media-cdn.tripadvisor.com/media/photo-o/1a/f6/e2/e6/default-avatar-2020-45.jpg","Pittsburgh, PA","5","Aug 2014 • Friends","Alaska Friends","This was a last minute decision we made and we are ""so happy"" that we did fly with Seawind Aviation! The scenery and views were spectacular! The pilot was so nice and the staff including the shuttle driver went the extra mile in helpfulness and showed their generosity by celebrating our anniversary with complimentary ""Alaska Beers"" ! What a Great Time and Great Memories!<br />Thanks Seawind!","Friends","0","https://media-cdn.tripadvisor.com/media/photo-o/06/8a/fb/13/seawind-aviation.jpg
https://media-cdn.tripadvisor.com/media/photo-o/06/8a/fb/0e/seawind-aviation.jpg","Written September 10, 2014","This review is the subjective opinion of a Tripadvisor member and not of Tripadvisor LLC."
"UK2LA2014","https://www.tripadvisor.com/Profile/UK2LA2014","https://media-cdn.tripadvisor.com/media/photo-o/1a/f6/f2/eb/default-avatar-2020-27.jpg","Los Angeles, CA","5","Sep 2014 • Family","Wow!","This is my second trip with Seawind - this time I took the family and charter the entire plane for our trip over the Misty Fjords in Ketchikan.  This family owned operation is all that you would hope for in an operation like this.  We skipped the usual shore excursion offered by the ship and worked with Lesley to make this a memorable trip for all.  Of course, it wouldn't have been possible without the expertise of Steve.  Our day wasn't the best of conditions, but the stop on the lake, giving us an opportunity to step out onto a little island for a 360 view of the surrounding scenery was one the kids wont forget any time soon!  Thanks again Seawind - you guys are the best!!  We'll be back!","Family","0","","Written September 10, 2014","This review is the subjective opinion of a Tripadvisor member and not of Tripadvisor LLC."
"brettrunning","https://www.tripadvisor.com/Profile/brettrunning","https://media-cdn.tripadvisor.com/media/photo-f/01/2e/70/81/avatar002.jpg","Auckland, New Zealand","5","Aug 2014 • Solo","SeaWind Aviation trip to Traitors cove was awesome !","Having done the trip to Traitors Cove recently I have no hestitaion in recommending SeaWind Aviation. I was made to feel welcome by Lesley right from the outset. A real family business with a great friendly atmosphere.<br />Despite it being a misty day the pilot did a great job managing to highlight things during our flight. Riding in the co pilots seat was a real buzz.<br />While the forest is not a zoo and bear sightings can't be guaranteed I was lucky enough to see 3 bears including one beautiful black bear who entertained us for 15 -20 minutes performing salmon catching duties. In a word the experience was awesome !<br />Coming from a country that has no large predators  (NZ) its something I will never forget. Thanks Lesley and SeaWind Aviation for being part of the experience.","Solo","0","","Written September 6, 2014","This review is the subjective opinion of a Tripadvisor member and not of Tripadvisor LLC."
"Lidia C","https://www.tripadvisor.com/Profile/437lidiac","https://media-cdn.tripadvisor.com/media/photo-o/13/dc/16/58/lidia-c.jpg","Zapopan, Mexico","4","Jun 2014 • Couples","Seawind Aviation, hidroavión y gran servicio en el agradable Ketchikan.","Reservamos por Internet un par de semanas antes de viajar, ahorrando USD 100 sobre el precio de la naviera. La compañía es un negocio familiar, Lesley es la mar de amable y eficiente.  La contratación fue rápida y sencilla (cargó solo el 50% de adelanto y hasta terminado el tour a satisfacción  pagamos la otra mitad). Ella nos buscó en su van en el mismo muelle de Princess ""para que no tuviéramos que caminar"" y nos trasladó hasta el hidroavión (luego se fue a llevar sus niñas a la escuela). Desde allí su esposo Steve, experimentado piloto,  nos llevó a sobrevolar los bellos paisajes del Misty Fjord y sus alrededores.  <br /><br />El tour es extenso y hermoso (aunque un hidroavión no es tan emocionante como un helicóptero). Lo más simpático fue acuatizar en un lago y bajar para caminar por la costa y los manchones de nieve. El único negativo es que su sistema de audio no resultó claro y perdimos gran parte de las explicaciones.  Al regresar nos dieron tiempo a los 6 pasajeros para utilizar el impecable bañito antes de que un asistente nos  transportara de regreso al centro. <br /><br />Yo consulté cómo llegar al Totem Heritage Center y Lesley coordinó para que a nosotros nos dejaran en la puerta del museo. Todo el proceso fue amigable, placentero y muy recomendable.","Couples","0","https://media-cdn.tripadvisor.com/media/photo-o/06/81/ef/52/seawind-aviation.jpg
https://media-cdn.tripadvisor.com/media/photo-o/06/81/ef/4a/seawind-aviation.jpg
https://media-cdn.tripadvisor.com/media/photo-o/06/81/ef/45/seawind-aviation.jpg
https://media-cdn.tripadvisor.com/media/photo-o/06/81/ef/37/seawind-aviation.jpg
https://media-cdn.tripadvisor.com/media/photo-o/06/81/ef/28/seawind-aviation.jpg
https://media-cdn.tripadvisor.com/media/photo-o/06/81/ef/1d/seawind-aviation.jpg
https://media-cdn.tripadvisor.com/media/photo-o/06/81/ef/09/seawind-aviation.jpg
https://media-cdn.tripadvisor.com/media/photo-o/06/81/ee/f8/seawind-aviation.jpg","Written September 4, 2014","This review is the subjective opinion of a Tripadvisor member and not of Tripadvisor LLC."
"J K","https://www.tripadvisor.com/Profile/538jk","https://media-cdn.tripadvisor.com/media/photo-o/1a/f6/f0/9f/default-avatar-2020-16.jpg","Port Clinton, OH","5","Oct 2013 • Friends","Awesome","Our pilot was amazing.  He landed on a remote island where we were able to exit the plane and have a look around.   What an amazing experience!!","Friends","0","","Written September 1, 2014","This review is the subjective opinion of a Tripadvisor member and not of Tripadvisor LLC."
"Nick S","https://www.tripadvisor.com/Profile/886NickS886","https://media-cdn.tripadvisor.com/media/photo-o/1a/f6/df/2b/default-avatar-2020-39.jpg","Bridgewater, NJ","5","Aug 2014 • Friends","Outstanding service and very accommodating.","It was such a pleasure dealing with Lesley. We were group of 14 and the entire flightseeing tour of Misty Fjords was flawless. Everybody at SeaWind  Aviation are very friendly and accommodating. Special thanks to Steve, Ginger and of course Lesley.","Friends","0","","Written September 1, 2014","This review is the subjective opinion of a Tripadvisor member and not of Tripadvisor LLC."
"nakMichigan","https://www.tripadvisor.com/Profile/nakMichigan","https://media-cdn.tripadvisor.com/media/photo-f/01/2e/70/89/avatar010.jpg","Ann Arbor, MI","5","Aug 2014 • Family","Wonderfully friendly, personable, and two great flights!","We have done both the Misty Fjords and the Bear Viewing trips.  I highly recommend SeaWind Aviation! Leslie is wonderfully friendly, and the pilots are terrific.  Our bear guide was patient, kind, knowledgeable, and friendly.  We thoroughly enjoyed both our trips, the scenery is beautiful.  We were lucky enough to see several bears. Highly recommend this for a cruise excursion, or for a fun vacation activity!","Family","0","","Written August 23, 2014","This review is the subjective opinion of a Tripadvisor member and not of Tripadvisor LLC."
"Sean G","https://www.tripadvisor.com/Profile/63seang","https://media-cdn.tripadvisor.com/media/photo-s/06/6d/04/e0/sean-g.jpg","Fulshear, TX","5","Aug 2014 • Family","Seawind Aviation trip to Traitor's Cove was an amazing experience","They are a great company to do a tour with.  Amazing Bear experience at Traitor's Cove.  The landscape view from the float plane was beautiful, the pilot was nice and accomodating.  The Bear guide was nice, informative, and helpful.  Must of seen 7 or 8 bears eating Salmon from the stream.  My kids were amazed and then they fell in the love with the dog Max at the office, they must of thrown the stick 20 times in the water for him to go fetch.  Awesome experience from the 1st minute to the last!","Family","0","","Written August 22, 2014","This review is the subjective opinion of a Tripadvisor member and not of Tripadvisor LLC."
"IIP2","https://www.tripadvisor.com/Profile/IIP2","https://media-cdn.tripadvisor.com/media/photo-o/06/59/45/fb/iip2.jpg","Texas","5","Aug 2014 • Couples","This is not a flightseeing review....","We didn't charter Seawind for a flightseeing tour, nor were we cruise ship passengers.   We had something much more challenging for Seawind and the service and support we received was exceptional.  <br /><br />My wife and I are wilderness campers - Alaska is our favorite place for this but we had never been to southeast Alaska or the Ketchikan area.   Planning a trip like this begins 9-12 months ahead, which is when Seawind first helped.   Once we decided on the general area we wanted to go to - I contacted several air charter companies in Ketchikan asking for advice and recommendations.  Steve and Lesley at Seawind were by far the most helpful and responsive.   I talked to both during the winter and with their recommendations reserved National Forest Service cabins in two different locations for a week each.   One in Misty Fjords National Monument and the other on Prince of Wales Island.   <br /><br />Seawind's communication was excellent during the planning phase.  They recommended an outfitter, a satellite phone rental company, and even a saltwater fishing guide for the few days we had in Ketchikan between camping trips.   All worked out excellently.   <br /><br />Once we arrived in Ketchikan, I hesitate to write how much Lesley and Steve helped us out, because they went so far above the expected I don't want to create the impression that everyone should expect the service we received.  Suffice it to say - they treated us more like family guests than customers.   <br /><br />The actual trips went very well.  They loaded all of our gear in the plane, we left promptly when planned and the flight was smooth and enjoyable.  Steve explained scenic highlights along the way, helped us unload our gear and even provided fishing tips for our destination.   Pickup a week later was exactly as scheduled, although this time Rolf was our pilot.   Due to weather we had to take a different route than our trip in, but this was nice because we got to see different scenery, and Rolf took his time to explain highlights along the way.   Rolf even took the time to tell us about some of the wildlife to expect at our second cabin ;)  .  My wife especially appreciated this information.   <br /><br />Our second trip out started as planned with the same great flight out, also with Rolf, to Prince of Wales Island.    Arrival and unloading was smooth and efficient.   On our day to leave the weather turned bad, with low fog and lots of rain.   We were in contact with Seawind via our rented satellite phone, and they tried to make it in to land but had to turn back.  Rolf waited in a nearby bay for three hours waiting hoping the weather would clear, but it didn't.  We heard him try to get in several times, but the fog and clouds were just too thick to make it into our lake.   We had a 9 am flight the next morning to Seattle.   In a last attempt to get us to our flight on time Rolf tried again - at 5:30 a.m. to once again make it in - but the weather hadn't improved so he had to turn back.   Finally in the middle of the afternoon, the weather cleared some, I called Seawind and Steve was on his way to get us.   He made it in OK, we packed up and left, and caught our rescheduled airline flight the next day.    I'm sure it was expensive to make three attempts for one pick up - but Seawind did not hesitate at all to try.    <br /><br />We have traveled to wilderness Alaska lakes with several other air charter companies - I have to say Seawind is the best.  Their dedication to customers and safety is exemplary.   The planes are equipped with modern avionics, very clean and appear to be well maintained.  Both Steve and Rolf are excellent pilots, and know the area well.   Lesley is fantastic - she runs the office, is available day and night, and can help with any local support you may need.   <br /><br />The next time we need a charter service in the Ketchikan area - Seawind will be our only choice.","Couples","0","https://media-cdn.tripadvisor.com/media/photo-o/06/6a/de/7c/seawind-aviation.jpg
https://media-cdn.tripadvisor.com/media/photo-o/06/6a/de/77/seawind-aviation.jpg","Written August 20, 2014","This review is the subjective opinion of a Tripadvisor member and not of Tripadvisor LLC."
"Michelle M","https://www.tripadvisor.com/Profile/R3037YUmichellem","https://media-cdn.tripadvisor.com/media/photo-o/1a/f6/e9/ef/default-avatar-2020-66.jpg","","5","Aug 2014 • Family","Best Excursion We Didn't Even Get To Do","We arrived in Ketchikan by cruse ship on Sunday, August 10 to be greeted by cloudy skies and torrential downpours.  Our family of 10 booked this excursion several months prior and were really looking forward to it.  Unfortunately, the weather did not cooperate and it forced SeaWind to cancel our flight.  We were disappointed, but understood - they said it would be a very bumpy ride and visibility in the fjords was poor so we wouldn't see anything.  When we got back to our cruise ship and were discussing this with other people, they mentioned that their tour operators did fly to the Fjords, but the flights were bumpy and they didn't get to see anything!  They were impressed that SeaWind cancelled.  So, we saved a lot of money due to SeaWind's honesty and good business practices.  While we would have loved to see the Fjords, we were all glad that we didn't waste our money, and we were even able to do a helicopter tour in Juneau due to this savings.","Family","0","","Written August 20, 2014","This review is the subjective opinion of a Tripadvisor member and not of Tripadvisor LLC."
"Jenny S","https://www.tripadvisor.com/Profile/jennys977","https://media-cdn.tripadvisor.com/media/photo-o/1a/f6/df/2b/default-avatar-2020-39.jpg","Lawrence, KS","5","Aug 2014 • Couples","Breathtaking","we arrived on August 7, 2014 it was a rainy cloudy day. Didn't expect to do an excursion but I talked my husband into it :) best decision we could have made.  Despite the rain the view was spectacular I can only image what it would have been on a clear sunny day.  Our pilot Steve Kamm was great and really did his best to find us some wild life, although we didn't the view itself was awe inspiring. I would recommend this excursion highly! keep up the great job Seawind! thanks for making our 25th wedding anniversary something to remember. <br /><br />Sincerely,<br />chis and Jenny <br />kansas","Couples","0","","Written August 18, 2014","This review is the subjective opinion of a Tripadvisor member and not of Tripadvisor LLC."
"Jay L","https://www.tripadvisor.com/Profile/JayL331","https://media-cdn.tripadvisor.com/media/photo-o/1a/f6/f1/06/default-avatar-2020-18.jpg","Ontario, Canada","5","Aug 2014 • Couples","Perfect Way to See the Misty Fjords in Ketchikan","Leslie and Steve Kamm are the owners of this Misty fjord flight seeing company. I booked directly with them. Leslie was extremely helpful and just a delight to deal with. We where picked up just steps from our cruise ship by another friendly staff member. After a short drive we arrived at their office where we were given our safety demonstration and were ready to go. Steve loaded us in and took us on just an amazing tour of the fjords. He is very knowledgeable about the area and educated us about life in Ketchikan. <br />I would highly recommend this tour and thank Leslie and Steve for their professionalism and pleasant staff. Our experience was fantastic!","Couples","0","","Written August 17, 2014","This review is the subjective opinion of a Tripadvisor member and not of Tripadvisor LLC."
"Mgeop","https://www.tripadvisor.com/Profile/Mgeop","","Cincinnati","5","","Amazing Experience!","What an amazing experience...from booking with Leslie through our flight with Rolf, our family of 7 were totally wowed! We ranged in ages from 20 through 77 and everyone was totally comfortable with the flight, landings (fun!) and one of the most beautiful landscapes in the US. There are 12 different flight seeing companies...you can't go wrong with Seawind! Incredible value for our vacation!","","0","","Written August 16, 2014","This review is the subjective opinion of a Tripadvisor member and not of Tripadvisor LLC."
"Annette T","https://www.tripadvisor.com/Profile/231annettet","https://media-cdn.tripadvisor.com/media/photo-o/1a/f6/f0/48/default-avatar-2020-15.jpg","Cudahy, WI","5","Aug 2014 • Friends","Misty Fjords...don't miss this!","Flew with SeaWind Aviation to breathtaking Misty Fjords on August 7, 2014. We arrived by cruise ship.  Booked directly with Lesley by phone/web.  Everything was wonderful, pickup, flight, and the scenery was amazing.  We did a close flyby at a waterfall, and saw sea lions or seals when we landed in a lake and walked on the float.  Even though it was misting, was still wonderful! Being a bush plane, had a few raindrops drip on our heads through the plane. We all had headsets to communicate, mine had an issue, and the pilot immediately helped me change mine out.  Would fly with them again!  Thank you SeaWind!","Friends","0","","Written August 14, 2014","This review is the subjective opinion of a Tripadvisor member and not of Tripadvisor LLC."
"Matt1217","https://www.tripadvisor.com/Profile/Matt1217","https://media-cdn.tripadvisor.com/media/photo-o/1a/f6/f3/e4/default-avatar-2020-30.jpg","Argyle, TX","5","Aug 2014 • Family","Best excursion ever!","I highly recommend this excursion.  I was a bit apprehensive due to the cost for our family of four, but we all agreed that it was the best excursion that we have ever been on.  It was beautiful and I will never forget it--simply amazing!  I always felt safe and our pilot (Rolf) did a great job of explaining everything and answering questions.","Family","0","","Written August 11, 2014","This review is the subjective opinion of a Tripadvisor member and not of Tripadvisor LLC."
"AMN10","https://www.tripadvisor.com/Profile/AMN10","https://media-cdn.tripadvisor.com/media/photo-o/1a/f6/f1/42/default-avatar-2020-20.jpg","Cleveland, OH","5","Jul 2014 • Friends","WOW!!","This whole experience was as easy as they come and absolutely enjoyable.  Steve and Lesley (and their helper Ginger) were wonderfully friendly and the service was incredibly convenient with good communication beforehand and an absolutely stunning seaplane ride with the amazing views afforded by the Misty Fjords!  I can't say enough about the ease of this arrangement, the safety that I felt and the absolute beauty that was witnessed!  Thank you Seawind!","Friends","0","","Written August 7, 2014","This review is the subjective opinion of a Tripadvisor member and not of Tripadvisor LLC."
"ATLChris","https://www.tripadvisor.com/Profile/ATLChris","https://media-cdn.tripadvisor.com/media/photo-f/01/2e/70/5f/avatar037.jpg","Atlanta","5","Aug 2014 • Family","Excellent service, excellent tour","Took the Misty Fjords tour on Aug 1, 2014. First, the reservation information/communication was excellent. They were very informative and up front with fees and options when I booked through email/phone. <br />The flight itself was amazing. Everyone had a voice-activated headset (through other reviews, I've read not everyone does). You could talk to each other and the pilot pretty easily. The pilot's narration was excellent. We sat down in a pretty large lake and could get out and stretch our legs on a small rock island - perfect photo-op. <br />On the way back we flew around some mountain goats making some tight-ish turns - that was the only time I felt the smallness of the plane. Other than that it was surprisingly smooth. <br />Tip: The early morning flights are less bumpy because the thermals in the mountains haven't started yet. Also, the plane has no air-conditioning, so it can get a little stuffy if it's a really hot day (our day was amazingly sunny)","Family","0","https://media-cdn.tripadvisor.com/media/photo-o/06/54/b0/9e/seawind-aviation.jpg","Written August 6, 2014","This review is the subjective opinion of a Tripadvisor member and not of Tripadvisor LLC."
"Chris C","https://www.tripadvisor.com/Profile/chrisc257","https://media-cdn.tripadvisor.com/media/photo-s/01/ee/ad/ac/cachris33.jpg","Lakeville, MN","5","Jun 2014 • Family","Amazing views","This is a fantastic way to see the immensity of the Misty Fjords area. There is no way a land-based trip can give you the scope of the area that a small plane can, and SeaWind was a perfect company for my small family of three to go with to see the scenery. From pick-up to return, the entire process is very professional and friendly, with a true family feel to the experience. There were five people in our little sea plane, not counting the pilot, and we all had great views as all seats are alongside a window. We took off from the same harbor where our cruise ship was docked, and we flew over forests, mountains, lakes, waterfalls, and rivers. While we were in a plane, it was still easy for the pilot to get close to the areas he wanted us to see. For example, he circled around a waterfall a few times so we could all get a good view, and since the plane was so small and relatively slow moving, we all got up close and personal. It was amazing to see such pristine wilderness from the perfect vantage points. We took a ton of pictures out of the windows, and they looked really good. It's a great way to capture the sights.<br /><br />Rolf, our pilot, gave us expert commentary as we went along, and he really knows his stuff after spending decades in the area. I was sitting in the front passenger seat, and he showed me the radar, communication equipment, and other cool cockpit stuff. It was really cool.<br /><br />We landed on a beautiful lake for a short photo stop. I'm sure one of the pictures Rolf took of us will make it to our Christmas card this year. It was a gorgeous location and was about as peaceful as can be. Then we got back in the plane for the second half of the flight, which was as beautiful as the first. Rolf took us a different way back, which was great. We loved every minute of it.<br /><br />The trip isn't cheap, but if you're in Ketchikan, do yourself a favor and splurge on a trip like this. If you do, go with SeaWind. They are great people who will give you a once-in-a-lifetime experience. You won't regret it for a minute.","Family","0","","Written July 25, 2014","This review is the subjective opinion of a Tripadvisor member and not of Tripadvisor LLC."
"Lovestravel83","https://www.tripadvisor.com/Profile/Lovestravel83","https://media-cdn.tripadvisor.com/media/photo-f/01/2e/70/75/avatar057.jpg","New York City, NY","5","Jul 2014 • Couples","Oustanding Excursion!","We did an excursion to see the Misty Fjords while our cruise was in port. I am so thrilled that we did this trip. Our pilot, whose name unfortunately escapes me (it wasn't the owner), made us all feel incredibly safe the whole time. He played music, gave us information about the area, and let us ask any questions. We had a beautiful day and had tremendous views. Even my wife, who is scared of flying, felt comfortable the entire time. Everybody gets a window seat, and it is truly an unforgettable experience. They pick you up right from the port exactly when they say they will, and bring you back once the trip is over.","Couples","0","","Written July 24, 2014","This review is the subjective opinion of a Tripadvisor member and not of Tripadvisor LLC."
"Nebraska_Traveler56","https://www.tripadvisor.com/Profile/Nebraska_Traveler56","","Nebraska","5","Jul 2014 • Family","Best way to see Misty Fjords!","My husband and son booked this flight after getting off the ship.  From the booking through the flying experience everything was top notch!  There was an excellent view from the plane, the pilot knew the area very well and constantly pointed out sights and animals during the flight.  This is a highly recommended attraction is Ketchikan.","Family","0","","Written July 19, 2014","This review is the subjective opinion of a Tripadvisor member and not of Tripadvisor LLC."
"dogstravelin","https://www.tripadvisor.com/Profile/dogstravelin","https://media-cdn.tripadvisor.com/media/photo-o/1a/f6/e6/ea/default-avatar-2020-54.jpg","Evansville, IN","5","Jul 2014","This is a ""must do"" in Ketchikan!","We didn't book an excursion via our cruise ship in advance and honestly were a bit leery of the on site offerings. Fortunately we came across this group- didn't have time to do any advance checking on TripAdvisor or other ; this was without a doubt one of the exceptional experiences of our trip and possibly of our lives! No kidding - the staff/ owners are all awesome, down to earth, friendly and helpful but the heart of it all is the sea plane excursion itself ( we did the fjords tour). Can't put into words the beauty and all that you will see; I kept saying to myself the whole time ""oh my gosh!"" and then it would keep getting more amazing. Also FYI it's very smooth flying including take off & landing. Truly exceptional!","","0","","Written July 13, 2014","This review is the subjective opinion of a Tripadvisor member and not of Tripadvisor LLC."
"Muskego7","https://www.tripadvisor.com/Profile/Muskego7","https://media-cdn.tripadvisor.com/media/photo-o/1a/f6/e8/5b/default-avatar-2020-61.jpg","Muskego, WI","5","Jun 2014 • Couples","Wonderful all the way around.","We (4 adults) took a cruise to Alaska, and although a couple of the individuals have some fear of small planes, we decided to do the misty fjords excursion (we booked this directly, not through the ship). From beginning to end the experience was wonderful.  We were picked up on time and taken to their office, where 10-12 bald eagles were perched nearby.  After checking the radar and webcams (we were allowed to also view) we boarded the plane and took off.  Takeoff, landing and the flight it self was very peaceful and we were advised of all the different scenery (with nice music when people weren't talking). Communication is easy, and the scenery is beautiful.   We did not see any wildlife, but the experience and views made it all more than worthwhile!  This is a definite must do!","Couples","0","","Written July 11, 2014","This review is the subjective opinion of a Tripadvisor member and not of Tripadvisor LLC."
"Jeffrey Z","https://www.tripadvisor.com/Profile/Steelcure","","Creve Coeur, MO","5","Jun 2014 • Friends","Wonderful excursion, well worth the $","This was a wonderful excursion and an amazing way to see the Mystic Fiords.  The business is a small family run operation with personal, friendly service.  Flying through the Fiords gave breathtaking views of the habitat.  We saw Orcas and brown bears and landed near the latter to get a better view.  As a private pilot, I was impressed with the skill of Steve in flying through the Fiords, and felt quite comfortable with his ability.  And a bald eagle was waiting for us near the airplane dock when  we returned.  I highly recommend this excursion!","Friends","0","https://media-cdn.tripadvisor.com/media/photo-o/06/23/df/b9/seawind-aviation.jpg
https://media-cdn.tripadvisor.com/media/photo-o/06/23/df/b4/seawind-aviation.jpg
https://media-cdn.tripadvisor.com/media/photo-o/06/23/df/af/seawind-aviation.jpg
https://media-cdn.tripadvisor.com/media/photo-o/06/23/df/a6/seawind-aviation.jpg","Written July 6, 2014","This review is the subjective opinion of a Tripadvisor member and not of Tripadvisor LLC."
"Rick J","https://www.tripadvisor.com/Profile/rickandaj","https://media-cdn.tripadvisor.com/media/photo-o/06/22/10/a3/rickandaj.jpg","So. Cal.","5","Jun 2014 • Couples","Create the memory of a lifetime","We could not have been happier or more impressed with this family-run company. Completely professional from the pick-up point at our cruise dock to dropping us off again at the restaurant of our choosing after the flight, Steve and Lesley also set our minds at ease with their friendly and personal attention prior to boarding the sea plane. The flight itself was spectacular with sights that pictures simply cannot do justice and the chance to spend some quiet moments on a small island in what must be one of the most pristine and beautiful places on the planet is beyond words. We would highly recommend using them to help create the memory of a lifetime!","Couples","0","","Written July 4, 2014","This review is the subjective opinion of a Tripadvisor member and not of Tripadvisor LLC."
"Beverly Y","https://www.tripadvisor.com/Profile/388beverlyy","https://media-cdn.tripadvisor.com/media/photo-o/1a/f6/e8/ea/default-avatar-2020-63.jpg","Spring Hill, TN","5","Jun 2014 • Couples","Amazing Experience!","This was the highlight of our trip to Alaska. Not only was the flight smooth but the scenery was amazing. Steve narrated everything and filled us in on everything we were seeing! He made the flight very personable for us. He circled around whales that were spotted and took us to see a mama bear and her three cubs. I took dozens of pictures. My only regret was that it didn't last longer!!!","Couples","0","","Written June 27, 2014","This review is the subjective opinion of a Tripadvisor member and not of Tripadvisor LLC."
"Screenspoon","https://www.tripadvisor.com/Profile/Screenspoon","","Toronto, Ontario","5","May 2014 • Couples","Seawind 5++","My first seaplane experience and there are no words except WOW, and thanks Seawind. The scenery was breathtaking, the weather perfect, but the ground crew, the pilot and the plane made us feel comfortable, safe and valued... If we saw orcas, the pilot flew towards them. Bears, mountain goats, waterfalls and cruise ships all up close(&personal). Rolf is a top seaplane pilot and we can not wait to return and repeat this experience of a lifetime.","Couples","0","","Written June 26, 2014","This review is the subjective opinion of a Tripadvisor member and not of Tripadvisor LLC."
"Leonard K","https://www.tripadvisor.com/Profile/leonaredk","https://media-cdn.tripadvisor.com/media/photo-o/1a/f6/e2/4a/default-avatar-2020-42.jpg","Elgin, IL","5","Jun 2014 • Friends","Misty Fjords float plane","When people ask us what were the highlights of our Alaskan cruise (June of 2014) the trip into the Misty Fjords with Seawind is right at the top. We decided to try to save some money and work directly with the vendors, and Seawind had a representative right at the dock in Ketchikan that worked with us and set us up with a 2 hour flight that was significantly below the cruise line price. Their van picked us up at a pre-arranged destination, took us to the Seawind location, and next thing we new we were taking off. Our pilot Rolfe was really a pro - I never had a doubt about his ability to control the aircraft and make sound flight decisions. He was also very knowledgeable about the geography, wildlife, history, etc. of this area and quickly developed a good rapport with all of his passengers. he seemed to pick up on what was interesting to us and modified the scope of the tour accordingly. We got some awesome photos and just had a marvelous time. I would recommend this company in a heartbeat!","Friends","0","https://media-cdn.tripadvisor.com/media/photo-o/06/10/b1/74/seawind-aviation.jpg
https://media-cdn.tripadvisor.com/media/photo-o/06/10/b1/6e/seawind-aviation.jpg
https://media-cdn.tripadvisor.com/media/photo-o/06/10/b1/66/seawind-aviation.jpg","Written June 23, 2014","This review is the subjective opinion of a Tripadvisor member and not of Tripadvisor LLC."
"Ishiarusha","https://www.tripadvisor.com/Profile/Ishiarusha","https://media-cdn.tripadvisor.com/media/photo-o/1a/f6/f1/42/default-avatar-2020-20.jpg","London, UK","5","Jun 2014 • Couples","Awesome and breathtaking.","OMG this was the highlight of our Alaska cruise.<br />We had always wanted to go on a float plane and what a place to do it!<br />The Pilot was informative and helpful The scenery and even the weather was great and the whole experience awesome. We saw over a hundred eagles before we even started. When one of the customer saw bears,Rolf went back to get a better view.<br />The views of the waterfall, fjords, lakes were stunning.<br />Yes it costs a lot but worth doing even if it is once.<br />Can't wait to see the photos.","Couples","0","","Written June 22, 2014","This review is the subjective opinion of a Tripadvisor member and not of Tripadvisor LLC."
"1chevy","https://www.tripadvisor.com/Profile/1chevy","https://media-cdn.tripadvisor.com/media/photo-o/1a/f6/f6/0d/default-avatar-2020-34.jpg","Raeford, NC","5","","Awesome sightseeing","We took this sightseeing tour this morning. It's raining in Ketchikan, but once we took off and headed out we flew into cloudy, but dry weather. This is a small company, very well run. If you do one excursion in Ketchikan, make it this one. ","","0","","Written June 22, 2014","This review is the subjective opinion of a Tripadvisor member and not of Tripadvisor LLC."
"RichT","https://www.tripadvisor.com/Profile/LifeofRichs","https://media-cdn.tripadvisor.com/media/photo-s/06/01/0c/ca/rich-t.jpg","Lakewood Ranch, FL","5","May 2014 • Couples","Awesome {AFFORDABLE} Float Plane Flight with Lake Landing in Misty Fjords","There are lots of Misty Fjords float plane flight options to choose from in Ketchikan. We decided to save a little money by booking direct with Seawind Aviation avoiding the mark-up fees charged when reserving through the cruise lines.  We were not disappointed! Fantastic customer service! We called their toll free number in advance of our arrival and spoke with Leslie about flight options. She kept in touch with us via email and phone. We didn't actually reserve anything until the day we arrived in Ketchikan - we wanted to ""see"" the weather before committing. We were fortunate in that there were 5 of us, so they were willing to add another flight for the day. I don't recommend waiting until day of arrival to reserve but it did work for us (In late May, before the real heavy tourist season). They picked us up on the dock near the ship and drove us to there private pier departure dock (It was about a 5 minute ride away). There we checked in, got a safety briefing, and snapped a few photos of nearby eagles. Steve was our pilot. He is very familar with his aircraft, Ketchikan, and Misty Fjords. He provided narration during the flight and everyone could talk to each other via the headsets. When no one was talking, there is a great music sound track playing in the background. The flight heads out over the cruise ships, crosses the Ketchikan island, and proceeds into the monument. We enjoyed a fantastic clear, sunny day. The sights were phenomenal. After about 40 minutes of flight, Steve landed on a lake high above sea level where we were able to get out on a small island, stretch our legs, and enjoy a private paradise somewhere in the middle of the monument for about minutes. All in all, it was a great adventure, well worth the cost (especially considering the savings over the cruise ship options) with over an hour of flight time! If you are looking for float plane options in Ketchikan, I would recommend calling Seawind Aviation for sure! Top Notch!","Couples","0","https://media-cdn.tripadvisor.com/media/photo-o/06/0c/2d/82/seawind-aviation.jpg
https://media-cdn.tripadvisor.com/media/photo-o/06/0c/2d/7b/seawind-aviation.jpg
https://media-cdn.tripadvisor.com/media/photo-o/06/0c/2d/75/seawind-aviation.jpg
https://media-cdn.tripadvisor.com/media/photo-o/06/0c/2d/70/seawind-aviation.jpg
https://media-cdn.tripadvisor.com/media/photo-o/06/0c/2d/68/seawind-aviation.jpg
https://media-cdn.tripadvisor.com/media/photo-o/06/0c/2d/63/seawind-aviation.jpg
https://media-cdn.tripadvisor.com/media/photo-o/06/0c/2d/61/seawind-aviation.jpg
https://media-cdn.tripadvisor.com/media/photo-o/06/0c/2d/5c/seawind-aviation.jpg
https://media-cdn.tripadvisor.com/media/photo-o/06/0c/2d/5b/seawind-aviation.jpg
https://media-cdn.tripadvisor.com/media/photo-o/06/0c/2d/58/seawind-aviation.jpg
https://media-cdn.tripadvisor.com/media/photo-o/06/0c/2d/52/seawind-aviation.jpg","Written June 19, 2014","This review is the subjective opinion of a Tripadvisor member and not of Tripadvisor LLC."
"Freedomatlast99","https://www.tripadvisor.com/Profile/Freedomatlast99","https://media-cdn.tripadvisor.com/media/photo-o/06/14/0f/03/freedomatlast99.jpg","Windsor area","5","Jun 2014 • Couples","Highlight excursion of our Alaskan Cruise","I don't wish to repeat what others have said but we debated doing the MIsty Fjords floatplane tour or holding off and doing the glacier flyover in Juneau. Now that the trip is done I can definitely say that this excursion was indeed the best we had on our trip... and we had many good ones. Steve was exceptional and the views were simply fantastic. Landing on the lake and getting out to enjoy the moment was wonderful. We were blessed with picture perfect weather and it will be long remembered. Thanks!","Couples","0","https://media-cdn.tripadvisor.com/media/photo-o/05/fe/a6/a0/seawind-aviation.jpg
https://media-cdn.tripadvisor.com/media/photo-o/05/fe/a6/8d/seawind-aviation.jpg","Written June 8, 2014","This review is the subjective opinion of a Tripadvisor member and not of Tripadvisor LLC."
"Theodore T","https://www.tripadvisor.com/Profile/theodoret585","https://media-cdn.tripadvisor.com/media/photo-o/1a/f6/e7/3d/default-avatar-2020-55.jpg","riverside","5","Jun 2014 • Couples","a pilot's dream come true","I cannot be more effusive about this excursion.  Steve (the pilot) and his wife run an absolutely first class service.  They rounded us up at our point of disembarkation, transported us to the aircraft and provided an unforgettable flight.  Steve's narration of the landmarks and terrain was unmatched and his responsiveness to each question thorough and accurate.  You just cannot miss this experience if the opportunity arises.","Couples","0","","Written June 8, 2014","This review is the subjective opinion of a Tripadvisor member and not of Tripadvisor LLC."
"Terry P","https://www.tripadvisor.com/Profile/TerryTraveler240","https://media-cdn.tripadvisor.com/media/photo-s/04/79/fd/c1/terrytraveler240.jpg","Los Angeles, CA","5","May 2014 • Couples","Fly in a seaplane","We flew in a 6 passenger seaplane to the Misty Fjord. Flight out took about 20 minutes. We landed in a small lake and walked on a deck in  a very remote area. Flight back takes 20 minutes. I had always wanted to fly in a seaplane so that part was very cool. Flying to the Misty Fjord is fair. All of Alaska is beautiful and amazing and the Fjord looked about the same as everything else. <br /><br />The staff and crew were excellent. Picked us up at the ship on time and returned us after the flight.","Couples","0","","Written May 20, 2014","This review is the subjective opinion of a Tripadvisor member and not of Tripadvisor LLC."
"Julie M","https://www.tripadvisor.com/Profile/DrMcMom","https://media-cdn.tripadvisor.com/media/photo-o/1a/f6/e8/5b/default-avatar-2020-61.jpg","Muskogee, OK","5","May 2014","What an amazing experience","This is just what we were looking for in a sightseeing adventure. Not a big commercial outfit, but a small, personalized experience. Leslie was prompt and courteous. Steve was an amazing pilot(even for the standards of the two long-time pilots on our trip). A third generation Ketchikan native,  He knew the best things to show us and look for wildlife. We even saw a brown bear.  I would recommend this to everyone who wants to see and learn about the Misty Fjords and Ketchikan history.  If you had to choose one excursion on your trip, this would be the one to pick!","","0","","Written May 20, 2014","This review is the subjective opinion of a Tripadvisor member and not of Tripadvisor LLC."
"msrplnr","https://www.tripadvisor.com/Profile/msrplnr","https://media-cdn.tripadvisor.com/media/photo-o/1a/f6/77/ae/default-avatar-2020-2.jpg","Atlanta, GA","5","May 2014 • Couples","Don't Miss This!!","We booked this floatplane ride due to reviews on both tripadvisor and cruisecritc.  This is a family operation that goes above and beyond to make sure you have a good time.  They took great care of us and even helped us locate some binoculars we left in the van.  If you are trying to decide between this group and another outfit, choose this one!!","Couples","0","","Written May 11, 2014","This review is the subjective opinion of a Tripadvisor member and not of Tripadvisor LLC."
"Mahesh K","https://www.tripadvisor.com/Profile/795karnam","https://media-cdn.tripadvisor.com/media/photo-o/1a/f6/f2/59/default-avatar-2020-24.jpg","Ketchikan, AK","5","May 2014 • Friends","The Mystic Misty Fjords Experience with The Best Alaskan Team","Pilot Steve and His loving better Half Leslie and Pilot Ralph are not just very friendly great folks but also the finest in the Seaplane industry when it comes to Aerial Tours of Magical Majestic Misty Fjords of Alaska.It is reality Fairy tale.I have been coming to Alaska over ten years but until recent this year trip I never felt so enchanted and fresh at mind after long winter.What a weather with added warm hospitality from team Seawind Aviation......GR8 FOLKS CHEERS!!!","Friends","0","","Written May 9, 2014","This review is the subjective opinion of a Tripadvisor member and not of Tripadvisor LLC."
"Terence S","https://www.tripadvisor.com/Profile/terences379","https://media-cdn.tripadvisor.com/media/photo-o/1a/f6/f1/06/default-avatar-2020-18.jpg","London, UK","5","Sep 2013 • Couples","Magic","Sorry it has taken so long to do new to this ,from the moment terry picked us up in town to climbing out of the plane everything gets five stars what an experience can't describe can only say if you go to Alaska do this it is stunning Ralph the pilot what a nice guy really made it a great flight lots of knowledge landing in the middle of nowhere and just standing there looking round will stay forever super people to deal with if we go back will do it again thanks for making it a really special trip Linda and terry Sartain will try to send picture of surestart (the small teddy bear we take and photo on holiday) just working out new printer ","Couples","0","","Written March 22, 2014","This review is the subjective opinion of a Tripadvisor member and not of Tripadvisor LLC."
"Harro4","https://www.tripadvisor.com/Profile/Harro4","https://media-cdn.tripadvisor.com/media/photo-o/1a/f6/e2/e6/default-avatar-2020-45.jpg","Wollongong, Australia","5","Sep 2013 • Couples","Misty Fjords Flight - HIGHLY RECCOMMENDED","Flight 11.30am September 12, 2013, Excellent Weather, very scenic, very personalized narration by Pilot/Owner of Business (Steve Kamm), very safe and pilot looked out for ""Wildlife"" and saw ""goats""/sheep near snowline.Mountains/gorges Ideal for photography. This flight operation might be ""small"" in nature however far exceeds what you get from the larger operators.   Would go again, Cost/ Scenery : Excellent. Would go anywhere with this pilot. Next time would book longer flight.....We did this whilst on the ""inside passage cruise"". Organized prior to leaving AUSTRALIA. Pick up point easy to find with ""Seawind Aviation, providing good directions to pick up point. (Saved heaps compared to Cruise Ship Prices). Family run BUSINESS VERY PROFESSIONAL.","Couples","0","","Written October 22, 2013","This review is the subjective opinion of a Tripadvisor member and not of Tripadvisor LLC."
"Odvyrcl","https://www.tripadvisor.com/Profile/Odvyrcl","https://media-cdn.tripadvisor.com/media/photo-o/04/97/be/22/odvyrcl.jpg","Mexico City, Mexico","5","Nov 2012 • Family","Excelente!!!","Contratamos estos servicios por internet y la verdad es que resulto fabuloso. Nos recogieron en el muelle y en 5 minutos llegamos a un local frente al mar, tomamos nuestra platica de seguridad y nos subimos al hidroplano.  el vuelo consistió en un recorrido por Misty Fiords, observando a nuestro paso montañas, valles, lagos, arboles, cascadas y paisajes increíbles. Hicimos una escala y pudimos ver osos en su hábitat natural. Todo increíble, la atención, el hidroplano,  la ruta y la explicación. Nos vamos con una sonrisa de oreja a oreja.","Family","0","","Written October 14, 2013","This review is the subjective opinion of a Tripadvisor member and not of Tripadvisor LLC."
"Bruce_Raynor","https://www.tripadvisor.com/Profile/Bruce_Raynor","https://media-cdn.tripadvisor.com/media/photo-o/05/47/df/01/bruce-raynor.jpg","Edmonton, Canada","5","Sep 2013 • Couples","Fly'n high in Alaska - safely","We happened across SeaWind while doing a bit of dock walking... what a lucky break and fantastic introduction to this part Alaska.  Steve, the owner is a personable fellow with decades of experience flying aircraft that have that have proven themselves as the backbone of the bush for as long or longer (de Havilland Beaver).  His aircraft are updated, well maintained and about as comfortable as it gets for something this size.  Each passenger has a window seat and headset for communication with the pilot.  Steve knows the area well and provides a narrative on local flora, fauna and the rugged landscape which you can tune into as you wish.  His landings and take-offs were marshmallow smooth and the aircraft was very stable despite the mountainous terrain and related wind currents and thermos that they often bring. The weather was excellent and we spotted eagles and mountain sheep (cooling in patches of snow) in our mid-September trip.  Our flight lasted 90 minutes and included a landing and walkabout next to a remote mountain lake.","Couples","0","https://media-cdn.tripadvisor.com/media/photo-o/04/9b/47/60/coming-in-for-a-landing.jpg
https://media-cdn.tripadvisor.com/media/photo-o/04/9b/47/25/steve-chief-pilot-owner.jpg
https://media-cdn.tripadvisor.com/media/photo-o/04/9b/46/df/comm-equip-on-one-of.jpg
https://media-cdn.tripadvisor.com/media/photo-s/04/9b/21/6c/south-eastern-alaska.jpg","Written September 28, 2013","This review is the subjective opinion of a Tripadvisor member and not of Tripadvisor LLC."
"Skiodic","https://www.tripadvisor.com/Profile/Skiodic","https://media-cdn.tripadvisor.com/media/photo-o/1a/f6/7c/01/default-avatar-2020-5.jpg","","5","Sep 2013","The one excursion you MUST take.","It was Terrific! Amazing! The staff, Guide, Terry, and of course, Rick, the pilot, were wonderful !  The flight was safe. Rick's a great safe pilot. Terry knew how to find bears, eagles, other wildlife flora and fauna.  <br />No only would we recommend them and Seawind Aviation for Trip Advisor but to anyone who want a real Alaskan ""outback adventure""<br />We'd do it again with a niño. Second of thought, without hesitation!<br />Thanks again to the staff and crew at SEAWIND AVIATION.<br />Skip and Dorothy <br />Miami, Fl","","0","","Written September 28, 2013","This review is the subjective opinion of a Tripadvisor member and not of Tripadvisor LLC."
"Jan N","https://www.tripadvisor.com/Profile/7SeaJourneys","https://media-cdn.tripadvisor.com/media/photo-o/1c/f8/77/04/7seajourneys.jpg","Providence, RI","5","Aug 2013 • Couples","No bears to be seen, but a Great Ride!","We wanted to do something really special and different while on our recent cruise to Alaska and thought a ride on a small plane to see bears in their natural habitat would be perfect.  As luck would have it, we were blessed with a warm, sunny day for our flight-seeing trip with Seawind Aviation to observe bears at Traitor's Cove.  <br /><br />We were picked up as scheduled on the dock, driven to the DeHavilland Beaver 6-passenger floatplane, shown a brief safety video while we all settled our accounts, and led to the plane.  I have to say that I had been nervously anticipating this small-plane ride since the day we booked months ago, but the ease of getting my arthritic legs up and into the aircraft and the silky smooth takeoff melted away all my fears.  <br /><br />After about 20 minutes of beautiful scenery, with pilot Steve narrating as we flew, we landed effortlessly at the dock, where a short walk brought us to the van that would drive us into the rainforest to a trail.  With some preliminary instruction in the event of a confrontation with a bear, we walked along the half-mile trail to an observation deck overlooking a creek, where we all had our eyes peeled for bears coming to feast on spawning salmon.  <br /><br />Unfortunately, the unseasonably warm, dry, sunny weather - while great for the tourists - had not been good for bear sightings.  The water level in the creek was low, with fewer salmon, resulting in fewer bears.  Sadly, no bears were seen on this trip.  On the upside, we did see a bald eagle or two in the area which occupied our time for a time at the creek.  <br /><br />Although we were disappointed that the bears did not come out to play, we still enjoyed the ride immensely and marveled at both the experience and the beautiful views it provided.  Owners Steve and Leslie run a nice business.  Leslie welcomed us warmly on arrival, and Steve provided a smooth, safe ride.  I would highly recommend them and hope to return one day for a ride over Misty Fjord.","Couples","0","","Written September 17, 2013","This review is the subjective opinion of a Tripadvisor member and not of Tripadvisor LLC."
"Lizzy1122","https://www.tripadvisor.com/Profile/Lizzy1122","https://media-cdn.tripadvisor.com/media/photo-o/1a/f6/f3/e4/default-avatar-2020-30.jpg","Maplewood, MN","5","Sep 2013 • Couples","Still flying high!","If you want a first-class, personal, one-of-a-kind, floatplane experience while in Ketchikan, then SeaWind Aviation should be your first call.<br /><br />First, the service offered by Lesley.  Always so quick to respond to my e-mails.  Due to unfortunate circumstances, the Alaskan cruise my husband and I were originally booked on was cancelled one week prior to our embarkation.  We quickly got ourselves scheduled on a different cruiseship and cruiseline that would be in Ketchikan on a different day.  Lesley was extremely accomodating in sliding our existing reservation to our new day with such short notice.  Thank you for that!  We knew exactly where we would be picked up. The instructions were very good and detailed.  It is just a short drive from the cruise ship dock to their offices where the floatplanes wait.<br /><br />We were fortunate to be in Ketchikan on one of the few days it does not rain.  The sun was shining and Alaska was showing us her beauty.  Our pilot seemed to genuinely enjoy this day for flying.  We all had our headphones and microphones and could talk to each other freely throughout the flight.  He gave us a wonderful tour of the Misty Fjords.  <br /><br />About half-way thru our flight, we touched down on a floating dock in the middle of the Fjords.  We were joined by two other floatplanes.  To see these planes take off and land was so much fun.  Of course, it's even more fun to be in one as it takes off and lands.  So smooth.  It was nice to get out of the plane, stretch our legs, and take in the natural beauty that was surrounding us.  <br /><br />The second half of our tour in the air was just as stunning as the first half.  It seemed we were being taken back to Ketchikan a different way so we could see more of the Misty Fjords. On our plane was a three-year-old.  Our pilot was so kind to take into consideration his little ears.  On our flight back to Ketchikan, he planned to gradually lower our flying elevation so that it would be easier for the pressure in the young child's ears.  What kindness!  <br /><br />He also made sure we all had a good view of each of our cruiseships from the air.  There were three ships in port that day.  On our floatplane was the pilot, six adults and the three-year-old. We were passengers on two of the three ships so we each got a neat picture of our ship from the air.<br /><br />If I have the opportunity to be in Ketchikan again, and I hope I do, my husband and I will book another excursion with SeaWind without hesitation.  They make you feel like you are a part of their family.  Because they are independent and do not have have contracts with the various cruise lines, you are guaranteed a more personal, tailored experience.<br /><br />Thank you SeaWind for one of our top highlights of our 12-day vacation in Alaska and Canada!","Couples","0","","Written September 16, 2013","This review is the subjective opinion of a Tripadvisor member and not of Tripadvisor LLC."
"Henry S","https://www.tripadvisor.com/Profile/HenryS_11","https://media-cdn.tripadvisor.com/media/photo-s/03/0e/4e/ee/henry-s.jpg","Sacramento, CA","5","Aug 2013 • Couples","What a Wonderful WONDERFUL Experience","My wife and I had the pleasure of enjoying a great Alaskan Cruise (inside passage) which involved stopping off at various ports such as Ketchikan, Icy Straight Point in Hoonah, Juneau, and Skagway, AK.     A lot of research and information was obtained for each location in order to plan our excursions.    There are many Aviation services in Ketchikan, however, one stood out above the rest and that was our experience with SeaWind Aviation, Inc.    This is very much a family run operation.   Our pilot, Steve, and his wife, Lesley, did a fantastic job of insuring our flight over the Misty Fjords was nothing less than spectacular.   From the very moment I contacted Lesley by e-mail, her rapid reply and insuring our reservations were intact (which included very detailed instructions as to where to find SeaWind's vehicle for pick up).......I had total confidence (prior to flight) that we were going to be in for a real treat.    Customer Service was priority #1 for these guys which I very much appreciated.<br /><br />The flight itself was beyond words.    As a military retiree who has flown many times, it was quite evident that Steve, our pilot, was very experienced from take off to landing his aircraft.    Headphones and Microphones were provided to all of the passengers.   Beautiful music was playing in the background while Steve provided us with the history of the Misty Fjords.    It was SO MUCH fun!    <br /><br />Please, as you research your excursions, give this company serious consideration.    You will not regret that you did.   I know that my wife and I will cherish this flight which enabled me to take some fantastic photographs!!","Couples","0","https://media-cdn.tripadvisor.com/media/photo-o/04/7b/04/f5/seawind-aviation.jpg
https://media-cdn.tripadvisor.com/media/photo-o/04/7b/04/41/seawind-aviation.jpg
https://media-cdn.tripadvisor.com/media/photo-o/04/7b/04/3a/seawind-aviation.jpg
https://media-cdn.tripadvisor.com/media/photo-o/04/7b/04/33/seawind-aviation.jpg
https://media-cdn.tripadvisor.com/media/photo-o/04/7b/04/2d/seawind-aviation.jpg
https://media-cdn.tripadvisor.com/media/photo-o/04/7b/04/23/seawind-aviation.jpg
https://media-cdn.tripadvisor.com/media/photo-o/04/7b/04/1f/seawind-aviation.jpg","Written September 4, 2013","This review is the subjective opinion of a Tripadvisor member and not of Tripadvisor LLC."
"tinkerman33","https://www.tripadvisor.com/Profile/tinkerman33","https://media-cdn.tripadvisor.com/media/photo-o/03/c3/67/6c/tinkerman33.jpg","Lancaster, PA","5","May 2013 • Friends","Fantastic flight- family owned","I choose to fly with Sea-Wind on my Alaska trip last year, they are a wonderful family run operation, Steve and Leslie are the best. As a former pilot myself, Steve is an excellent skilled pilot, I would fly with him anytime.the tour of the Fords  and landing on a mountain lake was exciting.smooth , Steve and Leslie do everything to accommodate you.Can't wait to go back next Year!","Friends","0","","Written September 1, 2013","This review is the subjective opinion of a Tripadvisor member and not of Tripadvisor LLC."
"BlueEyesMI","https://www.tripadvisor.com/Profile/BlueEyesMI","https://media-cdn.tripadvisor.com/media/photo-o/1a/f6/ef/32/default-avatar-2020-12.jpg","Michigan","5","Aug 2013 • Family","Breathtaking!","As soon as I knew I was going to Alaska, I wanted to book a float plane trip.  Lesley was easy to book with (even though she was on vacation!), and we had no problem finding them at the pier.  We had a great trip, with our pilot playing beautiful music and giving us facts and legends as we flew above the Fjords.  The flight was smooth, the scenery breathtaking!  They even dropped us off in town and answered our questions about the area.  Highly recommend it - you won't be sorry!  Have your camera(s) ready.","Family","0","","Written August 26, 2013","This review is the subjective opinion of a Tripadvisor member and not of Tripadvisor LLC."
"USCtraveller","https://www.tripadvisor.com/Profile/USCtraveller","https://media-cdn.tripadvisor.com/media/photo-o/1a/f6/ef/73/default-avatar-2020-13.jpg","The Woodlands, TX","5","Jul 2013 • Family","Great Family Run Operation","Steve was a wonderful pilot. The entire flight was smooth including all the landings. He provides excellent commentary, takes pictures for you, and even attempted to show us some wildlife by flying close to mountain tops. His wife, Leslie, who runs the office was extremely personable and handled all of the arrangements superbly via email. She was also kind enough to personally take our family back into town in her car since the van was being used for a large group. I believe taking a Misty Fjords floatplane is probably the most exciting excursion in Ketchikan and if you choose SeaWind Aviation you will not be disappointed.","Family","0","https://media-cdn.tripadvisor.com/media/photo-o/04/6c/76/d2/seawind-aviation.jpg
https://media-cdn.tripadvisor.com/media/photo-o/04/6c/76/a2/seawind-aviation.jpg","Written August 24, 2013","This review is the subjective opinion of a Tripadvisor member and not of Tripadvisor LLC."
"Mumps4","https://www.tripadvisor.com/Profile/Mumps4","https://media-cdn.tripadvisor.com/media/photo-f/01/2e/70/61/avatar039.jpg","Indian Trail, NC","5","Jul 2013 • Couples","Great Misty Fjords floatplane tour!","Lesley, Steve and crew treat you more like family than just another customer.  They were cordial, professional, and went out of their way to offer my husband and I a wonderful flightseeing tour!  It's obvious they very much enjoy what they do.  We would definitely reserve through SeaWind Aviation again!","Couples","0","","Written August 13, 2013","This review is the subjective opinion of a Tripadvisor member and not of Tripadvisor LLC."
"Highseez","https://www.tripadvisor.com/Profile/Highseez","https://media-cdn.tripadvisor.com/media/photo-o/1a/f6/f2/b8/default-avatar-2020-26.jpg","Miami, FL","5","Jun 2013 • Family","Great Customer Service!","Lesley runs the show and does a great job at it!  From the time we booked and then through the flight itself everything was handled professionally.  BEAUTIFUL scenery, Misty Fjords is a must see. Got a little airsick but was able to keep it down thanks to the piece of gum handed to me by the pilot!  THANKS A MILLION, great experience!","Family","0","https://media-cdn.tripadvisor.com/media/photo-o/04/59/4a/7f/seawind-aviation.jpg","Written August 11, 2013","This review is the subjective opinion of a Tripadvisor member and not of Tripadvisor LLC."
"Bob M","https://www.tripadvisor.com/Profile/bob1eagle2","https://media-cdn.tripadvisor.com/media/photo-s/01/c5/c7/d5/bob1eagle2.jpg","South Lake Tahoe, CA","5","Jul 2013 • Couples","the best part of our 11 nights in Alaska","We read all of the other reviews about SeaWind and all of the other flightseeing tours and are we ever glad that we went with SeaWind Aviation.  Steve (the owner) was our pilot,who was born and raised in Ketchikan.  He knows more about the Misty Fjords than anyone else, has a great sense of humor and and even greater sense of the seer beauty and majesty of the misty Fjords.  We laned on a glassy water inlet tha was so smooth, you would never know that you were landing on water (pr taking off). This trip was so much fun and very educational. A great, great trip.  Leslie runs the business part of the company has to be the nicest, most efficient and warming person on the face of the earth.  I had several encounters with her over the phone prior to our trip and she answered each questions professionally an sweetly and made me feel like their most welcome and important client.  I would recommend the in a heartbeat.  Everyone on the plane felt about the same way as I did,  You can not find nicer or happier people.anywhere.  This is a first class operation the whole way. ,","Couples","0","","Written August 3, 2013","This review is the subjective opinion of a Tripadvisor member and not of Tripadvisor LLC."
"Phillip S","https://www.tripadvisor.com/Profile/401phillips","https://media-cdn.tripadvisor.com/media/photo-o/1a/f6/f0/9f/default-avatar-2020-16.jpg","Lubbock, Texas, United States","5","Jun 2013 • Couples","Floatplane Excursion","What a wonderful experience we had on our floatplane excursion with Seawind  Aviation.<br />Steve went out of his way to make sure we had a safe and personalized experience.  Instead of a taped narration Steve talked with us about where we were, the history, geography, wildlife  and highlights of the area.  The areas he took us to were breathtaking.  Leslie met us at the doc promptly and with a warm smile, it was great getting a feel for the area from the perspective of a young mom. <br />They made us feel so at home.  This will be our first excursion we will book when we go there  again.<br />Best time ever!!!","Couples","0","https://media-cdn.tripadvisor.com/media/photo-o/04/4a/2e/26/the-personal-tour-is.jpg
https://media-cdn.tripadvisor.com/media/photo-o/04/4a/2e/20/man-this-is-fun.jpg
https://media-cdn.tripadvisor.com/media/photo-o/04/4a/2e/1d/after-landing-on-a-glacial.jpg","Written July 31, 2013","This review is the subjective opinion of a Tripadvisor member and not of Tripadvisor LLC."
"Sandra M","https://www.tripadvisor.com/Profile/SandraM60","https://media-cdn.tripadvisor.com/media/photo-o/1a/f6/e2/11/default-avatar-2020-41.jpg","Halifax, Canada","5","Jul 2013 • Couples","Fantastic Excursion","We first met Terry at the dock and he was just so friendly and passionate about the tour and the company we signed up immediately for the excursion.<br /><br />A very friendly, informative and conscientious group of people and they were committed to our knowledge of the safety and security of the excursion.<br /><br />A exciting trip on a beautiful plane and the scenery was fantastic!<br /><br />Would definitely recommend to our friends and family and anyone interested in a great excursion in Ketchikan!","Couples","0","","Written July 30, 2013","This review is the subjective opinion of a Tripadvisor member and not of Tripadvisor LLC."
"TravelBug4702","https://www.tripadvisor.com/Profile/TravelBug4702","https://media-cdn.tripadvisor.com/media/photo-o/1a/f6/ec/3d/default-avatar-2020-1.jpg","San Diego, CA","3","Jul 2013 • Couples","If you already cruised through Tracy Arm Fjord, I would skip this excursion.","SeaWind Aviation itself is a good company. I would not hesitate to recommend them if you really insist on taking a seaplane ride to Misty Fjord from Ketchikan. However, my review and rating is more about whether it is worth spending the money to go on this excursion if you came in on a cruise through the inside passage. <br /><br />Like most people, we came on a cruise ship. I can't speak about the ship that cruised through Glacier National Park but if you cruised through Tracy Arm Fjord, the scenery is similar to that of Misty Fjord. With that said, I just don't see the value of going on this excursion. .<br /><br />The take-off's and landing were very smooth. We didn't have a completely clear day but it wasn't terrible. Unfortunately, we did not see any wildlife that was mentioned on the website. We were really hoping to see some bears. I think that would have made the tour a bit more worthwhile. Of course, this is at no fault of the company. They have no control over weather or sighting of wildlife. Nevertheless, it was disappointing.<br /><br />Tip: Leslie more or less runs the office by herself so I would recommend communicating with her via email rather than telephone. She is very busy and could be distracted on the phone especially during the day. She is very responsive and organize thou.","Couples","0","","Written July 28, 2013","This review is the subjective opinion of a Tripadvisor member and not of Tripadvisor LLC."
"AussieScot_13","https://www.tripadvisor.com/Profile/AussieScot_13","https://media-cdn.tripadvisor.com/media/photo-o/1a/f6/f4/d0/default-avatar-2020-33.jpg","Saint John, Canada","5","Jul 2013 • Solo","Fantastic Tour !!","I went on this tour on July 15th-The pilot Ralph was excellent-very smooth ride in float plane over pristine vistas-loved the spectacular scenery!!! Never knew the Fiords were so majestic.Thanks so much for a wonderful safe smooth flight plane ride.","Solo","0","https://media-cdn.tripadvisor.com/media/photo-o/04/38/51/68/seawind-aviation.jpg
https://media-cdn.tripadvisor.com/media/photo-o/04/38/51/60/seawind-aviation.jpg","Written July 20, 2013","This review is the subjective opinion of a Tripadvisor member and not of Tripadvisor LLC."
"Dave C","https://www.tripadvisor.com/Profile/davecQ1872YW","https://media-cdn.tripadvisor.com/media/photo-o/04/36/e5/2d/dcrosetti.jpg","jackson, ms","5","Jul 2013 • Couples","Nothing But Raves","On our Alaska trip, one of the things I wanted to do more than anything else was to take a float-plane trip.  I looked at the recommendations on Trip Advisor and started making arrangements for a booking.<br /><br />Well, here's a tip.  Don't wait until the last moment to book your float-plane trip.  Not a good idea, as a lot of other people are wanting to take one of these trips just like you do.  So, after finding one after the other companies being booked out I got a little disappointed.  But, two of the other companies recommended SeaWind Aviation to me.<br /><br />When I called Lesley (the owner's wife) she told me that they would have room for my wife and I to join them on our trip!  Hooray!  I booked it right then and there.<br /><br />When we got to the docks, the folks from SeaWind were waiting for us.  After a short trip to their base of operations, we headed to our plane with some new friends that we made on the docks.  Watching the other planes take off in front of us (competitors) was very cool.  We climbed into our DeHavilland aircraft and motored out into the bay.  In a flash, we were airborne as the plane followed behind the others that had taken off earlier!<br /><br />What a site to behold.  Ketchikan from the air, the ships below, and the planes out ahead of us.  Pretty soon, we were out of sight from Ketchikan and making our way into the Tongass National Forrest.  <br /><br />We had fantastic weather and every passenger had a seat with a window.  One of the passengers, an Army veteran got to fly co-pilot and he was really jazzed about that.  We all had head-sets to listen to our pilot Rolf narrate information about the sights below us.  He was very knowledgeable about the landscape, the sights, and put us all at ease with his flying skills.<br /><br />We landed on a lake out in the mountains and got out of the plane to stretch.  While we were on the ground a bald eagle flew by and a small otter swam up to us looking for a treat.  We got back into the plane and took off from the lake with a smooth takeoff.  <br /><br />I didn't want this trip to end, but alas, we made our way back toward Ketchikan and it was over.<br /><br />The neat thing is that we were able to tour the town, since we took an early morning flight.  We were not rushed, we had a ball and my wife is now hooked on small plane flight!<br /><br />Thanks so much, SeaWind Aviation for a fantastic trip.","Couples","0","","Written July 19, 2013","This review is the subjective opinion of a Tripadvisor member and not of Tripadvisor LLC."
"KenyaQT","https://www.tripadvisor.com/Profile/KenyaQT","https://media-cdn.tripadvisor.com/media/photo-o/1a/f6/e9/ef/default-avatar-2020-66.jpg","Nairobi","5","Jul 2013","Better than the rest!","We arrived on the Celebrity Solstice but booked this trip directly before leaving Seattle. It offers a better value, longer flying, and a nice landing in the national park that the cruise ship operators don't. The owners and pilots are friendly and very knowledgable of the area. I would certainly recommend doing this in Ketchikan and after take  a walk on Creek St. ","","0","","Written July 19, 2013","This review is the subjective opinion of a Tripadvisor member and not of Tripadvisor LLC."
"Betty E","https://www.tripadvisor.com/Profile/bettye401","https://media-cdn.tripadvisor.com/media/photo-o/1a/f6/e9/ef/default-avatar-2020-66.jpg","","5","May 2013 • Friends","Highlight of Our Trip to Alaska","Amazing is the only word to describe for our experience with SeaWind Aviation.  From the scheduling of our flight to the most beautiful scenery you can ever imagine, our trip to Misty Fjords was outstanding.  Though I must admit a couple of us seniors were a little concerned about the small plane, it was a very smooth and pleasant ride. Our pilot,Ralph, went out of his way to assure our comfort, hats off to him!  Price was good, less than what you can arrange on ship.  We were picked up and delivered back to dock , with no concern about ""missing the boat"". Lesley, Steve, and Ralph are a great group.  Would highly recommend to anyone of all ages, and will definitely do again. Was truly the highlight of our 10 day trip to Alaska!!<br />Thank you SeaWind Avaiation for a wonderful experience.","Friends","0","","Written July 18, 2013","This review is the subjective opinion of a Tripadvisor member and not of Tripadvisor LLC."
"mrbob2007","https://www.tripadvisor.com/Profile/mrbob2007","https://media-cdn.tripadvisor.com/media/photo-o/1a/f6/de/5a/default-avatar-2020-36.jpg","Escondido, CA","5","Jun 2013 • Friends","GREAT FLIGHT !!!!!!","Wow, I would have taken a second flight if time had allowed. <br /> On June 19 th My wife and I , along with two other couples booked a flight to see the Misty Fjords , The flight , the scenery and the pilots knowledge of the areas we flew over made for a great memory. It was the highlight of my Alaska cruise .It is a must to top off a great seven day cruise.","Friends","0","","Written July 18, 2013","This review is the subjective opinion of a Tripadvisor member and not of Tripadvisor LLC."
"RandR-London","https://www.tripadvisor.com/Profile/RandR-London","https://media-cdn.tripadvisor.com/media/photo-o/1a/f6/f0/48/default-avatar-2020-15.jpg","London","5","Jul 2013","Amazing! What beautiful scenery and a great family owned operation.","We booked this at the last minute and are SO glad we did. They are a small operation and you feel it when you book and travel. The person who took the booking was one of the owners and our pilot was her husband! <br /><br />The views were out of this world and the journey is spectacular. Suitable for seniors and younger folk alike. <br /><br />Go to misty fjord and book with Seawind. You won't go wrong!","","0","","Written July 14, 2013","This review is the subjective opinion of a Tripadvisor member and not of Tripadvisor LLC."
"macofishy","https://www.tripadvisor.com/Profile/macofishy","https://media-cdn.tripadvisor.com/media/photo-o/06/47/81/ec/macofishy.jpg","Laguna Niguel, CA","5","Jun 2013 • Friends","Most memorable experience in Ketchikan!","Thank you Yelp and Tripadvisor.com reviewers for recommending SeaWind Aviation!! What made this trip memorable:<br />1. Amazing views!!!<br />2. Very friendly, professional staff and reasonable prices.<br />3. Their planes offer EXCELLENT views from no matter where you sit. Their windows are clean and not scratched up, so pictures come out clear. <br />4. The noise-canceling headsets allowed an informative interaction with our pilot. <br />5. The driver who picked us up from our cruise ship offered to drive us to our hiking trail after the flight tour - that saved us 3 miles of walking! He deserved that little extra tip! :)<br />6. We were fortunate enough to have SUNNY weather that day, but overcast days still provide excellent views!<br />Don't bring backpacks as there may not be enough room on the plane. If you do, you can store them at their office during your flight. I HIGHLY RECOMMEND THIS TOUR!!!","Friends","0","https://media-cdn.tripadvisor.com/media/photo-o/04/30/7f/a2/seawind-aviation.jpg
https://media-cdn.tripadvisor.com/media/photo-o/04/30/7f/41/seawind-aviation.jpg
https://media-cdn.tripadvisor.com/media/photo-o/04/30/7f/1f/seawind-aviation.jpg","Written July 14, 2013","This review is the subjective opinion of a Tripadvisor member and not of Tripadvisor LLC."
"Fred S","https://www.tripadvisor.com/Profile/141freds","https://media-cdn.tripadvisor.com/media/photo-o/1a/f6/e2/a7/default-avatar-2020-44.jpg","Excelsior, MN","5","Jun 2013 • Friends","Amazing Flight over the Misty Fjords!","Normally, we would have booked the float plane tour through Holland America before we left.  However, we weren't certain the weather would be good for flying, so we waited until we arrived and arranged for the trip ourselves at the dock.<br />Our pilot Steve was very warm, welcoming, and an amazing pilot. He gave us a very smooth take off, landing, and flight over the mountains.  We had a beautiful blue sky day to enjoy the fjords, snow capped mountains, pristine lakes, and mountain goats.  While I enjoyed the views my wife, seated in the rear of the plane, was non-stop taking photos from both sides of the plane.  Tears were in her eyes as she was so thrilled to be able to see the marvelous sites and not get sick!  This was all due to the expertise pilot Steve showed while taking us on this tour.","Friends","0","","Written July 13, 2013","This review is the subjective opinion of a Tripadvisor member and not of Tripadvisor LLC."
"ADG1234","https://www.tripadvisor.com/Profile/ADG1234","https://media-cdn.tripadvisor.com/media/photo-s/11/4d/4a/20/adg1234.jpg","Chicago, IL","5","Jul 2013 • Couples","Great Views and Great Service","Terry and Leslie were very accommodating as we had a large group of people. They were very prompt and picked us up directly from our cruise ship. They had very reasonable prices and were very hospitable. The views were amazing and our pilot did an amazing job flying the plane.","Couples","0","","Written July 13, 2013","This review is the subjective opinion of a Tripadvisor member and not of Tripadvisor LLC."
"rollingstonez","https://www.tripadvisor.com/Profile/rollingstonez","https://media-cdn.tripadvisor.com/media/photo-o/04/35/ce/83/rollingstonez.jpg","El Dorado Hills, CA","5","Jul 2013 • Couples","Our favorite thing in Alaska","Lesley and Steve Kamm were the first locals that we met in Ketchikan.  They own SeaWind Aviation and offer float plane tours of the Misty Fjords.  Friendly, kind, and gracious.  Lesley was a welcomed personality from the other ""salesmen"" characters we encountered peddling other experiences.  Steve was our pilot and the next two hours were as amazing.  Unforgettable feeling of taking off and landing on the water.  Our plane fit 8 of us, and despite some breezy conditions, Steve kept us soaring stably through some of the most awe inspiring vistas we have seen during our time in Alaska. The fjords, dotted with natural lakes, tucked in valley after valley, flying below and above waterfalls was stunning...almost unbelievable.  We landed our float plane on a lake and wandered on a tiny little island to take pictures and have that glimpse of the float plane experience.  Our kids didn't get to come, but next time we will take them for sure.  We heard from others on our cruise that the 4-person or 6-person planes offered by other companies were more turbulent and those passengers vomited.  Seawind is top notch.  Highly recommended!","Couples","0","https://media-cdn.tripadvisor.com/media/photo-o/04/2a/90/aa/seawind-aviation.jpg","Written July 9, 2013","This review is the subjective opinion of a Tripadvisor member and not of Tripadvisor LLC."
"CalifDoc","https://www.tripadvisor.com/Profile/CalifDoc","https://media-cdn.tripadvisor.com/media/photo-s/01/f3/b7/fb/califdoc.jpg","Olympia, WA","5","Jun 2013 • Solo","Last Minute Beauty","My husband and I planned a sea kayaking trip for our cruise ship stay in Ketchikan, but a week before I left for Alaska - I broke a rib.  No kayaking for me.  He had really been looking forward to it, so I told him to go without me.  When I exited the ship a little bit later, it was gray and drizzly.  I wandered into several shops - but nothing engaged me.  We had visited Ketchikan and seen many of the sights - the raptor center and salmon hatchery the last time we were in town, so nothing was talking to me.  I decided to stop in the Visitor Center to get some ideas.  I talked to a helicopter tour operator first, but they would charge me extra to fly alone and we had limited time in the port.  They referred me to SeaWind Aviation for a seaplane ride.  They quoted me a price that I knew was less expensive than the cruise ship's offerings.  I signed up.  A really nice high school teacher drove us to the dock.  When we got to the dock - the wife of the owner was really sweet as she collected the payment, provided water and a very clean bathroom and showed us a safety video that was recorded with their own equipment and people.  When the plane returned from the previous jaunt, it looked really well-maintained and clean.  Everything we saw was just amazingly beautiful.  We stopped once - landing on a lake and then going to a dock in the middle of the fjords to look around.  It also allowed us to get some shots with the plane.  The thing that really impressed me was that the pilot made it feel like we were friends he was taking out for a spin.  It didn't feel rushed or ""canned"".  It was a little warm so we only spotted one bear, but did see lots of eagles.  It was a great experience.","Solo","0","https://media-cdn.tripadvisor.com/media/photo-o/04/25/51/4e/seawind-aviation.jpg
https://media-cdn.tripadvisor.com/media/photo-o/04/25/51/4a/seawind-aviation.jpg","Written July 5, 2013","This review is the subjective opinion of a Tripadvisor member and not of Tripadvisor LLC."
"Kevin D","https://www.tripadvisor.com/Profile/57KevinD","https://media-cdn.tripadvisor.com/media/photo-o/04/26/e1/fb/kevin-d.jpg","Charlotte, NC","5","Jul 2013","Fabulous Experience!","I was so impressed with how good this company was.  From the phone call I received as our ship arrived to the great job Steve did flying the plane, I could not have been happier.  The views are amazing!  I would get the front seat if at all possible. The view is definitely the beat from there. ","","0","","Written July 3, 2013","This review is the subjective opinion of a Tripadvisor member and not of Tripadvisor LLC."
"PamDowns","https://www.tripadvisor.com/Profile/PamDowns","https://media-cdn.tripadvisor.com/media/photo-s/06/b7/3c/73/pamdowns.jpg","Marietta, GA","5","Jun 2013 • Friends","Absolutely breathtaking scenery!","We took the flight tour of the Misty Fjords Wilderness when our cruise ship was in Ketchikan.  Lesley and her husband who own the business are wonderful to deal with.  They are both so personable and accommodating.  Our flight was on a particularly clear and beautiful day so the scenery was incredible.  My most favorite moment of our entire Alaskan cruise experience was landing in a remote lake in Misty Fjords and being able to stand on the shore in such a wild and unspoiled place.  While we were there, a loon swam by and hummingbirds circled us.  Just incredible!  I had never been in a float plane before and truly enjoyed it.  Lesley carried us back to the ship and helped us choose a lunch spot and wound up dropping us off right in front of the restaurant.   All in all a terrific experience!","Friends","0","https://media-cdn.tripadvisor.com/media/photo-o/04/1f/3d/b2/seawind-aviation.jpg
https://media-cdn.tripadvisor.com/media/photo-o/04/1f/3d/9a/seawind-aviation.jpg","Written June 30, 2013","This review is the subjective opinion of a Tripadvisor member and not of Tripadvisor LLC."
"Philip W","https://www.tripadvisor.com/Profile/philipw921","https://media-cdn.tripadvisor.com/media/photo-o/1a/f6/f0/9f/default-avatar-2020-16.jpg","Anderson, IN","5","Jun 2013 • Business","Great Company, awesome flights!","I have sent clients to Seawind ever since I've known them and they are fantastic to work with.  Leslie, who works in the office on booking, is incredibly organized and treats our guests like the special people that they are.  She also communicates well and returns calls promptly.  Steve is one heck of a pilot who is good at engaging the guests in conversation.  He knows the Misty Fiords and works his tale off trying to find wildlife and anything that will create a memorable experience for his passengers.  I have personally flown with him twice and both flights were awesome!!   I highly recommend this well run business with owners that ""take care of business"" with a positive attitude........and a sense of humor!   Philip Walker, John Hall's Alaska Tours","Business","0","https://media-cdn.tripadvisor.com/media/photo-o/04/19/d1/a0/seawind-aviation.jpg","Written June 26, 2013","This review is the subjective opinion of a Tripadvisor member and not of Tripadvisor LLC."
"NickyBridgnorth","https://www.tripadvisor.com/Profile/NickyBridgnorth","https://media-cdn.tripadvisor.com/media/photo-o/04/19/52/97/nickybridgnorth.jpg","Bridgnorth","5","Jun 2013 • Couples","book with confidence","sadly our flight was cancelled because the weather was too bad (too bumpy to be comfortable). The cancellation was handled professionally and the refund of our deposit was prompt.","Couples","0","","Written June 26, 2013","This review is the subjective opinion of a Tripadvisor member and not of Tripadvisor LLC."
"jenni_nsw","https://www.tripadvisor.com/Profile/jenni_nsw","https://media-cdn.tripadvisor.com/media/photo-o/07/10/6b/2e/jenni-nsw.jpg","Sussex Inlet, Australia","5","May 2013 • Couples","Excellent","Took the Misty Fjords tour whilst in dock on a cruise. Loved it, loved it! The family run business has a great vibe about it. Friendly and professional. The flight was sensational and my husband and I still talk in wonder about the ""infinity"" lake high up in the mountains and the waterfall falling from it. Landing on the lake and taking in the beauty of the area was an experience we won't forget. In fact it's my dream now to come and stay in one those little remote cabins by the lake. I couldn't imagine a more unique holiday! ","Couples","0","","Written June 24, 2013","This review is the subjective opinion of a Tripadvisor member and not of Tripadvisor LLC."
"JMJ3","https://www.tripadvisor.com/Profile/JMJ3","https://media-cdn.tripadvisor.com/media/photo-o/1a/f6/f0/48/default-avatar-2020-15.jpg","Orlando, FL","5","Jun 2013 • Couples","""Beautiful Alaska""","We really enjoyed our flight on the float plane.   It seemed like a dreary day but after we got up in the air it  cleared up beautifully.  The views were incredible.  Rolf, our pilot, was wonderful.  He was very informative about the area and gave us an amazing tour around the mountains and into the valley where we landed in a beautiful lake.  Leslie, who set up the tour was so sweet and met us at the port to take us to the plane. If you are prone to motion sickness I would recommend taking something for that before you go up in the air.  I am glad we splurged on this excursion as it was worth it seeing Alaska from above and within.  It really is the only way to see these areas as there are no roads for cars where we went. I would highly recommend SeaWind Aviation.","Couples","0","","Written June 22, 2013","This review is the subjective opinion of a Tripadvisor member and not of Tripadvisor LLC."
"Rebecca M","https://www.tripadvisor.com/Profile/calinurse","https://media-cdn.tripadvisor.com/media/photo-l/01/2a/fd/9c/avatar.jpg","Oakland, CA","5","Jun 2013 • Family","Don't miss this!!!!!","Words cannot do justice to this great tour and great family business!!<br /><br />From first contact via phone, Lesley Kamm was fantastic in every way: gracious, patient, fun, accommodating, extremely helpful. Finding her in person at the cruise dock was like meeting an old friend.  Nothing seems to faze her.  <br />Steve, the company's owner, was our pilot. Again, nothing but positives: with the perfect amount and tone of narration, he is also very aware and attuned to the comfort of his passengers. My grandson had a bit of ""motion sickness"" and Steve--the understanding father of three --couldn't have been nicer or more helpful. (If you are prone to motion sickness/nausea, DO sit up front with the pilot, or pre-medicate with 25 mg meclizine/bonine.)<br /><br />The plane trip itself...OMG!!!!! We had perfect weather, landed on a lake ( a bear hid from us at the lakeshore) saw mountain goats frolicking in the snow on a mountain peak. (Steve's experienced ""eagle""eyes spotted them, camouflaged against the snow.)     What a privilege to see Misty Fjords' incredible beauty like this, with a skilled pilot taking us to the perfect spots from above! Speaking of wildlife--bald eagles love to hang out at Seawind's dockside office.<br /><br />All six of our three generation family agreed: this was a phenomenal experience in our favorite port during the Inside Passage Cruise! Don't miss it!<br /><br />Note: Seawind staff --probably Lesley--picks you up, and will shuttle you back to the ship, or wherever you want. They recommended a nearby gallery and coffee shop owned by a marvelous local artist. It is in the quite side of town, and is called The Point. Going here added to our day. The Point staff  will shuttle you (free)  back to the ship or Creek Street (great local shopping area)  or wherever, after ascertaining your interests","Family","0","","Written June 19, 2013","This review is the subjective opinion of a Tripadvisor member and not of Tripadvisor LLC."
"GPcali","https://www.tripadvisor.com/Profile/GPcali","https://media-cdn.tripadvisor.com/media/photo-o/1a/f6/e6/ea/default-avatar-2020-54.jpg","Austin, TX","5","Jun 2013 • Family","Best excursion in Ketchikan, AK","Family operated business, from the moment my family and I were picked up by Seawind Aviation we knew we were in great hands. Leslie, Steve and the rest of their staff do a phenomenal job taking care of their customers. The flight seeing in Ketchikan is absolutely priceless, all six of us had window seats and the flight was absolutely breathtaking. Pilot always checking on everyone through out the duration of the flight which was still a very smooth flying experience. It's a must do in Ketchikan, not only because of the views but also because of the customer service.","Family","0","","Written June 17, 2013","This review is the subjective opinion of a Tripadvisor member and not of Tripadvisor LLC."
"STLATL","https://www.tripadvisor.com/Profile/STLATL","https://media-cdn.tripadvisor.com/media/photo-o/1a/f6/ee/10/default-avatar-2020-8.jpg","Atlanta, GA","5","Jun 2013 • Family","The kids rate this #1 of things that they did in Alaska!","After we recently returned from our Alaskan trip, I asked our kids (ages 13 & 17) what they liked best about the week long cruise and by far, they said they enjoyed our seaplane excursion into the Misty Fjords with SeaWind Aviation.  We had a great experience with Leslie in the office and Steve as our pilot.  Because there could be several ships in port on the day when you arrive, make sure that you tell Leslie which ship you are on so that she's not waiting at the wrong dock!!<br /><br />Steve knows his stuff and the things that he pointed out for us were truly breathtaking.  It's almost surreal what you are looking at.  If you get claustophobia or car sick, this may not be the best adventure for you.  I felt a little queasy at times (maybe because the trip was right after breakfast?!?!) because you do make turns and minor dips in the plane.<br /><br />We would definetly recommend using SeaWind to anyone who asks.","Family","0","","Written June 17, 2013","This review is the subjective opinion of a Tripadvisor member and not of Tripadvisor LLC."
"PlanningToGo_23","https://www.tripadvisor.com/Profile/PlanningToGo_23","https://media-cdn.tripadvisor.com/media/photo-o/1a/f6/f3/e4/default-avatar-2020-30.jpg","Raleigh, NC","5","May 2013 • Couples","Breathtaking Views, Great Company","This was one of the best things we did in Alaska. First, the customer service was excellent. I loved the family-run atmosphere.  Leslie is so friendly and really goes out of her way. Steve was a great pilot and we so enjoyed hearing a bit of local perspective. I was a little nervous about the small plane but as soon as we were in the air all that was forgotten because I was so in awe of the scenery. They have a great soundtrack that they play through the headset that really creates such a beautiful atmosphere - I definitely teared up a little. Steve landed us on a lake in the mountains and we were able to get out on a little island and take pictures.  We went in late May and were blessed with pretty good weather - not sunshine but the clouds were high so we could see a lot. I'm not sure how it would have been if it were raining. I would definitely recommend the float plane over a boat trip as the boats take a lot longer to get into the monument.","Couples","0","","Written June 8, 2013","This review is the subjective opinion of a Tripadvisor member and not of Tripadvisor LLC."
"traveler225","https://www.tripadvisor.com/Profile/traveler225","https://media-cdn.tripadvisor.com/media/photo-s/01/2e/cf/70/traveler225.jpg","North Carolina","5","May 2013 • Friends","Great Floatplane experience","Lesley was a delight to work with throughout the process!  At first the plane appeared to quite small for 6 passengers and the pilot but once inside all of us could take photos easily and hear the pilot. the take offs and landings were extremely smooth - I hardly knew we had lifted off.  the views were spectacular.  landing on the lake we got off onto a dock and were able to take in the scenery and of course take photos.  we were the only plane there for most of the time, but it was interesting to watch another plane land knowing you had just completed your landing beforehand.<br />our pilot was experienced and willing to take pictures of us all.  I would definitely recommend booking with Sea Wind Aviation.","Friends","0","https://media-cdn.tripadvisor.com/media/photo-o/04/04/b7/b4/plane-by-dock-half-way.jpg","Written June 8, 2013","This review is the subjective opinion of a Tripadvisor member and not of Tripadvisor LLC."
"JDR778","https://www.tripadvisor.com/Profile/JDR778","https://media-cdn.tripadvisor.com/media/photo-o/05/86/46/72/jdr778.jpg","Nouméa","5","Jun 2013 • Friends","Unforgettable tour at Misty Fjords","We book online for the Misty Fjords tour everything was perfect: Leslie came to pick us up at the pier, we had a wonderful tour to the fjords, even saw  2 bears walking near a lake on the way, mountain goats, eagles...it was magic ! We ""landed "" on a lake that was up a mountain, step off the seaplane for a while and continue our journey....The scenery was breathtaking ! Do not hesitate, you will love this tour with Seawind; Amazing experience, specially with the music in the headsets / micro when flying.... Thank you !","Friends","0","https://media-cdn.tripadvisor.com/media/photo-o/04/02/46/db/seawind-aviation.jpg","Written June 6, 2013","This review is the subjective opinion of a Tripadvisor member and not of Tripadvisor LLC."
"Janet W","https://www.tripadvisor.com/Profile/JanetW603","","Manchester, UK","5","May 2013 • Couples","We were on the same trip","We were on the same trip as Altamira and "" it doesn't get any better than this"" sums it up perfectly.  I can't think of anything else to add other than a big thank you to Steve and Lesley , we enjoyed every minute of our trip. Janet and Ken","Couples","0","","Written May 19, 2013","This review is the subjective opinion of a Tripadvisor member and not of Tripadvisor LLC."
"Kevin56463","https://www.tripadvisor.com/Profile/Kevin56463","https://media-cdn.tripadvisor.com/media/photo-o/1a/f6/f2/11/default-avatar-2020-23.jpg","Plano, TX","5","May 2013 • Couples","Great Experience","We took the Misty Fjord tour as part of our Alaska cruise.  Booked everything online and Leslie responded to a few emails I sent asking questions.  There was fog in the morning so they were running a bit late with the earlier tour.  My phone wasn't working so I wasn't able to call ahead, but Leslie met us at the port at the time she told us to let us know what was going on and to tell us there would be a 30 minute delay.  <br /><br />The flight itself was great.  Steve had a music playlist which was a nice touch.  He had a great tour along the way, even circled back so that people on the other side of the plane would be able to see a mountain goat he spotted.  Landing on the lake was so smooth I could barely tell we were on the water.  <br /><br />Overall this was a great tour and Steve/Leslie made the stop in Ketchikan a memorable one.","Couples","0","https://media-cdn.tripadvisor.com/media/photo-o/03/ed/7d/dc/seawind-aviation.jpg","Written May 18, 2013","This review is the subjective opinion of a Tripadvisor member and not of Tripadvisor LLC."
"Altamira01","https://www.tripadvisor.com/Profile/Altamira01","https://media-cdn.tripadvisor.com/media/photo-o/1a/f6/e2/e6/default-avatar-2020-45.jpg","Canyon Lake, TX, USA","5","May 2013 • Couples","It does not get any better than this!","We booked a Misty Fjord aerial tour with Seawind Aviation, partly based on Trip Advisor ratings and, more importantly, with correspondence and interaction with Lesley, the co-owner of Seawind Aviation.  From her initial immediate response to my questions, subsequent follow-up questions, and meeting her at the cruise dock, I was certain the excellent Trip Advisor ratings were spot on.  After picking up another two couples, we made a short trip to their seaplane and office where we met Steve, our pilot, who is Lesley's husband and Seawind's co-owner.  As a retired Air Force pilot and retired airline pilot, I have always been a bit leery of small, single engine aircraft, but after a short conversation with Steve and listening to the rythmic beat of the aircraft's engine, I knew we were in very good hands for our aerial tour of Misty Fjords.  After getting briefed and strapped in, we took off on a magically warm and sunny day for a very smooth, unforgettable and fabulous tour of the Misty Fjords Monument.  During the entire flight, Steve gave us information of what we were seeing from the air.  He landed so smoothly on one of the pristine glacial lakes that it was hard to tell when we were on the water (a perfect 10), giving us the opportunity to get out of the plane and experience the monument's natural beauty from ground level. Wow!  Steve and Lesley are a perfect team for a seaplane tour operation.  Both are very friendly, professional, and extremely competent in their respective contributions to the success of thier business.  If we return to Ketchikan, flying with them again will be my top priority. It really does not get any better than this!","Couples","0","https://media-cdn.tripadvisor.com/media/photo-o/03/ea/ce/bc/seawind-aviation.jpg
https://media-cdn.tripadvisor.com/media/photo-o/03/ea/ce/b3/seawind-aviation.jpg","Written May 16, 2013","This review is the subjective opinion of a Tripadvisor member and not of Tripadvisor LLC."
"dianne a","https://www.tripadvisor.com/Profile/diannea71","https://media-cdn.tripadvisor.com/media/photo-o/1a/f6/f0/9f/default-avatar-2020-16.jpg","Sandpoint, ID","5","Apr 2013 • Family","I didn't know a plane could land so smoothly.","Seawind's pilot, Steve, provides an impressive service. We were in Ketchikan outside of the regular tourist schedule.  Steve was happy to schedule a time that was convenient for us.  the Misty Fjords are majestic.  Steve freely shares his knowledge of the area. He and my teenagers talked comfortably.  I was a little nervous about the flying  but Steve handled the plane so smoothly, if i hadn't been watching the water I wouldn't have known we landed.","Family","0","","Written April 23, 2013","This review is the subjective opinion of a Tripadvisor member and not of Tripadvisor LLC."
"CTDesign","https://www.tripadvisor.com/Profile/CTDesign","https://media-cdn.tripadvisor.com/media/photo-f/01/26/fd/45/ctdesign.jpg","Chicago, IL","5","Aug 2012 • Family","A wonderful flight tour","We booked Seawind on the cruise dock since we were uncertain about the weather.  We were assured the views would be good at Misty Fiords, so off we went!  The shuttle to and from the float dock was quick and easy.  Our flight was everything promised.  The views from the plane were almost unbelievable.  The pilot/owner, Steve did a great job telling us about the area and answering our questions along the way.  Our brief landing inside the park provided another fantastic viewpoint of the mountains and fjords as well as a look at some widlife from the ground.  The entire flight was smooth from takeoff to landing.  It just goes to show that a cloudy day at Ketchikan doesn't mean you can't enjoy a flight tour to Misty Fiords!","Family","0","","Written April 16, 2013","This review is the subjective opinion of a Tripadvisor member and not of Tripadvisor LLC."
"Kyle E","https://www.tripadvisor.com/Profile/KyleE5","https://media-cdn.tripadvisor.com/media/photo-o/1a/f6/e7/3d/default-avatar-2020-55.jpg","Denver, CO","5","Jun 2012 • Family","Awesome experience!","We found seawind on trip advisor as i figured it would be better to book a flightseeing tour independently rather than through the cruise line. We couldnt have been more happy with our experience. Steve and Leslie were very friendly and Steve obviously has a ton of experience having grown up in the area. Flying over Misty Fjords was superb. Steve spotted a black bear andcircled it a few times so we could all see it. We landed on a small lake with a little island and had the place to ourselves. Steve took pictures for us with our cameras that we will always treasure. We went at the first of June and even got a Christmas card from them. Prices were reasonable. If we go to Ketchikan again we will certainly take another trip with Seawind. Highly recommend them as well as Alaska in general.","Family","0","","Written January 3, 2013","This review is the subjective opinion of a Tripadvisor member and not of Tripadvisor LLC."
"Bluewater_2004","https://www.tripadvisor.com/Profile/bluewater_2004","https://media-cdn.tripadvisor.com/media/photo-s/01/e7/23/b0/bluewater-2004.jpg","Niagara-on-the-Lake, Canada","5","Aug 2012 • Couples","No mist on the Fjord on our flight!","A truly amazing day!  The skies cleared after our ship docked and we had a to-the-horizon view over the mountains and pristine lakes below as well as a completely smooth flight.  Steve was great - as was his wife, Lesley, when I called to reserve.  Besides saving money compared to the cruise ship excursion cost, we felt we couldn't have been in better hands or with a nicer person than Steve.  He tried his best to find grizzlies for us and although there were none to be seen that day he did circle a mountaintop to show us mountain goats grazing on the grass.  Our excursion set the standard pretty high right at the start of our trip!","Couples","0","https://media-cdn.tripadvisor.com/media/photo-s/03/03/0b/2c/seawind-aviation.jpg
https://media-cdn.tripadvisor.com/media/photo-s/03/03/0b/13/seawind-aviation.jpg
https://media-cdn.tripadvisor.com/media/photo-s/03/03/0a/f9/seawind-aviation.jpg
https://media-cdn.tripadvisor.com/media/photo-s/03/03/0a/db/seawind-aviation.jpg
https://media-cdn.tripadvisor.com/media/photo-s/03/03/0a/a9/seawind-aviation.jpg","Written October 26, 2012","This review is the subjective opinion of a Tripadvisor member and not of Tripadvisor LLC."
"DAVID A","https://www.tripadvisor.com/Profile/404DAVIDA","https://media-cdn.tripadvisor.com/media/photo-o/1a/f6/ee/db/default-avatar-2020-10.jpg","Denver, CO","5","Sep 2012 • Family","An outstanding experience","We were absolutely thrilled by the float plane experience afforded us by SeaWind!  We were also blessed with crystal blue skies and smooth air, something that does not come along every day and more than ""doubled our fun!""  Over the magnificent scenery of Misty Fjords national monument we spotted orca whales, mountain goats, and hunters we spotted.  We most heartily recommend SeaWind to others.  The entire staff went out of their way to make our visit special.","Family","0","","Written October 8, 2012","This review is the subjective opinion of a Tripadvisor member and not of Tripadvisor LLC."
"Scott N","https://www.tripadvisor.com/Profile/ScottN615","https://media-cdn.tripadvisor.com/media/photo-o/1a/f6/f1/b8/default-avatar-2020-22.jpg","Yorba Linda, CA","5","Aug 2012 • Family","Incredible views!","Our family recently took a trip with Seawinds and were very impressed with not only the sights, but the customer service as well. Steve and Lesley were great to work with and very friendly. Steve was an amazing pilot who offered a lot of information about what we were seeing. We landed on a remote lake and were able to get out and take some incredible pictures. We can't say enough great things about this company and we thank them for a memorable trip!","Family","0","https://media-cdn.tripadvisor.com/media/photo-s/02/eb/b2/f0/seawind-aviation.jpg","Written September 29, 2012","This review is the subjective opinion of a Tripadvisor member and not of Tripadvisor LLC."
"BEC308","https://www.tripadvisor.com/Profile/BEC308","https://media-cdn.tripadvisor.com/media/photo-o/04/25/4b/31/bec308.jpg","Tucson, AZ","5","Sep 2012 • Couples","How to Beat Cruise Line Costs for Shore Excursions!","First, you need to be flexible.  We wanted to fly seaplane but not pay the big bucks charged by Holland American.  Their cost was $250 for 1 and 1/2 hour ride.  We waited till we docked and then saw it was sunny.  We went several blocks and a promoter asked if we wanted to fly.  The cost was $180 per person for same trip.  <br /><br />We flew by SeaWind Aviation.  They were great and personable.  We will call them directly next time for even better deal (877-225-1203).  Ask for Steve's wife, Lesley.  She will book for you.  They were a great team.  Steve is a very knowledgable pilot and gives a great tour.  We saw whales, mountain goats, bald eagles, and bear tracks.  We landed on a remote lake and got priceless photos.<br /><br />We haven't tried all excursions but this should be a no brainer way to save money.","Couples","0","","Written September 23, 2012","This review is the subjective opinion of a Tripadvisor member and not of Tripadvisor LLC."
"LoveTravelling-JB","https://www.tripadvisor.com/Profile/LoveTravelling-JB","https://media-cdn.tripadvisor.com/media/photo-o/08/16/81/96/lovetocruise2009.jpg","Loudon, TN","5","Aug 2012 • Friends","Misty Fjords National Monument – Fabulous Flightseeing Tour!!","Date Visited:  August 2012<br /><br />I cannot say enough wonderful things about SeaWind Aviation and its owners, Steve and Lesley.  From my first phone conversation with Lesley, I knew this was going to be an incredible tour.  Their customer service and professionalism is unsurpassed.  <br /><br />We were very fortunate that the weather was perfect the day of our tour.  When we arrived in Ketchikan, we were met at the designated location by the pier and driven to SeaWind’s office which was located about a mile from the port.  Steve was our pilot and his years of flying experience were obvious.  Our takeoff, landing and the flight itself was smoother than any of our past small plane experiences.  During the flight, Steve provided us with great commentary on the history of the many areas within the Fjords.  His extensive knowledge is quite impressive.<br /><br />The Misty Fjords are incredible….  Truly a scenic wonder!!  We marveled at the many waterfalls, lakes, mountains, fauna and wildlife.  Landing the plane on a remote lake in the Fjords was awesome!  It provided us the opportunity to step out into some of the most beautiful surroundings imaginable.  <br /><br />This trip was absolutely well worth the price.  A price, I might add, that is significantly less than the cost of tours offered by the cruise lines!","Friends","0","","Written September 18, 2012","This review is the subjective opinion of a Tripadvisor member and not of Tripadvisor LLC."
"Chelseajoy","https://www.tripadvisor.com/Profile/Joymac","https://media-cdn.tripadvisor.com/media/photo-o/01/e4/24/67/joymac.jpg","London","2","Aug 2012 • Couples","Last minute let down.","As part of our August 2012 Alaska cruise itinery, I booked a trip with Seawind Aviation in April after having read good reviews. <br />Seawind arranged to pick us up when the cruise docked in Ketchikan. Although their office had our mobile tel. number and also knew which cruise ship we were on, they failed to give us advance warning that they had cancelled our trip because of an apparent 'last minute technical problem'. <br />The first time we knew about being let down was when their van arrived at the dock and the lady driver gave us the bad news.  She did not seem too concerned and in my opinion could have been a bit more understanding and apologetic.  <br />She said that she would try to get us booked with an alternative provider.  After a short while, she managed to get us booked for a later trip that day with Mountainair.  This was the best thing that came out of this whole bad experience, as Mountainair certainly were a more professional company and I would have no hesitation in recommending them.","Couples","0","","Written September 4, 2012","This review is the subjective opinion of a Tripadvisor member and not of Tripadvisor LLC."
"No name","https://www.tripadvisor.com/Profile/Lovinglife4996","https://media-cdn.tripadvisor.com/media/photo-o/1a/f6/df/2b/default-avatar-2020-39.jpg","CT","5","Aug 2012 • Family","Ketchikan Misty Fjords Tour","Our family of five booked this excursion 8 months prior to our Alaskan cruise.  We were able to get a discount booking so far in advance which made it feasible.  I emailed Leslie with numerous questions prior to booking this excursion, and Leslie couldn't have been more pleasant and patient to deal with.  We called from the pier after arriving in Ketchikan since our ship arrived over an hour later than expected.  Our tour time needed to be rescheduled which required several phone calls, but Leslie accommodated us within the hour after rearranging her schedule and we explored Creek St.  We were picked up at the Liquid Sunshine Guage, a short walk from the ship, and driven by van a short distance to their pier.  Leslie's husband, Steve, our private pilot greeted us there and assisted us to board the plane. He explained that he had been a commercial pilot for years before starting his own business.  Everyone had a window and we alternated the front seat.  Taking off and landing in the water was an awesome experience.  We all wore headphones which allowed Steve to point out sights along the way, and allowed us to ask him any questions we had.  We flew around beautiful Misty Fjord and landed in a valley where Steve took pictures of us and let us explore for approximately 15 minutes.  Steve was great at pointing out plenty of mountain goats on our return to Ketchikan.  It was wonderful to experience the difference of Misty Fjords from the air since we had experienced Tracy Arm Fjord from a ship while in Juneau.  We highly recommend this excursion.","Family","0","","Written September 3, 2012","This review is the subjective opinion of a Tripadvisor member and not of Tripadvisor LLC."
"psponhei","https://www.tripadvisor.com/Profile/psponhei","https://media-cdn.tripadvisor.com/media/photo-o/1a/f6/f1/42/default-avatar-2020-20.jpg","","5","","Dependable Class Act","Weather conditions were not favorable for our much anticipated flight into Misty Fjord.  Bright spot in our day was Seawinds ongoing communications in monitoring conditions.  While we waited Leslie provided a number of suggestions for making the most of our time in Ketchikan. Never got off the ground on that rainy, miserable day, but with her help it was not a total washout.  <br /><br />Sorry to have missed out on this opportunity, but thankful to have booked with a responsible and professional company.","","0","","Written August 25, 2012","This review is the subjective opinion of a Tripadvisor member and not of Tripadvisor LLC."
"rocketman51","https://www.tripadvisor.com/Profile/rocketman51","https://media-cdn.tripadvisor.com/media/photo-o/08/89/60/31/rocketman51.jpg","Miami","5","Jul 2012 • Couples","Highly recommend this","Steve and Lesley are everything everyone described before me.  It is worth every penny and I strongly encourage you to do this trip.    We booked directly with Lesley instead of the cruise ship and they exceeded our expectations. You feel like you are flying with family!","Couples","0","","Written August 18, 2012","This review is the subjective opinion of a Tripadvisor member and not of Tripadvisor LLC."
"laxagjc","https://www.tripadvisor.com/Profile/laxagjc","https://media-cdn.tripadvisor.com/media/photo-o/1a/f6/e8/ea/default-avatar-2020-63.jpg","California","5","Aug 2012 • Family","A great way to see the area - be aware of weather.","Our family took the floatplan tour to the Misty Fjord and had a great time.  Booked this tour outside the Cruise and saved a lot of money.  Seawind and their pilot deserve the full 5 stars rating, but be aware of the impact weather conditions could have on your tour.  These are the Misty Fjords for a reason, and when there are low clouds and fog they can be a bit too misty.  The pilot took us to very pretty areas, but was limited to where we could go by the low cloud ceiling. <br />  <br />We did have a great flight and would recommend Seawind tours to anyone who visits Ketchikan.  Just keep in mind that it rains a lot in Ketchikan (which makes the area beautiful) and the clear blue sky pictures in all the tour brochures may not be there the day you visit.  Either way the area is still beautiful by air.","Family","0","https://media-cdn.tripadvisor.com/media/photo-s/02/c0/e9/d8/seawind-aviation.jpg","Written August 16, 2012","This review is the subjective opinion of a Tripadvisor member and not of Tripadvisor LLC."
"JnJTrips","https://www.tripadvisor.com/Profile/JnJTrips","https://media-cdn.tripadvisor.com/media/photo-o/1a/f6/e5/66/default-avatar-2020-53.jpg","Friendsville, TN","5","Jul 2012 • Family","Great Experience and People","A highlight of our trip to Alaska was flightseeing with Steve of SeaWind Aviation.  We chose SeaWind instead of the cruiseship's tour and were delighted with our decision.  Our family of 7 including 5 kids (ages 10-18) were given a flight of a lifetime and benefited greatly from Steve's years of experience and familiarity with the majestic Misty Fjords area.  We had close up views of a bear in the grass, numerous mountain goats in the snow, lakes, waterfalls and fauna.  Steve was an excellent pilot and guide and provided us with many interesting details or the geography and history of the area.  The landing on a pristine lake and view of a family of six furry friends playing in the water nearby will remain in our memories for years to come. Steve's wonderful wife Leslie who was so friendly and helpful on the phone led us to book with Seawind in the first place. She was an excellent ambassador not only for Seawind but also for Ketchikan and was incredibly kind and helpful to us for our other activities there.  We cannot say enough good things about Seawind.  The trip was worth every penny.","Family","0","","Written August 10, 2012","This review is the subjective opinion of a Tripadvisor member and not of Tripadvisor LLC."
"Jim L","https://www.tripadvisor.com/Profile/JFL1959","https://media-cdn.tripadvisor.com/media/photo-o/04/31/90/f1/jfl1959.jpg","Floral Park, NY","5","Aug 2012 • Friends","Traitors Cove Bears!","Great trip given by some fun guys! Our Bear guide was a cool dude who made our trip very fun! The bears cooperated and we saw many many bears!<br />The flight was awesome and Steve is a great pilot. Traitors Cove is very scenic and beautiful.","Friends","0","","Written August 9, 2012","This review is the subjective opinion of a Tripadvisor member and not of Tripadvisor LLC."
"Michael B","https://www.tripadvisor.com/Profile/123MichaelB","https://media-cdn.tripadvisor.com/media/photo-s/02/ba/37/53/michael-b.jpg","Lumberton, New Jersey, United States","5","Aug 2012 • Couples","Misty Fjords + Seawind Aviation = Breathtaking Tour","I took my wife on an Alaskan Cruise to celebrate her Big 5-0.  We've been on several cruises before, but this was hands down the best ever!  We took a helicopter out to the Mendenhall Glacier in Juneau, road the White Pass Summit and Yukon Railroad in Skagway, got rained on in Icy Strait Point (big surprise there!), and the highlight of the trip was the Misty Fjords National Monument flight with pilot Steve Kamm and Seawind Aviation!  What a SPECTACULAR flight...the scenery was absolutely breathtaking!  <br /><br />I have to admit, I was a bit nervous...never been a fan of small planes...and to intentionally get into one that was going to take off and land in water was mind boggling!  However, Steve is a real pro...the takeoff and landing was smoother than any plane I've ever been on...and I would fly with him again without hesitation.<br /><br />Misty Fjords is simply an incredible experience, and the only way to truly experience this scenic gem is by seaplane.  Steve provided great commentary and displayed his knowledge of the area, showed us all the sights including waterfalls and wildlife, and the water landing on the remote lake was just fantastic.  Steve spotted a brown bear from the air, and landed the plane on the lake, turned off the engines, and paddled the plane real close to shore to keep from scaring the bear away, and we got an up close and personal view of a brown bear in his natural environment.  Tremendous photo and video opportunity!<br /><br />For those of you considering a Misty Fjords flightseeing tour, do yourself a favor...don't get ripped off by the cruise lines...book directly with Seawind.  I called one night while I was out taking my dog for his evening stroll and spoke to Steve's wife Lesley.  She answered all of my questions, and even gave me a military discount (I'm an Air Force vet).  Seawind's prices are lower than their competitors...and WAY cheaper than the cruise line rates...and the deal was sweetened by the additional military discount.  By the time I got back from the walk I had an email confirmation with all information, time, date, etc..  Once we arrived in Ketchikan, we were met at the pier and driven over to Seawind's office...less than 1 mile from the cruise ship dock...and before you knew it, we were zooming over the Misty Fjords National Monument!  What an adventure...the highlight of our trip...and absolutely worth every penny!!!","Couples","0","","Written August 8, 2012","This review is the subjective opinion of a Tripadvisor member and not of Tripadvisor LLC."
"Annette C","https://www.tripadvisor.com/Profile/50anncerCOA","https://media-cdn.tripadvisor.com/media/photo-m/1280/16/81/6d/5c/50anncercoa.jpg","Merrimack, NH","5","Jul 2012 • Family","An Alaskan Highlight","Planning for our July trip to Alaska we sought lots of advice from friends etc. A relative highly recommended that we take a seaplane ride over the Fjords. The company he recommended was sold out so I began my own research. Much thanks to Trip Advisor I was able to find this most professional company, SeaWind Aviation.  We loved dealing with this family run operation.  Leslie was so wonderful to work with i.e. returning calls even from her child's ball game!  Steve, her husband and pilot, is a class act. Professional, witty, skilled and informative. We saw beautiful scenery all around us and then to top it off Steve found a blond grizzly bear and circled a few times for us to see it.  Very cool.  This is an excursion you will remember forever.  Thank you SeaWind.","Family","0","https://media-cdn.tripadvisor.com/media/photo-s/02/b8/e7/1b/seawind-aviation.jpg
https://media-cdn.tripadvisor.com/media/photo-s/02/b8/e7/15/seawind-aviation.jpg","Written August 7, 2012","This review is the subjective opinion of a Tripadvisor member and not of Tripadvisor LLC."
"ajespana","https://www.tripadvisor.com/Profile/ajespana","https://media-cdn.tripadvisor.com/media/photo-o/1a/f6/e7/99/default-avatar-2020-57.jpg","Chicago, Illinois","5","Jul 2012 • Couples","Breathtaking Tour, Highlight of our Trip!","When our friends and family ask us what the best part of our trip to Alaska was, we tell them the SeaWind float plane over Misty Fjords.  I was a little apprehensive about the tiny plane, so I took a small dose of Valium to help me remain calm.  There really isn't time to think about that because you board that plane quickly and immediately after, you take off!  The music soundtrack paralleled the unbelievable views. We had clear skies and a smooth flight.  Steve took us to a remote lake and then over some peaks to see mountain goats. It was just unreal and everyone should put this on their bucket list!  Also, take a video while you are up in the air.  What a keepsake!  We booked online without the Cruise ship's tour. We saved about $50 per person too. Do this and do it with SeaWind and you won't regret it!","Couples","0","https://media-cdn.tripadvisor.com/media/photo-s/02/b2/9e/0b/filename-seattle-alaska.jpg
https://media-cdn.tripadvisor.com/media/photo-s/02/b2/9d/f5/filename-seattle-alaska.jpg
https://media-cdn.tripadvisor.com/media/photo-s/02/b2/9d/d7/filename-seattle-alaska.jpg
https://media-cdn.tripadvisor.com/media/photo-s/02/b2/9d/bf/filename-img-0041-jpg.jpg","Written July 30, 2012","This review is the subjective opinion of a Tripadvisor member and not of Tripadvisor LLC."
"CapeTownPhilip","https://www.tripadvisor.com/Profile/CapeTownPhilip","https://media-cdn.tripadvisor.com/media/photo-s/02/a9/de/3b/capetownphilip.jpg","cape town","5","Jun 2012 • Friends","Service and experience par excellance","Seawind Aviation is a family run seaplane operation in Ketchican.<br />We were a group of 6 friends that did their Misty Fjords Flight on 29 June 2012.<br />Adam spoiled us with spectacular views of the fjords, forests, water falls, lakes, etc.<br />The waterlanding on a remote lake and the scienery were awesome.<br />Steve joined us on the lake with another group of tourists in their  second Bear De Havilland sea plane.<br />These flights are suitable for young and old.<br />I can honestly recommend Seawind Aviation without hesitation.<br />Bookings and reservations as handled by Lesley was very professional and a pleasure.<br />Their shuttle service from the cruise port, office, sea plane dock and sea planes are immaculate.<br />Pilots Steve and Adam are excellent aviators and guides.<br />The cap, t-shirts and golf shirts on sale are very cool.<br />Take the plunge and fly the Misty Fjords!<br /><br />Warm regards<br />Philip Henning<br />Cape Town  South Africa","Friends","0","https://media-cdn.tripadvisor.com/media/photo-s/02/a3/2b/14/filename-a8-jpg-thumbnail0.jpg
https://media-cdn.tripadvisor.com/media/photo-s/02/a3/2b/06/filename-c61-jpg-thumbnail0.jpg
https://media-cdn.tripadvisor.com/media/photo-s/02/a3/2a/fc/filename-c49-jpg-thumbnail0.jpg
https://media-cdn.tripadvisor.com/media/photo-s/02/a3/2a/f0/filename-c27-jpg-thumbnail0.jpg","Written July 18, 2012","This review is the subjective opinion of a Tripadvisor member and not of Tripadvisor LLC."
"N R","https://www.tripadvisor.com/Profile/171NR","https://media-cdn.tripadvisor.com/media/photo-o/1a/f6/eb/e3/default-avatar-2020-59.jpg","Tucson, AZ","5","Jul 2012 • Couples","Exceptional--worth every penny!!","On previous cruises, we always booked our excursions through the cruise line.  With sites like TripAdvisor, we felt comfortable discovering our own excursions.  All were great!<br /><br />This was the most expensive excursion we've ever done.  It was a lot of money for us... but WORTH EVERY PENNY!!  As a previous reviewer mentioned, flying through the Misty Fjord was SUREAL... it's undescribable... beautiful!!<br /><br />Adam was our pilot, and he was excellent.  We didn't even feel the take-off and the landing was very smooth.  He did a great job narrating the whole flight.  You can ask questions via the headsets.  The soundtrack/music in the background over the headset was perfect too.<br /><br />Adam landed on a beautiful lake and we spent some time on a tiny island just surrounded by Alaskan beauty and majesty!<br /><br />You simply must do this!","Couples","0","","Written July 13, 2012","This review is the subjective opinion of a Tripadvisor member and not of Tripadvisor LLC."
"grand dutchess","https://www.tripadvisor.com/Profile/granddutchess","https://media-cdn.tripadvisor.com/media/photo-o/1a/f6/eb/e3/default-avatar-2020-59.jpg","","5","Jun 2012 • Couples","Awe inspiring flight of the Misty Fjord","I had booked this excursion prior to leaving for our Alaskan cruise.  Lesley was very helpful with planning and answering all of my questions.  Upon arriving at the port we were picked up and taken to the Seawind Aviation Office.  Lesley met us there and was very personable.  Adam was to be our pilot for this tour.  This was one of the best tours we did during the entire cruise.  Flying in the seaplane was surreal.  The beauty of the area and the Misty Fjord was awe inspiring. Adam was narrating the entire time about the fjord and various lakes.  We were able to land on a lake and get out for some pictures.  We then took off and headed back.  Scenery, scenery, scenery.  Do this tour you will not regret it.","Couples","0","","Written July 11, 2012","This review is the subjective opinion of a Tripadvisor member and not of Tripadvisor LLC."
"icequeen813","https://www.tripadvisor.com/Profile/icequeen813","https://media-cdn.tripadvisor.com/media/photo-s/01/ee/1b/14/icequeen813.jpg","florida","5","Jul 2012 • Couples","July 4th with Seawind Aviation","3 weeks prior to our Alaskan cruise, realized we hadn't booked a flight seeing excursion. I called Seawind Aviation and booked Misty Fjords excursion. This was the highlight of our cruise. Steve & Lesly Kamm were very accomodating to arrange this flight on short notice and around their family Holiday plans. Steve, a 4th generation bush pilot, with 20,000 hrs. plus flight time; gave us an incredible flight to take in the scenery and wildlife (did see a bear and numerous mountain goats!)<br />Seawind is a definite must if considering float plane excursion in Ketchikan!","Couples","0","https://media-cdn.tripadvisor.com/media/photo-s/02/9c/5b/34/filename-img-20120704.jpg","Written July 9, 2012","This review is the subjective opinion of a Tripadvisor member and not of Tripadvisor LLC."
"dreamstobeanurse","https://www.tripadvisor.com/Profile/dreamstobeanurse","https://media-cdn.tripadvisor.com/media/photo-o/1a/f6/f4/d0/default-avatar-2020-33.jpg","Atlanta, GA","5","Jul 2012 • Family","Highlight of our trip","There are no words to describe how wonderful this trip was. Seeing the beauty of Alaska from this small floatplane was magical. Our pilot, Steve, is a native of Ketchikan and knows the area well. His wife, Lesley, was so friendly and helpful during our booking process. The entire experience is one my family will never forget. Hopefully Max, the family's golden retriever, will be out fetching logs in the water while you wait! Don't hesitate to go with SeaWind. We certainly will if we are able to make it back!","Family","0","","Written July 9, 2012","This review is the subjective opinion of a Tripadvisor member and not of Tripadvisor LLC."
"jayisgerman","https://www.tripadvisor.com/Profile/jayisgerman","https://media-cdn.tripadvisor.com/media/photo-s/01/c3/04/7f/jayisgerman.jpg","Simi Valley, CA","5","Jun 2012 • Couples","Beautiful!","OK, so I was a big chicken....swore I would never, ever, ever get into such a small plane.  Well, I did not want to pass up such an opportunity and Lesley was a wonderful ""guidance counseler""  :-) and helped me through the reservation and every step along the way (incl a can of ginger ale for the ride).<br /><br />We got promptly picked up at the pier and were shuttled off to the dock.  I got a little queezy, but eventually all that settled and I was able to really enjoy the wonderful nature.  We saw a couple bears, had a landing on a lake and saw more eagles, too.<br /><br />Our pilot was Captain Adam and he was very nice.  We wish sincerely that we can come back some time and have a longer visit.  We loved Ketchikan, rain and all.  Thank you Lesley and SeaWind Aviation!","Couples","0","","Written July 9, 2012","This review is the subjective opinion of a Tripadvisor member and not of Tripadvisor LLC."
"atluris","https://www.tripadvisor.com/Profile/atluris","https://media-cdn.tripadvisor.com/media/photo-o/1a/f6/f2/59/default-avatar-2020-24.jpg","Visakhapatnam, India","4","","Excellent trip to Misty Fjords","We are a group of 6 and booked the float plane exclusively for our selves. Lesley was in contact with us from the day before and we did not have any doubts or hesitation regarding where and when we are going to be picked up. The flight to Misty Fjords was fabulous and we saw some wonderful sceneries.It was a feast to the eyes. We really enjoyed the float plane ride. The flight was smooth, comfortable and enjoyable.Steve is an excellent pilot and made us comfortable throughout the flight.","","0","","Written July 4, 2012","This review is the subjective opinion of a Tripadvisor member and not of Tripadvisor LLC."
"jnmanke","https://www.tripadvisor.com/Profile/jnmanke","","Eagle, WI","5","Jun 2012 • Family","Expectation exceeded","My husband, daughter and I booked Seawind Aviation after much searching on the web for excursions in Ketchikan. Tripadvisor reviews were all excellent for the Misty Fjords Tour.  We were looking forward to it and were extremely happy with our decision.  The experience exceeded our expectaions.  The scenery was incredible. Waterfalls galore!  <br />Steve and his wife were friendly, helpful, and honest.  They answered all my questions before I booked with them.","Family","0","","Written June 28, 2012","This review is the subjective opinion of a Tripadvisor member and not of Tripadvisor LLC."
"Phil A","https://www.tripadvisor.com/Profile/PhilA618","https://media-cdn.tripadvisor.com/media/photo-o/1a/f6/df/2b/default-avatar-2020-39.jpg","Lubbock, TX","5","Jun 2012 • Family","OUTSTANDING flightseeing excusion","My wife, myself, and our two 11 yr. old granddaughters recently took the Misty Fjords Tour with SeaWind Aviation out of Ketchikan.  Steve Kamm, owner & pilot, provided a wonderful flight for us all.  The flight through Misty Fjords was breathtaking.  At on point, Steve spotted a mother bear & cub in a meadow near a lake in the wilderness.  We landed nearby and were able to take pictures & enjoy the experience.<br />Steve is a wonderful pilot; a family man with three daughters; and very knowledgeable of the area.  The float plane was well-maintained.  I highly recommend this company.","Family","0","","Written June 13, 2012","This review is the subjective opinion of a Tripadvisor member and not of Tripadvisor LLC."
"stlrod","https://www.tripadvisor.com/Profile/stlrod","https://media-cdn.tripadvisor.com/media/photo-o/1a/f6/e7/7b/default-avatar-2020-56.jpg","Belleville, IL","5","Jun 2012 • Couples","Wow!  The Highlight of Our Alaskan Trip","Family-owned and top notch in every way. Cannot say enough about the quality of the experience they offer. We had not planned on taking this tour but the guys on the dock told one of our companions they would make us a great deal if all 6 flew. My wife and I toured Ketchikan and kept saying we ought to do that.  Eventually, we decided to and just the two of ended up flying (so the deal wasn't quite as good but still better than the ship.)  This experience was truly the highlight of our trip (and we even used another flightseeing company to land at Base Camp in Deanli.)  Steve is firendly and seems knowledgeable.  When he spotted a couple of bears near a lake, he didn't hesitate to land closer for a better view.  Thanks!","Couples","0","https://media-cdn.tripadvisor.com/media/photo-s/02/84/97/ea/filename-alaska-165-jpg.jpg
https://media-cdn.tripadvisor.com/media/photo-s/02/84/97/e0/filename-alaska-146-jpg.jpg","Written June 12, 2012","This review is the subjective opinion of a Tripadvisor member and not of Tripadvisor LLC."
"RoamingStamper","https://www.tripadvisor.com/Profile/RoamingStamper","https://media-cdn.tripadvisor.com/media/photo-s/01/8b/d4/26/roamingstamper.jpg","Arlington, TX","5","May 2012 • Couples","Couldn't have been better!","We researched quite a few companies before deciding on SeaWind aviation for our Ketchikan excursion.  Steve and Lesley were awesome hosts and we had the most amazing day.  I'll admit I was pretty nervous about going up in a plane despite the company's excellent reputation and the fact that my pilot husband was along.  I couldn't believe how smooth the take off and landings were and how much fun I had.  Beautiful scenery and awesome customer service made this the tour of a lifetime.  You will not be sorry booking with this company, they are awesome!","Couples","0","https://media-cdn.tripadvisor.com/media/photo-s/02/82/e0/bc/filename-ketchikan-6.jpg
https://media-cdn.tripadvisor.com/media/photo-s/02/82/e0/b8/filename-ketchikan-5.jpg
https://media-cdn.tripadvisor.com/media/photo-s/02/82/e0/b6/filename-ketchikan-4.jpg
https://media-cdn.tripadvisor.com/media/photo-s/02/82/e0/b5/filename-ketchikan-3.jpg
https://media-cdn.tripadvisor.com/media/photo-s/02/82/e0/b4/filename-ketchikan-2.jpg
https://media-cdn.tripadvisor.com/media/photo-s/02/82/e0/b3/filename-ketchikan-1.jpg","Written June 9, 2012","This review is the subjective opinion of a Tripadvisor member and not of Tripadvisor LLC."
"SaBen43501","https://www.tripadvisor.com/Profile/SaBen43501","https://media-cdn.tripadvisor.com/media/photo-o/1a/f6/f1/b8/default-avatar-2020-22.jpg","Saint Paul, MN","5","Jun 2012 • Couples","friendly and professional","This was a well organized expedition.  Lesley and Steve were very friendly.  After being picked up promptly by a van to go to the floatplane dock close by, we arrived to homemade pastry made by Lesley.  I am not a fan of small planes, but felt very safe in the plane and thoroughly enjoyed the flight with its magnificent views.  Steve is a native Alaskan and has been flying for years.  He is knowledgeable, but best of all has a great sense of humor.  I would highly recommend this tour.","Couples","0","","Written June 9, 2012","This review is the subjective opinion of a Tripadvisor member and not of Tripadvisor LLC."
"Kirkhalpern","https://www.tripadvisor.com/Profile/Kirkhalpern","https://media-cdn.tripadvisor.com/media/photo-o/1a/f6/e9/ef/default-avatar-2020-66.jpg","Atlanta, GA","5","","Husband and wife team allow you to customize your trip","Lesley and Steve Kamm run a wonderful operation with Leslie handling the reservations and Steve flying the plane.  The plane usually holds 6 passengers.  Lesley agreed for an upcharge for me to<br />book out the plane for my family of four.  <br /><br />We were promptly picked up and taken on a 5 minute van ride to the plane. The plane took off right away.  No waiting time. <br /><br />Take off was smooth.  The plane ride was enjoyable.  Steve was knowledgeable.  We felt safe throughout the flight.  <br /><br />I highly recommend this company.  ","","0","","Written June 1, 2012","This review is the subjective opinion of a Tripadvisor member and not of Tripadvisor LLC."
"bulldurham70","https://www.tripadvisor.com/Profile/bulldurham70","https://media-cdn.tripadvisor.com/media/photo-s/02/f0/50/d8/bulldurham70.jpg","Smithville, TN","5","Jun 2011 • Couples","Float plane ride to Misty Fjords","The flight with Steve to Misty Fjords was the greatest experience a person could ever ask for. Steve and Lesley are the most gracious host we have ever had on our many trips.<br />If you are planning a trip to Ketchikan,Ak I would strongly recommend SeaWind aviation for my number one adventure.","Couples","0","","Written May 30, 2012","This review is the subjective opinion of a Tripadvisor member and not of Tripadvisor LLC."
"1fooler","https://www.tripadvisor.com/Profile/1fooler","https://media-cdn.tripadvisor.com/media/photo-o/1a/f6/f1/79/default-avatar-2020-21.jpg","York, ME","5","Jan 2012 • Couples","Great Time in Ketchikan","We recently visited Ketchikan and opted for a floatplane excursion with Seawind Aviation. It was the best decision of our entire trip. Lesley met us as we got off our ship and took us to meet Rick  who they recommended for a bit of salmon fishing before our 11am flight. It was great. Rick took us out on his recently repowered boat and proceeded to take us where the salmon were to be found. He also handled taking our fish for processing and shipping. You couldn't ask for more as Rick told us about the history of Ketchikan and many important aspects of daily life there. <br />We arrived for our flight right on time and met up with Steve, Lesley's husband. We were off for my wife's first flight in a smaller plane. She loved it. There were great photo op's with whales and bears not in short supply. The scenery was second to none with Steve providing us a very safe and exciting trip. My wife couldn't stop smiling. <br />Forget the cruise line overpriced tours and contact Steve and Lesley. You won't regret the decision.<br /><br />Ray and Carol    May 20, 2012","Couples","0","","Written May 29, 2012","This review is the subjective opinion of a Tripadvisor member and not of Tripadvisor LLC."
"ViRoyGo","https://www.tripadvisor.com/Profile/ViRoyGo","https://media-cdn.tripadvisor.com/media/photo-o/1a/f6/f0/d5/default-avatar-2020-17.jpg","","5","May 2012 • Friends","Small outfit... EXCELLENT Service.","GREAT Float Plan excurision into the Misty Fiords.<br />Small Mom&Pop operation well worth the experience.","Friends","0","","Written May 16, 2012","This review is the subjective opinion of a Tripadvisor member and not of Tripadvisor LLC."
"NLMM","https://www.tripadvisor.com/Profile/NLMM","https://media-cdn.tripadvisor.com/media/photo-o/1a/f6/e8/ea/default-avatar-2020-63.jpg","Cape Town","5","Jul 2011","SeaWind Aviation - a memorable experience!!","After a telephonic booking which linked us in South Africa with Lesley in Alaska, we had a gut feeling that booking a trip with SeaWind Aviation would be right.   We weren't wrong!   Lesley has to be one of the nicest people we have ever met.  Over the phone, she answered all our questions with such friendliness that when we finally got to meet her, I felt as if I knew her already.<br /><br />We took the trip to Traitor's Cove early in the season and had been warned by Steve and Lesley that we may not see any bears.   Naturally, this was our main reason for the trip but we were also content to experience a floatplane trip, some amazing scenery and meet an Alaskian family.   The floatplane trip was as smooth as any other flight I've taken, the scenery was absolutely breathtaking, the Alaskian family didn't disappoint and nor did the bears who decided to come out of hiding during our particular trip and take a stroll up the river in search of the elusive Salmon.    Seeing these awesome creatures in their natural habitat was phenomenal and we felt fortunate to have had this experience - especially knowing that Steve and Lesley's only job was to get us there and as explained by them, they have little control over whether or not the bears would show.  But they did and Steve and Lesley were just as excited as we were.  I know that they would have shared our disappointment too had we not seen anything.   <br /><br />I would highly highly recommend a trip with SeaWind Aviation.  The booking was 100% smooth, they provided us with clear instructions as to the procedure when we arrived in port and where prompt in collecting us.  In addition, we felt completely safe traveling with our 3 year old, 9 year old and 11 year old children.  And if I haven't already made the point, Steve and Lesley are the kind of people you would like to make friends with!","","0","https://media-cdn.tripadvisor.com/media/photo-s/02/30/1a/c3/seawind-aviation.jpg
https://media-cdn.tripadvisor.com/media/photo-s/02/30/0b/a3/awesome-views.jpg
https://media-cdn.tripadvisor.com/media/photo-s/02/30/0b/a2/little-person-up-front.jpg","Written November 10, 2011","This review is the subjective opinion of a Tripadvisor member and not of Tripadvisor LLC."
"Mike D","https://www.tripadvisor.com/Profile/503MikeD","https://media-cdn.tripadvisor.com/media/photo-o/05/53/3d/cd/mike-d.jpg","Warrenton, OR","5","Sep 2011 • Couples","Sea Wind and Steve are your best bet for a fabulous ALASKA adventure!","In one amazing hour with Steve at SeaWind Aviation we saw more of Alaska than we did in a week onboard the ship.  Majestic fjords, beautiful lakes, soaring mountains, bears, sheep, deer, eagles - we saw it all in one fantastic flight!  All while Steve regaled us with great stories of  his many, many years flying in Alaska.  HIs cool plane is clean, comfortable and very, very safe inspiring confidence the moment you climb aboard - confidence that grows when that big ole radial engine roars to life!  Do not go to Alaska without experiencing ALASKA with SeaWind!","Couples","0","","Written October 21, 2011","This review is the subjective opinion of a Tripadvisor member and not of Tripadvisor LLC."
"Aleida W","https://www.tripadvisor.com/Profile/AleidaW","https://media-cdn.tripadvisor.com/media/photo-o/1a/f6/e7/3d/default-avatar-2020-55.jpg","Raymond Terrace, Australia","5","Aug 2011","An experience not to be missed with a company you can trust.","My sister and I booked our flight to Misty Fjords with Steve and Leslie Kamm following the glowing reports we had read on Trip Advisor.  I would highly recommend them for their integrity and concern for their passengers' safety.  We arrived in Ketchikan by cruiseship on 26th August. The weather was overcast with light showers when we took off, but worsened as the flight continued.  After about 20 minutes Steve made the decision to turn back due to poor visibility, and whilst we were disappointed that the trip had to be aborted, we were also grateful that we had a pilot whose first concern was for our safety.  We were promised, and received, a full refund.  Steve even drove us to Creek Street so that we could at least do some sightseeing and shopping for the remainder of our time in Ketchikan.","","0","","Written October 3, 2011","This review is the subjective opinion of a Tripadvisor member and not of Tripadvisor LLC."
"ktdid410","https://www.tripadvisor.com/Profile/ktdid410","https://media-cdn.tripadvisor.com/media/photo-s/01/34/d8/07/ktdid410.jpg","Franklin, TN","5","Sep 2011","Unforgettable Misty Fjord Tour","We recently returned from an Alaskan Inside Passage Cruise. While in Ketchikan, we decided to take advantage of the seaplanes and booked a Misty Fjords flightseeing tour with Seawind Aviation. They are a small, family run business and their prices were much better than those offered by the cruise line. They even gave discounts for booking early and paying in cash. Lesley picked us up right by our ship and drove us to their office where Steve then took over with the flying. Misty Fjord was breathtaking and Steve gave a great tour on the area. I highly recommend seeing Misty Fjord but also Seawind Aviation. If we ever make it back, we'll be sure to book another tour with Steve and Lesley.","","0","","Written September 26, 2011","This review is the subjective opinion of a Tripadvisor member and not of Tripadvisor LLC."
"Sudip","https://www.tripadvisor.com/Profile/Sudipsur","https://media-cdn.tripadvisor.com/media/photo-o/08/6b/26/7f/sidwhite.jpg","London","5","Jun 2011","Truly memorable experience","As part of our Alaska Inside Passage cruise, we were at Ketchikan during end of June 2011. We planned to do a 90 minutes float place flight into Misty Fiords but did not book anything in advance as Ketchikan weather can be very unpredictable. We booked our misty Fjords float plane trip when we arrived at Ketchikan. We booked with “SeaWind Aviation” which is a small family (husband & wife) run company. The name of the pilot was Steve and he is a cheerful kind of guy. <br /><br />The weather was cloudy which is quite normal for Ketchikan and made the Fjords even more mysterious.  I have never been to a float plane in the past and wasn’t sure what to expect. The take off was amazing and it took about 20 minutes to arrive at the Fjords. From air the area looked like a lost world. Steve, the pilot, spotted a bear and tried to show us the animal. But unfortunately I didn’t see any bear. Many people says a lot of good things about float planes but no one warned me about the fact that you will almost certainly get travel sickness and need to be prepared beforehand. I was feeling a bit sick after about 30 minutes and I was glad to be able to get out when the pilot landed the plane in a remote place within the Fjords. <br /><br />The landing spot was simply amazing. It was middle of no where near a large rock within lake surrounded by vertical mountain rocks and forest around. It was damp, drizzly and misty and I’ll never forget the scenery and the experience.  I must admit the Fjords looked much better from the ground; it was simply wonderful. <br /><br />After about 15 minutes our flight took off again for more aerial view of the Fjords and eventually returned back to the base well after 90 minutes.<br /><br />I haven’t flown with other companies and can’t tell what they are like. <br />However, I would strongly recommend this company for the way they made our experience truly memorable.","","0","","Written September 12, 2011","This review is the subjective opinion of a Tripadvisor member and not of Tripadvisor LLC."
"photodavew","https://www.tripadvisor.com/Profile/photodavew","https://media-cdn.tripadvisor.com/media/photo-s/02/fd/0c/25/photodavew.jpg","","5","","Simply amazing company and family!","We just finished a bear watching tour. We saw four bears an amazing lake and Steve flew us into the mountains for a chance to see mountain goats. If Seawind is the company your cruise ship sends you to you will not be disappointed. If you are debating booking through your ship vs independenty, definately go with Seawind. Leslie, Steve and our guide Sarah rocked!","","0","https://media-cdn.tripadvisor.com/media/photo-s/02/29/5e/b2/lake-we-stopped-at-as.jpg
https://media-cdn.tripadvisor.com/media/photo-s/02/29/5e/ac/stream-near-bear-viewing.jpg
https://media-cdn.tripadvisor.com/media/photo-s/02/29/5e/70/eagle-photo-taken-while.jpg
https://media-cdn.tripadvisor.com/media/photo-s/02/29/5e/5e/bear-photo-taken-while.jpg
https://media-cdn.tripadvisor.com/media/photo-s/02/1d/eb/07/wing-shot.jpg","Written September 11, 2011","This review is the subjective opinion of a Tripadvisor member and not of Tripadvisor LLC."
"mrl56","https://www.tripadvisor.com/Profile/mrl56","https://media-cdn.tripadvisor.com/media/photo-s/02/1c/88/9f/mrl56.jpg","Cape Coral, FL","5","Aug 2011","SeaWind Aviation, Ketchikan Alaska - Great Trip","In August 2011, my husband and I had the opportunity to go on a float plane trip to Misty Fjords.  We chose SeaWind Aviation for our trip.  The company is family owned and do a 100% professional job.  <br />Steve and Lesley Kamm are the owners.  Lesley was great to work with over the phone when making our reservations.  Steve is the pilot and he took us on a wonderful trip to Misty Fjords.  He lands the plane on a lake and everyone gets out to spend some time in the middle of nowhere...with the most beautiful scenery you can imagine.  Steve is very knowledgeable and gives a great tour.<br />I was a little nervous about going on a small plane, but once we got started I forgot all that and enjoyed the ride.  There is so much to see and such beautiful landscape, pictures just  don't do it justice.<br />Steve and Lesley do a wonderful job and we highly recommend their company.<br />I've added a few photos of our trip.","","0","https://media-cdn.tripadvisor.com/media/photo-s/02/1c/88/76/steve-and-lesley.jpg
https://media-cdn.tripadvisor.com/media/photo-s/02/1c/88/75/our-stop-on-the-lake.jpg
https://media-cdn.tripadvisor.com/media/photo-s/02/1c/88/74/spectacular-views.jpg","Written September 7, 2011","This review is the subjective opinion of a Tripadvisor member and not of Tripadvisor LLC."
"KirklandHiker","https://www.tripadvisor.com/Profile/KirklandHiker","https://media-cdn.tripadvisor.com/media/photo-o/1a/f6/f2/eb/default-avatar-2020-27.jpg","Kirkland, WA","5","Aug 2011","Fantastic company to take you to the spectacular Misty Fjords","Support the people who live in Alaska - fly local with Steve and Leslie. This is a one plane family operation with a spotless record and exceptional service. They are delightful people who take pride in their business and love what they do. I give it my highest recommendation.<br /> <br />We found SeaWind on the internet when we were looking for an excursion off the Holland America Zaandam when we docked in Ketchikan. Flightseeing is the best way to see the Misty Fjords. Everything was as described, and was provided with a smile and sincere friendliness.","","0","","Written September 5, 2011","This review is the subjective opinion of a Tripadvisor member and not of Tripadvisor LLC."
"rcha999","https://www.tripadvisor.com/Profile/rcha999","https://media-cdn.tripadvisor.com/media/photo-o/1a/f6/f1/b8/default-avatar-2020-22.jpg","New Providence Island","5","Aug 2011","Great Floadplane trip and wonderful couple","Took the Misty Fjords trip with my family in August 2011 from Ketchikan.  It was a beautiful sunny day and the trip was great.  Lesly and Steve(our pilot too) are a wonderful couple who are friendly and nice to deal with.  We got meet their kids too.   Highly recommend doing a trip with Seawind.","","0","","Written August 31, 2011","This review is the subjective opinion of a Tripadvisor member and not of Tripadvisor LLC."
"mpugh22","https://www.tripadvisor.com/Profile/mpugh22","https://media-cdn.tripadvisor.com/media/photo-o/1a/f6/eb/6d/default-avatar-2020-19.jpg","Dallas, TX","5","","Nice family company provide a beautiful way to see Alaska that's a great value.","Leslie was very helpful in setting up our reservation. I emailed her with my inquiries and she called me quickly to set everything up. <br /><br />Seawind is definitely the best value that I could find anywhere for this type of tour. Because I had 7 people in my group (just what the plane holds minus the pilot), I was able to reserve the whole plane for $1,200. That is a great deal.<br /><br />Leslie picked us up right at our ship and drove us to Seawind's dock. She was really nice.<br /><br />We were up in the air quick. It was a really neat experience. The float plane is tiny, but comfortable. We flew over Misty Fjords for 45 minutes or so, then Steve landed us on an alpine lake and let us get out on a little island. Very serene and very fun. We walked around and took pictures for 15 minutes or so, then got back in the plane and flee back. <br /><br />Steve spotted some mountain goats, so we flew right over them. Steve was a really nice guy. The only thing that would have been better would have been a little more commentary from him about what we were seeing.<br /><br />Overall, though, it was a once in a lifetime kind of tour, and Seawind is cool family company that provides a great value.","","0","","Written August 14, 2011","This review is the subjective opinion of a Tripadvisor member and not of Tripadvisor LLC."
"Geli2460","https://www.tripadvisor.com/Profile/Geli2460","https://media-cdn.tripadvisor.com/media/photo-o/1a/f6/ed/00/default-avatar-2020-4.jpg","South Barrington, IL","5","Jun 2011","Seawind gets my highest recommendation","I heard good things about Seawind aviation in Ketchikan from this site and I booked a flightseeing to Misty Fjord in June. <br /><br />The experience was unbelieveable. The scenary was great. It was rainy that day, but Ketchikan has more than 100feet of rain a year, so I guess I should not complaint.<br /><br />One thing worth special mention is Leslie, who is the wife of the pilot. She is so friendly. We planed to visit Totem Park after the flight seeing, and she actually drove us to the park!!! It not only saved us money but also saved us valuable time, since the cruise ship we were on only stay for 8 hours (coral princess). <br /><br />I highly recommended trying Seawind. It is simply the best.","","0","","Written August 12, 2011","This review is the subjective opinion of a Tripadvisor member and not of Tripadvisor LLC."
"sher23114","https://www.tripadvisor.com/Profile/sher23114","https://media-cdn.tripadvisor.com/media/photo-o/1a/f6/f1/42/default-avatar-2020-20.jpg","Midlothian, Virginia","5","Jul 2011","A Must!","We went on our Alaska cruise this July.  The first stop was in Ketchikan.  The day was absolutly beautiful. It was 80 degrees, sunny and clear.  Leslie Kamm of SeaWind told us that we really had hit it on a beautiful day.  Usually it is a bit chilly or overcast.  The van was at the dock just as they said they would be to pick us up.  After a short ride we arrived at SeaWind Avaition and we were able to meet Leslie with whom I had been corresponding.  Her husband who was usually the pilot, taking a day for rest.  Instead we had a wonderful man who was also a med vac pilot so we felt very comfortable.  Once  inside our float plane, we put on head sets so we could hear the pilot and visa versa. The entire flight was amazing.  We soared thru Misty Fjord, landed on the water, were able to go onto Goat Island for a bit, then take off to see the rest of this marvelous countryside.  Our tour was about an hour and a half but it felt like fifteen minutes!  I couldn't get enough of this beautiful place.  Our pilot kept us informed of where we were, what we should be seeing and any other little tidbits he had for us.  Take a camera for sure!  I also took some video of our take off and landing.  Wonderful exsperience that I would recommend to anyone","","0","","Written August 4, 2011","This review is the subjective opinion of a Tripadvisor member and not of Tripadvisor LLC."
"Joybh","https://www.tripadvisor.com/Profile/Joybh","https://media-cdn.tripadvisor.com/media/photo-f/01/2e/70/8d/avatar014.jpg","","5","Jul 2011","Awesome","We did the floatplane trip to Misty Fjords 7-21-11.  The views were spectacular, and commentary by Steve was informative.  The scenery lends itself to breath taking photography.  We are still talking about our adventure.  Steve and Lesley are great people, and we enjoyed chatting with them.","","0","","Written July 25, 2011","This review is the subjective opinion of a Tripadvisor member and not of Tripadvisor LLC."
"bverburg","https://www.tripadvisor.com/Profile/bverburg","https://media-cdn.tripadvisor.com/media/photo-o/1a/f6/f1/b8/default-avatar-2020-22.jpg","Lansing, Illinois","5","Jul 2011","A ""must-do"" for those who want to see the Misty Fjords","Steve and Lesly did everything to make this excursion easy to book and all that we hoped it would be. We appreciated their honesty with the weather and willingness to cancel if conditions weren't at their best. But the weather turned out to be perfect! Steve's familiarity with the area allowed for wonderful narration during our flight. The highlight was landing on a dock in the middle of the fjords and just enjoying the beauty! Skip the cruise booking and book directly through SeaWind--much better price and you're working directly with the company owners.","","0","","Written July 23, 2011","This review is the subjective opinion of a Tripadvisor member and not of Tripadvisor LLC."
"Cheryl4674","https://www.tripadvisor.com/Profile/Cheryl4674","https://media-cdn.tripadvisor.com/media/photo-s/02/69/ac/1a/cheryl4674.jpg","Plainfield, IN","5","Jun 2011","The highlight of our visit to Ketchikan!","My husband and I and our 6 year old reserved this tour to Misty Fjord.  Leslie offered us a family discount.  She picked us up near the rain gauge in her white van clearly labeled SeaWind.  Our flight was excellent.  There was one other couple along and we all had window seats.   This area is so gorgeous from the air.  Lots of bodies of water, some waterfalls, and large granite cliffs.  Steve (pilot) landed on one of the lakes and pulled along side a flat rock and we all got out to enjoy the scenery and take pictures.  (by the way, there is a very nice restroom here at their office on their dock).   We were back in time for lunch.  Leslie suggested the Alaska Surf near the pier, but they were cash only.  So we went back to  Creek Street and rode the incline up to Cape Fox Lodge and had a nice lunch and then we walked the Married Man's Trail down.  Fun!","","0","https://media-cdn.tripadvisor.com/media/photo-s/01/ed/47/3c/we-paused-here-for-photos.jpg","Written July 7, 2011","This review is the subjective opinion of a Tripadvisor member and not of Tripadvisor LLC."
"tabasco3","https://www.tripadvisor.com/Profile/tabasco3","https://media-cdn.tripadvisor.com/media/photo-o/1a/f6/e7/99/default-avatar-2020-57.jpg","Burlington, NJ","5","Jun 2011","What a great experience","My mother, husband, and my 13 year old went on our tour with Seawind Aviation.  Leslie was great meeting us near the Ketchikan vistor center. She brought us to where the plane was and we boarded.  We were all very excited to experience take off on the water and landing on the water.  The flight was incredible seeing the beautiful mountains at Misty Fyords.  Steve was our pilot and on the way back he swung around so we could see a bear from the air.  Over all we had a great experience and a great memory to share.  IT is a little expensive for a  large family but I think it is worth it if you can afford it.","","0","","Written June 21, 2011","This review is the subjective opinion of a Tripadvisor member and not of Tripadvisor LLC."
"cwheelh1","https://www.tripadvisor.com/Profile/cwheelh1","https://media-cdn.tripadvisor.com/media/photo-s/01/6c/78/31/cwheelh1.jpg","Ridgeway, VA","5","Jun 2011","Very nice experience","We splurged and did this with our kids ages 9, 13 and 13.  Leslie was great and offered a child discount which some of the others did not.  Steve did an awesome job and we really appreciated the beauty of Alaska.  I highly recommend this company.","","0","","Written June 20, 2011","This review is the subjective opinion of a Tripadvisor member and not of Tripadvisor LLC."
"palmderosa","https://www.tripadvisor.com/Profile/palmderosa","https://media-cdn.tripadvisor.com/media/photo-o/1a/f6/e4/2d/default-avatar-2020-48.jpg","missoula","5","Jun 2011","Wow....once in a lifetime trip","I was so pleased with the way Lesley treated us from the first email and all the phone calls. She is warm and welcoming and very helpful. She met us on time and treated us so well. When we arrived at the dock, Steve was there to welcome us and explain the plane and the trip. We loaded up and taxied out to a gorgeous flight. The take off was so smooth, I didnt even realize we were in the air. The same goes for the landings. They were so smooth!! Breathtaking scenery and Steve was so informative of all the sites. We just missed seeing a bear, but we did circle pods of whales on the return flight. BEAUTIFUL!!!  We very highly recommend Seawind Avaition!","","0","","Written June 13, 2011","This review is the subjective opinion of a Tripadvisor member and not of Tripadvisor LLC."
"SHRAtl","https://www.tripadvisor.com/Profile/SHRAtl","https://media-cdn.tripadvisor.com/media/photo-l/01/2a/fd/9a/avatar.jpg","Atlanta, GA","5","Jun 2011","It will take your breath away !!!","We were on a cruise and wanted to book our own day trips.  Looking over the options for Ketchikan, this seemed to be a fantastic choice.  And it was !  After Leslie picked us up at the cruise ship dock, she drove us to the water's edge where we were greeted by her husband, Steve, the pilot.  He took us on a breathtaking trip in his sea plane over the area and we actually landed at the Misty Fjords so we could explore this national landmark.  Seeing the area by air actually gives you the unique perspective of how vast and gorgeous the area actually is. As we were going back to the cruise ship dock, I asked Leslie where she suggested we have lunch, and she actually dropped us off at the restaurant!   I would highly recommend Seawind Aviation for your trip to Alaska!","","0","","Written June 12, 2011","This review is the subjective opinion of a Tripadvisor member and not of Tripadvisor LLC."
"Charles F","https://www.tripadvisor.com/Profile/Hawgster","https://media-cdn.tripadvisor.com/media/photo-o/1a/f6/e5/2b/default-avatar-2020-52.jpg","Virginia Beach, VA","5","May 2011","Best excursion of our alaska trip","We had the plaasure of flying with Steve on a misty fjords tour. His wife Leslie was our ride to the launch site. Leslie was an absolutly gracious host and welcomed us like old family. Once on site, Steve took over and loaded us into the plane for a very smotth and engagig flight. He continued the warm reception and made us feel as we were old freinds car pooling. His flying skils made for a relaxed and beutiful tour. Living Alaska all his life gave insights in the territory thsat other can only begin to scratch the surface of. Ireccomend this tour to everyone. Compaed notes to other passengers who contracted with the compition and Seawind wins hands down.","","0","","Written June 12, 2011","This review is the subjective opinion of a Tripadvisor member and not of Tripadvisor LLC."
"panter","https://www.tripadvisor.com/Profile/panter","https://media-cdn.tripadvisor.com/media/photo-o/1a/f6/f1/42/default-avatar-2020-20.jpg","new york","3","","I don't understand what all the fuss is about....","We loved all of Alaska and have absolutely no complaints about SeaWind Aviation.  Steve was a wonderful pilot, his wife Leslie who runs the office was extremely helpful and organized.  Steve's take-off's and landings were unbelievably smooth.  If you want to take this tour, you could not pick a better company or pilot.  Steve landed in one of the many lakes.  We were able to go onshore for at least 20 minutes.  Steve even took photos of us while explaining what we were seeing.  We watched beaver play and eagles fly.  <br /><br />This is more about the trip itself.  I don't understand what all the fuss was about.  Flying over Misty Fjords; seeing the fog and the landscape below was exactly what we have been seeing throughout our trip without the expense of a seaplane ride.   Saying it is beautiful and unspoiled describes Alaska.  If you want to take a seaplane ride over an area that is larger than Connecticut than certainly use this top-notch company, but a seaplane trip into Misty Fjords  - I  don't get it.","","0","","Written October 8, 2010","This review is the subjective opinion of a Tripadvisor member and not of Tripadvisor LLC."
"TravelingTechsan","https://www.tripadvisor.com/Profile/TravelingTechsan","https://media-cdn.tripadvisor.com/media/photo-s/01/9a/23/a4/travelingtechsan.jpg","Dallas, Texas","5","","Absolutely amazing experience!!","Steve is such a wonderful guy and a great pilot.  He has a great sense of humor and you can tell that he loves what he does!  He takes time to get to know the people on the flight and really makes the experience that much more enjoyable.  <br />We took the Misty Fjords tours and found Steve through a mutual friend.  The views are amazing and he does a great job explaining everything.  He is very knowledgeable.  Any of his tours are a MUST DO when in town!!","","0","https://media-cdn.tripadvisor.com/media/photo-s/01/a4/23/2a/misty-fjords.jpg
https://media-cdn.tripadvisor.com/media/photo-s/01/a4/23/29/misty-fjords.jpg
https://media-cdn.tripadvisor.com/media/photo-s/01/a4/23/28/seawind-aviation.jpg","Written September 10, 2010","This review is the subjective opinion of a Tripadvisor member and not of Tripadvisor LLC."
"Queenmae","https://www.tripadvisor.com/Profile/Queenmae","https://media-cdn.tripadvisor.com/media/photo-o/1a/f6/7c/01/default-avatar-2020-5.jpg","Rensselaer, IN","5","","The only way to see Ketchikan, AK","After reading all the reviews, I booked direct with Lesley and got an early bird discount.  I liked the family run business with Lesley and Steve.  They were great and easy to work with.  I was picked up from the visitor center on the dock by Lesley, Although I was staying in town, the docks were within walking distance of the visitor center. I was thrilled to get to ride in the co-pilot's seat.  The flight was phenomenal and well worth the money. The landing on the lake up in the mountains of Misty Fjiord was so smooth we did not realize that we had landed.  There were many photo opportunities of the beautiful Alaskan area. It was a warm, sunshiny day and we could see for miles.  The sights were all I expected and more.","","0","","Written September 5, 2010","This review is the subjective opinion of a Tripadvisor member and not of Tripadvisor LLC."
"shoshanna-rose","https://www.tripadvisor.com/Profile/shoshanna-rose","https://media-cdn.tripadvisor.com/media/photo-f/01/2e/70/95/avatar021.jpg","Brookline, MA","5","","Fabulous Experience","My husband and I went on a float-plane with SeaWind Aviation to Misty Fjord.  The price was better than any other float-plane tours and I can't imagine that any would have been better.  Our pilot, Steve, was friendly and funny.  The views from the air were amazing.  We landed and were able to get out of the plane and look around the surrounding area but the real thrill was being up in the air.  If you are in Ketchikan, I would definitely put this on your ""must do"" list.","","0","","Written August 18, 2010","This review is the subjective opinion of a Tripadvisor member and not of Tripadvisor LLC."
"ColdinCanada_7","https://www.tripadvisor.com/Profile/ColdinCanada_7","https://media-cdn.tripadvisor.com/media/photo-o/1a/f6/f2/59/default-avatar-2020-24.jpg","Toronto, Canada","5","","Highly Recommend","We recently returned from an Alaskan cruise and the Misty Fjords Floatplane Tour with Seawind was the highlight of our vacation.  We booked through SeaWind Aviation's web site.  Lesley called shortly after we booked online to personally confirm the details.  We were picked up right on the cruise ship dock, by Leslie and arrived at the SeaWind Aviation office/dock in minutes.  Steve, Leslie's husband is the pilot. The plane seats seven, everyone had a fantastic window view.  Passengers wear voice activated  headsets.  Steve gives a brief narrative during the flight and passengers can ask questions.  The views from the plane are so beautiful it's beyond words! The tour included a landing on an alpine lake and we got out on a tiny island to take pictures.  Upon return to the dock we were driven back to the ship. This tour was the experience of a lifetime and we highly recommend SeaWind Aviation.","","0","https://media-cdn.tripadvisor.com/media/photo-s/01/9a/85/be/misty-fjords.jpg
https://media-cdn.tripadvisor.com/media/photo-o/01/9a/85/bc/plane.jpg
https://media-cdn.tripadvisor.com/media/photo-s/01/9a/85/bb/view-from-plane.jpg
https://media-cdn.tripadvisor.com/media/photo-s/01/9a/85/b9/landing-on-alpine-lake.jpg
https://media-cdn.tripadvisor.com/media/photo-s/01/9a/85/b7/seawind-aviation-float.jpg","Written July 31, 2010","This review is the subjective opinion of a Tripadvisor member and not of Tripadvisor LLC."
"Tony32580","https://www.tripadvisor.com/Profile/Tony32580","","Temecula, CA","5","","Great trip","We picked this airtour company because they gave an early bird discount. I was lucky enough to sit in the co-pilots seat. My first time in a small aircraft since I was a teenager. The pilot and owner was business like and friendly. The views were great and the landing on water was so smooth, you actually do not feel coming in. The spot we landed on the fjords was pristine. I got too close to a nesting mama bird and got buzzed by that bird. My wife thought that was hilarious. After the fjords we got the alpine views of the hills with snow. All around great experience. My wife got slightly airsick, but I felt great. This was our second Ketchikan trip and the plane ride made this trip memorable.","","0","https://media-cdn.tripadvisor.com/media/photo-s/01/8e/9f/41/seawind-aviation.jpg","Written July 10, 2010","This review is the subjective opinion of a Tripadvisor member and not of Tripadvisor LLC."
"Mike C","https://www.tripadvisor.com/Profile/437mikec","https://media-cdn.tripadvisor.com/media/photo-o/1a/f6/de/0a/default-avatar-2020-35.jpg","Cleveland","5","","Gorgeous place when seen by air","My wife and I took Seawind Aviation [---------] to see Misty Fjords.  It was an awesome journey, even despite the fact that I got flight sick.  It wasn't that the plane was that shaky, its just that with the turns that you take combined with being slightly seasick already, I felt a little queasy.  But the vistas and views more than made up for it.  This is a small family run business and you get excellent value for what you pay for.  We got to land on a mountain lake and enjoy the incredible scenery and marvel at being the only people around for miles.  Pictures truly don't do justice to what we saw- it was like the Lord of the Rings or something.  Anyways, if you're planning on doing flightseeing, check out this outfit and these beautiful fjords!","","0","https://media-cdn.tripadvisor.com/media/photo-s/01/8d/78/eb/after-landing-on-the.jpg
https://media-cdn.tripadvisor.com/media/photo-s/01/8d/78/e9/more-beautiful-lakes.jpg
https://media-cdn.tripadvisor.com/media/photo-s/01/8d/78/e8/view-from-the-air.jpg","Written July 1, 2010","This review is the subjective opinion of a Tripadvisor member and not of Tripadvisor LLC."