"User Name","User Profile","User Avatar","User Location","Rating","Rating Text","Review Title","Review Text","Trip Type","Helpful Votes","Photos","Published Date","Disclaimer"
"cobrandy","https://www.tripadvisor.com/Profile/cobrandy","https://media-cdn.tripadvisor.com/media/photo-s/15/b4/25/3c/cobrandy.jpg","Highland, UT","5","Dec 2024 • Couples","Fabulous!","We enjoyed the flight so much! Beautiful views of the incredible island of Maui! Our pilot was fantastic. Very reassuring about the full experience to make sure that it was relaxing and romantic.","Couples","0","","Written December 30, 2024","This review is the subjective opinion of a Tripadvisor member and not of Tripadvisor LLC."
"Lauren R","https://www.tripadvisor.com/Profile/R3729ZRlaurenr","https://media-cdn.tripadvisor.com/media/photo-o/1a/f6/de/0a/default-avatar-2020-35.jpg","","5","Dec 2024 • Couples","Spectacular!","What an amazing experience! Truly once in a lifetime for our honeymoon. I would highly recommend this tour to anyone looking for a unique experience!","Couples","0","","Written December 8, 2024","This review is the subjective opinion of a Tripadvisor member and not of Tripadvisor LLC."
"Glenn P","https://www.tripadvisor.com/Profile/808glennp","https://media-cdn.tripadvisor.com/media/photo-o/1a/f6/ef/73/default-avatar-2020-13.jpg","","5","","Honeymoon Fun at Sunset","It was an amazing experience to see Maui from a whole different unique perspective with my wife! It’s an experience we will never forget!","","0","","Written December 8, 2024","This review is the subjective opinion of a Tripadvisor member and not of Tripadvisor LLC."
"Marissa D","https://www.tripadvisor.com/Profile/marissadZ2950DZ","https://media-cdn.tripadvisor.com/media/photo-o/1a/f6/e9/60/default-avatar-2020-64.jpg","","5","Dec 2024 • Couples","Amazing experience!","The pilot was absolutely amazing! He gave us a beautiful tour & took us around Maui safely & gave us great photo opportunities!","Couples","0","","Written December 6, 2024","This review is the subjective opinion of a Tripadvisor member and not of Tripadvisor LLC."
"Michael C","https://www.tripadvisor.com/Profile/michaelcF3909ZS","https://media-cdn.tripadvisor.com/media/photo-o/1a/f6/e3/6a/default-avatar-2020-47.jpg","","5","Dec 2024 • Couples","On top of the world!","The pilot was very informative and such a wonder to fly with. He prepared champagne for us to sip at sunset. The plane was amazing and the looks were amazing","Couples","0","","Written December 6, 2024","This review is the subjective opinion of a Tripadvisor member and not of Tripadvisor LLC."
"Savannah N","https://www.tripadvisor.com/Profile/savannahn431","https://media-cdn.tripadvisor.com/media/photo-o/1a/f6/f2/11/default-avatar-2020-23.jpg","","5","Oct 2024 • Couples","Private sunset plane ride","This experience was absolutely amazing! Eric took me and my boyfriend out for a sunset tour on my birthday and he did everything he could possibly do to make my day extra special. The views were wonderful and the whole flight just felt so magical. 10/10 recommend this experience for tourists and locals alike! Can’t wait to do this again soon!","Couples","0","","Written October 19, 2024","This review is the subjective opinion of a Tripadvisor member and not of Tripadvisor LLC."
"Jamie B","https://www.tripadvisor.com/Profile/jamiebP2326DC","https://media-cdn.tripadvisor.com/media/photo-o/1a/f6/f1/06/default-avatar-2020-18.jpg","","5","Oct 2024 • Family","Best adventure on Maui!","Epic was amazing and knowledgeable! This was epic! I highly recommend this company! Super fun! A definite “must do” when on Maui!","Family","0","","Written October 15, 2024","This review is the subjective opinion of a Tripadvisor member and not of Tripadvisor LLC."
"Getaway40588600392","https://www.tripadvisor.com/Profile/Getaway40588600392","","","5","Oct 2024 • Family","Sunset tour","Eric is awesome, he has a real passion for what he’s doing and you can feel it during the tour, I highly recommend a tour, once in a lifetime experience!","Family","0","https://media-cdn.tripadvisor.com/media/photo-m/1280/2d/c1/67/17/caption.jpg
https://media-cdn.tripadvisor.com/media/photo-m/1280/2d/c1/67/16/caption.jpg
https://media-cdn.tripadvisor.com/media/photo-m/1280/2d/c1/67/15/caption.jpg
https://media-cdn.tripadvisor.com/media/photo-m/1280/2d/c1/67/14/caption.jpg
https://media-cdn.tripadvisor.com/media/photo-m/1280/2d/c1/67/13/caption.jpg
https://media-cdn.tripadvisor.com/media/photo-m/1280/2d/c1/67/12/caption.jpg","Written October 11, 2024","This review is the subjective opinion of a Tripadvisor member and not of Tripadvisor LLC."
"Jaime M","https://www.tripadvisor.com/Profile/jaimemQ7389SB","https://media-cdn.tripadvisor.com/media/photo-o/1a/f6/eb/6d/default-avatar-2020-19.jpg","","5","Oct 2024 • Couples","Do it. Book it now. Don't worry about any doubts you have","Amazing, beautiful views. We did the sunset champagne flight and it was the most amazing memorable flight. A flight to remember. Thank you to our pilot who took care of us and made sure we had an amazing time.","Couples","0","","Written October 8, 2024","This review is the subjective opinion of a Tripadvisor member and not of Tripadvisor LLC."
"Saurabh shah","https://www.tripadvisor.com/Profile/saurabh0605","https://media-cdn.tripadvisor.com/media/photo-o/1a/f6/e2/4a/default-avatar-2020-42.jpg","","5","Sep 2024 • Couples","Breathtaking","This was one of the best experience of our lifetime. Maui is a paradise best visited with Maui plane rides. I would definitely recommened to everyone!","Couples","0","","Written September 23, 2024","This review is the subjective opinion of a Tripadvisor member and not of Tripadvisor LLC."
"K S","https://www.tripadvisor.com/Profile/ksY5663CU","https://media-cdn.tripadvisor.com/media/photo-o/1a/f6/f4/20/default-avatar-2020-31.jpg","","5","Aug 2024 • Couples","Amazing","Eric was amazing at making the experience magical and comforting (from a first time small aircraft flyer) I was nervous at first but so glad we did this for our anniversary.","Couples","0","","Written August 5, 2024","This review is the subjective opinion of a Tripadvisor member and not of Tripadvisor LLC."
"Nick L","https://www.tripadvisor.com/Profile/O9851JMnickl","https://media-cdn.tripadvisor.com/media/photo-o/1a/f6/e7/3d/default-avatar-2020-55.jpg","","5","Aug 2024 • Couples","Little plane ride","We had a very unique experience. Erik was an awesome pilot and made the experience special. I loved being able to see the island in the sky!!!","Couples","0","","Written August 5, 2024","This review is the subjective opinion of a Tripadvisor member and not of Tripadvisor LLC."
"jrc7702023","https://www.tripadvisor.com/Profile/jrc7702023","https://media-cdn.tripadvisor.com/media/photo-o/1a/f6/de/e7/default-avatar-2020-37.jpg","","5","Jun 2024 • Couples","A Must Do Experience","Maui Plane Rides surpassed our expectations. From the moment our pilot met us at our vehicle, we were his top priority and felt taken care of. Despite the wind that's inevitable in Maui, we felt safe and comfortable the entire time. I had mild concerns about motion sickness beforehand and our pilot took the time to put my mind at ease and offered multiple suggestions of ways to potentially address it in the air. I was completely fine and had zero issues. Our pilot was fantastic about communicating the plane maneuvers and turns which kept our minds totally at ease being able to anticipate the slight dips of the wing to allow us better views beneath us. We would absolutely recommend this adventure to others to try!","Couples","0","","Written June 3, 2024","This review is the subjective opinion of a Tripadvisor member and not of Tripadvisor LLC."
"Robert S","https://www.tripadvisor.com/Profile/robertsK6163XL","https://media-cdn.tripadvisor.com/media/photo-o/0f/2d/ec/24/robert-s.jpg","Lewisville, TX","5","May 2024 • Family","I'll do this again soon","""Awesome"" is an overused word, but this trip did inspire awe. Our sunset flight around Maui was worth every penny. Eric, our pilot, was very careful and very deliberate, even in the little details, which put my wife and I at ease. The views were astounding. The cliffs, the mountains, the storm we flew around...incredible. I'm typically not a chatty person, but I probably reached a new low in the spoken word. I may have said ""wow"" a few times, but otherwise I was speechless. As we flew up the coast of North Maui, Eric gave us the backstory to Kaho'olawe and pointed out some of the cinder cones and the devastation they caused. I can't recommend Maui Plane Rides enough. A good friend of mine is coming in October. I've already told him to do this first.","Family","0","","Written May 22, 2024","This review is the subjective opinion of a Tripadvisor member and not of Tripadvisor LLC."
"D P","https://www.tripadvisor.com/Profile/Y3515KWdp","https://media-cdn.tripadvisor.com/media/photo-o/1a/f6/ee/68/default-avatar-2020-9.jpg","","5","Apr 2024 • Family","Flight was Fantastic!","We had a great flight! Flew around the northern end of Maui down to Molokini crater and past the lava flows. Beautiful sunset!","Family","0","","Written April 23, 2024","This review is the subjective opinion of a Tripadvisor member and not of Tripadvisor LLC."
"Kyle P","https://www.tripadvisor.com/Profile/T1612BOkylep","https://media-cdn.tripadvisor.com/media/photo-o/1a/f6/f6/0d/default-avatar-2020-34.jpg","","5","Apr 2024 • Family","Sunset flight!","Flight was awesome! Good sunset and fun times, definitely recommend for a fun evening! It got a little choppy but overall very good!","Family","0","","Written April 23, 2024","This review is the subjective opinion of a Tripadvisor member and not of Tripadvisor LLC."
"Victoria P","https://www.tripadvisor.com/Profile/V6407IJvictoriap","https://media-cdn.tripadvisor.com/media/photo-o/1a/f6/e9/bb/default-avatar-2020-65.jpg","","5","Mar 2024 • Family","Great","Very attentive, Friendly and had all around great time! Met us at the car, refreshing drinks, great flight time during the evening.","Family","0","https://media-cdn.tripadvisor.com/media/photo-m/1280/2b/b8/41/2e/caption.jpg","Written March 26, 2024","This review is the subjective opinion of a Tripadvisor member and not of Tripadvisor LLC."
"Cpicione","https://www.tripadvisor.com/Profile/Cpicione","https://media-cdn.tripadvisor.com/media/photo-o/1a/f6/ef/32/default-avatar-2020-12.jpg","Cpicione","5","","Must do!!","Great experience! I was slightly nervous but the pilot made me feel at ease! Beautiful way to see the island! Must do!!!!","","0","","Written March 4, 2024","This review is the subjective opinion of a Tripadvisor member and not of Tripadvisor LLC."
"Noah O","https://www.tripadvisor.com/Profile/noaho504","https://media-cdn.tripadvisor.com/media/photo-o/1a/f6/e7/7b/default-avatar-2020-56.jpg","","5","Feb 2024 • Couples","Breathtaking","Absolutely breathtaking. Highly recommend for an amazing, 5 star experience. My wife and I celebrated our 1 year anniversary and couldn't ask for a better memory!","Couples","0","","Written February 6, 2024","This review is the subjective opinion of a Tripadvisor member and not of Tripadvisor LLC."
"Curious32416393195","https://www.tripadvisor.com/Profile/Curious32416393195","https://media-cdn.tripadvisor.com/media/photo-o/1a/f6/ea/b2/default-avatar-2020-69.jpg","","5","Feb 2024 • Couples","Breathtaking","The views were amazing! Our pilot Eric was fantastic! It was the perfect way to spend our one year wedding anniversary! Absolutely breathtaking! 10/10 recommend!","Couples","0","","Written February 6, 2024","This review is the subjective opinion of a Tripadvisor member and not of Tripadvisor LLC."
"Roger D","https://www.tripadvisor.com/Profile/Pathfinder606191","https://media-cdn.tripadvisor.com/media/photo-o/1a/f6/eb/e3/default-avatar-2020-59.jpg","","5","Jan 2024 • Couples","Once in a lifetime experience!","Eric was great! The views were fantastic! Worth every penny! Must do! We even saw whales! We enjoyed the sunset over looking Maui and his descriptions!","Couples","0","","Written January 31, 2024","This review is the subjective opinion of a Tripadvisor member and not of Tripadvisor LLC."
"J S","https://www.tripadvisor.com/Profile/JS_HTX","https://media-cdn.tripadvisor.com/media/photo-o/1a/f6/ea/2e/default-avatar-2020-67.jpg","Houston, TX","5","Jan 2024 • Couples","Wonderful","Incredible views! Very comfortable. Definitely a must do experience. Only way to see Maui from this perspective. Aloha","Couples","0","","Written January 23, 2024","This review is the subjective opinion of a Tripadvisor member and not of Tripadvisor LLC."
"Brandi S","https://www.tripadvisor.com/Profile/brandicheriesab","https://media-cdn.tripadvisor.com/media/photo-s/0d/51/e7/29/brandi-s.jpg","","5","Jan 2024 • Couples","Excellent!!!","Such a fun and unique experience. Stellar service. Our pilot was great; very attentive and informative. Excellent views and photos.","Couples","0","","Written January 23, 2024","This review is the subjective opinion of a Tripadvisor member and not of Tripadvisor LLC."
"Neha C","https://www.tripadvisor.com/Profile/nehac735","https://media-cdn.tripadvisor.com/media/photo-o/1a/f6/e9/ef/default-avatar-2020-66.jpg","","5","Nov 2023 • Couples","Just wow..","Amazing experience, today is my bday n had best experience ever, takeoff n landing was soo smooth, this was my life time experience.. our captain Eric give us most beautiful view.. ","Couples","0","","Written December 1, 2023","This review is the subjective opinion of a Tripadvisor member and not of Tripadvisor LLC."
"Ankit D","https://www.tripadvisor.com/Profile/854ankitd","","","5","Nov 2023 • Couples","Romantic","Eric was really great with the tour and we had an exquisite time with him touring the Maui from the sky. The aquamarine and the turquoise water. The sunset, the valley, the volcano everything was breathtaking.","Couples","0","","Written November 30, 2023","This review is the subjective opinion of a Tripadvisor member and not of Tripadvisor LLC."
"Tabitha K","https://www.tripadvisor.com/Profile/Tabily","","","5","Nov 2023 • Couples","Perfection!","Eric was amazing! So welcoming! It was our first excursion on the island and it was the PERFECT way to start our trip! Definitely recommend!! ","Couples","0","","Written November 28, 2023","This review is the subjective opinion of a Tripadvisor member and not of Tripadvisor LLC."
"Tim A","https://www.tripadvisor.com/Profile/C7208GKtima","https://media-cdn.tripadvisor.com/media/photo-o/1a/f6/df/2b/default-avatar-2020-39.jpg","","5","Nov 2023 • Couples","Spectacular!","Great experience! Views were spectacular, Eric our pilot was a fantastic guide. And the champagne was tops!","Couples","0","","Written November 25, 2023","This review is the subjective opinion of a Tripadvisor member and not of Tripadvisor LLC."
"Companion45029185679","https://www.tripadvisor.com/Profile/Companion45029185679","https://media-cdn.tripadvisor.com/media/photo-o/1a/f6/ee/db/default-avatar-2020-10.jpg","","5","Nov 2023 • Couples","Spectacular ","The trip was amazing! The views were spectacular and the guide was perfect. Learned a lot about the island and saw things that you couldn’t see from the ground. Our pilot Eric made us feel so comfortable. And champagne!! What is better than that. ","Couples","0","","Written November 25, 2023","This review is the subjective opinion of a Tripadvisor member and not of Tripadvisor LLC."
"ADL","https://www.tripadvisor.com/Profile/adl26a","https://media-cdn.tripadvisor.com/media/photo-o/1a/f6/f1/b8/default-avatar-2020-22.jpg","Tucson, AZ","5","Oct 2023 • Couples","Excellent ride","Amazing guide, super knowledgeable and kind.  Thanks for a lovely sunset ride.  Super detailed info about our trip.  Felt so safe and secure too.  Highly recommend! ","Couples","0","","Written October 30, 2023","This review is the subjective opinion of a Tripadvisor member and not of Tripadvisor LLC."
"Scott W","https://www.tripadvisor.com/Profile/Z7970NPscottw","https://media-cdn.tripadvisor.com/media/photo-o/1a/f6/ee/10/default-avatar-2020-8.jpg","","5","Oct 2023 • Couples","Amazing views from 1,500ft!","The view, experience and entire time was amazing. Would highly recommend this trip!  Eric was fantastic","Couples","0","","Written October 30, 2023","This review is the subjective opinion of a Tripadvisor member and not of Tripadvisor LLC."
"Nick C","https://www.tripadvisor.com/Profile/nickcI4143CX","https://media-cdn.tripadvisor.com/media/photo-o/1a/f6/de/e7/default-avatar-2020-37.jpg","","5","Oct 2023 • Couples","Incredible ","What an amazing experience! Everything was perfect. It was truly a once in a lifetime experience. I am thankful for everything.","Couples","0","","Written October 25, 2023","This review is the subjective opinion of a Tripadvisor member and not of Tripadvisor LLC."
"Mary M","https://www.tripadvisor.com/Profile/N1818POmarym","https://media-cdn.tripadvisor.com/media/photo-o/1a/f6/f2/7a/default-avatar-2020-25.jpg","","5","Oct 2023 • Couples","Sunset Flight","Beautiful! We did this the night before our wedding. There is nothing like it. Once in a lifetime opportunity! ","Couples","0","","Written October 25, 2023","This review is the subjective opinion of a Tripadvisor member and not of Tripadvisor LLC."
"Erandi G","https://www.tripadvisor.com/Profile/265erandig","https://media-cdn.tripadvisor.com/media/photo-o/1a/f6/e5/66/default-avatar-2020-53.jpg","","5","Oct 2023 • Couples","It was amazing, ","I can’t explain how fantastic was the views the colors the drinks Erick Thank you, you are the best ","Couples","0","","Written October 22, 2023","This review is the subjective opinion of a Tripadvisor member and not of Tripadvisor LLC."
"Fred L","https://www.tripadvisor.com/Profile/fredlL1896VH","https://media-cdn.tripadvisor.com/media/photo-o/1a/f6/eb/6d/default-avatar-2020-19.jpg","","5","Oct 2023 • Couples","An Unforgettable Experience","Took my fiancée on a sunset flight to see Maui from the air. Eric was awesome and gave lots of detail while flying around to some breathtaking sights. Expert flight and highly recommended for anyone visiting Maui.","Couples","0","","Written October 22, 2023","This review is the subjective opinion of a Tripadvisor member and not of Tripadvisor LLC."
"Joe N","https://www.tripadvisor.com/Profile/H1437SDjoen","","","5","Oct 2023 • Couples","Experience of a Life Time!","Eric was a fantastic pilot, we had beautiful view of sunset over all of Maui! The champagne toast was an added treat!","Couples","0","https://media-cdn.tripadvisor.com/media/photo-m/1280/2a/90/79/b6/caption.jpg
https://media-cdn.tripadvisor.com/media/photo-m/1280/2a/90/79/b5/caption.jpg
https://media-cdn.tripadvisor.com/media/photo-m/1280/2a/90/79/b4/caption.jpg","Written October 12, 2023","This review is the subjective opinion of a Tripadvisor member and not of Tripadvisor LLC."
"Debbie C","https://www.tripadvisor.com/Profile/debbiecP3952UK","https://media-cdn.tripadvisor.com/media/photo-o/1a/f6/77/ae/default-avatar-2020-2.jpg","","5","Sep 2023 • Couples","Anniversary trip","Wonderful experience. Enjoyed the ride Would highly recommend. Beautiful views of the sunset and the island.","Couples","0","","Written September 23, 2023","This review is the subjective opinion of a Tripadvisor member and not of Tripadvisor LLC."
"John C","https://www.tripadvisor.com/Profile/I1305NZjohnc","https://media-cdn.tripadvisor.com/media/photo-o/1a/f6/ea/b2/default-avatar-2020-69.jpg","","5","Sep 2023 • Couples","Memorable","<br />We had a great experience recommend I’m highly recommend it We had a great time it took pictures. Enjoy the sunset do you want regret. i","Couples","0","","Written September 23, 2023","This review is the subjective opinion of a Tripadvisor member and not of Tripadvisor LLC."
"keolamau","https://www.tripadvisor.com/Profile/the_occult_traveler","","Maui, HI","5","Sep 2023 • Friends","Once in a Lifetime experience","Having done tours on Maui for years, playing tourist and seeing the island from this new perspective was tremendous. <br /><br />Eric was terrific and so well experienced with his knowledge on Maui. I highly recommended checking the island out with him and having a once in a lifetime experience. ","Friends","0","","Written September 6, 2023","This review is the subjective opinion of a Tripadvisor member and not of Tripadvisor LLC."
"Riley D","https://www.tripadvisor.com/Profile/rileyd184","https://media-cdn.tripadvisor.com/media/photo-o/1a/f6/e3/6a/default-avatar-2020-47.jpg","","5","Aug 2023 • Couples","Excellent","We absolutely adored our trip and had an amazing time with our guide, it was such a beautiful experience for the both of us. Very thankful we had the opportunity to do this.","Couples","0","","Written August 31, 2023","This review is the subjective opinion of a Tripadvisor member and not of Tripadvisor LLC."
"anuj g","https://www.tripadvisor.com/Profile/342anujg","https://media-cdn.tripadvisor.com/media/photo-o/1a/f6/df/99/default-avatar-2020-40.jpg","","5","Aug 2023 • Couples","Amazed","Beautiful experience and once in a lifetime moment. <br />Great to see Maui from the top. It was a top notch experience","Couples","0","","Written August 7, 2023","This review is the subjective opinion of a Tripadvisor member and not of Tripadvisor LLC."
"deekansha t","https://www.tripadvisor.com/Profile/deekanshat","https://media-cdn.tripadvisor.com/media/photo-o/1a/f6/e3/6a/default-avatar-2020-47.jpg","","5","Aug 2023 • Couples","Amazing","Loved the tour❤️ This made my 30 th birthday super special. I would definitely cherish that throughout my life","Couples","0","","Written August 7, 2023","This review is the subjective opinion of a Tripadvisor member and not of Tripadvisor LLC."
"Averly Cox","https://www.tripadvisor.com/Profile/bestequalsme","https://media-cdn.tripadvisor.com/media/photo-o/1a/f6/f2/eb/default-avatar-2020-27.jpg","","5","","Unique and beautiful experience","I booked this plane ride for my boyfriends 50th birthday, it was so amazing! Our pilot made sure that our every need was met from the moment we met, until we departed the airport (he even opened the car door for me). The views we experienced  from the plane were the most beautiful I’ve ever seen. Scenery that is impossible to view from the ground was easily seen and the photos opportunities were non stop. I 100% recommend booking this private flight if you want to experience something truly spectacular.","","0","https://media-cdn.tripadvisor.com/media/photo-o/29/eb/6f/fe/caption.jpg
https://media-cdn.tripadvisor.com/media/photo-o/29/eb/6f/fd/caption.jpg
https://media-cdn.tripadvisor.com/media/photo-o/29/eb/6f/fc/caption.jpg
https://media-cdn.tripadvisor.com/media/photo-o/29/eb/6f/fb/caption.jpg
https://media-cdn.tripadvisor.com/media/photo-o/29/eb/6f/fa/caption.jpg
https://media-cdn.tripadvisor.com/media/photo-o/29/eb/6f/f9/caption.jpg
https://media-cdn.tripadvisor.com/media/photo-o/29/eb/6f/f8/caption.jpg
https://media-cdn.tripadvisor.com/media/photo-m/1280/29/eb/6f/f7/caption.jpg
https://media-cdn.tripadvisor.com/media/photo-m/1280/29/eb/6f/f6/caption.jpg
https://media-cdn.tripadvisor.com/media/photo-m/1280/29/eb/6f/f5/caption.jpg
https://media-cdn.tripadvisor.com/media/photo-m/1280/29/eb/6f/f4/caption.jpg","Written August 1, 2023","This review is the subjective opinion of a Tripadvisor member and not of Tripadvisor LLC."
"Tiffany M","https://www.tripadvisor.com/Profile/M1318VMtiffanym","https://media-cdn.tripadvisor.com/media/photo-o/1a/f6/e7/99/default-avatar-2020-57.jpg","","5","Jul 2023 • Couples","Amazing!","This was definitely a once in a lifetime experience for our anniversary. It was amazing. It's a must do. Eric our pilot was awesome and my husband even got to fly the plane. So awesome","Couples","0","","Written July 28, 2023","This review is the subjective opinion of a Tripadvisor member and not of Tripadvisor LLC."
"Louis M","https://www.tripadvisor.com/Profile/Montellifam13","https://media-cdn.tripadvisor.com/media/photo-o/1a/f6/f4/20/default-avatar-2020-31.jpg","","5","Jul 2023 • Couples","Best trip of my life.","This was the most memorable and amazing thing I have done. Pilot was A-1. Could not have wished for anything better.","Couples","0","","Written July 28, 2023","This review is the subjective opinion of a Tripadvisor member and not of Tripadvisor LLC."
"Andrew T","https://www.tripadvisor.com/Profile/andrewtC1634OA","https://media-cdn.tripadvisor.com/media/photo-o/1a/f6/e2/e6/default-avatar-2020-45.jpg","","5","Jul 2023 • Family","Great Sunset Flight over Maui","We took the Sunset tour with Pilot Eric. We had a fantastic time.   Eric has vast knowledge of the area and really provided a great experience for my family.   He's also a great pilot so you can rest assured of a safe flight. Highly recommend him for an experience of a lifetime!","Family","0","https://media-cdn.tripadvisor.com/media/photo-m/1280/29/d4/27/2c/caption.jpg","Written July 23, 2023","This review is the subjective opinion of a Tripadvisor member and not of Tripadvisor LLC."
"lacey t","https://www.tripadvisor.com/Profile/654laceyt","https://media-cdn.tripadvisor.com/media/photo-o/1a/f6/ee/10/default-avatar-2020-8.jpg","","5","Jul 2023 • Family","Amazing flight","Views were amazing, very funny and entertaining pilot. The flight were very beautiful and smooth. 5 star experience. ","Family","0","https://media-cdn.tripadvisor.com/media/photo-m/1280/29/d4/24/a5/caption.jpg
https://media-cdn.tripadvisor.com/media/photo-m/1280/29/d4/24/a4/caption.jpg
https://media-cdn.tripadvisor.com/media/photo-w/29/d4/24/a3/caption.jpg
https://media-cdn.tripadvisor.com/media/photo-m/1280/29/d4/24/a2/caption.jpg
https://media-cdn.tripadvisor.com/media/photo-m/1280/29/d4/24/a1/caption.jpg
https://media-cdn.tripadvisor.com/media/photo-w/29/d4/24/a0/caption.jpg
https://media-cdn.tripadvisor.com/media/photo-m/1280/29/d4/24/9f/caption.jpg","Written July 23, 2023","This review is the subjective opinion of a Tripadvisor member and not of Tripadvisor LLC."
"Arly P","https://www.tripadvisor.com/Profile/605arlyp","https://media-cdn.tripadvisor.com/media/photo-o/1a/f6/de/e7/default-avatar-2020-37.jpg","","5","Jul 2023 • Couples","5 star sunset","Definitely felt like a five star flight ! Really nice, entertaining and informative pilot, amazing views and a great time!","Couples","0","https://media-cdn.tripadvisor.com/media/photo-m/1280/29/d1/c9/a7/caption.jpg","Written July 22, 2023","This review is the subjective opinion of a Tripadvisor member and not of Tripadvisor LLC."
"Gavin R","https://www.tripadvisor.com/Profile/gavinr991","https://media-cdn.tripadvisor.com/media/photo-o/1a/f6/f2/59/default-avatar-2020-24.jpg","","5","Jul 2023 • Couples","Spectacular","Sunset was beautiful. We got to see 2 rainbows and the champagne was amazing! Service was amazing!!!","Couples","0","","Written July 16, 2023","This review is the subjective opinion of a Tripadvisor member and not of Tripadvisor LLC."
"Aryan P","https://www.tripadvisor.com/Profile/aryanp627","https://media-cdn.tripadvisor.com/media/photo-o/1a/f6/ec/a2/default-avatar-2020-3.jpg","","5","Jul 2023 • Couples","Best Flight Experience in All Maui","The views that we experience are the best we have ever seen. We had a wonderful time and we recommend this experience to anyone out there. After searching all of the other ones this one is the best in terms of what YOU get. Best views I ever seen!!","Couples","0","","Written July 15, 2023","This review is the subjective opinion of a Tripadvisor member and not of Tripadvisor LLC."
"Laura G","https://www.tripadvisor.com/Profile/N4067BOlaurag","https://media-cdn.tripadvisor.com/media/photo-o/1a/f6/e4/2d/default-avatar-2020-48.jpg","","5","Jul 2023 • Couples","ONCE IN A LIFETIME","This is THE BEST FLIGHT EXPERIENCE EVER! This flight was the cherry on top to culminate our enchanting honeymoon experience win Maui!! The views were spectacular and the narration of every place was a great touch. I am afraid of flights but this was a smooth ride & the pilot was very helpful for people afraid of heights.","Couples","0","","Written July 15, 2023","This review is the subjective opinion of a Tripadvisor member and not of Tripadvisor LLC."
"Lauryn G","https://www.tripadvisor.com/Profile/918lauryng","https://media-cdn.tripadvisor.com/media/photo-o/1a/f6/e4/59/default-avatar-2020-49.jpg","","5","Jun 2023 • Family","AMAZING!!!","What an amazing experience. This is a memory with my family I will never forget. Our pilot, Eric was awesome. ","Family","0","","Written June 30, 2023","This review is the subjective opinion of a Tripadvisor member and not of Tripadvisor LLC."
"christine torres","https://www.tripadvisor.com/Profile/Meander59255784881","https://media-cdn.tripadvisor.com/media/photo-o/1a/f6/ea/b2/default-avatar-2020-69.jpg","Buda, TX","5","","Memories","Omg will never forget this experience! It’s a must! Sunset is the best time to do this experience! I am now complete!! So much fun!","","0","","Written June 30, 2023","This review is the subjective opinion of a Tripadvisor member and not of Tripadvisor LLC."
"Nomad37067091547","https://www.tripadvisor.com/Profile/Nomad37067091547","https://media-cdn.tripadvisor.com/media/photo-o/1a/f6/ea/74/default-avatar-2020-68.jpg","","5","Jun 2023 • Couples","Definitely Recommend","Amazing experience!!! 10/10. Great pilot who made me feel very comfortable throughout the entire flight! ","Couples","0","","Written June 17, 2023","This review is the subjective opinion of a Tripadvisor member and not of Tripadvisor LLC."
"Sophia K","https://www.tripadvisor.com/Profile/B5890HIsophiak","https://media-cdn.tripadvisor.com/media/photo-o/1a/f6/f2/11/default-avatar-2020-23.jpg","","5","Jun 2023 • Couples","Wow wow wow","Wow wow wow!!!! What an amazing experience!!!!!   Once in a lifetime worth every dollar!!!!  Eric was outstanding","Couples","0","","Written June 4, 2023","This review is the subjective opinion of a Tripadvisor member and not of Tripadvisor LLC."
"Andrea G","https://www.tripadvisor.com/Profile/L5670JGandreag","https://media-cdn.tripadvisor.com/media/photo-o/1a/f6/f4/20/default-avatar-2020-31.jpg","","5","","Blessed","Would recommend to any couple visiting Maui! The experience was spectacular, the views were indescribable and our pilot made the experience super special. Thank you!","","0","","Written May 27, 2023","This review is the subjective opinion of a Tripadvisor member and not of Tripadvisor LLC."
"Jordan B","https://www.tripadvisor.com/Profile/M2717RCjordanb","https://media-cdn.tripadvisor.com/media/photo-o/1a/f6/de/0a/default-avatar-2020-35.jpg","","5","May 2023 • Couples","Life-changing","This was an absolutely life-monumental experience!!! I literally can’t recommend this more! Not only will you see the most gorgeous scenery , but get pictures to remember it!","Couples","0","","Written May 27, 2023","This review is the subjective opinion of a Tripadvisor member and not of Tripadvisor LLC."
"Randal S","https://www.tripadvisor.com/Profile/448randals","https://media-cdn.tripadvisor.com/media/photo-o/1a/f6/df/99/default-avatar-2020-40.jpg","","5","May 2023 • Couples","Phenomenal","It was very educational and a learning experience.  We saw some very special views and the flight was really good. We enjoyed it immensely ","Couples","0","","Written May 9, 2023","This review is the subjective opinion of a Tripadvisor member and not of Tripadvisor LLC."
"Manuel C","https://www.tripadvisor.com/Profile/V1879JRmanuelc","https://media-cdn.tripadvisor.com/media/photo-o/1a/f6/de/e7/default-avatar-2020-37.jpg","","5","Apr 2023 • Couples","Amazing","Was amazing glad we went!  First trip on a plane here at Maui. Flying the plane was exciting.  Hang loose.","Couples","0","https://media-cdn.tripadvisor.com/media/photo-w/28/e6/72/5d/caption.jpg","Written April 23, 2023","This review is the subjective opinion of a Tripadvisor member and not of Tripadvisor LLC."
"Berenice Z","https://www.tripadvisor.com/Profile/berenicez235","https://media-cdn.tripadvisor.com/media/photo-o/1a/f6/df/2b/default-avatar-2020-39.jpg","","5","Apr 2023 • Couples","Spectacular","The experience was espectacular! <br />It’s a must at Maui!! <br />Love it!! <br />The pilot was very knowledgeable and definitely coming back!! ","Couples","0","","Written April 23, 2023","This review is the subjective opinion of a Tripadvisor member and not of Tripadvisor LLC."
"Blanca M","https://www.tripadvisor.com/Profile/LoveTravel746868","","","5","Apr 2023 • Couples","Amazing","The most amazing experience. One that I will remember for life. To a life time of love. Must do in Hawaii!!","Couples","0","","Written April 21, 2023","This review is the subjective opinion of a Tripadvisor member and not of Tripadvisor LLC."
"Isabella J","https://www.tripadvisor.com/Profile/269isabellaj","https://media-cdn.tripadvisor.com/media/photo-o/1a/f6/e5/66/default-avatar-2020-53.jpg","","5","Apr 2023 • Couples","A fabulous sunset flight","The flight was awesome, it was really smooth and comfortable. The views were beautiful and we got great photos. A really fun and special experience with great professional and friendly service! ","Couples","0","","Written April 20, 2023","This review is the subjective opinion of a Tripadvisor member and not of Tripadvisor LLC."
"Kaity H","https://www.tripadvisor.com/Profile/kaityh2023","https://media-cdn.tripadvisor.com/media/photo-o/1a/f6/e9/ef/default-avatar-2020-66.jpg","","5","Feb 2023 • Couples","Bubbly in the sky","My boyfriend and I had such an amazing time on this ride!! Our pilot helped us feel very special and comfortable. I loved the feeling of floating in the sky at sunset with my love. :) it was a little windy, but our pilot navigated it so well and we are so grateful!","Couples","0","","Written February 26, 2023","This review is the subjective opinion of a Tripadvisor member and not of Tripadvisor LLC."
"Jon V","https://www.tripadvisor.com/Profile/40jonv","https://media-cdn.tripadvisor.com/media/photo-o/1a/f6/df/2b/default-avatar-2020-39.jpg","","5","Feb 2023 • Couples","Air tour","Seeing all of the different views and the pilots knowledge of the island. Perfect time if day to do an air tour of Maui.","Couples","0","","Written February 26, 2023","This review is the subjective opinion of a Tripadvisor member and not of Tripadvisor LLC."
"Jade B","https://www.tripadvisor.com/Profile/JadeMrsNoodle","https://media-cdn.tripadvisor.com/media/photo-o/1a/f6/e8/ea/default-avatar-2020-63.jpg","Lahaina, HI","5","Feb 2023","Maui Plane Ride > Helicopters","First of all, originally we wanted to do a helicopter ride. We were quoted like $400 per person so that would've been over $1.2K for all of us to SHARE a helicopter with random people. For our own PRIVATE plane ride (mom, hubby, and I) it was only $600ish!!!! FOR ALL THREE OF US!!!! Talk about value,  plus we got champagne!!!!! It was so personalized from the second we parked at the tiny private tarmac and were greeted by the Pilot himself, Eric. He adorned us with beautiful Lei's and we had to have a quick photo op. My partner is a plane nerd so he went up front with the pilot and even had his own steering wheel. I was in the back with Mom, sipping bubble up in our private plane. Feeling like a movie star. Anywhere we pointed, he went. Once in a lifetime experience. There are no words for the flight itself, you'll have to find out yourselves :)","","0","https://media-cdn.tripadvisor.com/media/photo-s/28/58/1a/ef/cheers.jpg
https://media-cdn.tripadvisor.com/media/photo-m/1280/28/58/1a/e0/all-window-seats.jpg","Written February 25, 2023","This review is the subjective opinion of a Tripadvisor member and not of Tripadvisor LLC."
"Nancy C","https://www.tripadvisor.com/Profile/T7200XUnancyc","https://media-cdn.tripadvisor.com/media/photo-o/1a/f6/e8/91/default-avatar-2020-62.jpg","","5","Feb 2023 • Couples","Exilerating","What an incredible end to our Maui vacation! We saw the most beautiful views of the island we were so blessed to see. It was an incredible surprise for my sweetheart of 35 years! Mahalo!","Couples","0","","Written February 8, 2023","This review is the subjective opinion of a Tripadvisor member and not of Tripadvisor LLC."
"Sam","https://www.tripadvisor.com/Profile/ksrajiv06","https://media-cdn.tripadvisor.com/media/photo-o/1a/f6/f4/d0/default-avatar-2020-33.jpg","","5","Jan 2023 • Family","Awesome","Simply Awesome experience!!<br />You can’t get a better view from of Maui<br />Eric is a master flyer….he best","Family","0","","Written January 18, 2023","This review is the subjective opinion of a Tripadvisor member and not of Tripadvisor LLC."
"Mike C","https://www.tripadvisor.com/Profile/Y2488SCmikec","https://media-cdn.tripadvisor.com/media/photo-o/1a/f6/f0/d5/default-avatar-2020-17.jpg","","5","Jan 2023 • Couples","Awesome","Awesome experience can’t wait to do it again !!!!!! <br />Great time a must do, gorgeous sunset learned a lot about Maui.","Couples","0","","Written January 10, 2023","This review is the subjective opinion of a Tripadvisor member and not of Tripadvisor LLC."
"Melonie P","https://www.tripadvisor.com/Profile/meloniep431","https://media-cdn.tripadvisor.com/media/photo-o/1a/f6/f1/42/default-avatar-2020-20.jpg","","5","","Amazing","The pilot was absolutely amazing.  The pictures were out of this world.  Amazing memories. This is a must to see the beauty of Maui. ","","0","","Written January 10, 2023","This review is the subjective opinion of a Tripadvisor member and not of Tripadvisor LLC."
"Ssankner","https://www.tripadvisor.com/Profile/Ssankner","","Brooklyn, NY","5","","Sunset Perfection in the Sky","Wonderful, once-in-a-lifetime memory from our honeymoon on Maui. Gorgeous sunset, beautiful scenery and a knowledgeable pilot who shared Maui’s secrets.","","0","https://media-cdn.tripadvisor.com/media/photo-m/1280/27/4d/97/21/caption.jpg
https://media-cdn.tripadvisor.com/media/photo-w/27/4d/97/20/caption.jpg
https://media-cdn.tripadvisor.com/media/photo-o/27/4d/97/1f/caption.jpg","Written December 11, 2022","This review is the subjective opinion of a Tripadvisor member and not of Tripadvisor LLC."
"Lee Ann T","https://www.tripadvisor.com/Profile/947leeannt","https://media-cdn.tripadvisor.com/media/photo-o/1a/f6/eb/6d/default-avatar-2020-19.jpg","Truth or Consequences, NM","5","Nov 2022 • Couples","“Must see to be believed”","This is definitely a “must do” excursion while in Maui. From start to end, Laura (our pilot) made our sunset flight an unforgettable experience. The views and the spectacular colors of the sunset truly need to be experienced from the air. Highly recommend!","Couples","0","https://media-cdn.tripadvisor.com/media/photo-w/26/d3/92/56/romantic-sunset-champagne.jpg","Written November 10, 2022","This review is the subjective opinion of a Tripadvisor member and not of Tripadvisor LLC."
"Yan L","https://www.tripadvisor.com/Profile/L1713VL_","https://media-cdn.tripadvisor.com/media/photo-m/1280/1d/3b/20/90/caption.jpg","","5","","Beyond my words","Wonderful . I love it so much!!! It was an amazing journey to see the Maui over the clouds. The sunset was breathtaking!!! The flight was pretty smooth. Love Laura !!! She is an amazing guide and pilot!!! Definitely, book it when you are Maui!!! 💓💕❣️💖❤️💗❣️💓😘🥰🤩💖💞💓💕❣️","","0","https://media-cdn.tripadvisor.com/media/photo-m/1280/26/bc/7e/3a/caption.jpg
https://media-cdn.tripadvisor.com/media/photo-w/26/bc/7e/39/caption.jpg","Written October 30, 2022","This review is the subjective opinion of a Tripadvisor member and not of Tripadvisor LLC."
"Emily B","https://www.tripadvisor.com/Profile/J9080ZNemilyb","https://media-cdn.tripadvisor.com/media/photo-o/1a/f6/ea/74/default-avatar-2020-68.jpg","","5","Oct 2022 • Couples","Amazing trip around the island during sunset!","Spectacular trip! Loved every minute of it! This trip offered exceptional views of a beautiful island. The best sunset views we have seen the entire vacation.","Couples","0","","Written October 22, 2022","This review is the subjective opinion of a Tripadvisor member and not of Tripadvisor LLC."
"Samuel K","https://www.tripadvisor.com/Profile/samuelkD4901YS","https://media-cdn.tripadvisor.com/media/photo-f/01/2e/70/7c/avatar063.jpg","","5","Oct 2022","Sunset to remember","After exploring the valley island by land and sea for the good part of a week, it was amazing to see all of the areas that we explored (and more) by air! It gives another perspective. Add to that a beautiful orange sunset, champagne, and a wonderful pilot (Laura was incredibly friendly, professional and told us some great stories as we passed over key landmarks) and you have one experience you won't want to miss!","","0","","Written October 16, 2022","This review is the subjective opinion of a Tripadvisor member and not of Tripadvisor LLC."
"Kyle H","https://www.tripadvisor.com/Profile/P3315TEkyleh","https://media-cdn.tripadvisor.com/media/photo-o/1a/f6/ef/73/default-avatar-2020-13.jpg","","5","Oct 2022 • Couples","Amazing","This was Awesome, Amazing Experience! Would totally recommend it. Eric was totally worth the money!!!","Couples","0","","Written October 3, 2022","This review is the subjective opinion of a Tripadvisor member and not of Tripadvisor LLC."
"Bridget D","https://www.tripadvisor.com/Profile/doyley327","https://media-cdn.tripadvisor.com/media/photo-o/1a/f6/e4/59/default-avatar-2020-49.jpg","","5","Oct 2022 • Couples","Sunset Cruise","This was a great experience!  Eric was so accommodating and flexible to make sure we had the experience of a lifetime.","Couples","0","","Written October 3, 2022","This review is the subjective opinion of a Tripadvisor member and not of Tripadvisor LLC."
"joecilus","https://www.tripadvisor.com/Profile/joecilus","https://media-cdn.tripadvisor.com/media/photo-s/06/7e/6d/7c/edoardo-g.jpg","Reggio Emilia, Italy","5","","Wonderful sunset and experience ","Wonderful experience with a wonderful pilot! Lovely sunset, lovely flight and the view around the island is stunning... To do list","","0","","Written September 18, 2022","This review is the subjective opinion of a Tripadvisor member and not of Tripadvisor LLC."
"Dan C","https://www.tripadvisor.com/Profile/88DanC","https://media-cdn.tripadvisor.com/media/photo-o/1a/f6/e4/59/default-avatar-2020-49.jpg","Iron Station, NC","5","Sep 2022 • Couples","Just do it.","This was an amazing activity.  I highly recommend it.  Very memorable. Just do it.  You won’t regret it.","Couples","0","https://media-cdn.tripadvisor.com/media/photo-m/1280/25/da/68/7d/romantic-sunset-champagne.jpg
https://media-cdn.tripadvisor.com/media/photo-m/1280/25/da/68/79/romantic-sunset-champagne.jpg","Written September 15, 2022","This review is the subjective opinion of a Tripadvisor member and not of Tripadvisor LLC."
"Anamika","https://www.tripadvisor.com/Profile/inky7777","https://media-cdn.tripadvisor.com/media/photo-o/1a/f6/ef/9c/default-avatar-2020-14.jpg","","5","Sep 2022 • Couples","Magnifique","It was a really magical experience. Maui at it’s best at sunset from the heights of a plane ride. We would recommend this experience to everyone.","Couples","0","","Written September 3, 2022","This review is the subjective opinion of a Tripadvisor member and not of Tripadvisor LLC."
"Hallie K","https://www.tripadvisor.com/Profile/241halliek","","","5","Jul 2022 • Couples","Magical","I enjoyed the private ride. Despite wind and cloudy night, the ride and the views were amazing. The photos and champagne were a bonus.","Couples","0","","Written July 19, 2022","This review is the subjective opinion of a Tripadvisor member and not of Tripadvisor LLC."
"Drew Kauffman","https://www.tripadvisor.com/Profile/DrewKauff27","","","5","Jul 2022 • Couples","AMAZING","Our pilot was amazing. He made us feel very safe and gave lots of information about Maui. The views were SPECTACULAR of the ocean, the mountains, the sunset, and neighboring islands. The sunset was incredible from the plane. The champagne provided was icing on the cake.","Couples","0","https://media-cdn.tripadvisor.com/media/photo-m/1280/24/ce/8c/16/romantic-sunset-champagne.jpg
https://media-cdn.tripadvisor.com/media/photo-m/1280/24/ce/8c/00/romantic-sunset-champagne.jpg
https://media-cdn.tripadvisor.com/media/photo-m/1280/24/ce/8b/bb/romantic-sunset-champagne.jpg
https://media-cdn.tripadvisor.com/media/photo-m/1280/24/ce/8b/b8/romantic-sunset-champagne.jpg
https://media-cdn.tripadvisor.com/media/photo-m/1280/24/ce/8b/86/romantic-sunset-champagne.jpg
https://media-cdn.tripadvisor.com/media/photo-w/24/ce/8b/84/romantic-sunset-champagne.jpg
https://media-cdn.tripadvisor.com/media/photo-m/1280/24/ce/8b/54/romantic-sunset-champagne.jpg
https://media-cdn.tripadvisor.com/media/photo-m/1280/24/ce/8a/6d/romantic-sunset-champagne.jpg","Written July 19, 2022","This review is the subjective opinion of a Tripadvisor member and not of Tripadvisor LLC."
"Drew D","https://www.tripadvisor.com/Profile/V7905KVdrewd","https://media-cdn.tripadvisor.com/media/photo-o/1a/f6/e9/ef/default-avatar-2020-66.jpg","","5","","AMAZING!!!!","Great experience to celebrate our anniversary! A gracious host (pilot) gave us the red carpet treatment for sure! And the landing... ""like butter baby""!! 😃","","0","","Written July 15, 2022","This review is the subjective opinion of a Tripadvisor member and not of Tripadvisor LLC."
"Recia D","https://www.tripadvisor.com/Profile/reciad","https://media-cdn.tripadvisor.com/media/photo-o/1a/f6/f0/d5/default-avatar-2020-17.jpg","Phoenix, AZ","5","","Amazing!","Eric was fantastic in making this a night to remember. We got to see amazing rainbows and an incredible sunset. Highly recommend. ","","0","","Written July 15, 2022","This review is the subjective opinion of a Tripadvisor member and not of Tripadvisor LLC."
"Fuj","https://www.tripadvisor.com/Profile/Rutrd643","https://media-cdn.tripadvisor.com/media/photo-o/1a/f6/ea/b2/default-avatar-2020-69.jpg","","5","Jul 2022 • Couples","Golden experience","Our guide Eric was very warm and welcoming! He made us feel safe and sound. The experience was spectacular we got to see the sunset and the golden clouds. The volcano and the view from the sky is something special. My spouse and I got to experience a special moment.","Couples","0","","Written July 14, 2022","This review is the subjective opinion of a Tripadvisor member and not of Tripadvisor LLC."
"emiliano s","https://www.tripadvisor.com/Profile/emilianos900","https://media-cdn.tripadvisor.com/media/photo-o/1a/f6/ec/3d/default-avatar-2020-1.jpg","","5","Jul 2022 • Couples","Majestic","Great ride with Erik and he wasn’t lying about the once in a lifetime opportunity to see Maui from above!","Couples","0","","Written July 4, 2022","This review is the subjective opinion of a Tripadvisor member and not of Tripadvisor LLC."
"ciana","https://www.tripadvisor.com/Profile/Cianaruiz","https://media-cdn.tripadvisor.com/media/photo-o/1a/f6/e2/e6/default-avatar-2020-45.jpg","","5","Jul 2022 • Couples","BEST TOURIST","Beautiful sunset tour! Felt safe out pilot Eric was very knowledgeable and made us feel safe! Definitely recommend this tour 10/10! Would do it again!","Couples","0","","Written July 4, 2022","This review is the subjective opinion of a Tripadvisor member and not of Tripadvisor LLC."
"Eric E","https://www.tripadvisor.com/Profile/ericeZ3974BB","https://media-cdn.tripadvisor.com/media/photo-f/01/2e/70/83/avatar004.jpg","","5","Jul 2022 • Couples","That was amazing!!!","Eric was awesome! The views were amazing. E money was very calming and made the experience very joyous. 5/6.","Couples","0","","Written July 2, 2022","This review is the subjective opinion of a Tripadvisor member and not of Tripadvisor LLC."
"Rebecca O","https://www.tripadvisor.com/Profile/rebeccao308","https://media-cdn.tripadvisor.com/media/photo-o/1a/f6/df/2b/default-avatar-2020-39.jpg","Redondo Beach, CA","5","Jul 2022 • Couples","Maui during the sunset!","What an experience flying all over Maui during the sunset. Everything was so beautiful and it was so awesome seeing everything from that point of view. Eric was a great pilot and helped make us feel at ease.","Couples","0","","Written July 2, 2022","This review is the subjective opinion of a Tripadvisor member and not of Tripadvisor LLC."
"Nick C","https://www.tripadvisor.com/Profile/F7363SDnickc","https://media-cdn.tripadvisor.com/media/photo-o/1a/f6/f6/0d/default-avatar-2020-34.jpg","Pittsburgh, PA","5","Jun 2022 • Couples","Breathtaking, one of the highlights to our maui trip","Our first time in Maui and wow was it not a let down. From the moment we got there Eric made us feel like old friends. His love for the island is infectious. The way he described the features below was poetic as well as informative. To my wife and I, Eric was the Bob Ross of the Maui skies. I was a tad worried about the island winds but Eric’s expertise was nothing but a smooth flight with a butter smooth landing. We were both amazed and will absolutely cherish the memories and photos we have.","Couples","0","https://media-cdn.tripadvisor.com/media/photo-m/1280/24/47/a8/60/romantic-sunset-champagne.jpg
https://media-cdn.tripadvisor.com/media/photo-m/1280/24/47/a6/ad/romantic-sunset-champagne.jpg","Written June 27, 2022","This review is the subjective opinion of a Tripadvisor member and not of Tripadvisor LLC."
"Tosha C","https://www.tripadvisor.com/Profile/toshac66","https://media-cdn.tripadvisor.com/media/photo-f/01/2e/70/a5/avatar076.jpg","Las Vegas, NV","5","Jun 2022 • Solo","Amazing","This was the most amazing, magical experience I’ve ever had . I recommend everyone do this at least once. Loved it !!","Solo","0","","Written June 27, 2022","This review is the subjective opinion of a Tripadvisor member and not of Tripadvisor LLC."
"Kayla M","https://www.tripadvisor.com/Profile/L4566DPkaylam","https://media-cdn.tripadvisor.com/media/photo-o/1a/f6/eb/e3/default-avatar-2020-59.jpg","","5","Jun 2022 • Family","Beautiful Sunset","Beautiful experience and excellent tour guide! The tour guide was friendship and the trip was wonderful!","Family","0","","Written June 22, 2022","This review is the subjective opinion of a Tripadvisor member and not of Tripadvisor LLC."
"Kay M","https://www.tripadvisor.com/Profile/O9345QDkaym","https://media-cdn.tripadvisor.com/media/photo-o/1a/f6/df/99/default-avatar-2020-40.jpg","","5","Jun 2022 • Couples","Woooow it’ll blow you away","Wow amazing. Our pilot was friendly and passionate about the island. So far the highlight of our trip. Thanks","Couples","0","","Written June 22, 2022","This review is the subjective opinion of a Tripadvisor member and not of Tripadvisor LLC."
"Hunter A","https://www.tripadvisor.com/Profile/199huntera","https://media-cdn.tripadvisor.com/media/photo-o/1a/f6/e4/59/default-avatar-2020-49.jpg","","5","Jun 2022 • Couples","Left speechless","Erick was awesome, so much fun, super entertaining! Beautiful flight, awesome views, great pastels. 10/10 would recommend","Couples","0","","Written June 20, 2022","This review is the subjective opinion of a Tripadvisor member and not of Tripadvisor LLC."
"Taylor H","https://www.tripadvisor.com/Profile/taylorhR5970BA","https://media-cdn.tripadvisor.com/media/photo-o/1a/f6/f2/59/default-avatar-2020-24.jpg","","5","Jun 2022 • Couples","BEST PART OF MAUI","This was the BEST part of our MAUI trip!!! Eric was an awesome tour guide. He really made this trip feel so special. I would highly recommend. Highlight of our honeymoon.","Couples","0","","Written June 20, 2022","This review is the subjective opinion of a Tripadvisor member and not of Tripadvisor LLC."
"Michael Z","https://www.tripadvisor.com/Profile/michaelzY1718UN","https://media-cdn.tripadvisor.com/media/photo-o/1a/f6/df/2b/default-avatar-2020-39.jpg","","5","Jun 2022 • Couples","Wonderful experience","So much fun! Amazing views. Eric was very knowledgable and full of personality. Plane was comfortable.","Couples","0","","Written June 5, 2022","This review is the subjective opinion of a Tripadvisor member and not of Tripadvisor LLC."
"Will Z.","https://www.tripadvisor.com/Profile/653willz","https://media-cdn.tripadvisor.com/media/photo-m/1280/2e/5f/06/0b/caption.jpg","Las Vegas, NV","5","","Maui Helicopter Ride","Amazing experience!!! Eric was awesome throughout the entire ride and showed us amazing sights! Highly recommend!!!","","0","","Written June 5, 2022","This review is the subjective opinion of a Tripadvisor member and not of Tripadvisor LLC."
"Toni H","https://www.tripadvisor.com/Profile/tonihJ7059CM","https://media-cdn.tripadvisor.com/media/photo-o/1a/f6/e5/66/default-avatar-2020-53.jpg","","5","May 2022 • Couples","Wonderful!","Wonderful! Great views and information. A great pilot that was super fun and energetic. The sunset was beautiful!","Couples","0","","Written May 30, 2022","This review is the subjective opinion of a Tripadvisor member and not of Tripadvisor LLC."
"Ixca M","https://www.tripadvisor.com/Profile/30ixcam","https://media-cdn.tripadvisor.com/media/photo-o/1a/f6/f4/5d/default-avatar-2020-32.jpg","","5","","It was spectacular! ","We thoroughly enjoyed the flight! The views of west Maui were breathtaking. Eric was funny and charismatic. The landing was smooth as butter. ","","0","","Written May 30, 2022","This review is the subjective opinion of a Tripadvisor member and not of Tripadvisor LLC."
"Sharon K","https://www.tripadvisor.com/Profile/shaejkp","https://media-cdn.tripadvisor.com/media/photo-s/0d/0c/25/34/sharon-k.jpg","Boston, MA","5","","Great views and Fun Flying!","This was such an amazing experience! I’m such a big aviation nerd, and Eric catered to my interests. My husband and I had such a great time in the air seeing the sites and learning about piloting. Fabulous time!","","0","","Written May 11, 2022","This review is the subjective opinion of a Tripadvisor member and not of Tripadvisor LLC."
"Mark P","https://www.tripadvisor.com/Profile/M6524EBMark","https://media-cdn.tripadvisor.com/media/photo-o/1a/f6/f2/7a/default-avatar-2020-25.jpg","Orange, CA","5","May 2022 • Couples","Incredible!","Eric was incredible!  My wife loves aviation, and he was just so wonderful and patient with us asking all kinds of questions. I really really appreciate it!","Couples","0","","Written May 11, 2022","This review is the subjective opinion of a Tripadvisor member and not of Tripadvisor LLC."
"KG","https://www.tripadvisor.com/Profile/Kg0428","https://media-cdn.tripadvisor.com/media/photo-o/1a/f6/f3/23/default-avatar-2020-28.jpg","","5","May 2022 • Couples","Awesome","Sunset awesome. Views great. Spectacular experience!! Recommend it. It a lot of fun and hope to do it again.","Couples","0","","Written May 6, 2022","This review is the subjective opinion of a Tripadvisor member and not of Tripadvisor LLC."
"Kevin G","https://www.tripadvisor.com/Profile/kevingX5494WV","https://media-cdn.tripadvisor.com/media/photo-o/1a/f6/f0/9f/default-avatar-2020-16.jpg","","5","","Anniversary celebration","The best sunset!!! Whales and rainbows!!! We couldn’t ask for anything better!!!  Do it, you won’t regret it. Happy Anniversary to us!!","","0","","Written May 6, 2022","This review is the subjective opinion of a Tripadvisor member and not of Tripadvisor LLC."
"Candice A","https://www.tripadvisor.com/Profile/candicea5682","https://media-cdn.tripadvisor.com/media/photo-o/1a/f6/e2/4a/default-avatar-2020-42.jpg","","5","May 2022 • Couples","Magnificent!","This was a special evening! We had a wonderful time and the sunset was gorgeous. The colors were magnificent.","Couples","0","","Written May 5, 2022","This review is the subjective opinion of a Tripadvisor member and not of Tripadvisor LLC."
"Joey","https://www.tripadvisor.com/Profile/Jsurf5","https://media-cdn.tripadvisor.com/media/photo-o/1a/f6/e7/99/default-avatar-2020-57.jpg","","5","May 2022 • Couples","Highly recommended","Awesome experience to see Maui from that perspective. Champagne toast was a nice touch. Little windy but the pilot nailed the landing.","Couples","0","","Written May 4, 2022","This review is the subjective opinion of a Tripadvisor member and not of Tripadvisor LLC."
"Candace S","https://www.tripadvisor.com/Profile/candaceks14","https://media-cdn.tripadvisor.com/media/photo-o/1a/f6/f2/11/default-avatar-2020-23.jpg","","5","May 2022 • Couples","Amazing","We had an awesome experience with spectacular views! The sunset was amazing from up high and we thoroughly enjoyed ourselves! Must do for anyone on Maui!","Couples","0","","Written May 4, 2022","This review is the subjective opinion of a Tripadvisor member and not of Tripadvisor LLC."
"Jeremy P","https://www.tripadvisor.com/Profile/R9708XOjeremyp","https://media-cdn.tripadvisor.com/media/photo-o/1a/f6/e9/bb/default-avatar-2020-65.jpg","","5","Mar 2022 • Couples","Awesome","Epic views with my wife next to me as the sunset fell into the sea. This was fun and I’d recommend for sure!","Couples","0","","Written March 26, 2022","This review is the subjective opinion of a Tripadvisor member and not of Tripadvisor LLC."
"Kandice P","https://www.tripadvisor.com/Profile/KPauley","https://media-cdn.tripadvisor.com/media/photo-o/1a/f6/f1/b8/default-avatar-2020-22.jpg","","5","Mar 2022 • Couples","Awesome experience!","The ride was amazing from start to finish! Our pilot was great. The views were spectacular. He really made it special for us!","Couples","0","","Written March 26, 2022","This review is the subjective opinion of a Tripadvisor member and not of Tripadvisor LLC."
"Eason W","https://www.tripadvisor.com/Profile/easonw2022","https://media-cdn.tripadvisor.com/media/photo-o/1a/f6/ea/2e/default-avatar-2020-67.jpg","","5","Mar 2022 • Couples","Amazing experience","The pilot Eric was fantastic!  The experience was everything we could have wanted and more!  We will remember this forever","Couples","0","","Written March 11, 2022","This review is the subjective opinion of a Tripadvisor member and not of Tripadvisor LLC."
"Rodney M","https://www.tripadvisor.com/Profile/I7532DXrodneym","https://media-cdn.tripadvisor.com/media/photo-o/1a/f6/de/e7/default-avatar-2020-37.jpg","","5","Mar 2022 • Couples","Heavenly!","Absolutely Amazing! The pilot was excellent and the views were simply spectacular! It was a birthday celebration HIGHLY RECOMMENDED","Couples","0","","Written March 8, 2022","This review is the subjective opinion of a Tripadvisor member and not of Tripadvisor LLC."
"Tony","https://www.tripadvisor.com/Profile/s2ntdogg","https://media-cdn.tripadvisor.com/media/photo-s/06/d4/c2/97/tony-l.jpg","San Francisco, CA","5","","Amazing!","Wonderful ride! The sunset was amazing! The host was 5 stars!!  I will definitely recommend it to all of my friends and family.","","0","","Written February 18, 2022","This review is the subjective opinion of a Tripadvisor member and not of Tripadvisor LLC."
"Denise C","https://www.tripadvisor.com/Profile/W979DHdenisec","https://media-cdn.tripadvisor.com/media/photo-s/13/0c/42/b6/denise-c.jpg","","5","Feb 2022 • Couples","Book this right now","Fantastic experience. Do not hesitate. Book it right now. Everything was spectacular and unbelievable. Life changing experience","Couples","0","","Written February 18, 2022","This review is the subjective opinion of a Tripadvisor member and not of Tripadvisor LLC."
"STM","https://www.tripadvisor.com/Profile/stm894","https://media-cdn.tripadvisor.com/media/photo-o/1a/f6/de/e7/default-avatar-2020-37.jpg","","5","Feb 2022 • Couples","Amazing!","Awesome experience. Such a unique experience and a very smooth flight. Amazing views and a wonderful guide.","Couples","0","","Written February 15, 2022","This review is the subjective opinion of a Tripadvisor member and not of Tripadvisor LLC."
"Hardy E","https://www.tripadvisor.com/Profile/hevans11","https://media-cdn.tripadvisor.com/media/photo-o/1a/f6/ef/9c/default-avatar-2020-14.jpg","","5","Feb 2022 • Couples","Must-do part of visiting Maui","Absolutely beautiful view of Maui and an intimate experience. Pilot was passionate and knowledgeable. Comfortable and smooth flight. Great way to get an overview of the island!","Couples","0","","Written February 15, 2022","This review is the subjective opinion of a Tripadvisor member and not of Tripadvisor LLC."
"Rhiannon R","https://www.tripadvisor.com/Profile/673rhiannonr","https://media-cdn.tripadvisor.com/media/photo-o/1a/f6/ed/00/default-avatar-2020-4.jpg","","5","Feb 2022 • Couples","Breathtaking!","Such an amazing and memorable experience. Incredibly beautiful and unique way to see the island. We saw humpback whales breaching, incredible beaches and a breathtaking sunset! <br /><br />Our pilot was incredibly friendly and very knowledgeable! Would absolutely say this is a must do for someone looking for a truest wonderful experience!","Couples","0","","Written February 10, 2022","This review is the subjective opinion of a Tripadvisor member and not of Tripadvisor LLC."
"Dean H","https://www.tripadvisor.com/Profile/J7436PRdeanh","https://media-cdn.tripadvisor.com/media/photo-o/1a/f6/ee/db/default-avatar-2020-10.jpg","","5","Feb 2022 • Couples","Absolutely perfect afternoon.","An absolutely fantastic experience. The views were breathtaking, the knowledge of the local islands/landscape was second to none and I couldn’t recommend Maui Plane Rides any more highly! 10/10","Couples","0","https://media-cdn.tripadvisor.com/media/photo-w/22/07/f2/8f/romantic-sunset-champagne.jpg","Written February 7, 2022","This review is the subjective opinion of a Tripadvisor member and not of Tripadvisor LLC."
"Lisa S","https://www.tripadvisor.com/Profile/Y4515KOlisas","https://media-cdn.tripadvisor.com/media/photo-o/1a/f6/ea/74/default-avatar-2020-68.jpg","","5","Jan 2022 • Couples","Excellent","Thank you! Excellent experience! Fantastic! I will do this again. Highly recommended. We saw whales!","Couples","0","","Written January 27, 2022","This review is the subjective opinion of a Tripadvisor member and not of Tripadvisor LLC."
"Bob M","https://www.tripadvisor.com/Profile/bobmP1896RD","https://media-cdn.tripadvisor.com/media/photo-o/1a/f6/f0/48/default-avatar-2020-15.jpg","San Francisco, CA","5","","Sunset Romantic views","Eric was a very kind a helpful person.  He pointed out all the key spots and made us feel very special.  Let my wife even fly plane.  What an awesome way to see Maui.  Whales were all over the place. Simply special and spectacular views","","0","","Written January 22, 2022","This review is the subjective opinion of a Tripadvisor member and not of Tripadvisor LLC."
"Vlad Cordis","https://www.tripadvisor.com/Profile/Vlad_Cordis","https://media-cdn.tripadvisor.com/media/photo-o/17/e5/ba/30/caption.jpg","New York City, NY","5","Nov 2021 • Couples","Amazing!","Very helpful, safe, and most importantly super romantic.<br />I booked it for my wife’s birthday, we got everything we wanted, even tho we were a little bit late because of Uber driver drove us somewhere else. Steve was super responsible and reliable person. I definitely recommend booking this service! Especially for a special occasion.","Couples","0","https://media-cdn.tripadvisor.com/media/photo-m/1280/21/6e/1d/f1/romantic-sunset-champagne.jpg","Written November 21, 2021","This review is the subjective opinion of a Tripadvisor member and not of Tripadvisor LLC."
"Rolando L","https://www.tripadvisor.com/Profile/682rolandol","https://media-cdn.tripadvisor.com/media/photo-o/1a/f6/de/0a/default-avatar-2020-35.jpg","","5","Oct 2021 • Couples","Romantic","Maui air tour was great, views were super nice.  Pilot was very nice. Would definitely recommend. Very romantic","Couples","0","","Written October 18, 2021","This review is the subjective opinion of a Tripadvisor member and not of Tripadvisor LLC."
"Kelsey","https://www.tripadvisor.com/Profile/kelch2021","https://media-cdn.tripadvisor.com/media/photo-o/1c/8f/a6/77/kelc-h.jpg","Chandler, AZ","5","Oct 2021 • Couples","Amazing!","Steve was absolutely amazing! He was nice, knowledgeable, and friendly! The flight was smooth and the views were amazing! Best part is that I had the opportunity to even fly the plane! I am so glad we went on this excursion and it was worth every penny!","Couples","0","https://media-cdn.tripadvisor.com/media/photo-w/20/43/97/0e/romantic-sunset-champagne.jpg
https://media-cdn.tripadvisor.com/media/photo-m/1280/20/43/91/89/romantic-sunset-champagne.jpg","Written October 17, 2021","This review is the subjective opinion of a Tripadvisor member and not of Tripadvisor LLC."
"carolin","https://www.tripadvisor.com/Profile/NorthStar37344575653","https://media-cdn.tripadvisor.com/media/photo-o/1a/f6/e9/60/default-avatar-2020-64.jpg","","5","","Great memories for my 70th birthday!","It was an amazing experience and our pilot was so informative and friendly!<br />It was a little scary but the pilot made us aware of the turbulence before it happened so that helped!","","0","","Written October 16, 2021","This review is the subjective opinion of a Tripadvisor member and not of Tripadvisor LLC."
"Sara M","https://www.tripadvisor.com/Profile/sarabL5538AO","https://media-cdn.tripadvisor.com/media/photo-o/1a/f6/f2/59/default-avatar-2020-24.jpg","","5","Oct 2021 • Couples","You Have To Do This!","We had a wonderful time. I didn't think Maui sunset could get anymore beautiful until today. Doing this gives a better perspective!","Couples","0","","Written October 15, 2021","This review is the subjective opinion of a Tripadvisor member and not of Tripadvisor LLC."
"Eric B","https://www.tripadvisor.com/Profile/B2447UDericb","https://media-cdn.tripadvisor.com/media/photo-o/1a/f6/f1/06/default-avatar-2020-18.jpg","","5","Oct 2021 • Couples","Stairway to Heaven","Excellent experience! Breath taken views with a wonderful pilot that gave us plenty of information on the island.","Couples","0","","Written October 15, 2021","This review is the subjective opinion of a Tripadvisor member and not of Tripadvisor LLC."
"Justin S","https://www.tripadvisor.com/Profile/Justin_S111111111111","https://media-cdn.tripadvisor.com/media/photo-o/1a/f6/e3/6a/default-avatar-2020-47.jpg","","5","Oct 2021 • Couples","Get on this plane","Steve is a wonderful pilot and we had such a memorable and perfect sunset flight. Well worth it! Do this now!!!","Couples","0","https://media-cdn.tripadvisor.com/media/photo-w/1f/c8/7f/bd/romantic-sunset-champagne.jpg","Written October 12, 2021","This review is the subjective opinion of a Tripadvisor member and not of Tripadvisor LLC."
"Caitlin R","https://www.tripadvisor.com/Profile/caitlinr700","","Rochester, MI","5","Oct 2021 • Couples","An Amazing Experience Unlike Any Other","The entire experience may just have been the highlight of our trip to Maui. Steve was an excellent pilot and tour guide during our sunset flight. Honestly, we don’t think it could have been better any other way seeing views of Maui and the straits between the islands that few else have ever seen. Steve was extremely attentive to making the trip the best quality possible, even by taking precaution to avoid turbulence in areas that were known for it. Flying over the strait towards Lanai to see the sunset was great because we avoided much of the bumpiness that began to form. We loved our flight and highly recommend that everyone ask to fly with Steve, as he made our flight for our one year anniversary so enjoyable and fun. We had a great time and hope that many visiting this beautiful island consider flying here to see some of the most unforgettable views of such a beautiful place!!!","Couples","0","https://media-cdn.tripadvisor.com/media/photo-w/1f/b1/a5/20/romantic-sunset-champagne.jpg
https://media-cdn.tripadvisor.com/media/photo-w/1f/b1/a5/14/romantic-sunset-champagne.jpg
https://media-cdn.tripadvisor.com/media/photo-w/1f/b1/a5/08/romantic-sunset-champagne.jpg
https://media-cdn.tripadvisor.com/media/photo-w/1f/b1/a4/f4/romantic-sunset-champagne.jpg
https://media-cdn.tripadvisor.com/media/photo-w/1f/b1/a4/ee/romantic-sunset-champagne.jpg
https://media-cdn.tripadvisor.com/media/photo-w/1f/b1/a4/d9/romantic-sunset-champagne.jpg
https://media-cdn.tripadvisor.com/media/photo-m/1280/1f/b1/a3/63/romantic-sunset-champagne.jpg
https://media-cdn.tripadvisor.com/media/photo-m/1280/1f/b1/a3/5c/romantic-sunset-champagne.jpg","Written October 11, 2021","This review is the subjective opinion of a Tripadvisor member and not of Tripadvisor LLC."
"Jessica L","https://www.tripadvisor.com/Profile/I631KVjessical","https://media-cdn.tripadvisor.com/media/photo-o/1a/f6/ee/68/default-avatar-2020-9.jpg","","5","","Magical sunset ride","My husband booked this special experience for our babymoon. Steve was so nice, knowledgeable and thoughtful. We enjoyed the beautiful sunset ride and would definitely recommend this to family and friends. Thank you!","","0","https://media-cdn.tripadvisor.com/media/photo-m/1280/1f/6f/c0/22/caption.jpg
https://media-cdn.tripadvisor.com/media/photo-w/1f/6f/c0/21/caption.jpg
https://media-cdn.tripadvisor.com/media/photo-m/1280/1f/6f/c0/1f/caption.jpg","Written October 8, 2021","This review is the subjective opinion of a Tripadvisor member and not of Tripadvisor LLC."
"Joy P","https://www.tripadvisor.com/Profile/joylynnp2021","https://media-cdn.tripadvisor.com/media/photo-f/01/2e/70/9e/avatar069.jpg","Houston, TX","5","Sep 2021 • Couples","Sunset tour!","Steve was amazing!!! We loved the plane ride and appreciated all of the knowledge filled tidbits about the islands!","Couples","0","https://media-cdn.tripadvisor.com/media/photo-w/1e/90/59/fc/romantic-sunset-champagne.jpg","Written September 28, 2021","This review is the subjective opinion of a Tripadvisor member and not of Tripadvisor LLC."
"Food drinks and travel","https://www.tripadvisor.com/Profile/Jhawkin8","https://media-cdn.tripadvisor.com/media/photo-o/1a/f6/ee/10/default-avatar-2020-8.jpg","","5","Sep 2021 • Couples","Definitely book this!","Highly recommended experience to see the island. Wonderful views, friendly adventure. Great photo opportunity. Warm greeting and comfortable smooth expierence with a history lesson of the island. You won't be disappointed.","Couples","0","https://media-cdn.tripadvisor.com/media/photo-w/1d/f2/39/a6/romantic-sunset-champagne.jpg","Written September 16, 2021","This review is the subjective opinion of a Tripadvisor member and not of Tripadvisor LLC."
"Spencer F","https://www.tripadvisor.com/Profile/94spencerf","https://media-cdn.tripadvisor.com/media/photo-f/01/2e/70/8d/avatar014.jpg","","5","Sep 2021 • Couples","Amazing","Best view of the island. Romantic. Greasy cha Lange. Would recommend to anyone. Learned a lot about the island.","Couples","0","https://media-cdn.tripadvisor.com/media/photo-w/1d/f2/35/09/romantic-sunset-champagne.jpg","Written September 16, 2021","This review is the subjective opinion of a Tripadvisor member and not of Tripadvisor LLC."
"jhay","https://www.tripadvisor.com/Profile/jhayveonnew","https://media-cdn.tripadvisor.com/media/photo-f/01/2e/70/9b/avatar062.jpg","Dallas, TX","5","Sep 2021 • Couples","Amazing","Absolutely had a wonderful time with Steve, he was very knowledgeable and made me and my girlfriend feel secured and safe. 100% recommend coming here","Couples","0","","Written September 11, 2021","This review is the subjective opinion of a Tripadvisor member and not of Tripadvisor LLC."
"princess a","https://www.tripadvisor.com/Profile/WoahPri9","https://media-cdn.tripadvisor.com/media/photo-o/1a/f6/f4/5d/default-avatar-2020-32.jpg","","5","Sep 2021 • Couples","Amazing!","My favorite part was the sunset ! Steve was great at communicating and letting us know which island was what . For someone who does not like height it was a great experience","Couples","0","https://media-cdn.tripadvisor.com/media/photo-w/1d/dc/17/8b/romantic-sunset-champagne.jpg
https://media-cdn.tripadvisor.com/media/photo-m/1280/1d/dc/17/7c/romantic-sunset-champagne.jpg
https://media-cdn.tripadvisor.com/media/photo-o/1d/dc/17/11/romantic-sunset-champagne.jpg","Written September 11, 2021","This review is the subjective opinion of a Tripadvisor member and not of Tripadvisor LLC."
"Ryan C","https://www.tripadvisor.com/Profile/RXC21","https://media-cdn.tripadvisor.com/media/photo-o/1a/f6/e9/ef/default-avatar-2020-66.jpg","","5","Sep 2021 • Couples","A new experience!","Had seen the sunset a few times already, but watching it from the air is a new experience!  Stephen did a great job, and was very personable. Explained things, and gave warning of areas of potential turbulence. Would definitely recommend.","Couples","0","https://media-cdn.tripadvisor.com/media/photo-m/1280/1d/d0/7a/d5/romantic-sunset-champagne.jpg","Written September 6, 2021","This review is the subjective opinion of a Tripadvisor member and not of Tripadvisor LLC."
"Mozhdeh M","https://www.tripadvisor.com/Profile/mozhdehm2021","https://media-cdn.tripadvisor.com/media/photo-o/1a/f6/e8/91/default-avatar-2020-62.jpg","Irvine, CA","5","","Incredible","We enjoyed, we didn’t have the helicopter experience and this was a great and first time for us for 10th anniversary celebration we had so much fun and I couldn’t believe it was real, so so good I highly recommend for everyone.👍🏽❤️","","0","","Written September 6, 2021","This review is the subjective opinion of a Tripadvisor member and not of Tripadvisor LLC."
"Mike F","https://www.tripadvisor.com/Profile/mikefA4104JO","https://media-cdn.tripadvisor.com/media/photo-o/1a/f6/f4/20/default-avatar-2020-31.jpg","","5","Sep 2021 • Couples","Amazing","It’s was wonderful plain in my life <br />I will coming back to this island again<br />I definitely recommend this","Couples","0","","Written September 6, 2021","This review is the subjective opinion of a Tripadvisor member and not of Tripadvisor LLC."
"Portia W","https://www.tripadvisor.com/Profile/portiaw922","","","5","Sep 2021 • Couples","Just do it!!","The absolute highlight of our trip. The views were spectacular and can’t be beat. You must do this! Eric was great and made us feel comfortable, even when it was a little windy. To explore Maui, just do it.","Couples","0","","Written September 5, 2021","This review is the subjective opinion of a Tripadvisor member and not of Tripadvisor LLC."
"Israel Maxiel","https://www.tripadvisor.com/Profile/israelmP2419XW","https://media-cdn.tripadvisor.com/media/photo-o/1a/f6/ef/32/default-avatar-2020-12.jpg","","5","Sep 2021 • Couples","Sunset plane ride","This experience was one of the best I've ever had! Me and my partner loved it. Eric the pilot and guide was awesome and made us feel comfortable the whole time. I highly recommend this to anyone who wants to see Maui from above. The sunset, clouds, rainbow and landscape from above is something out of this world!","Couples","0","https://media-cdn.tripadvisor.com/media/photo-m/1280/1d/c9/38/24/romantic-sunset-champagne.jpg
https://media-cdn.tripadvisor.com/media/photo-m/1280/1d/c9/38/23/romantic-sunset-champagne.jpg
https://media-cdn.tripadvisor.com/media/photo-m/1280/1d/c9/38/21/romantic-sunset-champagne.jpg
https://media-cdn.tripadvisor.com/media/photo-m/1280/1d/c9/38/1f/romantic-sunset-champagne.jpg","Written September 3, 2021","This review is the subjective opinion of a Tripadvisor member and not of Tripadvisor LLC."
"Becky B","https://www.tripadvisor.com/Profile/I3861DAbeckyb","https://media-cdn.tripadvisor.com/media/photo-o/22/ac/9e/8d/becky-b.jpg","Columbia, TN","5","","Flight of a Lifetime!","Fabulous flight with amazing views. Steve was sensitive to my fears and explained every part of the process to us. He took a lot of pictures for us too! We thoroughly enjoyed our sunset tour and loved the explanation and history of Maui we received too!","","0","https://media-cdn.tripadvisor.com/media/photo-w/1d/bf/89/c9/caption.jpg
https://media-cdn.tripadvisor.com/media/photo-w/1d/bf/89/c8/caption.jpg
https://media-cdn.tripadvisor.com/media/photo-w/1d/bf/89/c7/caption.jpg
https://media-cdn.tripadvisor.com/media/photo-o/1d/bf/89/c6/caption.jpg
https://media-cdn.tripadvisor.com/media/photo-o/1d/bf/89/c5/caption.jpg","Written August 30, 2021","This review is the subjective opinion of a Tripadvisor member and not of Tripadvisor LLC."
"Amanda R","https://www.tripadvisor.com/Profile/amandarL4747PA","https://media-cdn.tripadvisor.com/media/photo-o/1a/f6/e2/4a/default-avatar-2020-42.jpg","","5","Aug 2021 • Couples","Asking sunset flight with Steve and Maui plane rides","We had an amazing time with Steve! The sunset was gorgeous, Steve was informative, it was everything we hoped for!","Couples","0","https://media-cdn.tripadvisor.com/media/photo-m/1280/1d/bd/bf/7f/romantic-sunset-champagne.jpg
https://media-cdn.tripadvisor.com/media/photo-m/1280/1d/bd/bf/7e/romantic-sunset-champagne.jpg
https://media-cdn.tripadvisor.com/media/photo-w/1d/bd/bf/75/romantic-sunset-champagne.jpg","Written August 30, 2021","This review is the subjective opinion of a Tripadvisor member and not of Tripadvisor LLC."
"Jess H","https://www.tripadvisor.com/Profile/jesshZ8513JK","https://media-cdn.tripadvisor.com/media/photo-o/1a/f6/e2/4a/default-avatar-2020-42.jpg","","5","Aug 2021 • Couples","Must do experience!!","Amazing experience! I absolutely recommend this to anyone visiting Maui. Steve was awesome and sights were unbelievable!! We will be returning 😁","Couples","0","https://media-cdn.tripadvisor.com/media/photo-m/1280/1d/b2/96/7a/romantic-sunset-champagne.jpg","Written August 26, 2021","This review is the subjective opinion of a Tripadvisor member and not of Tripadvisor LLC."
"Ryan S","https://www.tripadvisor.com/Profile/K1158FBryans","https://media-cdn.tripadvisor.com/media/photo-o/1a/f6/e2/4a/default-avatar-2020-42.jpg","","5","Aug 2021 • Couples","Sunset flight","Took a drive around the island yesterday. Amazing sites and views…pals in comparison to the views you get from the sky! The mountains, the valley, the sunset, these things cannot be enjoyed to their fullest unless you’re in the sky.","Couples","0","","Written August 22, 2021","This review is the subjective opinion of a Tripadvisor member and not of Tripadvisor LLC."
"Angela L","https://www.tripadvisor.com/Profile/R9339DLangelal","https://media-cdn.tripadvisor.com/media/photo-o/1a/f6/ee/10/default-avatar-2020-8.jpg","Kailua-Kona, HI","5","Aug 2021 • Couples","Best tour!","What an incredible experience!!! I highly recommend Maui Plane Rides and Eric! Incredible sunset, amazing tour, and perfect way to experience Maui!","Couples","0","","Written August 22, 2021","This review is the subjective opinion of a Tripadvisor member and not of Tripadvisor LLC."
"Daniel M","https://www.tripadvisor.com/Profile/O86DRdanielm","https://media-cdn.tripadvisor.com/media/photo-o/1a/f6/f2/11/default-avatar-2020-23.jpg","","5","Aug 2021 • Couples","SPECTACULAR","Incredible views and an incredible experience with Eric. Once in a lifetime highly recommend!!! The views are sensational and Eric was incredibly knowledgeable about the island of Maui.","Couples","0","https://media-cdn.tripadvisor.com/media/photo-w/1d/a0/b4/a3/romantic-sunset-champagne.jpg","Written August 19, 2021","This review is the subjective opinion of a Tripadvisor member and not of Tripadvisor LLC."
"Jennifer B","https://www.tripadvisor.com/Profile/Q3156DUjenniferb","https://media-cdn.tripadvisor.com/media/photo-s/12/b9/4c/e0/jbustamante91.jpg","","5","Aug 2021 • Couples","Wedding Anniversary Sunset Ride","My husband and I took a private plane ride with Maui Plane Rides to celebrate our 5 year wedding anniversary. We had a wonderful time! Felt super safe and Steve gave us an informative tour and made us feel very comfortable. Would love to do this again!","Couples","0","","Written August 14, 2021","This review is the subjective opinion of a Tripadvisor member and not of Tripadvisor LLC."
"Lemay P","https://www.tripadvisor.com/Profile/500lemayp","https://media-cdn.tripadvisor.com/media/photo-o/1a/f6/e8/ea/default-avatar-2020-63.jpg","","5","","Awesome flight!","Awesome flight, looped around the west side. It was picture perfect. Really enjoyed the ride and our pilot Steve was super cool. He explained everything as we flew around the island. Highly recommended!","","0","","Written August 14, 2021","This review is the subjective opinion of a Tripadvisor member and not of Tripadvisor LLC."
"Cydni S","https://www.tripadvisor.com/Profile/561cydnis","https://media-cdn.tripadvisor.com/media/photo-o/1a/f6/f3/e4/default-avatar-2020-30.jpg","","5","Aug 2021 • Couples","Once in a Lifetime Maui Airplane ride trip!!!","Seeing the lava field was truly spectacular! I also got to drive the plane!!! Totally a once in a lifetime experience!","Couples","0","","Written August 12, 2021","This review is the subjective opinion of a Tripadvisor member and not of Tripadvisor LLC."
"Tobias H","https://www.tripadvisor.com/Profile/tobiashS1421TR","","","5","","Amazing!","Eric was a great pilot!  He let my wife fly the plane!  The views and scenery was amazing and I felt like we took a once in a lifetime trip","","0","","Written August 12, 2021","This review is the subjective opinion of a Tripadvisor member and not of Tripadvisor LLC."
"Itzel P","https://www.tripadvisor.com/Profile/itzelperez731","https://media-cdn.tripadvisor.com/media/photo-o/1a/f6/f2/eb/default-avatar-2020-27.jpg","","5","Aug 2021 • Couples","Breath taking!","Loves the whole experience! Watching the beauty of Maui all around and being able to see all the other islands was just incredible!","Couples","0","","Written August 10, 2021","This review is the subjective opinion of a Tripadvisor member and not of Tripadvisor LLC."
"Steven P","https://www.tripadvisor.com/Profile/stevenpP2865JE","https://media-cdn.tripadvisor.com/media/photo-o/1a/f6/f3/23/default-avatar-2020-28.jpg","","5","Aug 2021 • Couples","AMAZING","This plane ride was amazing!! It is a once in a life time experience, would recommend it to anyone who is looking to explore the island with your loved one!!","Couples","0","","Written August 10, 2021","This review is the subjective opinion of a Tripadvisor member and not of Tripadvisor LLC."
"Brian C","https://www.tripadvisor.com/Profile/I9258FIbrianc","https://media-cdn.tripadvisor.com/media/photo-o/1a/f6/e2/e6/default-avatar-2020-45.jpg","","5","Aug 2021 • Couples","Beautiful","Great experience.  Quite beautiful and unique perspective.  Can’t believe we were the only ones in the sky.  Loved it.","Couples","0","","Written August 9, 2021","This review is the subjective opinion of a Tripadvisor member and not of Tripadvisor LLC."
"Marilia C","https://www.tripadvisor.com/Profile/mariliac830","https://media-cdn.tripadvisor.com/media/photo-o/1a/f6/f4/d0/default-avatar-2020-33.jpg","","5","Aug 2021 • Couples","Awesome!!","This was really awesome. Smoothie and I’m falling in love with the sunset from this point of view! Amazing.","Couples","0","","Written August 9, 2021","This review is the subjective opinion of a Tripadvisor member and not of Tripadvisor LLC."
"nick s","https://www.tripadvisor.com/Profile/168nicks","","Niles, IL","5","Aug 2021 • Couples","Maui from the aky","Was a once in a life time experience, our pilot was excellent and the experience over all was a dream!!","Couples","0","","Written August 8, 2021","This review is the subjective opinion of a Tripadvisor member and not of Tripadvisor LLC."
"Passport433029","https://www.tripadvisor.com/Profile/Passport433029","https://media-cdn.tripadvisor.com/media/photo-o/1a/f6/ea/2e/default-avatar-2020-67.jpg","","5","","The best views on Maui!!","The most amazing time! My husband even got to fly the plane. The views were the most spectacular views that you could see on Maui. Definitely a must do for your bucket list! Thank you for an amazing time! Will do again.","","0","","Written August 8, 2021","This review is the subjective opinion of a Tripadvisor member and not of Tripadvisor LLC."
"Lama k","https://www.tripadvisor.com/Profile/890lamak","https://media-cdn.tripadvisor.com/media/photo-o/1a/f6/f1/79/default-avatar-2020-21.jpg","","5","Aug 2021 • Couples","Once in a lifetime experience !","Fantastic experience! Truly once in a lifetime experience ! Eric did a wonderful job flying us over the island! Loved it!","Couples","0","","Written August 7, 2021","This review is the subjective opinion of a Tripadvisor member and not of Tripadvisor LLC."
"SF K","https://www.tripadvisor.com/Profile/66sfk","https://media-cdn.tripadvisor.com/media/photo-o/1a/f6/eb/e3/default-avatar-2020-59.jpg","Honolulu, HI","5","Aug 2021 • Couples","Amazing","The sites we flew over during the sunset added special perspective. <br />The tip of the volcano in the see and the lava trail were amazing.","Couples","0","","Written August 7, 2021","This review is the subjective opinion of a Tripadvisor member and not of Tripadvisor LLC."
"G F","https://www.tripadvisor.com/Profile/gf517","https://media-cdn.tripadvisor.com/media/photo-o/1a/f6/de/e7/default-avatar-2020-37.jpg","","5","Aug 2021 • Couples","Wonderful island views!","Great flight and great island perspective😊<br />Fun narration and interesting maui facts.<br />Cool sunset😎🌴","Couples","0","","Written August 5, 2021","This review is the subjective opinion of a Tripadvisor member and not of Tripadvisor LLC."
"Ben S","https://www.tripadvisor.com/Profile/C8586QSbens","https://media-cdn.tripadvisor.com/media/photo-o/1a/f6/f6/0d/default-avatar-2020-34.jpg","","5","Aug 2021 • Couples","Champagne flight","Eric was great!  Stunning views!  Clouds were colorful. Saw the whole island and more.  Saw the clouds were lit from below by the sunset and saw from the sky.","Couples","0","","Written August 5, 2021","This review is the subjective opinion of a Tripadvisor member and not of Tripadvisor LLC."
"Dan B","https://www.tripadvisor.com/Profile/danbH3520IB","https://media-cdn.tripadvisor.com/media/photo-o/1a/f6/f2/b8/default-avatar-2020-26.jpg","","5","Aug 2021 • Couples","Energizing","Amazing trip!! So wonderful! Definitely recommend the flight! Beautiful colors and shading! Eric did an amazing job talking us through everything, what we were seeing, and making us feel special on our flight.","Couples","0","","Written August 4, 2021","This review is the subjective opinion of a Tripadvisor member and not of Tripadvisor LLC."
"Felicia H","https://www.tripadvisor.com/Profile/154feliciah","https://media-cdn.tripadvisor.com/media/photo-o/1a/f6/de/e7/default-avatar-2020-37.jpg","","5","Aug 2021 • Couples","Great!","It was easy to find by car. We saw an amazing sunset. There were rainbows for half the trip. Very cool!","Couples","0","","Written August 4, 2021","This review is the subjective opinion of a Tripadvisor member and not of Tripadvisor LLC."
"Sh H","https://www.tripadvisor.com/Profile/590shh","https://media-cdn.tripadvisor.com/media/photo-o/1a/f6/df/2b/default-avatar-2020-39.jpg","","5","Jul 2021 • Couples","Safe!","This was amazing! I’m terrified to fly and I never felt more comfortable in my life he was very calming and made me feel safe..","Couples","0","","Written July 29, 2021","This review is the subjective opinion of a Tripadvisor member and not of Tripadvisor LLC."
"John H","https://www.tripadvisor.com/Profile/H1803WMjohnh","https://media-cdn.tripadvisor.com/media/photo-o/1a/f6/e4/2d/default-avatar-2020-48.jpg","","5","Jul 2021 • Couples","Spectacular","This is a wonderful trip and I reread recommend it to anybody that wants to go on a nice magic Simon says play","Couples","0","","Written July 29, 2021","This review is the subjective opinion of a Tripadvisor member and not of Tripadvisor LLC."
"simpleetati","https://www.tripadvisor.com/Profile/simpleetati","https://media-cdn.tripadvisor.com/media/photo-o/1a/f6/f3/e4/default-avatar-2020-30.jpg","Orange County, CA","5","Jul 2021 • Couples","Sunset maui","Husband surprised me with a sunset ride. <br />It was so sweet to see Maui from the sky.<br />Our guide was very thoughtful & informative . <br />Beautiful sunset","Couples","0","","Written July 28, 2021","This review is the subjective opinion of a Tripadvisor member and not of Tripadvisor LLC."
"Bryan F","https://www.tripadvisor.com/Profile/876bryanf","https://media-cdn.tripadvisor.com/media/photo-o/1a/f6/e6/ea/default-avatar-2020-54.jpg","","5","Jul 2021 • Couples","Amazing","Amazing time. Eric did a phenomenal time taking care of us and kept it super romantic. We will come again!","Couples","0","","Written July 28, 2021","This review is the subjective opinion of a Tripadvisor member and not of Tripadvisor LLC."
"Brian J","https://www.tripadvisor.com/Profile/brianjL3291KB","https://media-cdn.tripadvisor.com/media/photo-o/1a/f6/e6/ea/default-avatar-2020-54.jpg","","5","Jul 2021 • Couples","Breathtaking","It was absolutely beautiful iMessage to Eric was a wonderful plot and we will do again love it and good service the champagne was excellent","Couples","0","","Written July 24, 2021","This review is the subjective opinion of a Tripadvisor member and not of Tripadvisor LLC."
"mark","https://www.tripadvisor.com/Profile/Voyage25333109245","https://media-cdn.tripadvisor.com/media/photo-o/1a/f6/e7/99/default-avatar-2020-57.jpg","Los Angeles, CA","5","","Great fun!","Great views - perfect timing on the sunset! The flight was very smooth and Pilot Steve was great. Nice that it was a small plane so it was just us - not a big group.","","0","https://media-cdn.tripadvisor.com/media/photo-m/1280/1d/69/ed/30/caption.jpg
https://media-cdn.tripadvisor.com/media/photo-m/1280/1d/69/ed/2f/caption.jpg","Written July 22, 2021","This review is the subjective opinion of a Tripadvisor member and not of Tripadvisor LLC."
"Adriana V","https://www.tripadvisor.com/Profile/adrianavJ3952HF","https://media-cdn.tripadvisor.com/media/photo-o/1a/f6/f4/20/default-avatar-2020-31.jpg","","5","Jul 2021 • Couples","Fantastic experience!","Steve was fantastic! I'm afraid of heights and he made the experience smooth and enjoyable. 100% recommend!","Couples","0","","Written July 18, 2021","This review is the subjective opinion of a Tripadvisor member and not of Tripadvisor LLC."
"Alejandro V","https://www.tripadvisor.com/Profile/alejandrovN1710XU","https://media-cdn.tripadvisor.com/media/photo-o/1a/f6/e9/ef/default-avatar-2020-66.jpg","","5","Jul 2021 • Couples","Once in a lifetime experience.","Steve was awesome! Relaxed and thorough. Made the ride feel comfortable. Recommend 100%! Sunset was beautiful!","Couples","0","","Written July 18, 2021","This review is the subjective opinion of a Tripadvisor member and not of Tripadvisor LLC."
"Shawn S","https://www.tripadvisor.com/Profile/L6248YGshawns","https://media-cdn.tripadvisor.com/media/photo-f/01/2e/70/a7/avatar078.jpg","","5","Jul 2021 • Couples","Anniversary highlight","Surreal and fantastic! Great end to our anniversary trip. The pilot Steve was very calm and experienced.","Couples","0","","Written July 16, 2021","This review is the subjective opinion of a Tripadvisor member and not of Tripadvisor LLC."
"Shawn S","https://www.tripadvisor.com/Profile/E1253MRshawns","https://media-cdn.tripadvisor.com/media/photo-o/1a/f6/eb/a3/default-avatar-2020-38.jpg","","5","Jul 2021 • Couples","Quintessential Sunset Flight","Outstanding experience!  Stephen was informative, thorough, meanwhile set the right mood all while piloting.  Highly recommend this!!","Couples","0","","Written July 16, 2021","This review is the subjective opinion of a Tripadvisor member and not of Tripadvisor LLC."
"nora j","https://www.tripadvisor.com/Profile/922noraj","https://media-cdn.tripadvisor.com/media/photo-o/1a/f6/e2/e6/default-avatar-2020-45.jpg","","5","Jul 2021 • Couples","Perfect memorable","AMAZINGGGG… the view was gorgeous and the pilot Steve was awesome. He even gave us ideas on what other attractions we can go to.","Couples","0","https://media-cdn.tripadvisor.com/media/photo-w/1d/55/88/1e/romantic-sunset-champagne.jpg","Written July 15, 2021","This review is the subjective opinion of a Tripadvisor member and not of Tripadvisor LLC."
"Kamil I","https://www.tripadvisor.com/Profile/700kamili","https://media-cdn.tripadvisor.com/media/photo-o/1a/f6/f2/b8/default-avatar-2020-26.jpg","","5","Jul 2021 • Couples","Unforgettable experience","Steve was a great tour guide. He took us on an unforgettable flight.it was memorable and we are looking forward to our next flight.","Couples","0","","Written July 15, 2021","This review is the subjective opinion of a Tripadvisor member and not of Tripadvisor LLC."
"Ron S","https://www.tripadvisor.com/Profile/Venture467535","https://media-cdn.tripadvisor.com/media/photo-o/1a/f6/eb/e3/default-avatar-2020-59.jpg","","5","Jul 2021 • Couples","Views of Maui at 1000ft","Steve was an outstanding pilot and even better for guide.<br />The views are breath taking and I highly recommend.<br />This is a must tour.","Couples","0","","Written July 8, 2021","This review is the subjective opinion of a Tripadvisor member and not of Tripadvisor LLC."
"Jacob E","https://www.tripadvisor.com/Profile/jacobe164","https://media-cdn.tripadvisor.com/media/photo-o/1a/f6/e2/a7/default-avatar-2020-44.jpg","","5","Jul 2021 • Couples","Amazing!","The experience was a memorable flight. My wife and I would highly recommend this experience again and again to come back too!!!","Couples","0","","Written July 5, 2021","This review is the subjective opinion of a Tripadvisor member and not of Tripadvisor LLC."
"Carmen","https://www.tripadvisor.com/Profile/cers89","https://media-cdn.tripadvisor.com/media/photo-o/1a/f6/f4/5d/default-avatar-2020-32.jpg","Las Cruces, NM","5","","Spectacular!","Our experience was amazing. The guide was awesome and very insightful.  Would definitely recommend the experience to anyone visiting Maui. ","","0","","Written July 5, 2021","This review is the subjective opinion of a Tripadvisor member and not of Tripadvisor LLC."
"Elizabeth","https://www.tripadvisor.com/Profile/Elizabethsam4","https://media-cdn.tripadvisor.com/media/photo-o/1a/f6/ef/32/default-avatar-2020-12.jpg","","5","Jul 2021 • Couples","Beautiful!","Awesome views! Pilot was awesome and gave a bunch of pointers and history behind some of the scenery.","Couples","0","https://media-cdn.tripadvisor.com/media/photo-m/1280/1d/3f/f4/1e/romantic-sunset-champagne.jpg","Written July 2, 2021","This review is the subjective opinion of a Tripadvisor member and not of Tripadvisor LLC."
"Alexander S","https://www.tripadvisor.com/Profile/alexandersM3682OH","https://media-cdn.tripadvisor.com/media/photo-o/1a/f6/f1/42/default-avatar-2020-20.jpg","","5","Jul 2021 • Couples","Spectacular","The views were incredible!! The pilot was extremely knowledgeable with the history and really helped bring perspective to the different parts of the island! Highly recommend!","Couples","0","","Written July 2, 2021","This review is the subjective opinion of a Tripadvisor member and not of Tripadvisor LLC."
"Jason C","https://www.tripadvisor.com/Profile/Jciaffa123","https://media-cdn.tripadvisor.com/media/photo-o/1a/f6/eb/6d/default-avatar-2020-19.jpg","","5","Jun 2021 • Couples","Champagne and Sunset Flight","Beautiful views and gentle ride. Steve was an excellent pilot and we’ll definitely book again next time we’re in Maui!","Couples","0","https://media-cdn.tripadvisor.com/media/photo-w/1d/3e/6c/17/romantic-sunset-champagne.jpg","Written July 1, 2021","This review is the subjective opinion of a Tripadvisor member and not of Tripadvisor LLC."
"Lauren K","https://www.tripadvisor.com/Profile/LaurenKay79","https://media-cdn.tripadvisor.com/media/photo-o/1a/f6/e3/6a/default-avatar-2020-47.jpg","Clifton, NJ","5","Jun 2021 • Couples","Once in a lifetime - do it!","Absolutely beautiful ride!!! Steve was so calm and reassuring the whole ride and let us know what was going on the whole time. The views were stunning, definitely a once in a lifetime experience. 10/10 recommend.","Couples","0","","Written June 29, 2021","This review is the subjective opinion of a Tripadvisor member and not of Tripadvisor LLC."
"William M","https://www.tripadvisor.com/Profile/williammO3884QI","https://media-cdn.tripadvisor.com/media/photo-o/1a/f6/ea/74/default-avatar-2020-68.jpg","","5","Jun 2021 • Couples","AMAZING!","Absolutely everything! From the pilot Steve to the amazing views everything was great and would highly recommend. Looking forward to flying again on all my trips back!","Couples","0","","Written June 29, 2021","This review is the subjective opinion of a Tripadvisor member and not of Tripadvisor LLC."
"michelle w","https://www.tripadvisor.com/Profile/J2862LKmichellew","https://media-cdn.tripadvisor.com/media/photo-o/1a/f6/de/0a/default-avatar-2020-35.jpg","Oklahoma City, OK","5","","Spriritual","We had the most amazing experience on the summer solstice!! The colors were spectacular and Eric was very informative!","","0","https://media-cdn.tripadvisor.com/media/photo-m/1280/1d/36/3b/39/caption.jpg","Written June 26, 2021","This review is the subjective opinion of a Tripadvisor member and not of Tripadvisor LLC."
"TH","https://www.tripadvisor.com/Profile/Odyssey53495050255","https://media-cdn.tripadvisor.com/media/photo-o/1a/f6/f0/9f/default-avatar-2020-16.jpg","Oklahoma City, OK","5","","Glorious!!!!!","Ok, this was a first rate experience.  Unbelievable views, fantastic pilot.  Super star!! First class…. All the way!!!!","","0","","Written June 26, 2021","This review is the subjective opinion of a Tripadvisor member and not of Tripadvisor LLC."
"mai thanh n","https://www.tripadvisor.com/Profile/maithanhn2015","https://media-cdn.tripadvisor.com/media/photo-o/1a/f6/e3/6a/default-avatar-2020-47.jpg","","5","Jun 2021 • Couples","Breath taking views","It was an amazing experience and breath taking views. We celebrated our anniversary and it was an incredible anniversary!","Couples","0","","Written June 20, 2021","This review is the subjective opinion of a Tripadvisor member and not of Tripadvisor LLC."
"Austin G","https://www.tripadvisor.com/Profile/austing951","https://media-cdn.tripadvisor.com/media/photo-o/1a/f6/f6/0d/default-avatar-2020-34.jpg","","5","Jun 2021 • Couples","Amazing","It’s wonderful adventure! Would recommend to anyone? Awesome. Wonderful & experienced pilot, Eric. Love it!","Couples","0","","Written June 20, 2021","This review is the subjective opinion of a Tripadvisor member and not of Tripadvisor LLC."
"Raqya A","https://www.tripadvisor.com/Profile/raqyaa2021","https://media-cdn.tripadvisor.com/media/photo-o/1a/f6/e8/91/default-avatar-2020-62.jpg","","5","Jun 2021 • Couples","Eric is an amazing driver! He is very experienced and great driver!","Eric is an amazing driver! He is very experienced and great driver! The sunset and the views are amazing","Couples","0","","Written June 9, 2021","This review is the subjective opinion of a Tripadvisor member and not of Tripadvisor LLC."
"D A","https://www.tripadvisor.com/Profile/594da","https://media-cdn.tripadvisor.com/media/photo-o/1a/f6/e8/5b/default-avatar-2020-61.jpg","","5","Jun 2021 • Couples","Excellent ride","The ride was excellent. The ride was smooth and the pilot was explaining the history of the island with details.","Couples","0","","Written June 9, 2021","This review is the subjective opinion of a Tripadvisor member and not of Tripadvisor LLC."
"Tony B","https://www.tripadvisor.com/Profile/bevilt","https://media-cdn.tripadvisor.com/media/photo-o/1a/f6/df/2b/default-avatar-2020-39.jpg","South Boston, VA","5","","Spectacular","Excellent personal experience. Eric is terrific. Excellent knowledge of the island. Exceptional photo opportunities. Service couldn’t be better. Was nervous at first and loved every minute of it.","","0","","Written June 4, 2021","This review is the subjective opinion of a Tripadvisor member and not of Tripadvisor LLC."
"Chelsey P","https://www.tripadvisor.com/Profile/605chelseyp","https://media-cdn.tripadvisor.com/media/photo-o/1a/f6/f4/5d/default-avatar-2020-32.jpg","","5","Jun 2021 • Couples","One of a kind!","This experience was so breathtaking! I truly recommend this to anyone wanting to do something on Maui most other’s will never get to. My favorite part was getting to fly the plane myself!!!","Couples","0","https://media-cdn.tripadvisor.com/media/photo-w/1d/13/73/85/romantic-sunset-champagne.jpg","Written June 3, 2021","This review is the subjective opinion of a Tripadvisor member and not of Tripadvisor LLC."
"Gavin H","https://www.tripadvisor.com/Profile/S240SPgavinh","https://media-cdn.tripadvisor.com/media/photo-o/1a/f6/e9/bb/default-avatar-2020-65.jpg","","5","Jun 2021 • Couples","Magical","Unreal experience. Highly recommend this for any couple looking for a magical and romantic experience on Maui.","Couples","0","https://media-cdn.tripadvisor.com/media/photo-w/1d/13/73/66/romantic-sunset-champagne.jpg","Written June 3, 2021","This review is the subjective opinion of a Tripadvisor member and not of Tripadvisor LLC."
"Connor E","https://www.tripadvisor.com/Profile/LightPacker766876","https://media-cdn.tripadvisor.com/media/photo-o/1a/f6/ee/db/default-avatar-2020-10.jpg","","5","May 2021 • Couples","Amazing experience","The views are spectacular. The most beautiful way to see Maui. Sunset was amazing and it was my favorite experience of the trip. Truly made it a special night.","Couples","0","","Written May 29, 2021","This review is the subjective opinion of a Tripadvisor member and not of Tripadvisor LLC."
"Rachel B","https://www.tripadvisor.com/Profile/rachelbY4842OD","https://media-cdn.tripadvisor.com/media/photo-o/1a/f6/ec/3d/default-avatar-2020-1.jpg","","5","May 2021 • Couples","Maui must do!!!","Wonderful trip. Just absolutely amazing. So many beautiful views an absolute must. Absolutely recommend!","Couples","0","","Written May 29, 2021","This review is the subjective opinion of a Tripadvisor member and not of Tripadvisor LLC."
"Trail14389","https://www.tripadvisor.com/Profile/Trail14389","https://media-cdn.tripadvisor.com/media/photo-o/1a/f6/f1/79/default-avatar-2020-21.jpg","","5","May 2021 • Family","Fantastic sunset","Fantastic views of the sunset and very unique views of the island. Loved seeing molakini from the air. Eric was very knowledgeable and a great tour guide and pilot.","Family","0","","Written May 26, 2021","This review is the subjective opinion of a Tripadvisor member and not of Tripadvisor LLC."
"Paula H","https://www.tripadvisor.com/Profile/T5370WUpaulah","https://media-cdn.tripadvisor.com/media/photo-o/1a/f6/f2/59/default-avatar-2020-24.jpg","","5","May 2021 • Couples","AMAZING SUNSET FLIGHT!","The sunset was amazing!    We enjoyed every aspect of the tour.  Flying over the volcano was amazing.  We got some wonderful pictures along with an amazing memory!","Couples","0","","Written May 26, 2021","This review is the subjective opinion of a Tripadvisor member and not of Tripadvisor LLC."
"Ryan H","https://www.tripadvisor.com/Profile/ryanhS8710IF","https://media-cdn.tripadvisor.com/media/photo-o/1a/f6/df/2b/default-avatar-2020-39.jpg","","5","May 2021 • Family","Amazing sunset views!","We just got done with the ride and Eric was great! Lots of knowledge of the area and the views were fantastic! Such an unforgettable experience!","Family","0","","Written May 26, 2021","This review is the subjective opinion of a Tripadvisor member and not of Tripadvisor LLC."
"andy n","https://www.tripadvisor.com/Profile/184andyn","https://media-cdn.tripadvisor.com/media/photo-o/1a/f6/e4/59/default-avatar-2020-49.jpg","","5","May 2021 • Couples","MUST GOO OF YOU GO TO MAUI","This was a really great experience! BREATH TAKING VIEWS that you cannot see any where else. It is a must if you go to Maui!","Couples","0","https://media-cdn.tripadvisor.com/media/photo-w/1d/00/37/a4/romantic-sunset-champagne.jpg","Written May 20, 2021","This review is the subjective opinion of a Tripadvisor member and not of Tripadvisor LLC."
"nina n","https://www.tripadvisor.com/Profile/X8229USninan","https://media-cdn.tripadvisor.com/media/photo-o/1a/f6/f2/eb/default-avatar-2020-27.jpg","","5","May 2021 • Couples","Beautiful","Breath taking views with an amazing pilot. I would recommend for anyone wanting something special for your trip.","Couples","0","https://media-cdn.tripadvisor.com/media/photo-m/1280/1d/00/37/8d/romantic-sunset-champagne.jpg","Written May 20, 2021","This review is the subjective opinion of a Tripadvisor member and not of Tripadvisor LLC."
"Kyle Gilstrap","https://www.tripadvisor.com/Profile/Kylecles","https://media-cdn.tripadvisor.com/media/photo-o/1a/f6/e8/91/default-avatar-2020-62.jpg","","5","May 2021 • Friends","Mystical","Had an awesome time flying over Maui! The sunset was gorgeous and we got to see so much from the sky","Friends","0","https://media-cdn.tripadvisor.com/media/photo-m/1280/1c/fd/ca/8c/romantic-sunset-champagne.jpg","Written May 18, 2021","This review is the subjective opinion of a Tripadvisor member and not of Tripadvisor LLC."
"Intrepidsoul","https://www.tripadvisor.com/Profile/Intrepidsoul","https://media-cdn.tripadvisor.com/media/photo-o/1a/f6/f1/42/default-avatar-2020-20.jpg","Charleston, SC","5","","Outstanding!","We did the sunset tour.  IF YOU GO TO MAUI, YOU SHOULD ABSOLUTELY DO THIS TOUR!  You will see a side of Maui that most people don't get to see!  Maui on land is amazing, but Maui from the sky is ABSOLUTELY STUNNING!  Please do this tour!  You will not regret it!","","0","https://media-cdn.tripadvisor.com/media/photo-o/1c/fd/cb/18/20210517-185543-largejpg.jpg","Written May 18, 2021","This review is the subjective opinion of a Tripadvisor member and not of Tripadvisor LLC."
"Armin O","https://www.tripadvisor.com/Profile/armino60","https://media-cdn.tripadvisor.com/media/photo-o/1a/f6/f6/0d/default-avatar-2020-34.jpg","","5","May 2021 • Couples","Got engaged 1000ft above Maui","The experience was beyond amazing! I proposed to my fiancé on this flight and we will never forget this experience. Erik our pilot filmed the entire proposal while we glided over the island of Maui during sunset!","Couples","0","https://media-cdn.tripadvisor.com/media/photo-m/1280/1c/fd/af/2c/romantic-sunset-champagne.jpg","Written May 17, 2021","This review is the subjective opinion of a Tripadvisor member and not of Tripadvisor LLC."
"Brian","https://www.tripadvisor.com/Profile/brianpbedsole","https://media-cdn.tripadvisor.com/media/photo-o/1a/f6/f0/9f/default-avatar-2020-16.jpg","","5","","Very cool!","Very cool. I recommend this for anyone wanting to see everything at once with a beautiful Maui sunset.  It's inspiring!!","","0","","Written May 16, 2021","This review is the subjective opinion of a Tripadvisor member and not of Tripadvisor LLC."
"John H","https://www.tripadvisor.com/Profile/A3688NKjohnh","https://media-cdn.tripadvisor.com/media/photo-o/1a/f6/f2/eb/default-avatar-2020-27.jpg","Nashville, TN","5","","Wonderful Experience!","Such an amazing time, beautiful views, and wonderful pilot! Topped off with some Champagne. Fantastic way to end the evening.","","0","","Written May 16, 2021","This review is the subjective opinion of a Tripadvisor member and not of Tripadvisor LLC."
"Shelby S","https://www.tripadvisor.com/Profile/shelsilvera","","","5","May 2021 • Couples","Sunset flight","Booked the sunset flight for my husbands birthday because he has always loved planes & it could not have been a better experience. He was knowledgeable about the island, sights & showed him all about flying a plane. It was interesting & absolutely beautiful to see maui from a completely unique perspective! Id recommend this to anyone coming to maui","Couples","0","https://media-cdn.tripadvisor.com/media/photo-m/1280/1c/fa/32/fa/romantic-sunset-champagne.jpg
https://media-cdn.tripadvisor.com/media/photo-m/1280/1c/fa/32/f9/romantic-sunset-champagne.jpg","Written May 15, 2021","This review is the subjective opinion of a Tripadvisor member and not of Tripadvisor LLC."
"John S","https://www.tripadvisor.com/Profile/johnsM7615WF","https://media-cdn.tripadvisor.com/media/photo-o/1a/f6/f6/0d/default-avatar-2020-34.jpg","","5","May 2021 • Couples","Fantastic","I’m a big fan of planes, but have never been able to be in the front seat! Amazing experience! Incredible!","Couples","0","https://media-cdn.tripadvisor.com/media/photo-w/1c/fa/33/04/romantic-sunset-champagne.jpg
https://media-cdn.tripadvisor.com/media/photo-w/1c/fa/33/03/romantic-sunset-champagne.jpg
https://media-cdn.tripadvisor.com/media/photo-m/1280/1c/fa/33/02/romantic-sunset-champagne.jpg
https://media-cdn.tripadvisor.com/media/photo-w/1c/fa/33/01/romantic-sunset-champagne.jpg
https://media-cdn.tripadvisor.com/media/photo-m/1280/1c/fa/33/00/romantic-sunset-champagne.jpg
https://media-cdn.tripadvisor.com/media/photo-w/1c/fa/32/ff/romantic-sunset-champagne.jpg","Written May 15, 2021","This review is the subjective opinion of a Tripadvisor member and not of Tripadvisor LLC."
"Jamie B","https://www.tripadvisor.com/Profile/jamiebA9985BN","https://media-cdn.tripadvisor.com/media/photo-o/1a/f6/f2/7a/default-avatar-2020-25.jpg","","5","May 2021 • Couples","100% recommend this flight 💜","The beautiful sunset was amazing and Eric did an outstanding job of making the experience memorable!","Couples","0","","Written May 11, 2021","This review is the subjective opinion of a Tripadvisor member and not of Tripadvisor LLC."
"Joe","https://www.tripadvisor.com/Profile/jaugust88","https://media-cdn.tripadvisor.com/media/photo-o/1a/f6/f2/59/default-avatar-2020-24.jpg","","5","","Amazing! ","This blew away our expectations! We thought it would be great and it was amazing!!! Eric was fantastic. His commentary gave us a great overview but the views were better than we could have expected!! You don’t have a good view of the island and it’s magistrates unless you see it from the air. This is a MUST DO!! ","","0","https://media-cdn.tripadvisor.com/media/photo-m/1280/1c/f4/28/43/photo2jpg.jpg
https://media-cdn.tripadvisor.com/media/photo-w/1c/f4/28/42/photo1jpg.jpg
https://media-cdn.tripadvisor.com/media/photo-m/1280/1c/f4/28/41/photo0jpg.jpg","Written May 9, 2021","This review is the subjective opinion of a Tripadvisor member and not of Tripadvisor LLC."
"callie c","https://www.tripadvisor.com/Profile/437calliec","https://media-cdn.tripadvisor.com/media/photo-s/07/a2/c2/3d/callie-c.jpg","","5","May 2021 • Couples","Fabulous","Fantastic! Loved this tour, fantastic views & Eric was amazing at explaining Maui geography. Would Do this again in Maui","Couples","0","","Written May 9, 2021","This review is the subjective opinion of a Tripadvisor member and not of Tripadvisor LLC."
"Moe K","https://www.tripadvisor.com/Profile/moek903","https://media-cdn.tripadvisor.com/media/photo-o/1a/f6/e7/7b/default-avatar-2020-56.jpg","","5","May 2021 • Couples","Breathtaking","What a beautiful view. A unique way to experience maui with a knowledgeable and welcoming pilot. Great way to celebrate our anniversary","Couples","0","","Written May 7, 2021","This review is the subjective opinion of a Tripadvisor member and not of Tripadvisor LLC."
"Adrian D","https://www.tripadvisor.com/Profile/adukes409","https://media-cdn.tripadvisor.com/media/photo-o/1a/f6/ef/73/default-avatar-2020-13.jpg","Austin, TX","5","May 2021 • Couples","Phenomenal","I’ve never been in a smaller plane like this but this was an AWESOME experience! I would 100% do this tour again and would absolutely recommend to anyone coming to Maui!!","Couples","0","","Written May 5, 2021","This review is the subjective opinion of a Tripadvisor member and not of Tripadvisor LLC."
"John F","https://www.tripadvisor.com/Profile/johnfX6764KB","https://media-cdn.tripadvisor.com/media/photo-o/1a/f6/e7/3d/default-avatar-2020-55.jpg","Austin, TX","5","","Inspired","We had the best time with Eric on the sunset flight around Maui this evening...such a different perspective and unique way to experience the island and all its glory. Awesome flight and great commentary. ","","0","","Written May 5, 2021","This review is the subjective opinion of a Tripadvisor member and not of Tripadvisor LLC."
"Agustin B","https://www.tripadvisor.com/Profile/Agusbertol","https://media-cdn.tripadvisor.com/media/photo-o/1a/f6/f1/79/default-avatar-2020-21.jpg","","5","Apr 2021 • Couples","Tripping","Amazing recieving Tripping and welcome we felt al the trip. I got a lot of fun, the best pictures of the island.","Couples","0","","Written April 27, 2021","This review is the subjective opinion of a Tripadvisor member and not of Tripadvisor LLC."
"Ryan H","https://www.tripadvisor.com/Profile/D8015GYryanh","https://media-cdn.tripadvisor.com/media/photo-o/1a/f6/f0/d5/default-avatar-2020-17.jpg","","5","Apr 2021 • Couples","Great trip!","What a fantastic trip! There is simply no better way to see the Maui! Highly recommended! We had a great time","Couples","0","","Written April 22, 2021","This review is the subjective opinion of a Tripadvisor member and not of Tripadvisor LLC."
"Adventure373724","https://www.tripadvisor.com/Profile/Adventure373724","https://media-cdn.tripadvisor.com/media/photo-o/1a/f6/f6/0d/default-avatar-2020-34.jpg","","5","Apr 2021 • Couples","amazing","this was smazing and to ser the color and the experiencia totalmente amazing  jighñy recomiendo  this was AMAZING","Couples","0","","Written April 19, 2021","This review is the subjective opinion of a Tripadvisor member and not of Tripadvisor LLC."
"Jake H","https://www.tripadvisor.com/Profile/A7646UAjakeh","https://media-cdn.tripadvisor.com/media/photo-o/1a/f6/e4/59/default-avatar-2020-49.jpg","","5","Apr 2021 • Couples","A Maui experience not to miss!","Eric goes above and beyond as a host with his knowledge of the island and focus on guest comfort + enjoyment!","Couples","0","","Written April 7, 2021","This review is the subjective opinion of a Tripadvisor member and not of Tripadvisor LLC."
"Jennifer P","https://www.tripadvisor.com/Profile/jenniferpE193XN","https://media-cdn.tripadvisor.com/media/photo-f/01/2e/70/6d/avatar050.jpg","","5","Apr 2021 • Couples","Amazing sunset flight","Eric was an amazing pilot and host for this unforgettable experience. Seeing the beautiful Maui landscape from a birds eye view was very special. Eric also took photos for us during the flight as well as provided commentary on the sites. Highly recommend this experience!","Couples","0","https://media-cdn.tripadvisor.com/media/photo-m/1280/1c/d4/46/22/romantic-sunset-champagne.jpg","Written April 7, 2021","This review is the subjective opinion of a Tripadvisor member and not of Tripadvisor LLC."
"Miri R","https://www.tripadvisor.com/Profile/962mirir","https://media-cdn.tripadvisor.com/media/photo-o/1a/f6/f4/20/default-avatar-2020-31.jpg","","5","Apr 2021 • Couples","Just wow","What an amazing experience!!! We got a full tour of this beautiful island of Maui and loved it!! Very smooth ride...which I cannot say for everyone!! Beautiful beautiful views !!","Couples","0","","Written April 2, 2021","This review is the subjective opinion of a Tripadvisor member and not of Tripadvisor LLC."
"DAVID R","https://www.tripadvisor.com/Profile/davidrX8786YO","https://media-cdn.tripadvisor.com/media/photo-o/1a/f6/e5/66/default-avatar-2020-53.jpg","","5","Apr 2021 • Couples","Amazing","This experience was very nice. The views were awesome and the flight was smooth. Just a once in a lifetime.","Couples","0","","Written April 2, 2021","This review is the subjective opinion of a Tripadvisor member and not of Tripadvisor LLC."
"Jared S","https://www.tripadvisor.com/Profile/A5242ARjareds","https://media-cdn.tripadvisor.com/media/photo-o/1a/f6/e7/3d/default-avatar-2020-55.jpg","","5","Mar 2021 • Couples","Fantastic","The view was amazing. Great view of the island. I would highly recommend this. The drinks were great","Couples","0","","Written April 1, 2021","This review is the subjective opinion of a Tripadvisor member and not of Tripadvisor LLC."
"Alana B","https://www.tripadvisor.com/Profile/889alanab","https://media-cdn.tripadvisor.com/media/photo-o/1a/f6/e8/ea/default-avatar-2020-63.jpg","","5","Mar 2021 • Couples","Maui from the sky","Eric was awesome! Very cool to see Maui from the sky! Definitely highly recommend everyone do it once","Couples","0","","Written April 1, 2021","This review is the subjective opinion of a Tripadvisor member and not of Tripadvisor LLC."
"Mary Borjas","https://www.tripadvisor.com/Profile/1610Rancho","https://media-cdn.tripadvisor.com/media/photo-o/1a/f6/f3/23/default-avatar-2020-28.jpg","","5","Mar 2021 • Couples","A dream come true!","Very detailed! One experience that I would never forget!<br />It was a gorgeous view! A must in life! A dream!","Couples","0","https://media-cdn.tripadvisor.com/media/photo-w/1c/c0/08/d2/romantic-sunset-champagne.jpg
https://media-cdn.tripadvisor.com/media/photo-w/1c/c0/08/d1/romantic-sunset-champagne.jpg
https://media-cdn.tripadvisor.com/media/photo-w/1c/c0/08/c6/romantic-sunset-champagne.jpg","Written March 17, 2021","This review is the subjective opinion of a Tripadvisor member and not of Tripadvisor LLC."
"Jay Rey","https://www.tripadvisor.com/Profile/Joreye_83","https://media-cdn.tripadvisor.com/media/photo-o/1a/f6/ed/00/default-avatar-2020-4.jpg","","5","Mar 2021 • Couples","Amazing","The birds eye view of the mountains and especially the molokini crater was excellent! <br />I would highly recommend this tour. Guide was excellent","Couples","0","","Written March 17, 2021","This review is the subjective opinion of a Tripadvisor member and not of Tripadvisor LLC."
"Cindy Laurence","https://www.tripadvisor.com/Profile/CindyLaurence1","https://media-cdn.tripadvisor.com/media/photo-o/1a/f6/e4/59/default-avatar-2020-49.jpg","Maui, HI","5","Jan 2021","super fun","amazing experience thanks a lot.<br />highly recommended <br />max was amazing <br />very romantic <br />the view was perfect","","0","","Written March 15, 2021","This review is the subjective opinion of a Tripadvisor member and not of Tripadvisor LLC."
"Mari","https://www.tripadvisor.com/Profile/X7372TIalbam","https://media-cdn.tripadvisor.com/media/photo-o/1a/f6/f2/b8/default-avatar-2020-26.jpg","Maui, HI","5","Dec 2020 • Couples","Amazing","Was incredible! It was a good service very professional we enjoyed it and we had a lot of fun. the view is amazing! I recommend that you do this air tour!","Couples","0","https://media-cdn.tripadvisor.com/media/photo-m/1280/1c/74/c6/1b/romantic-sunset-champagne.jpg
https://media-cdn.tripadvisor.com/media/photo-m/1280/1c/74/c6/1a/romantic-sunset-champagne.jpg
https://media-cdn.tripadvisor.com/media/photo-m/1280/1c/74/c6/19/romantic-sunset-champagne.jpg","Written December 24, 2020","This review is the subjective opinion of a Tripadvisor member and not of Tripadvisor LLC."
"Daniela A","https://www.tripadvisor.com/Profile/danielaaI7555WR","","","5","Dec 2020 • Couples","Amazing tour!! Excellent","This tour was amazing!!! The pilot was so nice and very professional!! I really recommend this tour!!!","Couples","0","https://media-cdn.tripadvisor.com/media/photo-w/1c/71/96/c8/romantic-sunset-champagne.jpg
https://media-cdn.tripadvisor.com/media/photo-w/1c/71/96/c5/romantic-sunset-champagne.jpg
https://media-cdn.tripadvisor.com/media/photo-w/1c/71/96/c2/romantic-sunset-champagne.jpg
https://media-cdn.tripadvisor.com/media/photo-m/1280/1c/71/96/87/romantic-sunset-champagne.jpg
https://media-cdn.tripadvisor.com/media/photo-w/1c/71/94/af/romantic-sunset-champagne.jpg","Written December 20, 2020","This review is the subjective opinion of a Tripadvisor member and not of Tripadvisor LLC."
"Kiki","https://www.tripadvisor.com/Profile/KikiGlobalTravels","https://media-cdn.tripadvisor.com/media/photo-o/1a/f6/f6/0d/default-avatar-2020-34.jpg","","5","Dec 2020 • Couples","Fantastic Flight","We had a fabulous full moon flight over Maui! Eric was an exceptional guide who gave us a once in a lifetime ride around the island. We had such a wonderful flight and have great memories to cherish forever. Thank you so much!","Couples","0","","Written December 2, 2020","This review is the subjective opinion of a Tripadvisor member and not of Tripadvisor LLC."
"Cameron A","https://www.tripadvisor.com/Profile/digitalcameron","https://media-cdn.tripadvisor.com/media/photo-o/1a/f6/e9/60/default-avatar-2020-64.jpg","Chandler, AZ","5","Nov 2020 • Couples","Best Activity of Our Entire Vacation!","This was the highlight of our vacation to Maui, hands down! The pilot was incredibly kind and very knowledgeable and made the entire flight fun. It was the perfect way to celebrate our 11 year anniversary!","Couples","0","https://media-cdn.tripadvisor.com/media/photo-m/1280/1c/47/5e/ee/romantic-sunset-champagne.jpg
https://media-cdn.tripadvisor.com/media/photo-m/1280/1c/47/5e/ed/romantic-sunset-champagne.jpg
https://media-cdn.tripadvisor.com/media/photo-m/1280/1c/47/5e/eb/romantic-sunset-champagne.jpg
https://media-cdn.tripadvisor.com/media/photo-m/1280/1c/47/5e/ea/romantic-sunset-champagne.jpg
https://media-cdn.tripadvisor.com/media/photo-m/1280/1c/47/5e/e5/romantic-sunset-champagne.jpg
https://media-cdn.tripadvisor.com/media/photo-m/1280/1c/47/5e/e3/romantic-sunset-champagne.jpg
https://media-cdn.tripadvisor.com/media/photo-m/1280/1c/47/5e/e2/romantic-sunset-champagne.jpg
https://media-cdn.tripadvisor.com/media/photo-m/1280/1c/47/5d/63/romantic-sunset-champagne.jpg
https://media-cdn.tripadvisor.com/media/photo-m/1280/1c/47/5d/06/romantic-sunset-champagne.jpg
https://media-cdn.tripadvisor.com/media/photo-w/1c/47/5c/cf/romantic-sunset-champagne.jpg","Written November 5, 2020","This review is the subjective opinion of a Tripadvisor member and not of Tripadvisor LLC."
"Jelena M","https://www.tripadvisor.com/Profile/jelenam5","https://media-cdn.tripadvisor.com/media/photo-o/1a/f6/f1/06/default-avatar-2020-18.jpg","","5","Oct 2020 • Friends","Stunning","This is definitely a must do in Maui! View is absolutely spectacular and breathtaking! <br />Eric is an amazing host and pilot, from the moment he met us till the very last moment he was so gentle, approachable and great guide. During the flight he was pointing out the most important parts of Maui in combination with history facts. It’s a great combination of nature, history and epic moment of flying the plane. Worth of every cent! <br />Mahalo Eric!","Friends","0","https://media-cdn.tripadvisor.com/media/photo-o/1c/3a/65/35/romantic-sunset-champagne.jpg","Written October 24, 2020","This review is the subjective opinion of a Tripadvisor member and not of Tripadvisor LLC."
"Wendy Love","https://www.tripadvisor.com/Profile/Jstbu14","https://media-cdn.tripadvisor.com/media/photo-s/14/fe/4f/df/miss-l.jpg","","5","Jul 2020 • Family","WE FLEW MAUI ON A FULL MOON!!","We live on Maui and were pleased to have the opportunity to fly the skies just 1000 feet above land and ocean!!! This was a special 4th of July with a full moon in the sky and some fireworks to see! Can't wait to get back up to explore more of the Hawaiian Islands and for Jacob to co-pilot the plane. Total hands on experience!","Family","0","https://media-cdn.tripadvisor.com/media/photo-m/1280/1b/7f/e7/d1/romantic-sunset-champagne.jpg
https://media-cdn.tripadvisor.com/media/photo-m/1280/1b/7f/e7/cf/romantic-sunset-champagne.jpg
https://media-cdn.tripadvisor.com/media/photo-w/1b/7f/e7/cd/romantic-sunset-champagne.jpg","Written July 5, 2020","This review is the subjective opinion of a Tripadvisor member and not of Tripadvisor LLC."
"CPS","https://www.tripadvisor.com/Profile/christans2015","","","5","Apr 2020 • Friends","Sunset tour","Absolutely wonderful. Erik is world class...Best views on Maui. Unforgettable:). Thank you so much!!!!!","Friends","0","","Written April 28, 2020","This review is the subjective opinion of a Tripadvisor member and not of Tripadvisor LLC."
"Megan G","https://www.tripadvisor.com/Profile/megangG9666TJ","https://media-cdn.tripadvisor.com/media/photo-s/0f/93/4f/28/megan-g.jpg","","5","Apr 2020 • Friends","Sunset dream","Eric is a fantastic pilot he makes you feel calm and would recommend this flight to anyone on Maui 🌴♥️","Friends","0","","Written April 28, 2020","This review is the subjective opinion of a Tripadvisor member and not of Tripadvisor LLC."
"Jennifer A","https://www.tripadvisor.com/Profile/wolfpackgirl93","https://media-cdn.tripadvisor.com/media/photo-o/1a/f6/f0/9f/default-avatar-2020-16.jpg","Wilmington, North Carolina, United States","5","","Amazing Views","What an amazing way to see Maui ... from the sky! Thanks to Eric and Maui Plane Rides for the sunset ride - which brought much MORE then just the sunset! North beaches with cliffs ... west beaches including aerial whale watching and rainbows ... south beach resorts and monokini crater!!! Private ride for two","","0","https://media-cdn.tripadvisor.com/media/photo-m/1280/1b/19/08/a3/photo0jpg.jpg","Written March 6, 2020","This review is the subjective opinion of a Tripadvisor member and not of Tripadvisor LLC."
"Wellington A","https://www.tripadvisor.com/Profile/wellingtona955","https://media-cdn.tripadvisor.com/media/photo-o/1a/f6/f4/5d/default-avatar-2020-32.jpg","","5","Mar 2020 • Couples","Best place tour","Did a sunset plane tour. Best tour on island. Friendly pilot. Had great time. Would recommend to everyone","Couples","0","","Written March 5, 2020","This review is the subjective opinion of a Tripadvisor member and not of Tripadvisor LLC."
"NameDisplay","https://www.tripadvisor.com/Profile/Pad9669","","","5","Feb 2020 • Couples","Fantastic","This was breathtakingly awesome experiemce. Highly recommend this awesome private flight. It was smooth and we felt super safe. The SUNSET WAS BEAUTIFUL!","Couples","0","","Written February 28, 2020","This review is the subjective opinion of a Tripadvisor member and not of Tripadvisor LLC."
"Carol F","https://www.tripadvisor.com/Profile/310carolf","https://media-cdn.tripadvisor.com/media/photo-o/1a/f6/f3/e4/default-avatar-2020-30.jpg","Maryland Heights, MO","5","Feb 2020 • Couples","Awesomness","Eric provided us a very personalized air your. Beautiful scenery and he made sure that it was an amazing experience!","Couples","0","","Written February 11, 2020","This review is the subjective opinion of a Tripadvisor member and not of Tripadvisor LLC."
"Traveling 4235","https://www.tripadvisor.com/Profile/Tracer143674","https://media-cdn.tripadvisor.com/media/photo-o/1a/f6/e7/7b/default-avatar-2020-56.jpg","","5","Dec 2019 • Couples","Just Amazing","So much fun Super Safe feeling and once in a lifetime experience. Our sunset was just spectacular and please enjoy your own tour with my highest recommendation.","Couples","0","https://media-cdn.tripadvisor.com/media/photo-w/1a/74/bb/f6/amazing.jpg","Written December 31, 2019","This review is the subjective opinion of a Tripadvisor member and not of Tripadvisor LLC."
"Maui Lover","https://www.tripadvisor.com/Profile/H9550DHstevenf","https://media-cdn.tripadvisor.com/media/photo-o/1a/f6/e5/66/default-avatar-2020-53.jpg","","5","Dec 2019 • Couples","Amazing","Never knew so much about Maui until this trip. Felt extremely comfortable and the guide was just Amazing just like the title","Couples","0","","Written December 28, 2019","This review is the subjective opinion of a Tripadvisor member and not of Tripadvisor LLC."
"Moe A","https://www.tripadvisor.com/Profile/Moealkadi","https://media-cdn.tripadvisor.com/media/photo-o/1a/f6/e4/2d/default-avatar-2020-48.jpg","","5","Dec 2019 • Couples","Nice trip","It was nice seeing the sun dip into the ocean :) A bit too much marketing but it was a beautiful experience nonetheless.","Couples","0","","Written December 23, 2019","This review is the subjective opinion of a Tripadvisor member and not of Tripadvisor LLC."
"Jessica S","https://www.tripadvisor.com/Profile/jksvabek","https://media-cdn.tripadvisor.com/media/photo-o/1a/f6/e8/5b/default-avatar-2020-61.jpg","Palos Heights, IL","5","Dec 2019 • Couples","A Must!!","Eric did such a fantastic job on our flight! We enjoyed every minute of it together! My husband is not a great flyer and Eric took care of him the whole flight! The champagne was the perfect touch","Couples","0","","Written December 18, 2019","This review is the subjective opinion of a Tripadvisor member and not of Tripadvisor LLC."
"Alek S","https://www.tripadvisor.com/Profile/789aleks","https://media-cdn.tripadvisor.com/media/photo-o/1a/f6/e3/1f/default-avatar-2020-46.jpg","","5","Dec 2019 • Couples","Flight","Amazing viewing like nothing I’ve ever seen before! Would definitely recommend! We went during g whale season and saw several whales breaching!","Couples","0","","Written December 18, 2019","This review is the subjective opinion of a Tripadvisor member and not of Tripadvisor LLC."
"Shelbi W","https://www.tripadvisor.com/Profile/432shelbiw","https://media-cdn.tripadvisor.com/media/photo-o/1a/f6/f3/e4/default-avatar-2020-30.jpg","","5","Nov 2019 • Couples","B E A utiful, gorgeous","Friendly pilot, loves what he does, gives the best experience! Would fly with them again! Awesome sauce!!","Couples","0","https://media-cdn.tripadvisor.com/media/photo-m/1280/1a/27/04/68/romantic-sunset-champagne.jpg","Written November 27, 2019","This review is the subjective opinion of a Tripadvisor member and not of Tripadvisor LLC."
"Christina R","https://www.tripadvisor.com/Profile/christinarK2992AC","https://media-cdn.tripadvisor.com/media/photo-s/15/7d/72/86/christina-r.jpg","","5","Nov 2019 • Couples","Wonderful","We had such a lovely time - cannot recommend enough<br />The entire trip was magical and the sun setting made the clouds just light up","Couples","0","https://media-cdn.tripadvisor.com/media/photo-m/1280/1a/27/04/0b/romantic-sunset-champagne.jpg
https://media-cdn.tripadvisor.com/media/photo-m/1280/1a/27/04/0a/romantic-sunset-champagne.jpg
https://media-cdn.tripadvisor.com/media/photo-m/1280/1a/27/04/07/romantic-sunset-champagne.jpg","Written November 27, 2019","This review is the subjective opinion of a Tripadvisor member and not of Tripadvisor LLC."
"MYS","https://www.tripadvisor.com/Profile/Myshaye","https://media-cdn.tripadvisor.com/media/photo-o/1a/f6/f1/b8/default-avatar-2020-22.jpg","","5","Oct 2019 • Couples","Experiencing maui with the best pilot eric","If you ever visit maui this is definitely an experience you must do. We have seen the northeast of maui and the sunset was just full of amazing colors which you must see.<br /><br />Eric was a wonderful pilot and we felt we are in good hands!!<br /><br />Thanks Eric for an amazing experience!","Couples","0","https://media-cdn.tripadvisor.com/media/photo-m/1280/19/d0/bb/25/romantic-sunset-champagne.jpg
https://media-cdn.tripadvisor.com/media/photo-m/1280/19/d0/bb/24/romantic-sunset-champagne.jpg
https://media-cdn.tripadvisor.com/media/photo-m/1280/19/d0/b9/63/romantic-sunset-champagne.jpg
https://media-cdn.tripadvisor.com/media/photo-m/1280/19/d0/b9/58/romantic-sunset-champagne.jpg","Written October 25, 2019","This review is the subjective opinion of a Tripadvisor member and not of Tripadvisor LLC."
"Mike","https://www.tripadvisor.com/Profile/MichaelPereira1","","","5","Oct 2019 • Couples","Impressing","Amazing tour with lots of information about Maui. Eric was an attentive pilot, very kind. The view over Maui is astonishing, truly a unique experience. We were so overwhelmed and impressed after the flight, full of feelings, that we completely forgot to tip! So sorry Eric!<br /><br />Regula & Michael","Couples","0","https://media-cdn.tripadvisor.com/media/photo-m/1280/19/a1/5f/86/romantic-sunset-champagne.jpg","Written October 14, 2019","This review is the subjective opinion of a Tripadvisor member and not of Tripadvisor LLC."
"Lezlee H","https://www.tripadvisor.com/Profile/436lezleeh","https://media-cdn.tripadvisor.com/media/photo-o/1a/f6/f2/b8/default-avatar-2020-26.jpg","Seattle, WA","5","Sep 2019 • Couples","Spectacular!","A truly amazing experience! We almost went with a different tour that was available for purchase through Costco, but were happy we stuck with this one because of its uniqueness.  Though sitting in the front will get you great photos, I’d recommend sitting in the back with your significant other / friend to have the most romantic experience :)","Couples","0","","Written September 25, 2019","This review is the subjective opinion of a Tripadvisor member and not of Tripadvisor LLC."
"ERENDIRA I","https://www.tripadvisor.com/Profile/erendirai2019","https://media-cdn.tripadvisor.com/media/photo-o/1a/f6/e2/11/default-avatar-2020-41.jpg","","5","Aug 2019 • Couples","Amazing and Romantic","Eric was Amazing! He gave us Beautiful and breathtaking views. Made this experience very romantic and exciting. Definitely must try experience!","Couples","0","https://media-cdn.tripadvisor.com/media/photo-m/1280/18/fb/03/78/romantic-sunset-champagne.jpg","Written August 28, 2019","This review is the subjective opinion of a Tripadvisor member and not of Tripadvisor LLC."
"annieshy","https://www.tripadvisor.com/Profile/Annueshy","https://media-cdn.tripadvisor.com/media/photo-o/1a/f6/f0/48/default-avatar-2020-15.jpg","","5","Jul 2019 • Family","Fun flying over beautiful Maui","We had an amazing adventure. Eric made us feel comfortable & showed us some of the most beautiful sights of Maui, Lanai, Molokai! Loved every minute!!!🤙🌴☀️","Family","0","https://media-cdn.tripadvisor.com/media/photo-m/1280/18/36/9e/17/romantic-sunset-champagne.jpg","Written July 7, 2019","This review is the subjective opinion of a Tripadvisor member and not of Tripadvisor LLC."
"M&RJ","https://www.tripadvisor.com/Profile/Navigator761707","https://media-cdn.tripadvisor.com/media/photo-o/1f/dd/3f/35/navigator761707.jpg","Arizona","5","Jun 2019 • Couples","Awesome adventure","This was an absolutely fantastic experience and I would highly recommend it! The pilot was so nice, accommodating and did anything and everything possible to ensure we were comfortable and had a great experience. Thank you Maui Plane Rides for making our anniversary so special and memorable!","Couples","0","https://media-cdn.tripadvisor.com/media/photo-m/1280/17/d3/e4/2b/romantic-sunset-champagne.jpg
https://media-cdn.tripadvisor.com/media/photo-m/1280/17/d3/e4/2a/romantic-sunset-champagne.jpg
https://media-cdn.tripadvisor.com/media/photo-m/1280/17/d3/e4/28/romantic-sunset-champagne.jpg","Written June 7, 2019","This review is the subjective opinion of a Tripadvisor member and not of Tripadvisor LLC."
"David D","https://www.tripadvisor.com/Profile/daviddZ7491XQ","https://media-cdn.tripadvisor.com/media/photo-o/1a/f6/e9/60/default-avatar-2020-64.jpg","","5","Apr 2019 • Couples","Once in a Lifetime Experience","This was hands-down the most memorable experience I’ve had in Hawaii. Eric’s love for flying and knowledge of the island made this trip beautiful.","Couples","0","","Written April 29, 2019","This review is the subjective opinion of a Tripadvisor member and not of Tripadvisor LLC."