"User Name","User Profile","User Avatar","User Location","Rating","Rating Text","Review Title","Review Text","Trip Type","Helpful Votes","Photos","Published Date","Disclaimer"
"Joey","https://www.tripadvisor.com/Profile/Guide41297931349","https://media-cdn.tripadvisor.com/media/photo-o/1a/f6/ec/3d/default-avatar-2020-1.jpg","Miami, FL","5","","DO 👏 THIS 👏 EXPERIENCE 👏 NOW 👏","Wow, where do I begin. Last week for Valentine’s Day I surprised my girlfriend with Miami Seaplane Island Adventure Tour to Islamorada and what an incredible experience! Tony, is a true gentleman and went above and beyond to help make this trip something my girlfriend will never forget (and myself). We’ve done a lot of cool stuff all over the world but this was one of the absolute coolest adventures we’ve been on. Starting off by seeing our neighborhood up close from an aerial view, then seeing the crystal blue waters on our way through the keys, to landing right up to the restaurant we had lunch at. Lunch was excellent, plenty of options and fresh seafood with live music! Tony’s flying was smooth and controlled, we felt safe and calm the entire time. We explored the island for a couple of hours before we got back on the plane to head home to Miami. Seeing our skyline again around sunset was also very special for us. Tony is sharp and I feel like I’ve made a new friend. I’m excited to plan another adventure very soon.","","0","https://media-cdn.tripadvisor.com/media/photo-w/2f/03/bf/2c/caption.jpg
https://media-cdn.tripadvisor.com/media/photo-w/2f/03/bf/2b/caption.jpg
https://media-cdn.tripadvisor.com/media/photo-w/2f/03/bf/2a/caption.jpg
https://media-cdn.tripadvisor.com/media/photo-w/2f/03/bf/29/caption.jpg
https://media-cdn.tripadvisor.com/media/photo-w/2f/03/bf/28/caption.jpg
https://media-cdn.tripadvisor.com/media/photo-w/2f/03/bf/27/caption.jpg
https://media-cdn.tripadvisor.com/media/photo-w/2f/03/bf/25/caption.jpg","Written February 24, 2025","This review is the subjective opinion of a Tripadvisor member and not of Tripadvisor LLC."
"Dermot D","https://www.tripadvisor.com/Profile/dermotd147","https://media-cdn.tripadvisor.com/media/photo-o/1a/f6/e8/5b/default-avatar-2020-61.jpg","","5","","Once in a lifetime experience!","The most memorable experience of my life. And I’ve saw a lot! The perspective you get from the air is remarkable. We saw Sharks, Dolphins, Sea Turtles… incredible.","","0","","Written January 29, 2025","This review is the subjective opinion of a Tripadvisor member and not of Tripadvisor LLC."
"Radoslaw C.","https://www.tripadvisor.com/Profile/radoslawch2","https://media-cdn.tripadvisor.com/media/photo-o/1a/f6/df/2b/default-avatar-2020-39.jpg","Round Lake, IL","5","Dec 2024 • Family","Great service!","Great experience flying from Miami to Bimini. One way was a water landing with a seaplane, and the return flight was on a regular charter to Opa Executive Airport.<br />From the reservation (excellent communication with Janos) to the day of departure, both flights were fantastic. Both pilots were great, and we had a wonderful time and a lot of fun. We will definitely use this service again!","Family","0","","Written January 27, 2025","This review is the subjective opinion of a Tripadvisor member and not of Tripadvisor LLC."
"WnC","https://www.tripadvisor.com/Profile/WnC2000","https://media-cdn.tripadvisor.com/media/photo-o/1a/f6/eb/6d/default-avatar-2020-19.jpg","","5","Jan 2025 • Couples","Excellent Experience","The reservation and check in process was a bit sketchy, but it is worth the hassle. We opted for the 30-minute North Biscayne tour.  After figuring out the parking situation, we waited in what appeared to be hotel lobby. Our flight time came and went, we were nervous. Then the tour guide arrived. He apologized for the wait. He led us out to the marina and asked us to sit in a waiting area for a few minutes while he shuttled a couple ahead of us. Upon his return, he led us to a mid-sized boat and ferried us out to the middle of the bay. It was really cool to see the seaplane come in for a landing and then meet up with the boat in the middle of the bay. The boat ride in the bay was added value. The people in the plane jumped in the boat and then we loaded into the plane. It was a Cessna 172 Skyhawk Seaplane. A little older but very well maintained. Our pilot was friendly and very professional. He explained everything he was doing and all the safety features. Our take off was exciting. Our flight was at the end of the day, and we were able to see an absolutely amazing sunset behind the Miami skyline. We flew over the Biscayne National Park. Our pilot narrated the trip the whole way. We flew over the big cruise ships as we approached our landing. The pilot landed the plane in the middle of the bay with a perfect landing. We then met our boat and ferried back to the marina. Our experience was fun, exciting, and well worth the price. The team was very professional. My wife and I felt very safe with the whole flight operation.  If anyone else decides to book with this company, do not worry about the check in process, it will be ok. Hang in there, it is worth it. We met the owner during this tour. He is wonderful person. This is a small company that provides a great experience.  We highly recommend this trip.","Couples","0","","Written January 5, 2025","This review is the subjective opinion of a Tripadvisor member and not of Tripadvisor LLC."
"Gilbert and Gaston","https://www.tripadvisor.com/Profile/GilbertGaston","https://media-cdn.tripadvisor.com/media/photo-m/1280/25/07/70/4f/gilbertgaston.jpg","Nassau, New Providence Island","5","","Perfect family adventure","We can’t say enough about Miami Seaplane.  It was wonderful from start to finish. We felt safe and more than that our pilot Tony and boat captain Yanni were both delightful. They were incredibly sweet with our young children as well. We would definitely do this again and it was a memorable adventure !!","","0","","Written November 13, 2024","This review is the subjective opinion of a Tripadvisor member and not of Tripadvisor LLC."
"Berny J","https://www.tripadvisor.com/Profile/4bernyj","https://media-cdn.tripadvisor.com/media/photo-o/1a/f6/ea/74/default-avatar-2020-68.jpg","","5","Aug 2024 • Family","Great experience","We did the 1 hour Miami tour. It was a great trip and experience we saw a lot of Miami from the air. Tony was our pilot and he could tell us everything we flew over.Nice and funny guy, thank you Tony from the family Jansen from Holland","Family","0","https://media-cdn.tripadvisor.com/media/photo-w/2d/14/67/11/caption.jpg
https://media-cdn.tripadvisor.com/media/photo-w/2d/14/67/10/caption.jpg","Written August 7, 2024","This review is the subjective opinion of a Tripadvisor member and not of Tripadvisor LLC."
"Lauren L","https://www.tripadvisor.com/Profile/laurenlE5259MK","https://media-cdn.tripadvisor.com/media/photo-o/1a/f6/f0/d5/default-avatar-2020-17.jpg","","1","Feb 2024 • Family","False advertising and unsafe operations","I took a chartered flight on Miami Seaplane Tours to Kamalame Cay in the Bahamas with my family, including my infant. Miami Seaplane Tour's operation was unsafe and unprofessional and put me and my family in danger.<br /><br />The transfer to Kamalame Cay was -- and still is -- advertised on their website. The Sales team promised to “be in touch with the resort about bringing you and picking you up.”<br /><br />It became clear upon nearing the hotel that this operator is not familiar with transferring hotel guests to Kamalame Cay and has never been in touch with the hotel. The pilot circled and seemed unsure of where to land. He did not fly with a radio so could not contact the hotel. He ultimately decided to touch down in a shallow area where planes are not meant to land. The situation was unsafe and the plane became beached. The hotel staff and my spouse had to get in the water and tow the plan to a safe, deeper water where a boat could pick us up (while my baby cried).<br /><br />Naturally, I contacted Miami Seaplane Tours to cancel our return flight and request a partial refund. They refused to issue the refund. In fact, they wouldn't even acknowledge the circumstances and sent bizarre emails in response to my requests (""Glad to hear from you Lauren! 😃 We'll see you at 14:00 tomorrow. Weather is supposed to be outstanding. ☀️"").<br /><br />This operator falsely advertised a service and put our family at risk.","Family","0","","Written August 6, 2024","This review is the subjective opinion of a Tripadvisor member and not of Tripadvisor LLC."
"Christine G","https://www.tripadvisor.com/Profile/christinegZ5955EG","","Bethesda, MD","5","Mar 2024 • Couples","A memorable trip by seaplane to Key West","My husband and I did the Key West excursion with pilot Adrian at the helm.  It was fantastic!  Adrian was incredibly knowledgeable about the history and ecosystem of the Keys and an excellent pilot, too.  He seemed to have a deep connection to the area and it made the trip especially memorable.  We want to return and fly to another destination soon.  We will recommend this to all our friends far and wide.  Many thanks.<br /><br />Christine and John Gordon","Couples","0","https://media-cdn.tripadvisor.com/media/photo-m/1280/2b/b5/d2/3c/caption.jpg","Written March 25, 2024","This review is the subjective opinion of a Tripadvisor member and not of Tripadvisor LLC."
"ISABELLE R","https://www.tripadvisor.com/Profile/M9531DUisabeller","","","5","Jan 2024 • Couples","Brilliant driver, unforgettable experience. To do and redo urgently!","The views were magnificent, the guide friendly, the pilot very comfortable and competent! Passengers just need to be able to interact with the pilot using a microphone placed on the helmet. Magnificent experience!","Couples","0","https://media-cdn.tripadvisor.com/media/photo-m/1280/2b/28/9f/1a/caption.jpg
https://media-cdn.tripadvisor.com/media/photo-m/1280/2b/28/9f/19/caption.jpg
https://media-cdn.tripadvisor.com/media/photo-m/1280/2b/28/9f/18/caption.jpg
https://media-cdn.tripadvisor.com/media/photo-m/1280/2b/28/9f/17/caption.jpg","Written January 5, 2024","This review is the subjective opinion of a Tripadvisor member and not of Tripadvisor LLC."
"Kelly M","https://www.tripadvisor.com/Profile/S8209DZkellym","https://media-cdn.tripadvisor.com/media/photo-o/1a/f6/ef/9c/default-avatar-2020-14.jpg","","5","Dec 2023 • Family","Wow! Simply mesmerizing.","WOW. Simply amazing. Our pilot’s enthusiasm was like a kid at Christmas. His knowledge of the history and current issues of the Keys was unlimited. We did the trip to Islamorado and wanted to do it again as soon as it ended. We were in expert hands with the local pilot with over 25 years of experience. His narrative was mesmerizing and gave us a whole new appreciation for the beauty of the area and how important it is to preserve it. Thanks for a day we will never forget!","Family","0","https://media-cdn.tripadvisor.com/media/photo-m/1280/2b/1f/38/32/caption.jpg
https://media-cdn.tripadvisor.com/media/photo-w/2b/1f/38/31/caption.jpg
https://media-cdn.tripadvisor.com/media/photo-m/1280/2b/1f/38/30/caption.jpg","Written December 31, 2023","This review is the subjective opinion of a Tripadvisor member and not of Tripadvisor LLC."
"oG","https://www.tripadvisor.com/Profile/Safari36004087212","https://media-cdn.tripadvisor.com/media/photo-o/1a/f6/e8/ea/default-avatar-2020-63.jpg","Nashville, TN","5","","Incredible tour of Miami area and Biscayne Bay","Our pilot (Alejandro) was as pro as they come. Top notch pilot and tour guide carrying on a family tradition of aviation in a wonderful way. Super knowledgeable about the area and history, he loves to show his passengers a new perspective and tell the story.  As a pilot myself, I’m telling you these guys are top notch, and they provided us so much more of South Florida in an hour than we could have gotten any other way.  Hope to return soon and do a bigger trip with them as there are many incredible options!","","0","https://media-cdn.tripadvisor.com/media/photo-m/1280/28/77/ec/75/caption.jpg","Written March 16, 2023","This review is the subjective opinion of a Tripadvisor member and not of Tripadvisor LLC."
"Jens","https://www.tripadvisor.com/Profile/J5822LUjens","https://media-cdn.tripadvisor.com/media/photo-o/27/47/80/38/caption.jpg","Hannover, Germany","5","","Great Waterplane Flight to the Florida Keys","Great flight over the Florida Keys with stopover and lunch on 'Loreley' Island. The trip starts and ends in Miami, a short motorboat ride through Miami Harbour to and from the seaplane is included. Overall a great experience and highly recommended!","","0","","Written December 13, 2022","This review is the subjective opinion of a Tripadvisor member and not of Tripadvisor LLC."
"Dan M","https://www.tripadvisor.com/Profile/Z3025DBdanm","https://media-cdn.tripadvisor.com/media/photo-o/1a/f6/e2/11/default-avatar-2020-41.jpg","Lititz, PA","5","Dec 2022","The best thing to do in Miami.","Amazing experience. <br /><br />The booking and meeting is a little iffy. We booked online and met them at their 'office'. This is not a giant corporate operation, if you want a private trip, this is it. But understand you need to work with them a little. Just call them when you are heading over and talk to the guy, he will find you.<br /><br />We met a guy in the lobby of a hotel, he took us on his boat into the bay.  Boat guy was great. very friendly and professional. <br /><br />At that point the plane landed on the water next to us and we hopped from the boat to the plane. Tony is the pilot and he was also very friendly and professional.<br /><br />Plane ride was amazing. We were in the air about 45-50 min. Saw so much in such a short time. Pilot is 100% legit; I was very comfortable with him flying.<br /><br />its a little expensive, but you get what you pay for and this was great. Will go again. Will recommend to anyone going to Miami.<br /><br />for the meeting stop- go to the address listed. The lobby is where the cars go in next to the street. There will be a ""V"" on the doors. Take the elevator to the 2nd floor. Their office may be locked, just sit on the lobby couches and call the guy.<br /><br />To our pilot and captain: thank you so much for having us. We enjoyed this so much.","","0","","Written December 12, 2022","This review is the subjective opinion of a Tripadvisor member and not of Tripadvisor LLC."
"Nelson","https://www.tripadvisor.com/Profile/Nelson0561","https://media-cdn.tripadvisor.com/media/photo-s/13/72/ed/f8/external-avatar.jpg","","5","Jun 2022","Unquestionable a MUST DO","This was amazing, start to finish I would have paid 2x-3x for this, it was that good. The experience was amazing, the take off the flight the landing - spectacular. I would recommend this for anyone and everyone going to Miami - one tip, you will take a boat from the shore to the plane, don't forget sunscreen - its HOT! But on the plane, the window is opening, its perfect!!","","0","","Written June 24, 2022","This review is the subjective opinion of a Tripadvisor member and not of Tripadvisor LLC."
"Rasta Turtle","https://www.tripadvisor.com/Profile/RastaTurtle77","https://media-cdn.tripadvisor.com/media/photo-o/1a/f6/f2/b8/default-avatar-2020-26.jpg","","5","May 2022","MUST DO in Miami","If you're going to Miami, make time for this experience.  It's mandatory Miami!<br /><br />I had a lot of questions before booking and Nicole helped me through several phone calls.  Thanks Nicole!  Julio was our boat captain and took some awesome pictures of us with the skyline on the short ride to the plane, and kept us laughing the whole time.  Great job Julio!  Adriel was our pilot.  I've flown a lot and he's one of the best.  Super friendly, and having grown up in the area and as a flight instructor, knew every inch of Miami.  Pointed out all the scenes from movies, current and historical events, and TONS of eagle rays, sharks, turtles, and manatees.  Also explained a good deal about the DeHavilland Beaver we flew, which was comfortable, safe, spotless and obviously well maintained.  Thank you Adriel for an amazing flight!<br /><br />I can't recommend this experience enough and outstanding job by everyone at Miami Seaplane.  You truly made our visit to Miami very special and a day we will always remember.<br /><br />TIP: Get the tail number of the aircraft and search a flight tracker like FlightRadar24 for a map of your flight.","","0","https://media-cdn.tripadvisor.com/media/photo-o/23/8c/0f/49/flight-map.jpg","Written May 26, 2022","This review is the subjective opinion of a Tripadvisor member and not of Tripadvisor LLC."
"Christophe L","https://www.tripadvisor.com/Profile/373christophel","https://media-cdn.tripadvisor.com/media/photo-o/06/01/b8/82/christophe-l.jpg","Miami Beach, FL","5","Nov 2021","a real trip!","Fantastic passionate pilot (forget his name but he grew up in North Miami  Beach). He knew a lot about nature, and city development and you can tell he really enjoys his work. He also mad us feel very safe!","","0","","Written December 13, 2021","This review is the subjective opinion of a Tripadvisor member and not of Tripadvisor LLC."
"Gabriela F","https://www.tripadvisor.com/Profile/Y10MCgabrielaf","https://media-cdn.tripadvisor.com/media/photo-o/1a/f6/e9/ef/default-avatar-2020-66.jpg","","5","","Amazing tour","Wonderful experience! The pilot, Tony, was very nice and flew very smooth. I am afraid of flying but the tour was amazing. It’s only 30 minutes but it’s worth it. Aniel, the boat pilot that took us to the seaplane is also very charismatic and gentle. I definitely recommend and I will tour again next time with them.","","0","","Written July 31, 2021","This review is the subjective opinion of a Tripadvisor member and not of Tripadvisor LLC."
"Pattie M","https://www.tripadvisor.com/Profile/pattiem684","","","5","May 2021","Best Seaplane Ride EVER","I LOVED Miami Seaplanes! They took us down from miami all the way to key west, with a bit of snorkeling thrown in. They were super professional, sweet, fun, and it was gorgeous! It's the only reasonable way to get down to the keys; I wouldn't travel any other way! From the sky you could see sharks, dolphins, rays and more, and it was an experience I'll never forget!","","0","","Written June 1, 2021","This review is the subjective opinion of a Tripadvisor member and not of Tripadvisor LLC."
"Tabitha P","https://www.tripadvisor.com/Profile/TabbieKat","https://media-cdn.tripadvisor.com/media/photo-o/07/09/4b/c7/tabbiekat.jpg","Jacksonville, FL","5","Apr 2021 • Friends","Best views of Miami Beach","Fantastic experience, highly recommend. Pilot was friendly, knowledgeable and fun. I wish I had done it sooner. I will definitely book again next time I'm in Sobe.","Friends","0","","Written May 20, 2021","This review is the subjective opinion of a Tripadvisor member and not of Tripadvisor LLC."
"Craig J","https://www.tripadvisor.com/Profile/248craigj","https://media-cdn.tripadvisor.com/media/photo-s/08/5a/bd/92/craig-j.jpg","Provo, UT","5","","20 year anniversary flight!","If you think this looks fun at all you should definitely book it!! It was an absolute blast!! You can see everything from miles. Tony is a well experienced pilot who got his license in the 1970s. He was a joy to talk to while we were flying to the lunch. My wife loved it as well. Thanks for the memories for our 20 year anniversary!","","0","","Written April 15, 2021","This review is the subjective opinion of a Tripadvisor member and not of Tripadvisor LLC."
"Menada79","https://www.tripadvisor.com/Profile/Menada79","https://media-cdn.tripadvisor.com/media/photo-o/1a/f6/e7/3d/default-avatar-2020-55.jpg","Sydney, Australia","1","Jan 2021 • Couples","Horrible client service","Would never recommend to deal with this company. The manager Nicolle over booking process was very rude and arrogant. Was trying to book a flight after my wedding in Miami.","Couples","0","","Written January 14, 2021","This review is the subjective opinion of a Tripadvisor member and not of Tripadvisor LLC."
"Elizaveta S","https://www.tripadvisor.com/Profile/601elizavetas","https://media-cdn.tripadvisor.com/media/photo-o/1a/f6/e7/7b/default-avatar-2020-56.jpg","","5","Nov 2020 • Family","Pretty cool","The pilot was nice. The views were gorgeous. Definitely a great way to see more of Miami. I would totally recommend.","Family","0","","Written November 27, 2020","This review is the subjective opinion of a Tripadvisor member and not of Tripadvisor LLC."
"Jeff C","https://www.tripadvisor.com/Profile/jeffcJ2644VN","https://media-cdn.tripadvisor.com/media/photo-o/1a/f6/eb/e3/default-avatar-2020-59.jpg","","5","Nov 2020 • Couples","Fantastic","Family owned.  Very friendly and knowledgeable!  Beautiful views and amazing experience.  Unforgettable experience!","Couples","0","","Written November 14, 2020","This review is the subjective opinion of a Tripadvisor member and not of Tripadvisor LLC."
"Raymond","https://www.tripadvisor.com/Profile/Raymond890","https://media-cdn.tripadvisor.com/media/photo-o/1a/f6/ee/10/default-avatar-2020-8.jpg","Heath, TX","5","Oct 2020","Seaplane tour","The experience was great right from the start... the pilot Aldo was awesome and very knowledgeable of the area... great tour.. don’t miss this one..","","0","","Written October 18, 2020","This review is the subjective opinion of a Tripadvisor member and not of Tripadvisor LLC."
"Hamid","https://www.tripadvisor.com/Profile/s_hamid_gh","https://media-cdn.tripadvisor.com/media/photo-o/1a/f6/f4/20/default-avatar-2020-31.jpg","Dallas, TX","5","Aug 2020","Miami view in 30 mins","It was a perfect experience flying over Miami. Very nice staff, well organized. Very friendly pilot, he explained each places we pass by the seaplane! I highly recommend to do this activity if you go to Miami.","","0","","Written August 3, 2020","This review is the subjective opinion of a Tripadvisor member and not of Tripadvisor LLC."
"Yellow Moth","https://www.tripadvisor.com/Profile/uktravelwatch","https://media-cdn.tripadvisor.com/media/photo-o/17/64/28/46/caption.jpg","Guildford, UK","5","Mar 2020 • Couples","Floats away!","Great  flight adventure over Miami Beach and harbour in 4 seat seaplane . The arrangements were well planned and executed. The friendly pilot gave us a splendid commentary during the flight. We planned the trip en route to the airport after a cruise. The company kindly stored our luggage whilst we took our flight. A taxi rank is only 200 metres from their offices so you can easily make your own travel arrangements. We took the 30 minute sight seeing tour. I think that was just right.","Couples","0","https://media-cdn.tripadvisor.com/media/photo-m/1280/1b/1a/9b/34/photo2jpg.jpg
https://media-cdn.tripadvisor.com/media/photo-m/1280/1b/1a/9b/33/photo1jpg.jpg
https://media-cdn.tripadvisor.com/media/photo-m/1280/1b/1a/9b/32/photo0jpg.jpg","Written March 7, 2020","This review is the subjective opinion of a Tripadvisor member and not of Tripadvisor LLC."
"marykN4494TG","https://www.tripadvisor.com/Profile/marykN4494TG","https://media-cdn.tripadvisor.com/media/photo-f/01/2e/70/6d/avatar050.jpg","Stateline, NV","5","Feb 2020","Birthday surprise flight for a friend.","Our wives put this awesome day- trip adventure together and I feel compelled to write an inspirational review of our experience. DO IT, Book the flight!!! The owner Tony and his Son Adriel, are incredibly talented, SAFE, and  passionate about flying and bringing this experience to you. They were consummate professional Pilots. Water flying is something everyone should experience. Four of us booked 2 planes, Cessna 172’s on floats. The father son team flew us to key west where we lunched at louie’s backyard, and then walked duval st. Before  returning to Miami at sunset. What a day! What an adventure! What a great experience and memory we have forever... like I said.... Do it!! Joe from Jupiter Florida told ya so.. say hello to Tony and Adriel for me.👍👍","","0","","Written February 23, 2020","This review is the subjective opinion of a Tripadvisor member and not of Tripadvisor LLC."
"TAUSER_09042018","https://www.tripadvisor.com/Profile/TAUSER_09042018","https://media-cdn.tripadvisor.com/media/photo-o/08/d3/af/b7/sooty2014.jpg","Hurworth-on-Tees, UK","5","Jan 2020","A MUST FOR MIAMI","This was a fantastic experience and very well organised.  The views were spectacular and the Pilot was very informative.  If you travel to Miami this is a must and you won't be disappointed, we loved it.<br /><br />Thank you","","0","","Written January 23, 2020","This review is the subjective opinion of a Tripadvisor member and not of Tripadvisor LLC."
"Michelle M","https://www.tripadvisor.com/Profile/trigirl1441","https://media-cdn.tripadvisor.com/media/photo-o/15/61/ff/00/caption.jpg","Brentwood, TN","4","","Amazing bird’s eye view!","We wanted to experience Biscayne National Park and this was an amazing way to do it. Our tour guide, Little Tony, grew up in the area and his love for it was evident in his guiding. His knowledge and experience was incredible and not only did we get spectacular views of the city, we saw sharks, whales, pelicans and manta rays.  Our start time got pushed out 30 minutes (they did email a heads up) and we had to wait on another plane before the short boat trip back to the starting point, but everything was first class. Would definitely recommend this outfit!","","0","https://media-cdn.tripadvisor.com/media/photo-m/1280/1a/9a/1f/c0/photo0jpg.jpg","Written January 14, 2020","This review is the subjective opinion of a Tripadvisor member and not of Tripadvisor LLC."
"Herrera","https://www.tripadvisor.com/Profile/herrerag2019","https://media-cdn.tripadvisor.com/media/photo-s/19/65/61/b9/herrera-g.jpg","","5","Jan 2020 • Family","Espectacular aerial views","One boat took us from the Marine and in the middle of the islands we were transfered to the seaplane.<br />It was wonderful. <br />I am local and I have experimented several tours in the area. This is very good. We took the tour around Downtown and Miami Beach and it was amazing. Really nice views and very smoothly flight, even when our pilot said it was a little windy.<br />Jorge and Aldo were our captains for the boat and for the seaplane. <br />I am very pleased with the experience.<br />Advice: check weather before booking. Clear sky makes the experience even better.","Family","0","https://media-cdn.tripadvisor.com/media/photo-m/1280/1a/87/f9/a3/seaplane-tour-of-miami.jpg
https://media-cdn.tripadvisor.com/media/photo-m/1280/1a/87/f8/e5/seaplane-tour-of-miami.jpg
https://media-cdn.tripadvisor.com/media/photo-m/1280/1a/87/f8/76/seaplane-tour-of-miami.jpg
https://media-cdn.tripadvisor.com/media/photo-m/1280/1a/87/f7/c1/seaplane-tour-of-miami.jpg","Written January 7, 2020","This review is the subjective opinion of a Tripadvisor member and not of Tripadvisor LLC."
"Yanniskyra","https://www.tripadvisor.com/Profile/Yanniskyra","https://media-cdn.tripadvisor.com/media/photo-o/1a/f6/f1/79/default-avatar-2020-21.jpg","St-Paul-de-Vence, France","5","Jan 2020 • Couples","Our trip to miami","Wonderful trip with a top pilot. He explained everything in detail and we had a fantastic experience. Top.","Couples","0","","Written January 4, 2020","This review is the subjective opinion of a Tripadvisor member and not of Tripadvisor LLC."
"Tracey V","https://www.tripadvisor.com/Profile/576traceyv","https://media-cdn.tripadvisor.com/media/photo-o/1a/f6/f4/20/default-avatar-2020-31.jpg","","5","Dec 2019","A must for your visit to Miami","Great company, great pilot, and amazing experience.  You simply cannot go wrong!  Did the Stiltsville tour.","","0","https://media-cdn.tripadvisor.com/media/photo-w/1a/62/c7/d8/cape-florida-lighthouse.jpg
https://media-cdn.tripadvisor.com/media/photo-w/1a/62/c7/bf/our-ride.jpg","Written December 24, 2019","This review is the subjective opinion of a Tripadvisor member and not of Tripadvisor LLC."
"Eatmorefromthesea","https://www.tripadvisor.com/Profile/Eatmorefromthesea","https://media-cdn.tripadvisor.com/media/photo-o/1a/f6/ee/10/default-avatar-2020-8.jpg","","5","Nov 2019 • Couples","View from above","The two man crew on the boat to meet seaplane and then the pilot was very friendly and gracious. It was well worth the price. Very polite and enthusiastic about what they do👍👍👍👍","Couples","0","","Written November 23, 2019","This review is the subjective opinion of a Tripadvisor member and not of Tripadvisor LLC."
"Simon L","https://www.tripadvisor.com/Profile/simonwhu","https://media-cdn.tripadvisor.com/media/photo-s/01/4f/64/79/simonwhu.jpg","Braintree, UK","5","Nov 2019 • Couples","Everglades","Great people, great service, great experience, can’t rate highly enough. Seaplane pilot gave great commentary, airboat guy was great. Showed us tons of stuff. Captain of boat was also great","Couples","0","","Written November 22, 2019","This review is the subjective opinion of a Tripadvisor member and not of Tripadvisor LLC."
"Anaïs","https://www.tripadvisor.com/Profile/Anaiscame73","https://media-cdn.tripadvisor.com/media/photo-o/1a/f6/ef/9c/default-avatar-2020-14.jpg","","5","Oct 2019","survol de Miami beach avec TONY, un régal, une superbe expérience","Cela était une surprise pour mon Mari et on a adoré . Survolé l’île de Miami Beach est vraiment superbe. On a pu apercevoir des lamantins, Voir Miami de cette façon est fantastique. Tony, nous a tout expliqué on voit qu'il adore ce job. A faire sans hésiter vous ne le regretterai pas","","0","","Written October 18, 2019","This review is the subjective opinion of a Tripadvisor member and not of Tripadvisor LLC."
"Alex P","https://www.tripadvisor.com/Profile/alexchincho","https://media-cdn.tripadvisor.com/media/photo-o/14/87/01/77/alexandre-p.jpg","Vigo, Spain","5","","IMPRESCINDIBLE HACERLO!","100% recomendable, impresionantes vistas de toda la ciudad, trato inmejorable y servicio perfecto!<br />Sin duda, una experiencia inolvidable. Julio, Aldo y Tony, GRACIAS!","","0","https://media-cdn.tripadvisor.com/media/photo-m/1280/19/9e/9b/af/photo1jpg.jpg
https://media-cdn.tripadvisor.com/media/photo-m/1280/19/9e/9b/ae/photo0jpg.jpg","Written October 13, 2019","This review is the subjective opinion of a Tripadvisor member and not of Tripadvisor LLC."
"Jorge Londono","https://www.tripadvisor.com/Profile/R8253FPjorgea","https://media-cdn.tripadvisor.com/media/photo-o/1a/f6/ee/10/default-avatar-2020-8.jpg","Key Biscayne, FL","5","Oct 2018","greatst views of miami and key biscayne","courteous service, nice plane, safe, spectacular views! Key biscayne looks amazing, so does downtown miami. it is not the best experience if you experience motion sickness. Otherwise is safe, not scary and worth the money.","","0","","Written September 3, 2019","This review is the subjective opinion of a Tripadvisor member and not of Tripadvisor LLC."
"LiPiMiami","https://www.tripadvisor.com/Profile/LiPiMiami","https://media-cdn.tripadvisor.com/media/photo-s/04/21/db/c4/lipimiami.jpg","Miami, FL","5","Mar 2019","amazing experience","It was really a treat to fly for my birthday. 30 minutes it's short, but really enjoyable tour in the miami area. Definitely I'd recommend it to anyone visiting or local","","0","","Written August 9, 2019","This review is the subjective opinion of a Tripadvisor member and not of Tripadvisor LLC."
"Andrew","https://www.tripadvisor.com/Profile/aybhome","https://media-cdn.tripadvisor.com/media/photo-o/17/cf/dc/cc/caption.jpg","Leeds, UK","5","","Fantastic flight over Miami ","What a great trip! We’ve been to Miami many times and seen the Seaplanes taking off and landing on Biscayne Bay but didn’t appreciate you could go up in one. Our Captain/Pilot was great. Very knowledgeable and entertaining. Definitely recommended. ","","0","https://media-cdn.tripadvisor.com/media/photo-m/1280/18/8d/83/68/photo0jpg.jpg","Written July 29, 2019","This review is the subjective opinion of a Tripadvisor member and not of Tripadvisor LLC."
"Maurice","https://www.tripadvisor.com/Profile/U4735IGmauriceb","https://media-cdn.tripadvisor.com/media/photo-f/01/2e/70/7f/avatar066.jpg","","5","Jul 2019 • Couples","Rundflug über Miami","Der Rundflug war einfach Atemberaubend und ist in unseren Augen ein MUST-HAVE für den ersten Miami-Besuch. Da man nicht jeden Tag mit einem Seaplane unterwegs ist, ist selbst das schon der Wahnsinn. Dazu der super liebe und kompetente Pilot, der seine Stadt nicht nur wie seine eigene Westentasche kennt und zu allem etwas sagen kann. Ein super großes Dankeschön an einen freundlichen, emphatischen Piloten!","Couples","0","","Written July 10, 2019","This review is the subjective opinion of a Tripadvisor member and not of Tripadvisor LLC."
"SoCalQTPie","https://www.tripadvisor.com/Profile/SoCalQTPie","https://media-cdn.tripadvisor.com/media/photo-o/0f/90/ed/04/socalqtpie.jpg","","5","May 2019 • Couples","Best of Both Worlds","We had a short trip to southern Florida, and this excursion was truly the best way to experience both Miami and the Everglades in a matter of hours. <br /><br />Our pilot, Adriel, was a super cool guy, and the type of guide that you'd remember as equally as the experience itself. He was friendly, easy-going, and very knowledgeable about the region, the aircraft, and low-altitude flights. <br /><br />Our take-offs and landings were seamless on both ends of tour. The flight along the Miami skyline and beaches was super fun, and the airboat portion of the trip was equally as educational and entertaining as everything else. <br /><br />One note worth throwing in.... This excursion was literally the last thing we were doing before heading to the airport to catch our flights home, so we arrived at our ""meeting spot"" (random parking lot near the water), via an UBER with our luggage in hand. There was not a company office available to store our luggage in while we were on the tour. Thankfully, our pilot was able to accommodate our two carry-on suitcases and two backpacks in the very small space behind our seats on the plane, otherwise I don't know where we would have left it for the duration of the tour.","Couples","0","https://media-cdn.tripadvisor.com/media/photo-m/1280/17/e7/a7/23/views-of-miami-after.jpg
https://media-cdn.tripadvisor.com/media/photo-m/1280/17/e7/a7/15/low-altitude-views-of.jpg","Written June 13, 2019","This review is the subjective opinion of a Tripadvisor member and not of Tripadvisor LLC."
"Canderson34","https://www.tripadvisor.com/Profile/Canderson34","https://media-cdn.tripadvisor.com/media/photo-o/1a/f6/f2/11/default-avatar-2020-23.jpg","","5","","Change Your Perspective of Miami","Wow! Why didn’t we do this sooner? What a great experience flying over the city, the bay and the ocean. Our pilot and tour guide was a native Miamian (who knew there were any) who brought his own special knowledge and passion for the city to life for us. From take off to touch down we were engaged by his stories and history lessons and blown away by the views of the skyline, the islands, the mansions and the stiltsville shacks. The most memorable part of the trip may well have been flying over Biscayne Bay National Park and seeing sharks, stingrays and schools of fish just a few miles from downtown. The trip really did give us a whole new perspective on the city and the environment. <br />We can’t wait to plan our next flight! ","","0","https://media-cdn.tripadvisor.com/media/photo-m/1280/17/76/46/63/photo5jpg.jpg
https://media-cdn.tripadvisor.com/media/photo-m/1280/17/76/46/62/photo4jpg.jpg
https://media-cdn.tripadvisor.com/media/photo-w/17/76/46/61/photo3jpg.jpg
https://media-cdn.tripadvisor.com/media/photo-m/1280/17/76/46/5f/photo2jpg.jpg
https://media-cdn.tripadvisor.com/media/photo-m/1280/17/76/46/5e/photo1jpg.jpg
https://media-cdn.tripadvisor.com/media/photo-m/1280/17/76/46/5d/photo0jpg.jpg","Written May 9, 2019","This review is the subjective opinion of a Tripadvisor member and not of Tripadvisor LLC."
"Donna B","https://www.tripadvisor.com/Profile/R8469GVdonnab","https://media-cdn.tripadvisor.com/media/photo-o/1a/f6/e8/5b/default-avatar-2020-61.jpg","Knoxville, TN","5","Apr 2019 • Family","Great Experience!","What a fun trip! the flight to the Everglades was visually stunning. Our pilot was extremely friendly and informative. The airboat ride was amazing. The captain was very knowledgeable.","Family","0","","Written April 22, 2019","This review is the subjective opinion of a Tripadvisor member and not of Tripadvisor LLC."
"Yann","https://www.tripadvisor.com/Profile/Yann1686555","https://media-cdn.tripadvisor.com/media/photo-o/1a/f6/f6/0d/default-avatar-2020-34.jpg","","5","Apr 2019 • Couples","Amazing views, great pilot","The initial contact by email was very professional and friendly. The flight had amazing views of the city surroundings and south beach, we felt very comfortable with the pilot and seaplane. <br />Great time, great experience, we would do it anytime again. Thanks !","Couples","0","","Written April 17, 2019","This review is the subjective opinion of a Tripadvisor member and not of Tripadvisor LLC."
"Graham B","https://www.tripadvisor.com/Profile/142grahamb","https://media-cdn.tripadvisor.com/media/photo-o/1a/f6/f2/59/default-avatar-2020-24.jpg","St Neots, United Kingdom","5","Mar 2019 • Couples","Day Trip to Key West","Great experience, pilot was very Knowledgeable acting as a tour guide as well as pilot. Will use again when in Miami as probably the best way to see the islands.","Couples","0","https://media-cdn.tripadvisor.com/media/photo-m/1280/16/fd/ca/78/miami-seaplane-tours.jpg
https://media-cdn.tripadvisor.com/media/photo-m/1280/16/fd/ca/76/miami-seaplane-tours.jpg
https://media-cdn.tripadvisor.com/media/photo-m/1280/16/fd/ca/74/miami-seaplane-tours.jpg","Written March 30, 2019","This review is the subjective opinion of a Tripadvisor member and not of Tripadvisor LLC."
"jessicaehenneman","https://www.tripadvisor.com/Profile/jessicaehenneman","https://media-cdn.tripadvisor.com/media/photo-o/1a/f6/e8/ea/default-avatar-2020-63.jpg","Seattle, WA","5","Jan 2019 • Couples","Great Way to See Miami","I've been wanting to fly on a seaplane for ages, and when my parents came to visit it seemed like a perfect time to check it off the list.<br />We took our tour on a DeHavilland Beaver, and from the very start, our guide was great- he even carried me out to the plane so I wouldn't get my shoes wet! He gave us a history of the plane itself as we prepared for take off on the water, and continued to trickle in facts about the sights we were flying over. There was enough info to be interesting without being overbearing, so we could still enjoy the experience. The scenery was beautiful and covered a lot of ground (and sea, ha!)- we even saw manatees from the plane!<br />Definitely recommend and would love to take another sea plane outing!","Couples","0","","Written March 25, 2019","This review is the subjective opinion of a Tripadvisor member and not of Tripadvisor LLC."
"annemacmillan","https://www.tripadvisor.com/Profile/annemacmillan","https://media-cdn.tripadvisor.com/media/photo-o/1a/f6/f0/48/default-avatar-2020-15.jpg","","5","Feb 2019 • Couples","Miami Seaplane and Everglades Airboat Tour.. A.M.A.Z.I.N.G.","Wow where to begin ...This was one of the Best Ever Tours we’ve ever done. Our Seaplane Capt Anderson was Brilliant, I’ve been on a bigger Seaplane before but never one so small this 1969 Cessna 101 packs a big punch, Truly was an  incredible experience. Capt Anderson Talked us through the whole flight. The views over the Miami skyline to the Everglades were pretty incredible...Stunning in fact...Once we landed on the Everglades our Airboat Tour Guides were  waiting to greet us, Wow what another fabulous experience this was our first time on an Airboat and our Guide was so knowledgeable of the area and introduced us to many different sizes of Alligators we managed to get close up and personal with them while our Guide fed them bread allowing us to touch the skin on their  backs and leg pretty awesome experience. After our Everglades tour which lasted about 45mins to 1hr we linked back up with Capt Anderson for our Seaplane flight back to Miami on our return journey Capt Anderson gave us a nice tour of the Miami skyline with more great  commentary.. This really was a Birthday Treat of a lifetime, absolutely Loved it..This is the best way to see the  Everglades do it in style...Highly Recommend... Thank You Capt Anderson for being a terrific Pilot...","Couples","0","","Written March 25, 2019","This review is the subjective opinion of a Tripadvisor member and not of Tripadvisor LLC."
"JIST","https://www.tripadvisor.com/Profile/JIST","https://media-cdn.tripadvisor.com/media/photo-o/1a/f6/df/2b/default-avatar-2020-39.jpg","Hertfordshire, England","5","Mar 2019 • Couples","Day Trip to Key West","Amazing trip to Key West with Miami Seaplane Tours.  The flight was fabulous and we saw lots of marine life on the way including sea turtles, sharks, manta ray, stingrays and whales.  Key West was busy but still felt relaxed and friendly.  Tony, our pilot, was so knowledgeable and informative that the whole day was a complete success.  Tony even circled so we could see some manatees which made our day!  I know the price is on the expensive side (especially for just a couple) but so worth it.  Don’t hesitate to book - you will have a once in a lifetime experience!","Couples","0","https://media-cdn.tripadvisor.com/media/photo-w/16/dc/b4/dd/miami-seaplane-tours.jpg
https://media-cdn.tripadvisor.com/media/photo-m/1280/16/dc/b4/d7/miami-seaplane-tours.jpg
https://media-cdn.tripadvisor.com/media/photo-m/1280/16/dc/b4/d5/miami-seaplane-tours.jpg","Written March 18, 2019","This review is the subjective opinion of a Tripadvisor member and not of Tripadvisor LLC."
"hnaranjo","https://www.tripadvisor.com/Profile/hnaranjo","https://media-cdn.tripadvisor.com/media/photo-o/1a/f6/f2/59/default-avatar-2020-24.jpg","New York City, NY","5","","Seaplane & Airboat Tour","This was one of the most amazing tours we have done. Reservations were made easily online and a followup with Mr Jack was impressive. He is helpful, courteous and very sweet. He answered all of our questions and left us messages confirming.<br /><br />Tony the pilot is a true professional!  But not only good but so warm and personable as only a Miami pilot could be.  His commentary was just right. You can tell that he loves what he does.<br /><br />The airboat tour was great - on time, fun, safe - and we saw alligators, turtles, fish, egrets and more.<br /><br />We will book another tour next year!<br />Thanks,<br />Heidi & Herta not only good but so warm and personable as only a Miami pilot could be.  His commentary was just right. You can tell that he loves what he does.<br /><br />The airboat tour was great - on time, fun, safe - and we saw alligators, turtles, fish, egrets and more. Nice to contribute to and learn about the Miccosukee Indian Tribe.<br /><br />We will book another tour next year!<br />Thanks,<br />Heidi & Herta","","0","","Written March 8, 2019","This review is the subjective opinion of a Tripadvisor member and not of Tripadvisor LLC."
"aj l","https://www.tripadvisor.com/Profile/199ajl","https://media-cdn.tripadvisor.com/media/photo-s/07/3e/81/80/aj-l.jpg","","5","Feb 2019 • Couples","escape to bimini","Such a great experience to take off and land on water,   Bimini beaches are beautiful, Tony our pilot was wonderful and went beyond our expectations. Just  do it !","Couples","0","","Written February 19, 2019","This review is the subjective opinion of a Tripadvisor member and not of Tripadvisor LLC."
"Darren Gorman","https://www.tripadvisor.com/Profile/darrengorman","https://media-cdn.tripadvisor.com/media/photo-o/1a/f6/f4/5d/default-avatar-2020-32.jpg","St. Albans, UK","5","Feb 2019 • Couples","Truly excellent experience","Incredible and unforgettable - we did the Ultimare Miami & Beaches tour lasting one hour. <br /><br />Our pilot Adriel was a South Floridian and shared loads of fascinating facts and stories throughout the flight. <br /><br />Highly recommend this to anyone! Amazing way to see the Miami area in a new way.","Couples","0","","Written February 11, 2019","This review is the subjective opinion of a Tripadvisor member and not of Tripadvisor LLC."
"LisaCGivens","https://www.tripadvisor.com/Profile/LisaCGivens","https://media-cdn.tripadvisor.com/media/photo-o/12/95/b7/dc/lisacgivens.jpg","Charlotte, NC","5","Feb 2019 • Couples","Don’t skip because of the price!!","This is one of the most fun things that my husband and I have ever done. Our pilot Tony was wonderful. He pointed out everything to us, had lots of history to share, answered all of our questions. Our lunch was good, but you are not “paying”for the lunch. Yes it is included, but it is just a normal restaurant in the Keys. The snapper was wonderful. Take this trip, it was super fun!","Couples","0","","Written February 10, 2019","This review is the subjective opinion of a Tripadvisor member and not of Tripadvisor LLC."
"StephFromRVA","https://www.tripadvisor.com/Profile/StephFromRVA","https://media-cdn.tripadvisor.com/media/photo-o/1a/f6/e9/ef/default-avatar-2020-66.jpg","","5","Feb 2019 • Couples","So magical!","Tony was a fantastic pilot. The views were out of this world and he explained the sights to us, was so helpful getting us on the plane, and just all around great to fly with. Very much recommend this and we are already talking about going again. We took off and landed in Islamorada, flew down to marathon and back, tour of the lighthouses, reefs.... loved seeing the sea turtles from the air, that Tony pointed out. I wish I could go every day.","Couples","0","https://media-cdn.tripadvisor.com/media/photo-m/1280/16/63/2a/7c/islamorada-and-the-bay.jpg
https://media-cdn.tripadvisor.com/media/photo-w/16/63/2a/63/alligator-reef-lighthouse.jpg","Written February 7, 2019","This review is the subjective opinion of a Tripadvisor member and not of Tripadvisor LLC."
"ProfPatPending","https://www.tripadvisor.com/Profile/ProfPatPending","https://media-cdn.tripadvisor.com/media/photo-s/02/8b/93/5e/profpatpending.jpg","Cambridge, UK","5","Dec 2018","Fantastic experience -- a great way to see the Miami skyline and beaches","We did the hour long Miami City and Beaches tour -- it was great fun, and Tony was an excellent pilot and guide. Definitely recommended.","","0","","Written January 16, 2019","This review is the subjective opinion of a Tripadvisor member and not of Tripadvisor LLC."
"Mel83","https://www.tripadvisor.com/Profile/zmel83","https://media-cdn.tripadvisor.com/media/photo-o/15/9c/e1/f0/caption.jpg","Six-Fours-les-Plages, France","5","Jan 2019 • Couples","Magnifique vue de Miami Beach ","Nous avons été très bien accueilli, l’horaire est respecté! Un personnel sympa!<br />Super vol en sécurité! De magnifique vues à couper le souffle!<br />Rien à redire! Mais à refaire sans hésiter!","Couples","0","https://media-cdn.tripadvisor.com/media/photo-m/1280/16/1b/7c/bd/photo3jpg.jpg
https://media-cdn.tripadvisor.com/media/photo-m/1280/16/1b/7c/bc/photo2jpg.jpg
https://media-cdn.tripadvisor.com/media/photo-m/1280/16/1b/7c/bb/photo1jpg.jpg
https://media-cdn.tripadvisor.com/media/photo-m/1280/16/1b/7c/ba/photo0jpg.jpg","Written January 15, 2019","This review is the subjective opinion of a Tripadvisor member and not of Tripadvisor LLC."
"Michel D","https://www.tripadvisor.com/Profile/C6971UDmicheld","https://media-cdn.tripadvisor.com/media/photo-o/1a/f6/ea/74/default-avatar-2020-68.jpg","De Meern, The Netherlands","5","Dec 2018 • Couples","30 minuten tour South Beach","Hele leuke ervaring, zeker een aanrader om te doen als je in Miami bent. 30 minuten ook precies genoeg om goede indruk te krijgen. Piloot was een leuke onderhoudende man, die ook tijdens de vlucht alle vragen beantwoordt.","Couples","0","","Written December 4, 2018","This review is the subjective opinion of a Tripadvisor member and not of Tripadvisor LLC."
"Krin N","https://www.tripadvisor.com/Profile/krinn2018","https://media-cdn.tripadvisor.com/media/photo-o/1a/f6/e5/66/default-avatar-2020-53.jpg","","1","Nov 2018 • Couples","Terrible CS","**DONT WASTE YOUR TIME OR MONEY!** Very lousy customer service. Response time was well over a month, almost 2! Multiple phone calls went unanswered, it is very difficult to speak with anyone there. I couldn’t imagine trying to book from a different time zone which is very odd for a travel site. My last attempt was to send a message on 10/08. It was finally answered on 11/27. 7 WEEKS! And to top it off all their response said was to contact them on a different portal!! WHAT?! I don’t think so. Their explanation is that they’re just to busy to respond? Very disappointed as we are planning quite the trip and we’re really looking forward to the seaplane. Fortunately there are a few different tours to choose from in FL and the islands. I highly suggest exploring your options before even attempting to book with this lousy company. I also suggest that Miami Seaplane take some time to adapt a better way of booking and learn a few customer service skills. It’s almost 2019. Time to get with it and step up to take care of your customers. Or soon you won’t have any.","Couples","0","","Written November 27, 2018","This review is the subjective opinion of a Tripadvisor member and not of Tripadvisor LLC."
"Mark S","https://www.tripadvisor.com/Profile/N412EYmarks","https://media-cdn.tripadvisor.com/media/photo-o/1a/f6/ee/10/default-avatar-2020-8.jpg","Lake City, FL","5","Nov 2018 • Couples","Ultimate Miami skyline (1 hour) tour","Great experience, the pilot was personable and very knowledgeable about the area.  He pointed out many areas of interest, and knew a lot of the history of the various areas.  Highly recommend this tour!.  Don't arrive too early though - there waiting area is unattended and minimal.  Wear shoes/clothes that can get wet, and if you have mobility issues let them know before booking the tour. The boarding facilities are minimal also, and it is a seaplane!","Couples","0","","Written November 20, 2018","This review is the subjective opinion of a Tripadvisor member and not of Tripadvisor LLC."
"Seb","https://www.tripadvisor.com/Profile/SebMiami","","Miami Beach, FL","5","Nov 2018 • Couples","AMAZING MIAMI EXPERIENCE!!!","Would defitnetly recommend this to locals and visitors alike <br />Michael was great and shared an incredible tour with us <br />GO and book this NOW!<br />You won't regret it","Couples","0","","Written November 20, 2018","This review is the subjective opinion of a Tripadvisor member and not of Tripadvisor LLC."
"Adèle F","https://www.tripadvisor.com/Profile/pablof609","https://media-cdn.tripadvisor.com/media/photo-o/1a/f6/e9/ef/default-avatar-2020-66.jpg","Miami, FL","5","Nov 2018 • Couples","Amazing experience !","We took the 1-hour flight with my family and it was a truly amazing experience. The pilot was very friendly and made ourselves confortable from our arrival to the end. He provided clear and interesting comments throughout the flight, pointing out remarkable building, houses, islands and... wildlife (we saw tens of manatees, one shark and a few eagle rays). The flight was smooth, acceptably noisy, and the windows were clean enough to take good pictures. <br /><br />It does cost a few bucks but it is definitely worth if you are looking for an original experience around Miami !","Couples","0","https://media-cdn.tripadvisor.com/media/photo-m/1280/15/71/76/1d/the-tiny-seaplane.jpg
https://media-cdn.tripadvisor.com/media/photo-m/1280/15/71/76/10/flighting-over-miami.jpg
https://media-cdn.tripadvisor.com/media/photo-m/1280/15/71/76/0d/south-beach.jpg
https://media-cdn.tripadvisor.com/media/photo-m/1280/15/71/76/00/fisher-island-the-island.jpg","Written November 19, 2018","This review is the subjective opinion of a Tripadvisor member and not of Tripadvisor LLC."
"Bastian O","https://www.tripadvisor.com/Profile/bastiano312","https://media-cdn.tripadvisor.com/media/photo-o/1a/f6/f2/eb/default-avatar-2020-27.jpg","","5","Nov 2018 • Couples","Excellent experience","We went on the skyline tour and had a great time with Michael. Saw some wildlife from high up in the air and the stunning Miami skyline and Miami Beach scenery.","Couples","0","","Written November 16, 2018","This review is the subjective opinion of a Tripadvisor member and not of Tripadvisor LLC."
"Celine&Fabrice","https://www.tripadvisor.com/Profile/Escape827721","","Belgium","5","","Inoubliable !","Excellente visite de Miami! L’on y découvre tout Miami Beach, Virgina Key, Key Byscane, les îles aux villas luxueuses (star Island et d’autres).<br />Décollage et amerrissage sont impressionnants, mais ne secouent pas trop.<br />Très bien organisé, horaire respecté ! Le site de départ se trouve facilement. Nous avons trouvé le pilote (Michael) très sympa, pro et très accueillant ! Il nous a proposé spontanément et gratuitement de nous prendre en photos avec nos smartphones (contrairement à d’autres visites de ce genre, dont le tour en hélico àNY!)<br />Le tour a duré près de 40 minutes, contre 30 sur le papier.<br />On recommande fortement ","","0","https://media-cdn.tripadvisor.com/media/photo-m/1280/15/61/0d/bb/photo0jpg.jpg","Written November 14, 2018","This review is the subjective opinion of a Tripadvisor member and not of Tripadvisor LLC."
"Marcus K","https://www.tripadvisor.com/Profile/marcusk412","https://media-cdn.tripadvisor.com/media/photo-o/07/e8/1c/fb/marcus-k.jpg","Munich, Germany","5","Nov 2018 • Friends","Beste Möglichkeit Miami Beach von oben zu erkunden!","Geniale Tour, einfache Buchung, tolle Abwicklung und ein einmaliges Erlebnis! Jederzeit wieder würde ich ein ein Wasserflugzeug von Miami Seaplanes steigen! TOP TOP TOP!","Friends","0","","Written November 10, 2018","This review is the subjective opinion of a Tripadvisor member and not of Tripadvisor LLC."
"Valerie S","https://www.tripadvisor.com/Profile/ValerieS598","https://media-cdn.tripadvisor.com/media/photo-o/1a/f6/f1/b8/default-avatar-2020-22.jpg","","5","","Truly Magnificent!","I met my husband in Miami at the end of his business trip and he surprised me with this excursion! The meet up for the Sea Plane is at the end of a gravel road near a marina, since the plane was late I had no idea even though there’s a large sign. What a surprise when the plane arrived! Adriel, our pilot could not have been a more phenomenal person or tour guide/pilot! Personal stories interspersed with the history of the area made the tour fascinating. The trip back from the Everglades was a special treat as my husband was able to sit in the co-pilot seat! We flew in between two thunderstorms and had a bird eye’s view of the Miami coastline and the Everglades! So spectacular. The Miccosukee Tribe of Indians Everglades tour was wonderful as well. Guided by Fabian, he took us to points of interest and personally called out several alligators who swam up to the boat. A small island topped off the tour where he shared his tribes’ history and way of life. It was a Magnificent trip!!","","0","https://media-cdn.tripadvisor.com/media/photo-m/1280/15/25/3f/c2/photo8jpg.jpg
https://media-cdn.tripadvisor.com/media/photo-m/1280/15/25/3f/c1/photo7jpg.jpg
https://media-cdn.tripadvisor.com/media/photo-m/1280/15/25/3f/c0/photo6jpg.jpg
https://media-cdn.tripadvisor.com/media/photo-m/1280/15/25/3f/bf/photo5jpg.jpg
https://media-cdn.tripadvisor.com/media/photo-m/1280/15/25/3f/bd/photo4jpg.jpg
https://media-cdn.tripadvisor.com/media/photo-m/1280/15/25/3f/bc/photo3jpg.jpg
https://media-cdn.tripadvisor.com/media/photo-m/1280/15/25/3f/bb/photo2jpg.jpg
https://media-cdn.tripadvisor.com/media/photo-m/1280/15/25/3f/ba/photo1jpg.jpg
https://media-cdn.tripadvisor.com/media/photo-m/1280/15/25/3f/b8/photo0jpg.jpg","Written October 24, 2018","This review is the subjective opinion of a Tripadvisor member and not of Tripadvisor LLC."
"Gary","https://www.tripadvisor.com/Profile/Gary-AFGO","https://media-cdn.tripadvisor.com/media/photo-o/1a/f6/eb/6d/default-avatar-2020-19.jpg","Yonkers, NY","5","Sep 2018 • Couples","Trip To Remember... Bimini, Bahamas!","Very professional Company! I searched many ideas online, as I was planning for a special marriage proposal to my girlfriend. I was looking for something out-of-the-ordinary, adventurous, but yet romantic. Miami Seaplane Tours popped up in my search and ideas started swimming in my head. From my first email inquiry, to planning the trip (months in advance), Miami Seaplane Tours was an absolute pleasure to work with. Their customer service was bar none! I had many questions and requests. Nicolle assisted in every way possible; she made me feel very comfortable, and if there was a question that she didn’t have an answer to (trust me, I threw a few curve balls at her), she promptly got the answer or offered a suggestion. <br /><br />Operation Bimini Twist begins. The trip was from Miami to Bimini, Bahamas, and had to be surprise; I mean I was proposing. Miami Seaplane Tours played along with my plan, which was to pretend I won this trip through a raffle. The day before the trip was planned for, Nicolle got me in touch with the Pilot Tony. This was my chance to introduce myself to Tony prior to meeting and prepare a game plan for the day, and make sure we were on the same page. Tony flew a flawless trip over-and-back. He put the plane down in the multiple shades of blue/green water parallel to the coastline better than any professional airliner pilot could put a plane down on a stationary runway. We ended up flying over together (side-by-side) with another plane from Miami Seaplane Tours piloted by Adriel (we were cool!). <br /><br />Tony ended up being our tour guide for the day when we got to the island. The one thing Miami Seaplane Tours has no control over, is “Island Time”, you just roll with it. We couldn’t have asked for a more perfect day. Tony knew all the right places to take us to in the short time we had planned for (again, I was on a mission more than anything). Later in the afternoon, Tony brought us to a “Slice of Paradise” where I got down on one knee and asked those famous words. I want to note, not only is Tony an awesome pilot, he’s a pretty damn good photographer also. Unbeknownst to us, we accomplished getting our engagement photos out of the trip as well. With about one hour till we had to depart, it gave us just enough time for a quick dip into the amazing salt water, then we were on our way back to Miami after a quick rinse in the showers at the Marina. <br /><br />She Said YES!","Couples","0","","Written October 16, 2018","This review is the subjective opinion of a Tripadvisor member and not of Tripadvisor LLC."
"Yissochor Dov G","https://www.tripadvisor.com/Profile/yissochordovg","https://media-cdn.tripadvisor.com/media/photo-s/15/0b/ff/bd/yissochor-dov-g.jpg","","5","Oct 2018 • Couples","An Experience Never To Forget!!!","We didn't know much about seaplanes before, however I could tell you now the experience is worth the money and you will definitely come away with an experience never to forget!<br /><br />I also have to mention the pilot we had was awesome! His name was Michael. He did an awesome job telling us about the area. We took the hour tour and we didn't feel bored for a second! He was very entertaining and definitely reccomend him!<br /><br />Thank You Michael!!!<br />You gave us the tour of our lifetime!!","Couples","0","","Written October 14, 2018","This review is the subjective opinion of a Tripadvisor member and not of Tripadvisor LLC."
"rachelmargetts","https://www.tripadvisor.com/Profile/rachelmargetts","https://media-cdn.tripadvisor.com/media/photo-o/1a/f6/ef/32/default-avatar-2020-12.jpg","Herne Bay, UK","5","Sep 2018 • Family","Amazing","This was a 18th birthday present for my son. Definitely a must if time is short and you want to visit the Everglades. The pilot was incredibly Knowledgeable, helpful and friendly. He constantly gave us information in a way that only someone who has lived there all his life could.","Family","0","","Written October 5, 2018","This review is the subjective opinion of a Tripadvisor member and not of Tripadvisor LLC."
"Nick S","https://www.tripadvisor.com/Profile/nicksheps","https://media-cdn.tripadvisor.com/media/photo-s/1c/01/07/5e/nick-s.jpg","Stockport, UK","5","Sep 2018 • Friends","Must do experience in Miami!","We took the Miami Skyline tour for 30 minutes - it's only $25 more than the South Beach tour and it gives you 15 minutes more so it makes sense!<br /><br />It was the best thing which we did over 10 days in Miami - absolutely breathtaking and very 'Miami' rather than taking the helicopter option! <br /><br />Our pilot was really friendly and kept us updated with information on the local area throughout the tour. Any reservations you had flying in such a small plane were put the rest. I think the pilots name was Michael O'something (I can't remember the second part) but he was great! <br /><br />It may seem like a pretty pricey trip to do however it is SO worth it and you get exactly what you pay for. Absolutely once in a lifetime experience.","Friends","0","https://media-cdn.tripadvisor.com/media/photo-w/14/cb/e5/8e/south-beach.jpg
https://media-cdn.tripadvisor.com/media/photo-w/14/cb/e5/7d/south-beach.jpg
https://media-cdn.tripadvisor.com/media/photo-w/14/cb/e5/5e/south-beach.jpg","Written September 25, 2018","This review is the subjective opinion of a Tripadvisor member and not of Tripadvisor LLC."
"marietta48","https://www.tripadvisor.com/Profile/marietta48","https://media-cdn.tripadvisor.com/media/photo-o/1a/f6/f0/48/default-avatar-2020-15.jpg","Miami, FL","5","Aug 2018 • Couples","MUST DO once in your lifetime.","This was a birthday present for my husband who loves aviation. Adrien was our pilot & he was phenomenal in fact phenomenal just doesn't do him justice. He is EXTREMELY knowledgeable with the area & peppers you with information the ENTIRE way through. What an amazing learning experience & what a blessing to fly with some one born & raised in the area who is so passionate about flying and the surrounding Everglades. As if flying over the city wasn't enough we saw the Everglades & landed to catch a spectacular airboat ride with another expert, Junior by name who also encompassed a wealth of knowledge about the ""grass river"".<br /><br />We live in Miami and highly recommend to our fellow Miamians to tour your own city/surrounding area & do it with Miami Seaplane.","Couples","0","","Written September 3, 2018","This review is the subjective opinion of a Tripadvisor member and not of Tripadvisor LLC."
"500mustang","https://www.tripadvisor.com/Profile/500mustang","https://media-cdn.tripadvisor.com/media/photo-o/28/f5/0d/ce/caption.jpg","Koenigsbrunn, Germany","5","","Super tolles Erlebnis ","Bin durch Zufall auf Miami Seaplane Tours gestoßen und nicht enttäuscht worden. Super cooles Erlebnis auf dem Wasser starten und zu landen. Unser Pilot war sehr sehr freundlich. Kleiner Tipp: Bucht den Flug über Groupon. Ist um einiges günstiger. ","","0","https://media-cdn.tripadvisor.com/media/photo-m/1280/14/2e/84/5e/photo2jpg.jpg
https://media-cdn.tripadvisor.com/media/photo-m/1280/14/2e/84/5d/photo1jpg.jpg
https://media-cdn.tripadvisor.com/media/photo-m/1280/14/2e/84/5c/photo0jpg.jpg","Written August 17, 2018","This review is the subjective opinion of a Tripadvisor member and not of Tripadvisor LLC."
"Yasmira D","https://www.tripadvisor.com/Profile/yasmiradahan","https://media-cdn.tripadvisor.com/media/photo-o/1a/f6/f2/b8/default-avatar-2020-26.jpg","Miami, FL","5","Aug 2018 • Family","30th Birhday Surprise!","This was my son's 30th birthday surprise! I wanted something unique and unforgettable; Through the years ussually you will forget where did you eat, what did you eat or if you got a belt, a shirt or something like that... but you will never forget an experience like this one! I scheduled a 1 hour tour for my husband, my son and I, It was an amazing experience, Tony, our pilot was very nice, friendly and explained every single step and guided our tour pointing out landmarks. Always felt safe and comfortable. My next trip will be the romantic getaway for keywest. Thank you Tony for making my son's birthday this special!","Family","0","https://media-cdn.tripadvisor.com/media/photo-o/14/1c/72/9d/happy-to-discover-his.jpg","Written August 12, 2018","This review is the subjective opinion of a Tripadvisor member and not of Tripadvisor LLC."
"Nikolas C","https://www.tripadvisor.com/Profile/NikolasC71","https://media-cdn.tripadvisor.com/media/photo-o/1a/f6/e5/2b/default-avatar-2020-52.jpg","Miami Beach, FL","5","Aug 2018 • Friends","Last minute birthday gift","Best experience, last minute booking and very very fair price. We we're looling for a last minute birthday gift and we found sea plane through trip advisor. We booked and flew to Bimmini for the day and took also tje private tour through the island. Best experience ever !!! Thank you tripadvisor and big thank you to Toni !!!","Friends","0","","Written August 6, 2018","This review is the subjective opinion of a Tripadvisor member and not of Tripadvisor LLC."
"whitepearl87","https://www.tripadvisor.com/Profile/whitepearl87","https://media-cdn.tripadvisor.com/media/photo-o/1a/f6/ee/db/default-avatar-2020-10.jpg","Montlingen, Switzerland","5","","Amazing!","Es war ein wunderschönes Erlebnis. Sehr netter Pilot, wunderschöne Aussicht mit interessanten Erklärungen des Piloten!","","0","","Written August 4, 2018","This review is the subjective opinion of a Tripadvisor member and not of Tripadvisor LLC."
"kellilamb","https://www.tripadvisor.com/Profile/kellilamb","https://media-cdn.tripadvisor.com/media/photo-o/1a/f6/ee/10/default-avatar-2020-8.jpg","Fort Lauderdale, FL","5","Jun 2018 • Couples","Seaplan to Bimini :)","Coordinating a weekend getaway was so simple with Nicolle and team. Nicolle responding quickly with every question and found the best possible place for us to stay. Our pilot was prompt picking us up and gave us first class treatment in Bimini. An incredible high touch personal experience with this team. I would 100% recommend anyone to plan a trip with Miami Seaplanes :) You will love it!","Couples","0","","Written June 26, 2018","This review is the subjective opinion of a Tripadvisor member and not of Tripadvisor LLC."
"Lorcaraib","https://www.tripadvisor.com/Profile/Lorcaraib","https://media-cdn.tripadvisor.com/media/photo-s/1b/9c/77/cf/caption.jpg","Caen, France","5","Jun 2018 • Couples","A faire absolument !","Une découverte complète de la ville en remontant la plage de Miami vers le nord et retour par la skyline d’immeuble. <br />Ensuite tour complet de Key Biscayne. <br />Mike notre pilote était très cool, et explique pas mal de chose durant le vol. <br />Décollage et atterrissage super doux, le Cessna n’est pas de première jeunesse mais c’est l’outil parfait pour ce type de vol car la visibilité depuis le cockpit est parfaite. <br />La réservation c’est faite le jour même par téléphone et sans problème. Ensuite vous recevez par mail un voucher avec les explications. <br />Indiquer Whisky Joe Bar a l’entrée de la Marina pour venir en Uber. Ensuite 100m à pied sur le parking en gravier le long du causeway. <br />N’hésitez pas le tarif est raisonnable. ","Couples","0","https://media-cdn.tripadvisor.com/media/photo-m/1280/13/6a/2c/5a/photo4jpg.jpg
https://media-cdn.tripadvisor.com/media/photo-m/1280/13/6a/2c/58/photo3jpg.jpg
https://media-cdn.tripadvisor.com/media/photo-m/1280/13/6a/2c/57/photo2jpg.jpg
https://media-cdn.tripadvisor.com/media/photo-m/1280/13/6a/2c/56/photo1jpg.jpg
https://media-cdn.tripadvisor.com/media/photo-m/1280/13/6a/2c/54/photo0jpg.jpg","Written June 22, 2018","This review is the subjective opinion of a Tripadvisor member and not of Tripadvisor LLC."
"Cyril67800","https://www.tripadvisor.com/Profile/Cyril67800","https://media-cdn.tripadvisor.com/media/photo-o/1a/f6/e9/ef/default-avatar-2020-66.jpg","Strasbourg, France","3","May 2018 • Family","Personnel sympathique mais vieil avion dangereux","Nous y sommes allés le 09 mai a 14h30 via une un premier contact par mail et une personne qui nous a proposé une offre tarifaire : 406$ les 2 adultes et 2 enfants<br /><br />Endroit de départ très compliqué à trouver même avec notre GPS et il fut très difficile pour moi de me faire guider en Anglais au téléphone.<br /><br />Pilote d'avion qui vous accueille et vous donne les consignes de sécurité très sympathique cependant l'avion est vieillissant à tel point que la porte n’arrêtait pas de s'ouvrir pendant tout le vol elle ne tenait pas fermé.<br /><br />Fort heureusement l'avion n'est pas pressurisé mais je ne vous dis pas la panique à bord à tenir avec sa main la porte pendant tout le vol afin que elle ne s'ouvre pas !<br /><br />Absolument pas rassurant surtout avec des enfants qui vous demande pourquoi la porte est ouverte !!<br /><br />Je n'y retournerai pas avec cette compagnie même si la vue du ciel est magnifique : j'irai mais avec une autre compagnie ou je serai plus attentif avant le décollage sur l'état général de l'appareil ...","Family","0","https://media-cdn.tripadvisor.com/media/photo-o/13/14/f2/2c/vue-du-ciel.jpg
https://media-cdn.tripadvisor.com/media/photo-o/13/14/f2/1b/vue-du-ciel.jpg
https://media-cdn.tripadvisor.com/media/photo-o/13/14/f2/0f/cabine.jpg
https://media-cdn.tripadvisor.com/media/photo-o/13/14/f2/02/avion-vieillissant.jpg
https://media-cdn.tripadvisor.com/media/photo-o/13/14/f1/f6/vue-du-ciel.jpg
https://media-cdn.tripadvisor.com/media/photo-o/13/14/f1/eb/vue-du-ciel.jpg
https://media-cdn.tripadvisor.com/media/photo-o/13/14/f1/e0/vue-du-ciel.jpg
https://media-cdn.tripadvisor.com/media/photo-o/13/14/f1/d8/vue-du-ciel.jpg
https://media-cdn.tripadvisor.com/media/photo-o/13/14/f1/d5/vue-du-ciel.jpg
https://media-cdn.tripadvisor.com/media/photo-o/13/14/f1/d1/vue-du-ciel.jpg
https://media-cdn.tripadvisor.com/media/photo-o/13/14/f1/bd/cabine.jpg","Written May 27, 2018","This review is the subjective opinion of a Tripadvisor member and not of Tripadvisor LLC."
"Stephen B","https://www.tripadvisor.com/Profile/bakerinterspedltd","https://media-cdn.tripadvisor.com/media/photo-o/1a/f6/f1/79/default-avatar-2020-21.jpg","Miami Springs, FL","5","May 2018 • Couples","Everglades trip","A must to do on your vacation to Miami.<br />Our pilot Adrian, was the best! Very friendly and made you very welcome, also very informative with loads of interesting facts about miami .<br />You won't be disappointed,  the best way to see miami. Thankyou Adrian and the team.","Couples","0","https://media-cdn.tripadvisor.com/media/photo-o/12/f1/c9/ce/miami-seaplane-tours.jpg
https://media-cdn.tripadvisor.com/media/photo-o/12/f1/c9/87/miami-seaplane-tours.jpg","Written May 14, 2018","This review is the subjective opinion of a Tripadvisor member and not of Tripadvisor LLC."
"Beverley and Ne... L","https://www.tripadvisor.com/Profile/bbandwnl","https://media-cdn.tripadvisor.com/media/photo-o/1a/f6/e5/66/default-avatar-2020-53.jpg","Borehamwood","5","May 2018 • Couples","Thoroughly enjoyed every minute","We took the hour flight. Our pilot did a safety talk first and helped us onto the plane. He explained what was happening when we took off from the water and fully briefed us about the things we were flying over and pointing out the hotels. It was so exciting. He asked if we were ok. He took photos of us. He helped us off at the end and offered my husband a towel to dry his feet. So pleased we did the hour flight. Great views.","Couples","0","","Written May 14, 2018","This review is the subjective opinion of a Tripadvisor member and not of Tripadvisor LLC."
"anpiper_","https://www.tripadvisor.com/Profile/anpiper_","https://media-cdn.tripadvisor.com/media/photo-o/1a/f6/f2/59/default-avatar-2020-24.jpg","Canton of Zurich, Switzerland","5","May 2018 • Family","Just Great experience!","Wir gingen direkt vor Ort vorbei, um die Buchung zu tätigen, da es telefonisch für uns etwas kompliziert war. Die Betreuung vor Ort durch den Piloten war jedoch perfekt. Schon das besteigen des Flugzeuges war ein Erlebnis. Starten und landen auf dem Wasser einfach cool! Eine tolle Sicht über Miami Beach, Star- und Fisher-Island, usw. Ein aussergewöhnlich tolles Erlebnis, absolut empfehlenswert!","Family","0","https://media-cdn.tripadvisor.com/media/photo-o/12/ee/d8/1a/great-view.jpg
https://media-cdn.tripadvisor.com/media/photo-o/12/ee/d8/15/great-view.jpg","Written May 13, 2018","This review is the subjective opinion of a Tripadvisor member and not of Tripadvisor LLC."
"dolemole","https://www.tripadvisor.com/Profile/dolemole","https://media-cdn.tripadvisor.com/media/photo-o/1a/f6/e4/59/default-avatar-2020-49.jpg","Vienna, Austria","5","","Fantastisches Erlebis ","Aufgrund der Wetterbedingungen muss man etwas flexibel sein, was die Uhrzeit betrifft. Haben für 4 Uhr gebucht und mussten letztlich um 3 da sein.<br />Der Pilot Mike hat uns herzlich empfangen und der Flug selbst war ein Traum. Er hat uns alle wichtigen und schönen Plätze gezeigt und spannende Infos dazu gegeben. Dabei nimmt er auch auf aktuelle Besonderheiten Rücksicht. Wir sind zB über eine Bucht geflogen, wo gerade ein paar Manatees geschwommen sind.<br />Würde ich immer wieder machen. ","","0","https://media-cdn.tripadvisor.com/media/photo-o/12/e0/46/f2/img-20180506-wa0041-largejpg.jpg","Written May 7, 2018","This review is the subjective opinion of a Tripadvisor member and not of Tripadvisor LLC."
"Krzysztof G","https://www.tripadvisor.com/Profile/KrzysGrz","https://media-cdn.tripadvisor.com/media/photo-o/0a/ae/86/f2/krzysztof-g.jpg","Noordwijk, The Netherlands","5","Apr 2018","Fantastic!","Absolutely fantastic experience and Michael did a superb job to show us Miami from a completely different perspective. I was at first considering a helicopter flight but found some reviews telling that some people have been seated in the back-middle which led to seeing less and uncomfortable flight. Definitely recommend this one!","","0","","Written May 3, 2018","This review is the subjective opinion of a Tripadvisor member and not of Tripadvisor LLC."
"U6311LKdave","https://www.tripadvisor.com/Profile/U6311LKdave","https://media-cdn.tripadvisor.com/media/photo-o/1a/f6/f4/5d/default-avatar-2020-32.jpg","West Point, MS","5","Apr 2018 • Solo","Bimini day trip","Awesome trip with Tony and Miami seaplane. I have always wanted to do a seaplane trip to Bimini and snorkel. Tony and the crew made it happen, even to the point of finding me a snorkel guide and loaning me cash once we got there (FYI always bring plenty of cash to The Bahamas) <br />First class trip. First class guy. First class operation.","Solo","0","https://media-cdn.tripadvisor.com/media/photo-o/12/b8/8d/a9/miami-seaplane-tours.jpg
https://media-cdn.tripadvisor.com/media/photo-o/12/b8/8d/6e/miami-seaplane-tours.jpg","Written April 22, 2018","This review is the subjective opinion of a Tripadvisor member and not of Tripadvisor LLC."
"domi l","https://www.tripadvisor.com/Profile/domil553","https://media-cdn.tripadvisor.com/media/photo-o/1a/f6/e6/ea/default-avatar-2020-54.jpg","","5","Apr 2018 • Couples","De tres belles sensations !","Un pilote très chaleureux et avenant nous reçoit avec beaucoup d explications sur la prestation. Vol tres agreable de trente minutes pour decouvrir un autre aspect de Miami, de ses plages et iles voisines. Vue superbe des plages et des constructions mais aussi un tour pour l observation des Manatee (Lamantins) que nous avons bien vus et de quelques raies par chance. Promenade dans le ciel qui laisse de superbes souvenirs d autant que le pilotage est tout en douceur et sécurité. A refaire !! Un tres bon rapport qualité / plaisirs / prix !!","Couples","0","","Written April 21, 2018","This review is the subjective opinion of a Tripadvisor member and not of Tripadvisor LLC."
"rixy2017","https://www.tripadvisor.com/Profile/rixy2017","https://media-cdn.tripadvisor.com/media/photo-o/15/6e/4a/dc/caption.jpg","City of Venice, Italy","5","Apr 2018 • Couples","Breath taking trip to Everglades ","From the first moment Tony put us in a relaxed mood <br />After introduction and seating in the plane we took off across the water for a very visible and knowledgeable journey to Everglades park . Seeing Miami from the air on both journeys with a running cometary.<br />Everglades park was stunningly remote with a local guide from Native stock our Airboat trip was full of thrills and wildlife.","Couples","0","https://media-cdn.tripadvisor.com/media/photo-o/12/ab/d9/38/photo3jpg.jpg
https://media-cdn.tripadvisor.com/media/photo-o/12/ab/d9/37/photo2jpg.jpg
https://media-cdn.tripadvisor.com/media/photo-o/12/ab/d9/36/photo1jpg.jpg
https://media-cdn.tripadvisor.com/media/photo-o/12/ab/d9/35/photo0jpg.jpg","Written April 17, 2018","This review is the subjective opinion of a Tripadvisor member and not of Tripadvisor LLC."
"PyrateDave","https://www.tripadvisor.com/Profile/PyrateDave","https://media-cdn.tripadvisor.com/media/photo-o/1a/f6/e8/5b/default-avatar-2020-61.jpg","Albany, NY","5","Apr 2018 • Couples","Miami Skyline 30min Seaplane tour","While on vacation we scheduled a flight around Miami Beach and Biscayne Key.  I explained that I was a student pilot flying Cessna 172s and Michael was very through in explaining the differences in flying a seaplane version.  He was also detailed in pointing out landmarks and operation of the plane.  I would recommend this tour and Michael to anyone that enjoys flying and the views from above.","Couples","0","https://media-cdn.tripadvisor.com/media/photo-o/12/99/95/fb/michael-right-myself.jpg
https://media-cdn.tripadvisor.com/media/photo-o/12/99/95/fa/a-view-from-above.jpg
https://media-cdn.tripadvisor.com/media/photo-o/12/99/95/f7/miami-seaplane-location.jpg","Written April 10, 2018","This review is the subjective opinion of a Tripadvisor member and not of Tripadvisor LLC."
"Lorena M","https://www.tripadvisor.com/Profile/LorenaM3312","https://media-cdn.tripadvisor.com/media/photo-o/13/d4/f9/82/lorena-m.jpg","","5","Feb 2018 • Family","Excelentes vistas de la ciudad y animales marinos","La mejor manera de ver Miami. Realizamos el tour de 30minutos, el piloto va explicando todo lo que ves y un poco de la historia de la ciudad, super profesional y amable. A demás pudimos apreciar la reserva de manatíes y vimos delfines nadando. Vale la pena el precio, lo volvería a hacer.","Family","0","https://media-cdn.tripadvisor.com/media/photo-o/12/86/2a/b3/lighthouse.jpg
https://media-cdn.tripadvisor.com/media/photo-o/12/86/2a/98/seaquarium.jpg
https://media-cdn.tripadvisor.com/media/photo-o/12/86/2a/75/downtown-miami.jpg
https://media-cdn.tripadvisor.com/media/photo-o/12/86/2a/4e/mid-beach.jpg
https://media-cdn.tripadvisor.com/media/photo-o/12/86/2a/3d/vista-desde-el-seaplane.jpg
https://media-cdn.tripadvisor.com/media/photo-o/12/86/2a/2e/seaplane-you-can-sit.jpg","Written April 3, 2018","This review is the subjective opinion of a Tripadvisor member and not of Tripadvisor LLC."
"Tanay Rajpurohit","https://www.tripadvisor.com/Profile/tanayrp","https://media-cdn.tripadvisor.com/media/photo-s/11/80/6d/5c/tanay-r.jpg","Philadelphia, PA","5","Dec 2017 • Couples","Friendly pilot, amazing experience !","My wife and I took this tour in December. The weather was perfect and the view was amazing from the top. Our pilot, Michael, was very friendly. He gave us a nice tour of all the buildings, manatees etc. The whole experience of taking off from, and landing on, the sea is pretty amazing. The plane itself is small but cozy and feels pretty safe.","Couples","0","","Written March 22, 2018","This review is the subjective opinion of a Tripadvisor member and not of Tripadvisor LLC."
"LiPiMiami","https://www.tripadvisor.com/Profile/LiPiMiami","https://media-cdn.tripadvisor.com/media/photo-s/04/21/db/c4/lipimiami.jpg","Miami, FL","5","Mar 2018 • Couples","Amazing experience!","This was a wonderful tour, that allowed us to enjoy not only the sea plane ride but also the amazing views of Miami and it's surroundings.  Mike, the Pilot was extremely professional, competent and put us completely at ease. Nicole, who managed our booking, was very warm and accommodating when we had to reschedule. <br />In general we would recommend this activity, as a very romantic and exciting adventure. Don't be afraid to get your feet a bit wet :-)","Couples","0","","Written March 18, 2018","This review is the subjective opinion of a Tripadvisor member and not of Tripadvisor LLC."
"Ricardo K","https://www.tripadvisor.com/Profile/VAMPIRELA","https://media-cdn.tripadvisor.com/media/photo-o/1a/f6/ef/73/default-avatar-2020-13.jpg","Miami Beach, FL","5","","Great Time, Great Views!!","Our pilot Michael took us on amazing tour through the Miami skies. My girlfriend invited me on this trip for my birthday... ohhh what a perfect present!!<br />Even though I’ve flown this route before, during my private pilot lessons, it was lots of fun to do it as a passenger and even more fun during takeoff and the landing in water.<br />Highly recommended!! ","","0","https://media-cdn.tripadvisor.com/media/photo-o/12/58/c7/1b/photo3jpg.jpg
https://media-cdn.tripadvisor.com/media/photo-o/12/58/c7/19/photo2jpg.jpg
https://media-cdn.tripadvisor.com/media/photo-o/12/58/c7/18/photo1jpg.jpg
https://media-cdn.tripadvisor.com/media/photo-o/12/58/c7/17/photo0jpg.jpg","Written March 16, 2018","This review is the subjective opinion of a Tripadvisor member and not of Tripadvisor LLC."
"Fabrine O","https://www.tripadvisor.com/Profile/fabrineo","https://media-cdn.tripadvisor.com/media/photo-o/1a/f6/f1/06/default-avatar-2020-18.jpg","","4","Mar 2018 • Couples","Michael is SO nice!","My husband and I had a wonderful experience. Michael was so outgoing and so nice! It's a great way to see the city from above.","Couples","0","","Written March 4, 2018","This review is the subjective opinion of a Tripadvisor member and not of Tripadvisor LLC."
"Bridigitity","https://www.tripadvisor.com/Profile/Bridigitity","https://media-cdn.tripadvisor.com/media/photo-o/1a/f6/e3/1f/default-avatar-2020-46.jpg","","5","","Great time!","Thanks to Michael for a great tour of SoBe! I was nervous but he made us feel right at ease even with the windy conditions! Would definitely book again and recommend to friends!","","0","","Written March 3, 2018","This review is the subjective opinion of a Tripadvisor member and not of Tripadvisor LLC."
"meliangriffith","https://www.tripadvisor.com/Profile/meliangriffith","https://media-cdn.tripadvisor.com/media/photo-o/1a/f6/f2/eb/default-avatar-2020-27.jpg","Youghal, Ireland","5","Feb 2018 • Couples","Evening romantic tour ","We recently went on the this tour and our gps for Uber sent us completely in the wrong way so important in Miami to put every detail of the address! so we arrived about and hour and half late. The pilot was so nice to accommodate us and still take us up. The flight was lovely and the pilot was so good at telling us lots about various places and building. Very nice trip would do the day time one nice time I’m over. Really so so helpful ","Couples","0","","Written February 26, 2018","This review is the subjective opinion of a Tripadvisor member and not of Tripadvisor LLC."
"marcusclack","https://www.tripadvisor.com/Profile/marcusclack","https://media-cdn.tripadvisor.com/media/photo-o/11/e4/40/e4/avatar.jpg","England, UK","5","","Absolutely Breathtaking - A must. ","If you are undecided whether to do this trip or not - DO IT - you will not regret it. <br /><br />We booked the 30 minute flight via viator (worked out about £197 for two people)  and met Michael at the Miami Seaplane tour location. We hired a car and had a sat nav which made it easy to find but it was signposted well enough nearby. <br /><br />It was fantastic as the plane only first 4 people including the pilot, so if you are a couple, unless someone books alone, it is as good as a private tour. <br /><br />Our pilot, Michael, was absolutely excellent, very Jolly, on time, and extremely knowledgable of the surrounding area. We felt safe and in good hands with him from the pre-flight checks to getting off the seaplane. He was also happy to take photos of us and we couldn’t have asked for better service. <br /><br />The aerial view of Miami is incredible, and we were also able to see Manatees  which was fantastic. <br /><br />I can not recommend this trip enough - the feeling of taking off and landing on water was incredible. <br /><br />BOOK THIS ASAP! ","","0","https://media-cdn.tripadvisor.com/media/photo-o/12/0f/89/ee/photo0jpg.jpg","Written February 15, 2018","This review is the subjective opinion of a Tripadvisor member and not of Tripadvisor LLC."
"Kadie W","https://www.tripadvisor.com/Profile/KadieW16","https://media-cdn.tripadvisor.com/media/photo-o/1a/f6/77/ae/default-avatar-2020-2.jpg","","5","Jan 2018 • Couples","Michael is the absolute best!!!","My husband and I took a seaplane tour for his birthday. It was absolutely incredible! The views were breathtaking and such an amazing way to see Miami. Our pilot, Michael, was knowledgeable, professional, and so much fun. He was a such a joy to have as a pilot; he really brought the experience to the next level. He even went out of his way to make sure we saw manatees in the bay. Would book again in a heartbeat.","Couples","0","","Written January 21, 2018","This review is the subjective opinion of a Tripadvisor member and not of Tripadvisor LLC."
"Brooke N","https://www.tripadvisor.com/Profile/brooken741","https://media-cdn.tripadvisor.com/media/photo-o/1a/f6/e2/a7/default-avatar-2020-44.jpg","Miami, FL","5","Jan 2018 • Couples","Incredible experience!","WOW! What an amazing flight! My husband and I booked the ""Ultimate Miami & Beaches Tour"" for our staycation honeymoon, and had the most incredible experience. Adriel warmly greeted us upon arrival, and let us watch and ask questions as he prepped the plane. Captain Tony is beyond awesome, and gave us the most magical tour of our hometown city. The view was spectacular - words can't do it justice. We had the privilege of seeing tons of manatee warming up in the canals during our Miami ""winter"" and even took our kayak out the next day to visit some of the beautiful spots that we could never had discovered without that glorious bird's-eye view provided by Captain Tony. A million thanks to Seaplane Tour of Miami for gifting us with the most amazing honeymoon excursion a couple could ask for. We can't wait to take another trip with this wonderful father/son duo!","Couples","0","","Written January 15, 2018","This review is the subjective opinion of a Tripadvisor member and not of Tripadvisor LLC."
"Kelsi S","https://www.tripadvisor.com/Profile/138kelsis","https://media-cdn.tripadvisor.com/media/photo-o/1a/f6/e7/3d/default-avatar-2020-55.jpg","Chiang Mai, Thailand","5","Jan 2018 • Couples","Great flight over SoBe with Michael!","Our pilot, Michael, gave us a wonderful flight tour over South Beach. I got the flight as a Christmas gift for my husband and we weren't disappointed! The pilot was knowledgeable, and incredibly personable/friendly. Amazing views (especially Fisher Island and flying over the Seaquarium), smooth flight, and a gorgeous morning on the water. Also kudos to Nicole for handling my multiple phone calls for information and confirmation professionally and competently. Thanks again!","Couples","0","","Written January 6, 2018","This review is the subjective opinion of a Tripadvisor member and not of Tripadvisor LLC."
"chr_and_2018","https://www.tripadvisor.com/Profile/chr_and_2018","https://media-cdn.tripadvisor.com/media/photo-o/1a/f6/f3/e4/default-avatar-2020-30.jpg","Osnabrück, Germany","5","Dec 2017 • Couples","Sehr schöner Flug! Aus der Luft sieht man mehr!","Toller Flug über Key Biscanyne, Miami Beach und Miami. Seekühe beim Grasen, Kite-Surfer, Sandbänke, Wolkenkratzer, Villenviertel, Strand und Meer: Alles was Miami und Miami Beach ausmacht. Sehr freundlicher Pilot und ein in positivem Sinn einfaches Flugzeug mit hervorragenden Sichtverhältnissen.","Couples","0","","Written January 6, 2018","This review is the subjective opinion of a Tripadvisor member and not of Tripadvisor LLC."
"Pascal B","https://www.tripadvisor.com/Profile/pascalb782","https://media-cdn.tripadvisor.com/media/photo-o/1a/f6/e5/2b/default-avatar-2020-52.jpg","Paris, France","5","Jan 2018 • Family","À faire impérativement ","Magique, extraordinaire<br /><br />Le pilote que nous avons eu (parmi 3) n’est pas commercial pour un sou, il est passionné tant par Miami que par la faune et la flore.  <br />Il nous a fait voir des lamantins, des requins et des raies. !!! Si si. Et il est revenu plusieurs fois à leur recherche en tournant. Pour nous permettre dès les voir <br />Enfin. L’hydravion est vraiment  charmant. ","Family","0","","Written January 5, 2018","This review is the subjective opinion of a Tripadvisor member and not of Tripadvisor LLC."
"Roland M","https://www.tripadvisor.com/Profile/703Rolamo","https://media-cdn.tripadvisor.com/media/photo-o/1a/f6/de/5a/default-avatar-2020-36.jpg","Stuttgart, Germany","5","","Faszinierender Rundflug","Bestens betreut und informiert durch unseren Piloten Michael erlebten wir einen   unvergesslichen,  phantastischen Rundflug um Miami und Miami Beach bei optimalem Fotowetter. Absolut empfehlenswert.<br />Tipps: Bei Anfahrt genaue Adresse ins Navi eingeben und Strandsandalen anziehen (Wasserflugzeug!)","","0","","Written January 5, 2018","This review is the subjective opinion of a Tripadvisor member and not of Tripadvisor LLC."
"vhmarani","https://www.tripadvisor.com/Profile/vhmarani","https://media-cdn.tripadvisor.com/media/photo-o/1a/f6/e7/7b/default-avatar-2020-56.jpg","San Francisco, CA","5","Dec 2017 • Family","Miami Seaplane Roundtrip to Bimini, Bahamas","OUTSTANDING SERVICE! <br /><br />Nicole was very patient and worked with us on every question and concerns we had regarding our round trip seaplane ride to Bimini, Bahamas. We left from Miami Seaplane Base in Key Biscayne and landed at Resort World Bimini within 40 minutes. The flight was very pleasant and Tony made sure we were all comfortable. Tony is a not only a great pilot but also very caring. I had my 70 year old mother with me and he was very nice in assisting her in and out of the plane. <br /><br />Thanks Tony and Nicole. We will be back!","Family","0","https://media-cdn.tripadvisor.com/media/photo-o/11/a8/38/df/view-of-bimini-island.jpg
https://media-cdn.tripadvisor.com/media/photo-o/11/a8/38/dd/view-of-bimini-island.jpg
https://media-cdn.tripadvisor.com/media/photo-o/11/a8/38/d4/view-of-bimini-island.jpg
https://media-cdn.tripadvisor.com/media/photo-o/11/a8/38/d1/view-of-bimini-island.jpg
https://media-cdn.tripadvisor.com/media/photo-o/11/a8/38/c8/plane-shadow.jpg
https://media-cdn.tripadvisor.com/media/photo-o/11/a8/38/bd/leaving-out-of-miami.jpg
https://media-cdn.tripadvisor.com/media/photo-o/11/a8/38/b8/leaving-out-of-miami.jpg","Written January 2, 2018","This review is the subjective opinion of a Tripadvisor member and not of Tripadvisor LLC."
"Geoffroy C","https://www.tripadvisor.com/Profile/geoffroyc562","https://media-cdn.tripadvisor.com/media/photo-o/09/ee/67/1a/geoffroy-c.jpg","Ibiza, Spain","5","Dec 2017 • Family","Magique","Superbe expérience! Nous avons combiné un vol en hydravion avec un tour en bateau dans les Everglades au milieu des alligators.<br />Toute l'équipe était vraiment sympathique.  L'accueil dans les 2 sites était parfait et chaleureux. Tout au long du vol, le commandant donne des infos sur les paysages.  Très intéressant. L'avion est confortable et sécurisant.<br />A faire lors de votre visite de Miami!","Family","0","","Written December 24, 2017","This review is the subjective opinion of a Tripadvisor member and not of Tripadvisor LLC."
"Franz K","https://www.tripadvisor.com/Profile/261franzk","https://media-cdn.tripadvisor.com/media/photo-f/01/2e/70/60/avatar038.jpg","Wiener Neustadt, Austria","5","Dec 2017 • Couples","The best views of Miami","It was amazing, booked by phone and in the air only two hours later. We had booked an one hour flight over Miami and it was unforgettable. Fantastic views, best weather and a perfect pilot. We definitly will come back again.","Couples","0","","Written December 21, 2017","This review is the subjective opinion of a Tripadvisor member and not of Tripadvisor LLC."
"miketv67","https://www.tripadvisor.com/Profile/miketv67","https://media-cdn.tripadvisor.com/media/photo-o/1a/f6/e8/91/default-avatar-2020-62.jpg","","5","Dec 2017 • Solo","Miami Seaplane trip","One of the highlights of my stay in Miami. Incredible views. You really get to see the beauty of Miami:  the beaches, the skylines, the turquoise blue sea and the homes of the stars. Tony the pilot is a legend. So friendly and clearly loves his job and Miami. I have already recommended Miami Seaplanes to a few people. It's a treat, and great value for what you get.","Solo","0","https://media-cdn.tripadvisor.com/media/photo-o/11/81/17/ee/south-beach.jpg
https://media-cdn.tripadvisor.com/media/photo-o/11/81/17/ea/port-of-miami-and-skylines.jpg
https://media-cdn.tripadvisor.com/media/photo-o/11/81/17/e4/the-causeway-from-miami.jpg
https://media-cdn.tripadvisor.com/media/photo-o/11/81/17/dc/stiltsville-from-miami.jpg","Written December 12, 2017","This review is the subjective opinion of a Tripadvisor member and not of Tripadvisor LLC."
"Maya449","https://www.tripadvisor.com/Profile/Maya449","https://media-cdn.tripadvisor.com/media/photo-o/09/0f/2e/c8/maya449.jpg","Charmey, Switzerland","4","Nov 2017 • Couples","À faire !","Découvrir KEY Biscayne, Coral Gables, South Beach par les airs est une expérience inoubliable. Notre pilote Tony connaît parfaitement les domaines survolé.<br />Attention, l’accès à l’avion n’est pas des plus aisé pour quelqu’un qui a un problème de mobilité. Mettre de tongs et des shorts.","Couples","0","https://media-cdn.tripadvisor.com/media/photo-o/11/63/60/fd/photo1jpg.jpg
https://media-cdn.tripadvisor.com/media/photo-o/11/63/60/fc/photo0jpg.jpg","Written November 28, 2017","This review is the subjective opinion of a Tripadvisor member and not of Tripadvisor LLC."
"andiamo67","https://www.tripadvisor.com/Profile/andiamo67","https://media-cdn.tripadvisor.com/media/photo-o/04/a5/79/09/andiamo67.jpg","Miami, FL","5","Nov 2017 • Couples","A great adventure for both locals and tourists!","As a Miami native, I can't believe it took my husband and I so long to try this. You get a totally different perspective of Miami. You realize how beautiful it really is and how lucky you are to live in such a vibrant city. Loved the ride!","Couples","0","https://media-cdn.tripadvisor.com/media/photo-o/11/62/41/cb/the-river-biscayne.jpg","Written November 27, 2017","This review is the subjective opinion of a Tripadvisor member and not of Tripadvisor LLC."
"Elisabeth S","https://www.tripadvisor.com/Profile/ElisabethS3148","https://media-cdn.tripadvisor.com/media/photo-o/1a/f6/f2/b8/default-avatar-2020-26.jpg","","5","Nov 2017 • Couples","Zauberhafter Flug über Miami","Wir haben einen Rundflug über Miami mit Tony und seinem historischen Wasserflugzeug ( De Havilland Bj: 1952 ) gemacht. Ich habe den Flug von meiner Frau zum Geburtstag geschenkt bekommen und wir waren voll begeistert!!<br />Tony fliegt diese Maschiene schon seit 20 Jahren und er erzählt immer gerade etwas davon wo er drüber fliegt. Es hat riesig Spass gemacht und wir werden wieder mitfliegen, gerne auch mal länger bis Key West. Das Wasser war so klar Übrigens, dass wir von oben Stingrays und Seekühe sahen.<br />Sascha und Elisabeth ","Couples","0","","Written November 18, 2017","This review is the subjective opinion of a Tripadvisor member and not of Tripadvisor LLC."
"gthieb2017","https://www.tripadvisor.com/Profile/gthieb2017","https://media-cdn.tripadvisor.com/media/photo-o/1a/f6/ea/b2/default-avatar-2020-69.jpg","Lille, France","5","Oct 2017 • Family","SUPERBE EXPERIENCE","Une expérience inoubliable ! L'équipe est très accueillante et sympathique. Le pilote donne diverses informations tout au long du vol et toujours avec le sourir ! Nous recommandons fortement cette activité que ce soit en famille ou entre amis!","Family","0","","Written November 3, 2017","This review is the subjective opinion of a Tripadvisor member and not of Tripadvisor LLC."
"amrico2017","https://www.tripadvisor.com/Profile/amrico2017","https://media-cdn.tripadvisor.com/media/photo-o/1a/f6/f2/59/default-avatar-2020-24.jpg","Bordeaux, France","5","Oct 2017 • Couples","A FAIRE SANS HESITER","Nous avons choisi la sortie en hydravion, et nous n'avons pas regretter notre choix.<br />Le spectacle est magnifique et Toni est un guide excellent, je recommande vivement cette sortie pour les plages vue du ciel,Miami Beach, et une partie de Miami.<br />Les 30 minutes ont été superbe.<br />Malgré nos quelques minutes de retard Toni nous a attendu sans problème, en plus il nous a donné des adresses pour les Everglades.<br /><br />Merci Toni","Couples","0","https://media-cdn.tripadvisor.com/media/photo-o/11/28/37/ac/la-plage-de-miami-beach.jpg
https://media-cdn.tripadvisor.com/media/photo-o/11/28/37/a7/le-depart-du-voyage.jpg","Written November 2, 2017","This review is the subjective opinion of a Tripadvisor member and not of Tripadvisor LLC."
"Ricardo P","https://www.tripadvisor.com/Profile/ricardop621","https://media-cdn.tripadvisor.com/media/photo-o/1a/f6/eb/e3/default-avatar-2020-59.jpg","Porto Alegre, RS","5","Jan 2017","An amazing park ","My wife and I enjoyed pleasant moments that made us return to the time of child. Very interesting also by the contact with several marine animals that inhabit this park","","0","","Written September 15, 2017","This review is the subjective opinion of a Tripadvisor member and not of Tripadvisor LLC."
"Cookie37","https://www.tripadvisor.com/Profile/Cookie37","https://media-cdn.tripadvisor.com/media/photo-o/1a/f6/f4/5d/default-avatar-2020-32.jpg","Plymouth, UK","5","Aug 2017 • Couples","Amazing, must do experience ","This trip was amazing. We booked the Ultimate Miami SeaPlane Tour prior to arriving in Miami and on the day called (as advised) to check that the flight was still going ahead and not affected by the weather. We got a taxi to the location and waited for our pilot to arrive in style. Tony was our pilot and he did just that, landing on the water and then greeting us at the gate. <br />Tony gave us a great impression and happily took photos of us with the plane before helping us aboard. You do step in the water so flip flops or water shoes are required. <br />The take off was extremely smooth and we were quickly in the air flying over Miami. It was absolutely beautiful. Tony was brilliant, pointing out loads of interests and giving us information on the area and how it has changed over the years. <br />I couldn't recommend this tour enough, Miami is beautiful and seeing it from the sky really makes your trip. <br /><br />The only improvement that we felt was needed was the meeting location, it was at the end of a lane and fenced off, although other reviews had said the same thing it did leave us feeling nervous about whether they were going to turn up. Don't let this put you off though, as it is well worth it once you are in the air. <br /><br />Thanks for our amazing experience. ","Couples","0","https://media-cdn.tripadvisor.com/media/photo-o/10/a3/79/8b/photo5jpg.jpg
https://media-cdn.tripadvisor.com/media/photo-o/10/a3/79/8a/photo4jpg.jpg
https://media-cdn.tripadvisor.com/media/photo-o/10/a3/79/89/photo3jpg.jpg
https://media-cdn.tripadvisor.com/media/photo-o/10/a3/79/88/photo2jpg.jpg
https://media-cdn.tripadvisor.com/media/photo-o/10/a3/79/87/photo1jpg.jpg
https://media-cdn.tripadvisor.com/media/photo-o/10/a3/79/86/photo0jpg.jpg","Written September 12, 2017","This review is the subjective opinion of a Tripadvisor member and not of Tripadvisor LLC."
"Christian Mielsch","https://www.tripadvisor.com/Profile/N7112YMchristianm","https://media-cdn.tripadvisor.com/media/photo-o/1a/f6/f4/d0/default-avatar-2020-33.jpg","","5","Sep 2017","Trip Miami - Key West - Everglades - Miami","Once in a lifetime experience!! We've had an amazing time with our pilot and tour guide Antonio, it felt like a two week holiday on a single day!<br />","","0","https://media-cdn.tripadvisor.com/media/photo-o/10/85/d5/e8/photo0jpg.jpg","Written September 2, 2017","This review is the subjective opinion of a Tripadvisor member and not of Tripadvisor LLC."
"Marek D","https://www.tripadvisor.com/Profile/149marekd","https://media-cdn.tripadvisor.com/media/photo-o/1a/f6/e9/ef/default-avatar-2020-66.jpg","","5","Aug 2017 • Family","Seaplane: Miami <-> Key West","Great adventure, magnificent views, super-friendly crew :-) I highly recommend it. Maybe the only, slight disadvantage is limited time in Key West... We arrived at 12:45 and had to leave at 4:30. Worth every penny!","Family","0","","Written August 30, 2017","This review is the subjective opinion of a Tripadvisor member and not of Tripadvisor LLC."
"Andy M","https://www.tripadvisor.com/Profile/andymM9654EJ","https://media-cdn.tripadvisor.com/media/photo-o/1a/f6/e7/3d/default-avatar-2020-55.jpg","London, UK","5","Aug 2017 • Couples","Amazing experience!","We did the Ultimate Seaplane Tour on Saturday afternoon and thoroughly enjoyed it from start to finish.<br /><br />The location is at the end of a gravel track in a little portacabin, but it was easy enough for us to find.  <br /><br />Our pilot (Mike) was great - he was super friendly and very knowledgeable!  He talked through the whole hour flight with lots of interesting facts.  He also asked us what types of things we wanted to see (massive houses vs. marine wildlife) to tailor the tour accordingly.  <br /><br />You get to see a lot on the one hour tour and it's definitely worth doing if you can afford it - it really is an experience that you wont forget for a long time!<br /><br />You need to cross a bit of shallow water to board the plane so you will need either water-proof shoes or the ability to take off your shoes and roll-up your trousers!<br /><br />Highly recommended!","Couples","0","https://media-cdn.tripadvisor.com/media/photo-o/10/4b/6b/1f/miami-seaplane-tours.jpg
https://media-cdn.tripadvisor.com/media/photo-o/10/4b/6b/1b/miami-seaplane-tours.jpg","Written August 16, 2017","This review is the subjective opinion of a Tripadvisor member and not of Tripadvisor LLC."
"CamilleCamil","https://www.tripadvisor.com/Profile/CamilleCamil","https://media-cdn.tripadvisor.com/media/photo-o/1a/f6/f1/42/default-avatar-2020-20.jpg","Paris, France","5","Aug 2017 • Family","Une vue incontournable de Miami !!!","Expérience inoubliable !  Même en se promenant longtemps dans la ville on n'imagine pas ce qu'on loupe. L'hydravion permet de ne rien manquer et de découvrir une nouvelle perspective de l'ensemble de la ville: Biscayne, Virginia, Little Havana, Downtown, South Beach, les riches demeures,les canaux, l'océan....<br />De plus le pilote était très très chaleureux et nous indiquait les choses à voir. Possibilité de monter en copilote ou à l'arrière (grandes fenêtres).<br />Pour y accéder: première sortie à gauche sur Rickenbacker et suivez le chemin en terre sur la gauche pour trouver une cabane de bois.","Family","0","https://media-cdn.tripadvisor.com/media/photo-o/10/42/56/6a/miami-beach-et-downtown.jpg
https://media-cdn.tripadvisor.com/media/photo-o/10/42/55/9f/l-hydravion.jpg","Written August 13, 2017","This review is the subjective opinion of a Tripadvisor member and not of Tripadvisor LLC."
"mrssnack","https://www.tripadvisor.com/Profile/mrssnack","https://media-cdn.tripadvisor.com/media/photo-o/1a/f6/e3/1f/default-avatar-2020-46.jpg","Miami, FL","5","Aug 2017 • Couples","A Flight to remember","We flew to Key West for the weekend, and it took us a little over an hour to arrive. Beats the 4-hour drive! The view is spectacular, and Tony was a fantastic pilot. He was informative and very funny. I'm a chicken when it comes to flying, but this took my breath away. I would do it again in a heartbeat. Highly recommend Miami Seaplane Tours!!","Couples","0","","Written August 8, 2017","This review is the subjective opinion of a Tripadvisor member and not of Tripadvisor LLC."
"BAC23","https://www.tripadvisor.com/Profile/BAC23","https://media-cdn.tripadvisor.com/media/photo-o/1a/f6/e2/e6/default-avatar-2020-45.jpg","Cincinnati, OH","5","Jul 2017 • Family","Awesome Service!!!","My wife, daughter and I were on our way to Andros Island in the Bahamas and we thought booking a charter through Miami Seaplane to get us there might be a neat experience.   It was fantastic!<br /><br />Nicolle was amazing as she helped us with our reservation details.  She was very patient with my endless list of questions and she always responded to my inquiries right away.  She helped us with a few luggage issues and worked hard to accommodate all of our needs.<br /><br />Tony was our pilot.  What a great guy!  He's also a great pilot.  I've been on many float planes before, but I've never seen a pilot land one as smoothly as Tony did on this trip.  His ability to thread the (cloud) needle was also very impressive.  He helped us successfully navigate the Customs/Immigration office in Bimini and he even waited in the Customs office for us so that we could grab a quick bite to eat while the officers arrived.  <br /><br />The flight was indescribably beautiful.  The Caribbean Sea is gorgeous from the shore in my opinion, but the view from 2000 feet was more than breathtaking.  Tony made sure to point out all the landmarks we passed on the way as well as letting us know when we were about to pass over a ray or shark on the flats.  The flight has forever left my family with many great memories.<br /><br />Unfortunately when it was time for us to return Tropical Storm Emily showed up and we had to, for safety reasons, make other arrangements to get home.  One would expect the folks at Miami Seaplane Tours to simply say ""see ya next time"" but that is not what happened.  Nicolle kept me updated on the situation hourly.  It worked best for me to make arrangements for my wife and daughter to fly home via New York so they could avoid the storm.  I needed to get to Miami to collect some of our luggage (We were in North Carolina the week before our trip to Andros and we had more ""stuff"" packed than we could safely take on the Seaplane) so I flew to Miami via Atlanta just as the storm subsided.  Miami was a bit of a mess after the storm.  In some parts of the city people were actually kayaking instead of driving.  Despite this Tony went and collected our bags from the storage area and delivered them to me personally.  That was over and above the call of duty in my opinion, but the Miami Seaplane Tours folks take their customer service seriously!<br /><br />My wife and I are small business owners and it's always fun for us to see how other people run their small businesses.  Some (more than a few to be honest) small businesses have lousy service and terrible people working for them.  Miami Seaplane Tours is just the opposite..................their customers receive great service from simply wonderful people.<br /><br />I can't wait to fly with them again!","Family","0","","Written August 6, 2017","This review is the subjective opinion of a Tripadvisor member and not of Tripadvisor LLC."
"KY-Xenophile","https://www.tripadvisor.com/Profile/KY-Xenophile","https://media-cdn.tripadvisor.com/media/photo-o/1a/f6/f2/eb/default-avatar-2020-27.jpg","Fort Thomas, KY","5","Jul 2017 • Family","One of a Kind SoFlo experience!","My 11 year old son and myself rode in the Cessna 172 pictured on this page. We booked a 1 hour ""Ultimate Tour"" and had picture perfect weather.  Initially, I was a little concerned because the location on Rickenbacker Causeway seemed like a backup or satellite location (Better signage would help), and when no one was there 15 minutes after our appt timed, I called.  No sooner than this, Capt Adrian appeared with the plane.<br /><br />Once on shore, he immediately apologized and took ownership, stating the cause of the delay (Honesty and responsibility? +10 points!)  We then loaded quickly, had a quick safety review, then the engine started. We started gliding across the water, and quicker than I thought, we were airborne!<br /><br />We were airborne in no time and headed out over the main beach.  For anyone not used to low level flying, prepare to be amazed and what you can see, and the overall experience!  Amazing detail, and you experience Miami and the earth in a whole new way.  Being overhead also gives a new dimension to the water, which you can now see through to the bottom in most places.<br /><br />But nowhere is this better than flying over Biscayne National Park, which is entirely underwater.  Our pilot/instructor Adrian narrated the entire flight, explaining sites, significance, history, and even one illegal lobster trap!  <br /><br />The water here spans the full pallet of blue to green, with an emphasis on unbelievable glowing light blue that my camera sadly couldn't duplicate.  Depths of water here ranged from 10"" to 8 feet, and you can easily spot lots of rays and sharks, especially when we dipped low, and slowed a bit.<br /><br />Yes, this is a bit more expensive, but any type of aviation is not cheap. But the dividends are well worth it, and formed memories for my son that will last a lifetime!<br /><br />Great Job Miami Seaplanes! We will be back!","Family","0","https://media-cdn.tripadvisor.com/media/photo-o/10/0e/ca/2f/my-camera-couldn-t-reproduce.jpg
https://media-cdn.tripadvisor.com/media/photo-o/10/0e/c9/ba/reviewer-son-and-one.jpg","Written July 28, 2017","This review is the subjective opinion of a Tripadvisor member and not of Tripadvisor LLC."
"ginamiller0763","https://www.tripadvisor.com/Profile/ginamiller0763","https://media-cdn.tripadvisor.com/media/photo-o/16/03/07/99/caption.jpg","Krum, TX","5","Jul 2017 • Couples","Beautiful experience! ","My husband and I did the Ultimate tour for 1 hour - worth every dollar! The ocean was beautiful and all the buildings & islands. We loved taking off and landing in the water. Really cool - should definitely try this if you get a chance. ","Couples","0","https://media-cdn.tripadvisor.com/media/photo-o/0f/f3/6a/eb/photo2jpg.jpg
https://media-cdn.tripadvisor.com/media/photo-o/0f/f3/6a/ea/photo1jpg.jpg
https://media-cdn.tripadvisor.com/media/photo-o/0f/f3/6a/e9/photo0jpg.jpg","Written July 19, 2017","This review is the subjective opinion of a Tripadvisor member and not of Tripadvisor LLC."
"ronhes","https://www.tripadvisor.com/Profile/ronhes","https://media-cdn.tripadvisor.com/media/photo-o/1a/f6/7c/01/default-avatar-2020-5.jpg","Gorinchem, The Netherlands","5","Jul 2017 • Family","Fantastisch!","Geweldig om het watervliegtuig te nemen. Prachtige uitzicht op Miami, de eilanden, stiltville, de vuurtoren en de stranden. Grote, echt grote nurse sharks gezien! Superaardige piloot die de geboekte Ultimate tour helemaal waarmaakte! Ben je in de gelegenheid, doe deze. Bij mij kan deze van de bucketlist😀","Family","0","https://media-cdn.tripadvisor.com/media/photo-o/0f/d4/d1/d7/photo2jpg.jpg
https://media-cdn.tripadvisor.com/media/photo-o/0f/d4/d1/d6/photo1jpg.jpg
https://media-cdn.tripadvisor.com/media/photo-o/0f/d4/d1/d5/photo0jpg.jpg","Written July 9, 2017","This review is the subjective opinion of a Tripadvisor member and not of Tripadvisor LLC."
"NinaW2000","https://www.tripadvisor.com/Profile/NinaW2000","https://media-cdn.tripadvisor.com/media/photo-o/1a/f6/e9/ef/default-avatar-2020-66.jpg","Jupiter, FL","5","Jul 2017 • Couples","Simply AWESOME, beyond excellent!!!","Wow! A must do when you are even near the Miami area. I moved to Miami in 1984 and I now live about 90 miles north of Miami. This is a must do and do yourself a favor and take the one hour tour. It is totally worth the money and you will see so much more. No wonder I fell in love with this town way back then. The tour was phenomenal. Tony was outstanding, fun and informative. And so SAFE!!!! Better than flying commercial for sure! If I could give Tony and Miami Seaplane more than Excellent, I would. What a fun, adventurous experience! Do not miss it. It is worth every single penny! I love Miami and Miami Seaplane rides. Will do it again and charter a flight with them as well! AWESOME!","Couples","0","https://media-cdn.tripadvisor.com/media/photo-o/0f/c9/49/73/tony-and-his-plane-getting.jpg
https://media-cdn.tripadvisor.com/media/photo-o/0f/c9/49/69/view-of-miami-beach.jpg
https://media-cdn.tripadvisor.com/media/photo-s/0f/c9/49/66/takeoff-water-runway.jpg","Written July 5, 2017","This review is the subjective opinion of a Tripadvisor member and not of Tripadvisor LLC."
"Randy W","https://www.tripadvisor.com/Profile/randyw685","https://media-cdn.tripadvisor.com/media/photo-o/0f/c9/29/93/randy-w.jpg","Jupiter, FL","5","Jun 2017 • Couples","Unforgettable!!","Tony, our pilot, is just awesome! We had a blast! We took the 1 hour ""Ultimate"" tour and it was well worth it. Nicole was very helpful making reservations and you will never forget the views! Do yourself a favor and take a tour on a Miami Seaplane with Tony! You will be glad you did.","Couples","0","https://media-cdn.tripadvisor.com/media/photo-o/0f/c6/d7/85/photo5jpg.jpg
https://media-cdn.tripadvisor.com/media/photo-o/0f/c6/d7/84/photo4jpg.jpg
https://media-cdn.tripadvisor.com/media/photo-o/0f/c6/d7/83/photo3jpg.jpg
https://media-cdn.tripadvisor.com/media/photo-o/0f/c6/d7/82/photo2jpg.jpg
https://media-cdn.tripadvisor.com/media/photo-o/0f/c6/d7/81/photo1jpg.jpg
https://media-cdn.tripadvisor.com/media/photo-o/0f/c6/d7/80/photo0jpg.jpg","Written July 5, 2017","This review is the subjective opinion of a Tripadvisor member and not of Tripadvisor LLC."
"Alicia D","https://www.tripadvisor.com/Profile/aliciad616","https://media-cdn.tripadvisor.com/media/photo-o/1a/f6/e8/91/default-avatar-2020-62.jpg","","5","Jul 2017 • Couples","Great idea for Little Palm Island","Definitely the best way to get to the keys, and specifically to Little Palm Island. Pilots are super kind! and Winston and Nicole in the office helped me with the booking. Best price as well! Thank you!","Couples","0","","Written July 4, 2017","This review is the subjective opinion of a Tripadvisor member and not of Tripadvisor LLC."
"Reni S","https://www.tripadvisor.com/Profile/ReniSz","https://media-cdn.tripadvisor.com/media/photo-o/1a/f6/e7/3d/default-avatar-2020-55.jpg","Gerrards Cross, UK","5","Jun 2017","Unmissable if you are in Miami!","Miami seaplane tour was the best experience ever. That view is just spectacular breathtaking... To take off and land on the water makes it even more unique. The pilot ( I think his name is Adriel if I remember well, not sure, I was over excited and unfortunately the 2 pilots name are not mentioned on their web site ...but should be) Anyway he was very informative and extra cool because he literally took me to the plane in hands just not to get my shoes wet. A big thank for that as well. I would definitely recommend them. It worth every single penny! ","","0","","Written June 22, 2017","This review is the subjective opinion of a Tripadvisor member and not of Tripadvisor LLC."
"Kris D","https://www.tripadvisor.com/Profile/kd2106","https://media-cdn.tripadvisor.com/media/photo-o/1a/f6/eb/a3/default-avatar-2020-38.jpg","Sydney, Australia","5","May 2017 • Couples","Incredible experience!","Just had the most incredible seaplane tour over Miami & South Florida including the beautiful Biscayne Key national park (which is mostly under the clearest water). A<br />huge thank you to our fantastic pilot & guide: Adrialle (sorry if I spelt this wrong!). Would highly recommend you do this!","Couples","0","","Written May 31, 2017","This review is the subjective opinion of a Tripadvisor member and not of Tripadvisor LLC."
"S Balaji","https://www.tripadvisor.com/Profile/sbalaji787","https://media-cdn.tripadvisor.com/media/photo-m/1280/2b/a5/e8/54/sbalaji787.jpg","Qatar","5","May 2017 • Friends","View from top","The feel of things when looked from different angle is something beyond thoughts.  It's not Miami while you fly this seaplane. Very beautiful city landscape and view of sea animals.  ","Friends","0","https://media-cdn.tripadvisor.com/media/photo-o/0f/6e/e0/26/photo6jpg.jpg
https://media-cdn.tripadvisor.com/media/photo-o/0f/6e/e0/25/photo5jpg.jpg
https://media-cdn.tripadvisor.com/media/photo-o/0f/6e/e0/24/photo4jpg.jpg
https://media-cdn.tripadvisor.com/media/photo-o/0f/6e/e0/23/photo3jpg.jpg
https://media-cdn.tripadvisor.com/media/photo-o/0f/6e/e0/22/photo2jpg.jpg
https://media-cdn.tripadvisor.com/media/photo-o/0f/6e/e0/21/photo1jpg.jpg
https://media-cdn.tripadvisor.com/media/photo-o/0f/6e/e0/20/photo0jpg.jpg","Written May 30, 2017","This review is the subjective opinion of a Tripadvisor member and not of Tripadvisor LLC."
"ray792017","https://www.tripadvisor.com/Profile/ray792017","https://media-cdn.tripadvisor.com/media/photo-o/1a/f6/f0/d5/default-avatar-2020-17.jpg","Liverpool, UK","5","May 2017 • Couples","Great Trip To The Everglades","Great trip out to the everglades where i proposed to my girlfriend the guys where fantastic can't thank them enough for the fantastic day they gave us. Highly recommended one for the bucket list especially if you like vintage aircraft amazing how they keep them flying.<br /> Oh and she said yes by the way :-).","Couples","0","","Written May 24, 2017","This review is the subjective opinion of a Tripadvisor member and not of Tripadvisor LLC."
"Sicard F","https://www.tripadvisor.com/Profile/effaelle","https://media-cdn.tripadvisor.com/media/photo-s/0d/7e/92/56/effaelle.jpg","Creteil, France","5","Apr 2017 • Couples","UNE EXPÉRIENCE INOUBLIABLE !","Un vol de 30 mn avec des vues époustouflantes sur Key Biscayne, Miami Beach, le port et ses bateaux de croisières avec un sympathique pilote aussi professionnel en pilotage que comme guide. <br />Facile d'accès en transports en commun depuis l'aéroport : la ligne de métro orange jusqu'à la station Brickell et la ligne de bus B pour Key Biscayne. Le plus difficile reste à traverser la route (pas de passage piétons à moins d'un mile).","Couples","0","https://media-cdn.tripadvisor.com/media/photo-o/0f/51/df/7d/miami-beach.jpg
https://media-cdn.tripadvisor.com/media/photo-o/0f/51/df/29/miami-beach.jpg
https://media-cdn.tripadvisor.com/media/photo-o/0f/51/de/dd/miami.jpg
https://media-cdn.tripadvisor.com/media/photo-o/0f/51/de/45/le-port-de-croisiere.jpg
https://media-cdn.tripadvisor.com/media/photo-o/0f/51/dd/9f/survol.jpg","Written May 19, 2017","This review is the subjective opinion of a Tripadvisor member and not of Tripadvisor LLC."
"Rita P","https://www.tripadvisor.com/Profile/RitaP3492","https://media-cdn.tripadvisor.com/media/photo-o/1a/f6/e2/11/default-avatar-2020-41.jpg","","5","May 2017","Amazing Experience!","My husband, daughter and I thoroughly enjoyed this experience. A totally different perspective of Miami, South Beach and adjoining areas. Beautiful views and a must do activity if you can fit it in!! Pilot was excellent and very informative. ","","0","","Written May 16, 2017","This review is the subjective opinion of a Tripadvisor member and not of Tripadvisor LLC."
"zws1972","https://www.tripadvisor.com/Profile/zws1972","https://media-cdn.tripadvisor.com/media/photo-o/1a/f6/e9/ef/default-avatar-2020-66.jpg","Amsterdam, The Netherlands","5","Apr 2017 • Family","Top notch pilots. Very cool tour of Miami area","We took the full tour. Very nice to see the Miami area by air.<br /><br />After a short delay the DH Beaver came in from its homebase. We boarded together with a Aussie couple on honeymoon (who happened to be professional pilots as well).<br /><br />Very docile and stable flight. Flying low and slow gives a good view of everything around Miami.","Family","0","","Written April 30, 2017","This review is the subjective opinion of a Tripadvisor member and not of Tripadvisor LLC."
"Max M","https://www.tripadvisor.com/Profile/MaxM79","https://media-cdn.tripadvisor.com/media/photo-f/01/2e/70/97/avatar023.jpg","Bubikon, Switzerland","5","Apr 2017 • Family","Wunderbarer Tagesausflug nach Key West","Dank Miami Seaplane konnten wir Key West in einem Tagesausflug geniessen.<br />Unser Pilot Tony hat uns bestens betreut und auch der Transfer ins Zentrum von Key West war bestens organisiert.<br />Wir würden das jederzeit wiederholen.","Family","0","https://media-cdn.tripadvisor.com/media/photo-o/0f/18/27/f5/photo1jpg.jpg
https://media-cdn.tripadvisor.com/media/photo-o/0f/18/27/f4/photo0jpg.jpg","Written April 26, 2017","This review is the subjective opinion of a Tripadvisor member and not of Tripadvisor LLC."
"Kelly D","https://www.tripadvisor.com/Profile/kellydV971KK","https://media-cdn.tripadvisor.com/media/photo-o/1a/f6/e9/ef/default-avatar-2020-66.jpg","","5","Apr 2017 • Friends","Génial ","Un moment génial passé au dessus de Miami. Un pilote adorable et des vues incroyables sur Miami. L'hydravion est une activité incontournable lors d'un séjour à Miami. ","Friends","0","","Written April 24, 2017","This review is the subjective opinion of a Tripadvisor member and not of Tripadvisor LLC."
"Jan R","https://www.tripadvisor.com/Profile/janrJ3810WT","https://media-cdn.tripadvisor.com/media/photo-o/1a/f6/f4/20/default-avatar-2020-31.jpg","Perth, Australia","5","Mar 2017 • Couples","Wonderful experience","Amazing way to see Miami! Our pilot was funny, knowledgeable and ensured we had a great experience. You have to do this 1 hour flight when you visit Miami!","Couples","0","","Written April 19, 2017","This review is the subjective opinion of a Tripadvisor member and not of Tripadvisor LLC."
"Philip B","https://www.tripadvisor.com/Profile/L5912ZLphilipb","https://media-cdn.tripadvisor.com/media/photo-o/1a/f6/f1/b8/default-avatar-2020-22.jpg","Witten, Germany","5","Apr 2017 • Friends","Wie im Film","Wir sind mit Tony für einen Tagesauflug nach Bimini geflogen. Er und auch alle anderen Mitarbeiter waren supernett, Tony hat uns persönlich die Insel gezeigt und alles erklärt. Auch ein Besuch des Dolphin Hauses war dabei und ist unbedingt zu empfehlen. Die Flugzeuge sind in sehr gutem Zustand und er ist ein sehr guter Pilot. Tolle Firma, jederzeit gerne wieder!","Friends","0","","Written April 16, 2017","This review is the subjective opinion of a Tripadvisor member and not of Tripadvisor LLC."
"Timothy M","https://www.tripadvisor.com/Profile/P1975DKtimothym","https://media-cdn.tripadvisor.com/media/photo-o/1a/f6/ea/b2/default-avatar-2020-69.jpg","","5","Apr 2017 • Couples","A romantic getaway","Words can't express how amazing this trip was! Our pilot was fantastic he was funny ,he gave us a tour , he was just awesome. This was such a highlight on our trip in Miami I would recommend it to anybody and everybody. We definitely would like to do it again.  From  start to finish it was incredible- the  views on the plane , the atmosphere , and the island were absolutely breathtaking. ","Couples","0","https://media-cdn.tripadvisor.com/media/photo-o/0e/df/76/a7/photo2jpg.jpg
https://media-cdn.tripadvisor.com/media/photo-o/0e/df/76/a5/photo0jpg.jpg","Written April 4, 2017","This review is the subjective opinion of a Tripadvisor member and not of Tripadvisor LLC."
"tony56169","https://www.tripadvisor.com/Profile/tony56169","https://media-cdn.tripadvisor.com/media/photo-o/1a/f6/e7/7b/default-avatar-2020-56.jpg","Palm Beach Gardens, FL","5","Apr 2017 • Couples","Miami Seaplane ride! Awesome!","Our pilot was AWESOME!!!! He was a local and had great stories about the area as we flew by different locales! He was even able to point our sharks and stingrays..... His name started with and A and he was superb! We also flew by the Miami OPen tennis tournament..... Very cool!.","Couples","0","","Written April 3, 2017","This review is the subjective opinion of a Tripadvisor member and not of Tripadvisor LLC."
"JimKeeneNY","https://www.tripadvisor.com/Profile/JimKeeneNY","","San Diego, CA","5","Mar 2017 • Couples","Great tour, cool plane","Loved the ultimate tour of Miami and Miami Beach. Great narration by the guide. Cool restored vintage plane. Smooth ride with no bumps and very soft landing.","Couples","0","","Written March 25, 2017","This review is the subjective opinion of a Tripadvisor member and not of Tripadvisor LLC."
"Janel3255","https://www.tripadvisor.com/Profile/Janel3255","https://media-cdn.tripadvisor.com/media/photo-o/1a/f6/e5/2b/default-avatar-2020-52.jpg","Miami, FL","5","Mar 2017 • Couples","A MUST DO!","This is a MUST do when you visit Miami. I have lived in Miami my entire life and it was still one of the most amazing experiences! Seeing Miami from a different angle was incredible!","Couples","0","","Written March 20, 2017","This review is the subjective opinion of a Tripadvisor member and not of Tripadvisor LLC."
"krridg","https://www.tripadvisor.com/Profile/krridg","https://media-cdn.tripadvisor.com/media/photo-o/1a/f6/eb/a3/default-avatar-2020-38.jpg","New York City, NY","5","Feb 2017 • Family","Best thing to do in Miami","We did the trip with Captain Tony from Key Biscayne to the Everglades, where we did an airboat tour and met the alligators. It's an exciting and thrilling adventure with breathtaking views. Tony knew everything about what we were passing over: we got not only a geography lesson but also an economics lesson. Tony is so knowledgable about how Miami works! This escapade is a MUST DO, especially if you're tired of the same old scene on South Beach.","Family","0","","Written March 13, 2017","This review is the subjective opinion of a Tripadvisor member and not of Tripadvisor LLC."
"Dave_Renee","https://www.tripadvisor.com/Profile/Dave_Renee","https://media-cdn.tripadvisor.com/media/photo-o/06/78/1c/f4/dave-renee.jpg","Salem, OR","5","Mar 2017 • Couples","Outstanding Scenic Adventure","My wife & I will recommend this tour to any of our friends visiting south Florida!  The pilot/guide was very knowledgeable and friendly - and always put the safety and comfort of the passengers first.  A history of Miami from the air - for certain.  We loved gaining the prospective of how downtown Miami fit in with Miami Beach, the golf course, the Miami Open stadium, the cruise terminal, etc.  Definately, a prospective that you can not get from the ground.  Loved the tour!!!!","Couples","0","","Written March 8, 2017","This review is the subjective opinion of a Tripadvisor member and not of Tripadvisor LLC."
"ScubaLynch","https://www.tripadvisor.com/Profile/ScubaLynch","https://media-cdn.tripadvisor.com/media/photo-o/1a/f6/f4/5d/default-avatar-2020-32.jpg","North Fort Myers, FL","5","Feb 2017 • Couples","Highly Recommend!","We took the 30 minute seaplane tour with Captain Adriel. He was professional, friendly and knowledgeable. Adriel talked us through the take-off and landing so we had a sense for what he was doing. We felt 100% percent safe at all times. During the flight, Adriel explained what we were looking at and pointed out various places of interest. One thing that amazed me was how absolutely clear the water is. We could see manatees and sting rays so easily. I initially thought a 30 minute flight would feel short but it actually felt about right. I'm really glad we did it. It was worth the money. I highly recommend it!","Couples","0","","Written March 3, 2017","This review is the subjective opinion of a Tripadvisor member and not of Tripadvisor LLC."
"ansgarissimo","https://www.tripadvisor.com/Profile/ansgarissimo","https://media-cdn.tripadvisor.com/media/photo-o/09/30/dc/df/ansgarissimo.jpg","Palma de Mallorca, Spain","5","Mar 2016 • Friends","Best Scenic Flight ever, sweetened by AC DC tunes ;-)","We had a great fight, the pilot was the blast, showed us around and we had good music on our head-sets! Thumbs up! Will do again!","Friends","0","","Written February 24, 2017","This review is the subjective opinion of a Tripadvisor member and not of Tripadvisor LLC."
"kasper1028","https://www.tripadvisor.com/Profile/kasper1028","https://media-cdn.tripadvisor.com/media/photo-f/01/2e/70/97/avatar023.jpg","Ottawa, Canada","5","Feb 2017 • Couples","AMAZING","Had a fantastic tour of Miami. The staff are excellent and the experience is one we will never forget. A must do if visiting Miami Beach.","Couples","0","","Written February 22, 2017","This review is the subjective opinion of a Tripadvisor member and not of Tripadvisor LLC."
"Richard H","https://www.tripadvisor.com/Profile/richardhT8773GZ","https://media-cdn.tripadvisor.com/media/photo-o/1a/f6/e5/66/default-avatar-2020-53.jpg","Lichfield, UK","5","Feb 2017 • Couples","What a fantastic experience - thoroughly recommend it","We took the Ultimate Miami and Beaches Tour.  Everything was perfect from the reception, through to the end.  We loved the route the tour takes, seeing so many things we had seen from the ground and now had a completely new perspective with lots of photo opportunities.  Tony was an excellent and informative pilot providing insights and entertaining too.  Good value for money in our opinion and a memorable experience.  Additional hint - go to the Rusty Pelican afterwards to get some good photos of the seaplane departing for the next flight and, if you are really lucky, landing on the water outside too.","Couples","0","","Written February 19, 2017","This review is the subjective opinion of a Tripadvisor member and not of Tripadvisor LLC."
"Roy D","https://www.tripadvisor.com/Profile/107royd","https://media-cdn.tripadvisor.com/media/photo-o/1a/f6/e7/7b/default-avatar-2020-56.jpg","","5","Feb 2017 • Couples","Best way to sightsee Miami!","Truly an unforgettable experience, thank to Adriel Anderson and his team. His knowledge and passion are the reason for us wanting to come back soon!","Couples","0","https://media-cdn.tripadvisor.com/media/photo-o/0e/67/31/b1/photo0jpg.jpg
https://media-cdn.tripadvisor.com/media/photo-o/0e/67/30/62/miami-seaplane-tours.jpg
https://media-cdn.tripadvisor.com/media/photo-o/0e/67/30/61/miami-seaplane-tours.jpg
https://media-cdn.tripadvisor.com/media/photo-o/0e/67/30/60/miami-seaplane-tours.jpg","Written February 11, 2017","This review is the subjective opinion of a Tripadvisor member and not of Tripadvisor LLC."
"Robert P","https://www.tripadvisor.com/Profile/robertpD5215AP","https://media-cdn.tripadvisor.com/media/photo-o/1a/f6/f4/5d/default-avatar-2020-32.jpg","","5","Feb 2017 • Couples","Come Fly with AA","My wife and I did the 3-hour flight to the Keys for lunch, and the trip was fantastic. I considered (and have done) jet skis, boat tours, etc. - but the seaplane tour perspective, which is to say view and informative point of view of our pilot, lacks parallel. In large part this was owing to Adriel Anderson, our pilot. He is a gentleman, innate tour guide, and teacher. We felt safe and, indeed, instructed as to the reasons for why the plane was being flown in the manner he did, how to take off and land, and ways that seaplane flying is unique from anything else, perhaps even commercial flying. Sprinkle in a natural, homegrown love for the area, its history, and its ecology, well, you have an exceptional trip. I read many reviews on trip advisor, and leave far fewer, but this is one occasion that deserves a commendation. And Adriel was so gracious that he ought to be recognized personally, and if you are lucky, selected as pilot for your trip as well.","Couples","0","https://media-cdn.tripadvisor.com/media/photo-o/0e/66/d3/9a/our-pilot-adriel.jpg
https://media-cdn.tripadvisor.com/media/photo-o/0e/66/d3/93/takeoff.jpg","Written February 11, 2017","This review is the subjective opinion of a Tripadvisor member and not of Tripadvisor LLC."
"Scott W","https://www.tripadvisor.com/Profile/N7019MWscottw","https://media-cdn.tripadvisor.com/media/photo-s/0e/5f/5c/0e/scott-w.jpg","","5","Oct 2016 • Solo","Day trip to Bimini","Amazing experience all around.  Tony, our pilot, was a great guy and went out of his way to make sure everyone had a fun trip.  The next time I get a chance, I will basically go out of my way to take another trip with them.  Thanks again!!","Solo","0","","Written February 7, 2017","This review is the subjective opinion of a Tripadvisor member and not of Tripadvisor LLC."
"philstewart1976","https://www.tripadvisor.com/Profile/philstewart1976","https://media-cdn.tripadvisor.com/media/photo-o/1a/f6/e5/2b/default-avatar-2020-52.jpg","London, UK","5","Dec 2016 • Solo","Really genuniely nice outfit and great experience","Tony the pilot was just great .... loads of bits of knowledge and trivia ... but most importantly warm and friendly.  The trip itself (I did the 1 hour one) was awesome and so much fun taking off from and landing on water.","Solo","0","","Written December 22, 2016","This review is the subjective opinion of a Tripadvisor member and not of Tripadvisor LLC."
"Peter S","https://www.tripadvisor.com/Profile/Smarty0nline","https://media-cdn.tripadvisor.com/media/photo-m/1280/1b/51/af/3b/smarty0nline.jpg","Warwick, UK","5","Jan 2016 • Couples","Fantastic in every way","Really friendly people, we had drinks on arrival. Then we met our pilot who was the loveliest guy. This was a gift for my wife's 30th birthday and she totally loved it. He talked through everything we were seeing below, it was amazing. We saw all the mansions with their pools, the famous purple tennis courts of the US open, then he took us out to sea and we saw some houses on stilts. Really great experience and I would do it again if I could.","Couples","0","https://media-cdn.tripadvisor.com/media/photo-o/0d/d5/e5/43/coming-in-to-land.jpg
https://media-cdn.tripadvisor.com/media/photo-o/0d/d5/e5/12/fantastic-views.jpg
https://media-cdn.tripadvisor.com/media/photo-o/0d/d5/e4/df/fantastic-views.jpg
https://media-cdn.tripadvisor.com/media/photo-o/0d/d5/e4/9d/fantastic-views.jpg
https://media-cdn.tripadvisor.com/media/photo-o/0d/d5/e4/68/fantastic-views.jpg
https://media-cdn.tripadvisor.com/media/photo-o/0d/d5/e4/22/fantastic-views.jpg
https://media-cdn.tripadvisor.com/media/photo-o/0d/d5/e3/c7/fantastic-views.jpg
https://media-cdn.tripadvisor.com/media/photo-o/0d/d5/e3/70/brilliant-pilot-chatty.jpg
https://media-cdn.tripadvisor.com/media/photo-o/0d/d5/e3/41/having-a-great-time.jpg
https://media-cdn.tripadvisor.com/media/photo-o/0d/d5/e3/0d/fantastic-views.jpg
https://media-cdn.tripadvisor.com/media/photo-o/0d/d5/e2/c3/fantastic-views.jpg
https://media-cdn.tripadvisor.com/media/photo-o/0d/d5/e2/94/fantastic-views.jpg
https://media-cdn.tripadvisor.com/media/photo-o/0d/d5/e2/5b/fantastic-views.jpg
https://media-cdn.tripadvisor.com/media/photo-o/0d/d5/e2/27/fantastic-views.jpg
https://media-cdn.tripadvisor.com/media/photo-o/0d/d5/e1/b6/fantastic-views.jpg
https://media-cdn.tripadvisor.com/media/photo-o/0d/d5/e1/51/fantastic-views.jpg
https://media-cdn.tripadvisor.com/media/photo-o/0d/d5/e0/fd/fantastic-views.jpg
https://media-cdn.tripadvisor.com/media/photo-o/0d/d5/e0/c3/fantastic-views.jpg
https://media-cdn.tripadvisor.com/media/photo-o/0d/d5/e0/6d/fantastic-views.jpg
https://media-cdn.tripadvisor.com/media/photo-o/0d/d5/e0/23/fantastic-views.jpg
https://media-cdn.tripadvisor.com/media/photo-o/0d/d5/df/e9/taking-off-on-the-water.jpg
https://media-cdn.tripadvisor.com/media/photo-o/0d/d5/df/ae/taking-off-on-the-water.jpg
https://media-cdn.tripadvisor.com/media/photo-o/0d/d5/df/7b/ready-to-go.jpg
https://media-cdn.tripadvisor.com/media/photo-o/0d/d5/df/28/ready-to-go.jpg","Written December 9, 2016","This review is the subjective opinion of a Tripadvisor member and not of Tripadvisor LLC."
"920Lisa920","https://www.tripadvisor.com/Profile/920Lisa920","https://media-cdn.tripadvisor.com/media/photo-o/1a/f6/e4/59/default-avatar-2020-49.jpg","Zurich, Switzerland","5","Nov 2016 • Couples","Einmaliges Erlebnis","Grund für unseren Flug war unser Strandaufenthalt auf Andros Island, Bahamas. Es gibt keinen besseren Transport als im Wasserflugzeug auf die einsame Insel zu fliegen! Man spart immens Zeit und hat dazu noch einen grossartiges Erlebnis. Sowohl Hinflug wie auch Rückflug waren sehr angenehm mit speditiver Einreise auf den Bahamas und dann wieder in den USA. Der Flug über das Meer und die bahamesischen Inseln ist traumhaft. Wir haben Manatees, Mantas und Delfine gesehen. Toni ist ein phantastischer Pilot.","Couples","0","","Written December 4, 2016","This review is the subjective opinion of a Tripadvisor member and not of Tripadvisor LLC."
"Amar S","https://www.tripadvisor.com/Profile/22amars","https://media-cdn.tripadvisor.com/media/photo-o/1a/f6/de/e7/default-avatar-2020-37.jpg","","5","Nov 2016","Don't go at night","The only thing in our planning that didn't go well was this plane ride but it was our mistake. We checked the time to reach there from our Hotel was 30 mins that morning but our tour was at 5pm (sunset time) the time shown was 1 hour. So we were caught up in traffic due to some accident and they called us and said that they have to charge additional $45 for the delay. So I think one should be early for this tour (multiply the usual time taken to reach there by 2). <br />The Tour was great with champagne and all the information and view we saw but at night it wasn't that amazing. Rather go at day time.","","0","","Written November 22, 2016","This review is the subjective opinion of a Tripadvisor member and not of Tripadvisor LLC."
"Ross R","https://www.tripadvisor.com/Profile/RossR72","https://media-cdn.tripadvisor.com/media/photo-o/1a/f6/f4/5d/default-avatar-2020-32.jpg","Miami Beach, FL","5","Nov 2016 • Couples","Seaplane charter to Little Palm Island","We had originally booked a round trip charter flight with Key West Seaplanes, but they cancelled our trip with two days notice due to ""legal problems"" and did not offer any help with re-booking.  Thankfully we found Miami Seaplanes and they were great to deal with.  We flew with Capt. Tony both ways - Tony is an old salt, experienced seaplane pilot and also a great tour guide on the side.  I'd definitely recommend flying with him if possible.  We took a Cessna Seahawk on the way down and an old classic de Havilland Beaver back.  Incredible experience.","Couples","0","","Written November 21, 2016","This review is the subjective opinion of a Tripadvisor member and not of Tripadvisor LLC."
"gruf1978","https://www.tripadvisor.com/Profile/gruf1978","https://media-cdn.tripadvisor.com/media/photo-o/1a/f6/ea/b2/default-avatar-2020-69.jpg","Avon Lake, OH","5","Nov 2016 • Couples","charter to little palm island","captain Tony is the ultimate aviation professional.  service & safety are number 1.  felt very safe and comfortable with him flying the seaplane.  his local knowledge and history added to the trip.","Couples","0","","Written November 16, 2016","This review is the subjective opinion of a Tripadvisor member and not of Tripadvisor LLC."
"Vincent-Advisor","https://www.tripadvisor.com/Profile/Vincent-Advisor","https://media-cdn.tripadvisor.com/media/photo-o/1a/f6/f4/d0/default-avatar-2020-33.jpg","Colmar, France","5","Sep 2016 • Friends","Génial !","C'était vraiment un super moment ! Je le recommande à tout le monde. Ca restera un de mes meilleurs souvenir de Miami. ","Friends","0","","Written October 1, 2016","This review is the subjective opinion of a Tripadvisor member and not of Tripadvisor LLC."
"71J","https://www.tripadvisor.com/Profile/71J","https://media-cdn.tripadvisor.com/media/photo-o/1a/f6/e2/a7/default-avatar-2020-44.jpg","Moranbah, Australia","5","Sep 2016 • Couples","Sea plane visit to Key West","This was a great experience,our pilot Adriele was fantastic, friendly and provided excellent commentary for our trip. The dining experience could be improved but that wasn't the key to the trip.  Would highly recommend this trip, yes it is costly but you wouldn't see what we have seen by driving and or a boat charter.","Couples","0","https://media-cdn.tripadvisor.com/media/photo-o/0d/28/83/9f/photo0jpg.jpg","Written September 30, 2016","This review is the subjective opinion of a Tripadvisor member and not of Tripadvisor LLC."
"Julian G","https://www.tripadvisor.com/Profile/JulianG731","https://media-cdn.tripadvisor.com/media/photo-o/1a/f6/f1/b8/default-avatar-2020-22.jpg","Köln","1","Sep 2016","würds nicht wieder machen","Das ganze ging damit los, dass  (550 Dollar pro Person(x2) für south beach bis key west) wir von der Auskunft gesagt bekamen, dass wir um 10 Uhr losfliegen und gegen 16:30 zurückfliegen würden.<br />Flugdauer etwa 1,5 Stunden.<br />also hatte ich erstmal im Kopf 4,5 Stunden um in Key west herumzulaufen.<br />Da eh schon immer mal Wasserflugzeug fliegen wollte, war das für mich ok.<br /><br />als wir dort ankamen - an eine Stelle, wo man sich zig mal fragt ob man da richtig ist, weil es so abgelegen, unbewohnt und verschlossen ist- wurden wir erstmal vertröstet, weil noch 2 Leute vor uns einen kurzen Rundflug über Miami machen sollen.<br /><br />das ganze zog sich auf eine 3/4 Stunde. wir sind also erst gegen 10:45 gestartet.<br />bleiben also 3,75 Stunden in key west.<br /><br />der Flug war ganz nett. nur die Maschine selbst macht einen Eindruck, als wäre sie ausm 2 Weltkrieg.<br />offenliegende Kabel, zu großer Brustgurt (konnt nicht ausreichend gekürzt werden, um überhaupt einen Nutzen zu haben) und hinten nur Hüftgurte.<br />Interessant fand ich, dass diese Maschine eigentlich noch eine weitere Person befördern wollen könnte?<br />wehe, wenn da mal ein paar Pfund zuviel im Spiel sind - viel Spass auf der Rückbank...<br /><br />als wir dann dort kurz nach 12:00 ankamen - ich wunderte mich schon, warum wir soweit entfernt vom angepeilten Punkt auf dem ""Flugzeug-Navi"" landeten - stellte sich heraus, dass wir erst noch fast 30 Minuten mit einem Auto ins Zentrum fahren müssen.(ein Mann hat uns mit seinem Wagen erwartet)<br /><br />dort haben die uns dann auf dem Weg zum Zentrum ein paar Lokale zum Essen gezeigt/empfohlen, wo ich mich nach dem Abladen gefragt habe, wo wir die Zeit hernehmen sollen. (zumal einige davon schon an die 30 Minuten benötigt hätten um zu Fuss hinzukommen + dann noch den Rückweg)<br />Essen vs was von key west sehen...<br /><br />schließlich blieben uns insgesamt satte 2 Stunden und 56 Minuten um uns in Key West umzukucken....<br />zumal die uns schon wieder um 3:30 vom Treffpunkt, wo die uns abgeladen hatten, wieder einsammeln wollten.<br /><br />tja - und dann wieder zurück. <br /><br />fühl mich tierisch abgezockt, indem man einfach noch einen kurzen Rundflug dazwischengeschoben hat und das auf unsere Kosten ging.<br />die also für diese Zeit doppelt abkassiert haben.<br /><br />sowas geht für mich gar nicht.","","0","","Written September 27, 2016","This review is the subjective opinion of a Tripadvisor member and not of Tripadvisor LLC."
"Dana K","https://www.tripadvisor.com/Profile/hrkubica","https://media-cdn.tripadvisor.com/media/photo-f/01/2e/70/9f/avatar070.jpg","Fort Lauderdale, FL","5","Sep 2016 • Couples","A Once in a Lifetime Journey","I scheduled this excursion for my boyfriend's 49th Birthday.  We were picked up in a marina in Miami and flown to the Loreli Keys for lunch.  The pilot was fabulous.  He provided us with a beautiful tour of Miami and the Keys and was very kind and personable.  The lunch was very appetizing and we had plenty of time to relax and enjoy an island cocktail. This is a must do for all!  Put in on your bucket list and just do it!!!","Couples","0","","Written September 26, 2016","This review is the subjective opinion of a Tripadvisor member and not of Tripadvisor LLC."
"Rmzr","https://www.tripadvisor.com/Profile/Rmzr","","Paris, France","5","Sep 2016 • Couples","Excellent!!!.. the highlight of our vacation","Great tour... we fully recommend it... Adriel was an excellent guide and pilot!!!.. fully enjoyed our hour flight around miami downtown and beaches... do not miss it you will love it. We will come back for other flights to the keys!!!","Couples","0","","Written September 25, 2016","This review is the subjective opinion of a Tripadvisor member and not of Tripadvisor LLC."
"LilianeRachid","https://www.tripadvisor.com/Profile/LilianeRachid","https://media-cdn.tripadvisor.com/media/photo-o/1a/f6/eb/a3/default-avatar-2020-38.jpg","Sao Paulo, SP","5","Sep 2016 • Couples","Sensacional!","Voamos de hidroavião durante 45 minutos sobre a Great Miami. Recomendamos. É sensacional e o piloto explica muitos lugares . Vc tem outra dimensão da cidade,vista do alto!!! Nota 10 !!!","Couples","0","https://media-cdn.tripadvisor.com/media/photo-o/0d/10/5b/6c/show.jpg
https://media-cdn.tripadvisor.com/media/photo-o/0d/10/5b/65/lindo-demais.jpg
https://media-cdn.tripadvisor.com/media/photo-o/0d/10/5b/60/uma-das-centenas-de-fotos.jpg
https://media-cdn.tripadvisor.com/media/photo-o/0d/10/5b/51/na-porta-do-hidroaviao.jpg
https://media-cdn.tripadvisor.com/media/photo-o/0d/10/5a/ea/antes-do-embarque.jpg","Written September 22, 2016","This review is the subjective opinion of a Tripadvisor member and not of Tripadvisor LLC."
"David S","https://www.tripadvisor.com/Profile/davidschliwa","https://media-cdn.tripadvisor.com/media/photo-o/1a/f6/77/ae/default-avatar-2020-2.jpg","London, UK","5","Sep 2016 • Couples","35 minutes awesome experience","We had some rescheduleds due to the wheater and mandotory pilot trainings, but we had the luck to be a little bit flexible. And it was good to wait and we had the small chesner seaplane with the amazing ""firemann"" pilot. He explained the complete area of  miami and it was an awesome tour over Downtown, beach, key biscayne, the ocean, everything. We enjoyed the flight and had wildlife dolphings while starting next to our plane. Absolutley recommandable attraction.","Couples","0","","Written September 14, 2016","This review is the subjective opinion of a Tripadvisor member and not of Tripadvisor LLC."
"Lori F","https://www.tripadvisor.com/Profile/153lorif","https://media-cdn.tripadvisor.com/media/photo-o/1a/f6/e2/11/default-avatar-2020-41.jpg","","5","Sep 2016 • Couples","30 min seaplane tour","Awesome experience. So much fun! This was our first experience on a seaplane and can't wait to go again to a new location.","Couples","0","","Written September 6, 2016","This review is the subjective opinion of a Tripadvisor member and not of Tripadvisor LLC."
"901pascal","https://www.tripadvisor.com/Profile/901pascal","https://media-cdn.tripadvisor.com/media/photo-o/1a/f6/e7/3d/default-avatar-2020-55.jpg","Paris, France","5","Aug 2016 • Family","Un grand moment !","Un embarcadère au bout d'un parking cabossé, un appareil qui n'a plus d'âge, mais alors, quelle expérience !<br />1 heure au dessus de Miami du sud au nord et retour avec toute la côte en CinémaScope et jusqu'au bout de Biscayne National Park avec les requins et les raies mantas.<br />Avec toutes les explications nécessaires de la part de notre pilote, ce fut vraiment un grand moment.","Family","0","","Written August 31, 2016","This review is the subjective opinion of a Tripadvisor member and not of Tripadvisor LLC."
"DBronchick","https://www.tripadvisor.com/Profile/DBronchick","https://media-cdn.tripadvisor.com/media/photo-o/1b/b0/62/23/caption.jpg","Punta de Mita, Mexico","5","Aug 2016","Awesome!!","Loved this! The concierge at our hotel recommended this tour, the planes launched 7 mins from our hotel so we gave it a go. Certainly not something I do every day-highly recommend! Pilots were super nice and fun.  Very safe, go for it!","","0","https://media-cdn.tripadvisor.com/media/photo-o/0c/8b/99/9c/photo4jpg.jpg
https://media-cdn.tripadvisor.com/media/photo-o/0c/8b/99/9b/photo3jpg.jpg
https://media-cdn.tripadvisor.com/media/photo-o/0c/8b/99/9a/photo2jpg.jpg
https://media-cdn.tripadvisor.com/media/photo-o/0c/8b/99/99/photo1jpg.jpg
https://media-cdn.tripadvisor.com/media/photo-o/0c/8b/99/98/photo0jpg.jpg","Written August 15, 2016","This review is the subjective opinion of a Tripadvisor member and not of Tripadvisor LLC."
"TravelVero1975","https://www.tripadvisor.com/Profile/TravelVero1975","https://media-cdn.tripadvisor.com/media/photo-o/1a/f6/f4/5d/default-avatar-2020-32.jpg","Miami, Florida","5","Jul 2016 • Family","Seaplane to Bimini","We took a trip on our very first seaplane in July with Miami Seaplane.  What an amazing experience!!  Kids had a blast, the pilot was amazing, very friendly and a true expert.  I'm not a huge fan of flying, but this was the smoothest trip I have ever taken, you can see everything below you and landing is a breeze.  I would highly recommend using Miami Seaplane, I wish I could take a seaplane to every place we travel.","Family","0","","Written August 11, 2016","This review is the subjective opinion of a Tripadvisor member and not of Tripadvisor LLC."
"SUPMiami","https://www.tripadvisor.com/Profile/SUPMiami","https://media-cdn.tripadvisor.com/media/photo-o/1a/f6/ee/68/default-avatar-2020-9.jpg","Miami, FL","5","Aug 2016 • Couples","Seaplane to Bimini","Had a fantastic time with Capt Tony of Miami Seaplane.   Chartered his cool retro plane for a special Birthday flight to Bimini for me and my wife.  He has extensive local knowledge and was a really fun guy to speak with.  Great pilot ! Takeoffs and landings were pillow soft. On the ground in Bimini he took some time to show us around and get familiar with the island.  There may be cheaper options, but flying with him was worth every penny.","Couples","0","","Written August 10, 2016","This review is the subjective opinion of a Tripadvisor member and not of Tripadvisor LLC."
"David N","https://www.tripadvisor.com/Profile/DavidN384","https://media-cdn.tripadvisor.com/media/photo-s/03/8d/e1/5b/david-n.jpg","McLean, VA","5","Aug 2016 • Couples","Fun","This was so cool. We took the 1 hour tour and had a blast. The guide was ver knowledgable as he flew us over all the buildings and hotels. I was worried that the ride would be rough but even the takeoff and landing was smooth. We took an uber from south beach and the driver got lost. Just remember to go down the dirt road.","Couples","0","","Written August 10, 2016","This review is the subjective opinion of a Tripadvisor member and not of Tripadvisor LLC."
"Paula","https://www.tripadvisor.com/Profile/paulawalmsley","https://media-cdn.tripadvisor.com/media/photo-o/1a/f6/ee/db/default-avatar-2020-10.jpg","Perth, Australia","5","Jul 2016 • Couples","Brilliant","Amazing flight, to see Miami from the air was worth every penny. Tony was such a gentleman, would recommend this tour to all ages. ","Couples","0","https://media-cdn.tripadvisor.com/media/photo-o/0c/44/83/ba/photo2jpg.jpg
https://media-cdn.tripadvisor.com/media/photo-o/0c/44/83/b9/photo1jpg.jpg
https://media-cdn.tripadvisor.com/media/photo-o/0c/44/83/b7/photo0jpg.jpg","Written July 27, 2016","This review is the subjective opinion of a Tripadvisor member and not of Tripadvisor LLC."
"dandurrer","https://www.tripadvisor.com/Profile/dandurrer","https://media-cdn.tripadvisor.com/media/photo-o/18/8d/b5/ad/caption.jpg","Baar, Switzerland","5","May 2016 • Couples","Unforgettable day in Bimini","Me and my girlfriend booked a day trip to Bimini with Miami Seaplane Tours. Tony picked us up in a wonderful seaplane. We then flew to Bimini and Tony kindly offered us to show us the Island. With a rented golfcart Tony drove us to all the nice places on the Island while we were making pictures. He also showed us the Dolphin house and the builder of it, a very impressive artist. Tony made this day unforgettable and I can't thank him enough for making this day so unique. We already plan the next holidays in Bahamas and we will ask Tony again to fly us to Bimini.","Couples","0","","Written June 5, 2016","This review is the subjective opinion of a Tripadvisor member and not of Tripadvisor LLC."
"Karen H","https://www.tripadvisor.com/Profile/karenhF7045MO","https://media-cdn.tripadvisor.com/media/photo-o/1a/f6/eb/a3/default-avatar-2020-38.jpg","Katy, TX","5","May 2016 • Couples","Birthday lunch in the Keys","I surprised my love with a birthday lunch in the Keys via Miami Seaplane Tours and have to say best birthday gift I have ever given! We had such a wonderful time and Tony made the day extra special with his knowledge of the area and exceptional flying skills! Landings were so smooth! Highly recommended and cannot wait for our next trip!","Couples","0","https://media-cdn.tripadvisor.com/media/photo-o/0b/43/a0/bd/photo5jpg.jpg
https://media-cdn.tripadvisor.com/media/photo-o/0b/43/a0/bc/photo4jpg.jpg
https://media-cdn.tripadvisor.com/media/photo-o/0b/43/a0/bb/photo3jpg.jpg
https://media-cdn.tripadvisor.com/media/photo-o/0b/43/a0/ba/photo2jpg.jpg
https://media-cdn.tripadvisor.com/media/photo-o/0b/43/a0/b9/photo1jpg.jpg
https://media-cdn.tripadvisor.com/media/photo-o/0b/43/a0/b8/photo0jpg.jpg","Written May 14, 2016","This review is the subjective opinion of a Tripadvisor member and not of Tripadvisor LLC."
"Christophe B","https://www.tripadvisor.com/Profile/christophebH4922BG","https://media-cdn.tripadvisor.com/media/photo-s/09/d9/55/e6/christophe-b.jpg","Villard-de-Lans, France","5","May 2016 • Couples","Magique ","Un vieux coucou digne des séries que l'on regardait quand on était jeune. Un pilote ( Tony ) aux petits soins . Une ville fabuleuse qui nous est contée pendant le vol .... Que demander de plus ??","Couples","0","https://media-cdn.tripadvisor.com/media/photo-o/0b/19/2f/0f/photo1jpg.jpg
https://media-cdn.tripadvisor.com/media/photo-o/0b/19/2f/0e/photo0jpg.jpg","Written May 3, 2016","This review is the subjective opinion of a Tripadvisor member and not of Tripadvisor LLC."
"miamitrav76","https://www.tripadvisor.com/Profile/miamitrav76","https://media-cdn.tripadvisor.com/media/photo-o/1a/f6/f6/0d/default-avatar-2020-34.jpg","Miami, FL","5","May 2016 • Family","SImply AMAZING!","My sister and my mom and I flew to Bimini with Tony on Sunday morning for a mini beach day...what an excellent experience we had going and coming.  Tony, the pilot, was FANTASTIC--made you feel just like family from the moment he greets you.  His flying skills are superb...the landing was flawless-- both times....What a great experience, if you are ever in Miami and want to do a quick tour or a mini get-a-way, this is by far the way to go!","Family","0","","Written May 2, 2016","This review is the subjective opinion of a Tripadvisor member and not of Tripadvisor LLC."
"Marie S","https://www.tripadvisor.com/Profile/boopkawet","https://media-cdn.tripadvisor.com/media/photo-o/1a/f6/f4/d0/default-avatar-2020-33.jpg","bruxelles","5","Apr 2016","Un rêve : partir déjeuner sur une plage en hydravion.....!!!!","Parfait! Notre pilote était absolument charmant et sympathique, la vue sur les keys est à couper le souffle et il est vrai qu'arriver sur une plage en hydravion pour... déjeuner.. c'est plus qu'extraordinaire!!!! Nous avons adoré.","","0","https://media-cdn.tripadvisor.com/media/photo-o/0b/0b/13/cf/survol-des-keys.jpg
https://media-cdn.tripadvisor.com/media/photo-o/0b/0b/13/9c/survol-des-keys.jpg
https://media-cdn.tripadvisor.com/media/photo-o/0b/0b/13/71/key-largo.jpg","Written April 28, 2016","This review is the subjective opinion of a Tripadvisor member and not of Tripadvisor LLC."
"patmcgrail","https://www.tripadvisor.com/Profile/patmcgrail","https://media-cdn.tripadvisor.com/media/photo-o/1a/f6/ee/db/default-avatar-2020-10.jpg","Liverpool, UK","5","Apr 2016 • Friends","Wow Miami Sea Plane Tour","This was a fantastic trip Tony our pilot was attentive and informative.  We had a good hour on the Sea Plane take off and landing were really smooth.  Fabulous experience highly recommended.","Friends","0","","Written April 23, 2016","This review is the subjective opinion of a Tripadvisor member and not of Tripadvisor LLC."
"Jandrel","https://www.tripadvisor.com/Profile/Jandrel","https://media-cdn.tripadvisor.com/media/photo-o/1a/f6/f1/06/default-avatar-2020-18.jpg","Switzerland","1","Apr 2016 • Couples","did not take play ce","The plane was schedule for 3:15 PM. At 4:00 it was still not there. We had other things to do than just wait. It is incredible how they believe that we just are there for them making money without giving a dam for the customers we are.","Couples","0","","Written April 22, 2016","This review is the subjective opinion of a Tripadvisor member and not of Tripadvisor LLC."
"karles2016","https://www.tripadvisor.com/Profile/karles2016","https://media-cdn.tripadvisor.com/media/photo-o/1a/f6/f1/79/default-avatar-2020-21.jpg","Southport, CT","5","Apr 2016 • Family","Wonderful tour and great experience","Our pilot made this a great experience for all.  He new all about the area and made sure we saw everything.","Family","0","https://media-cdn.tripadvisor.com/media/photo-o/0a/ea/f6/19/landing.jpg","Written April 16, 2016","This review is the subjective opinion of a Tripadvisor member and not of Tripadvisor LLC."
"Mari P","https://www.tripadvisor.com/Profile/MariliaPergola","https://media-cdn.tripadvisor.com/media/photo-o/1a/f6/e2/11/default-avatar-2020-41.jpg","North Miami Beach, FL","5","Apr 2016 • Family","Incredible tour","very good tour, the pilot very nice and kind. the weather was really good, so the view was espetacular.","Family","0","https://media-cdn.tripadvisor.com/media/photo-o/0a/e1/ab/4a/view.jpg
https://media-cdn.tripadvisor.com/media/photo-o/0a/e1/ab/48/view.jpg
https://media-cdn.tripadvisor.com/media/photo-o/0a/e1/ab/3d/plane.jpg","Written April 12, 2016","This review is the subjective opinion of a Tripadvisor member and not of Tripadvisor LLC."
"lmcompton","https://www.tripadvisor.com/Profile/lmcompton","https://media-cdn.tripadvisor.com/media/photo-o/1a/f6/e9/ef/default-avatar-2020-66.jpg","Miami Beach, FL","5","Mar 2016 • Friends","Great trip to Bimini","My mom and I took the seaplane to Bimini for a quick two day getaway.  It was an amazing experience!  Tony was great and took us and another couple that was on the plane around the island to a few interesting spots.  I highly recommend!","Friends","0","","Written April 4, 2016","This review is the subjective opinion of a Tripadvisor member and not of Tripadvisor LLC."
"Giannidp3","https://www.tripadvisor.com/Profile/Giannidp3","https://media-cdn.tripadvisor.com/media/photo-o/1a/f6/e4/59/default-avatar-2020-49.jpg","Latina, Italy","5","Mar 2016 • Family","Eccezionale !","Esperienza unica ed elettrizzante con tutta la famiglia . Bellissimo tour a Bimini con Antonio ottimo pilota , disponibile e servizio 5 stelle ..da consigliare almeno una volta nella vita","Family","0","","Written March 31, 2016","This review is the subjective opinion of a Tripadvisor member and not of Tripadvisor LLC."
"Greg O","https://www.tripadvisor.com/Profile/GregO994","https://media-cdn.tripadvisor.com/media/photo-o/1a/f6/ea/2e/default-avatar-2020-67.jpg","Grand Cayman","5","Mar 2016","Fun family time","My wife and 2 of my kids jumped into the plane with Winston. He was very personable and the kids loved him. He talked about the history of the plane (an old Beaver) and then we took off from the water. We did the hour tour of Miami. A great way to understand the history of Miami. Showed us Sly Stallones house, where Nixon hung out, flew down south beach, and saw lots of yachts. It was a highlight of our week. <br /><br />My wife had nice Sandles on so Winston carried her 10 feet in water to the plane. I recommend that you wear shoes that can get wet for the 10 feet of water. <br /><br />Great time!!","","0","","Written March 23, 2016","This review is the subjective opinion of a Tripadvisor member and not of Tripadvisor LLC."
"Derek H","https://www.tripadvisor.com/Profile/387derekh","https://media-cdn.tripadvisor.com/media/photo-o/16/8d/d3/45/derek-h.jpg","Minneapolis, MN","5","Mar 2016 • Couples","Miami from the air is the best. ","With a tour of south beach and the Miami skyline, this was a great way to see Miami. <br /><br />Our pilot pointed out the famous landmarks, famous houses, and some great sea life. <br /><br />I suggest booking at least the 30 minute tour. <br />","Couples","0","","Written March 18, 2016","This review is the subjective opinion of a Tripadvisor member and not of Tripadvisor LLC."
"ponyisland","https://www.tripadvisor.com/Profile/ponyisland","https://media-cdn.tripadvisor.com/media/photo-o/1a/f6/de/5a/default-avatar-2020-36.jpg","West Chester, Pennsylvania","1","Mar 2016 • Couples","Surprise-- They do not honor reservations for their shorter tours- nor tell you!","We drove over from West Coast (147 miles one way) and  showed up early  for our tour that had been reserved and paid for on their website.   They were ""No Shows"" ...no one was there.  No Sign. Not even any Seaplanes.  Fence was locked up.  Extremely disappointing as :  1. They had our phone number but never called.  2. They had our email address but never e-mailed.   3.  They had received the credit card funds.  5 minutes after the tour was supposed to leave, we called the number on the receipt and were given a 15 minute run-around, including  demanding information that was not on our printed  receipt that they had provided and we brought with us..  Finally were told that we could go on a tour at 5 PM ... .then when we expressed interest in it,  they changed it to later.  Turns out it was a shorter tour than we paid for anyway.    They also blamed the computer .... but they knew we had paid. It appears that the shorter tours only happen if longer ones don't  get booked ( why give up a charter for a 15 minute or 30 minute tour?)... even after your reservation.  This might work for you if you live nearby.   We understand that things happen, planes get grounded or can't fly in fog etc ..... but we do not understand the terrible customer support and service.               We finally realized  that there was nothing that they were telling us on the phone that we could rely on, and decided to start our drive back to the west coast rather than also incurring the cost of a night at a hotel.  We did have a nice drink on the  nearby outdoor marina bar.,,, called 'Joe's .........'","Couples","0","","Written March 18, 2016","This review is the subjective opinion of a Tripadvisor member and not of Tripadvisor LLC."
"boobot1","https://www.tripadvisor.com/Profile/boobot1","https://media-cdn.tripadvisor.com/media/photo-o/1a/f6/f1/06/default-avatar-2020-18.jpg","San Francisco, CA","5","Mar 2016 • Family","Hands Down 5/5 rating","We spent 4 hours in Bimini with our guide. He went out of his way to take us around the island explaining the history, and recommend eating and beach venues. Tony is clearly very competent and a long time pilot. Never did we worry. it was breathtaking viewing Miami and the island from above (and privately). Bring your suit and towel. You will want to dip into the emerald green water. The locals, though poor, are very kind and welcoming. We were glad to tour and buy some small souvenirs to contribute.","Family","0","","Written March 13, 2016","This review is the subjective opinion of a Tripadvisor member and not of Tripadvisor LLC."
"Matt L","https://www.tripadvisor.com/Profile/954mattl","https://media-cdn.tripadvisor.com/media/photo-o/1a/f6/f0/9f/default-avatar-2020-16.jpg","Lincoln, UK","5","Feb 2016 • Couples","Awesome","Fantastic day out. Great way to see Miami and a bit of an adventure. The pilot's commentary was excellent. Worth every cent. Highly recommended.","Couples","0","","Written February 27, 2016","This review is the subjective opinion of a Tripadvisor member and not of Tripadvisor LLC."
"No0osho","https://www.tripadvisor.com/Profile/No0osho","https://media-cdn.tripadvisor.com/media/photo-s/07/e0/bf/4a/no0osho.jpg","Brisbane, Australia","5","Feb 2016 • Couples","Must do in Miami!!!","You simply have to do this when you are in Miami. The beauty of the city is in the islands and beaches. No better way to see it than from above! Very nice aircraft and an amazing pilot. Did it for valentines day! Would do it again.","Couples","0","","Written February 17, 2016","This review is the subjective opinion of a Tripadvisor member and not of Tripadvisor LLC."
"James F","https://www.tripadvisor.com/Profile/jamesfI1523XD","https://media-cdn.tripadvisor.com/media/photo-o/1a/f6/eb/a3/default-avatar-2020-38.jpg","Miami, FL","5","Feb 2016 • Couples","Valentine's Day package","What can I say... Simply an amazing experience.  Our pilot Tony made us feel like family. This was an extremely romantic trip down to the Florida Keys, lunch on a beach, champagne and live music.  My girlfriend was blown away by this experience and we are already talking about doing the Bimini run.  ","Couples","0","https://media-cdn.tripadvisor.com/media/photo-o/0a/55/92/20/photo3jpg.jpg
https://media-cdn.tripadvisor.com/media/photo-o/0a/55/92/1f/photo2jpg.jpg
https://media-cdn.tripadvisor.com/media/photo-o/0a/55/92/1e/photo1jpg.jpg
https://media-cdn.tripadvisor.com/media/photo-o/0a/55/92/1d/photo0jpg.jpg","Written February 15, 2016","This review is the subjective opinion of a Tripadvisor member and not of Tripadvisor LLC."
"Laura507G","https://www.tripadvisor.com/Profile/Laura507G","https://media-cdn.tripadvisor.com/media/photo-o/1a/f6/e2/e6/default-avatar-2020-45.jpg","Panama City, Panama","5","Feb 2016 • Couples","Great seaplane tour!","We had a really great experience on this tour. We showed up early and enjoyed the water view filled with beautiful boats and yachts. Our pilot was super nice and very professional. We took the 30 tour and got to see South Beach, Key Biscayne and all of the mega cruise ships. I would recommend this to anyone.","Couples","0","https://media-cdn.tripadvisor.com/media/photo-o/0a/54/7b/89/miami-seaplane-tours.jpg","Written February 15, 2016","This review is the subjective opinion of a Tripadvisor member and not of Tripadvisor LLC."
"jennydowning","https://www.tripadvisor.com/Profile/jennydowning","","Windsor, England","5","Feb 2016 • Couples","A fantastic birthday treat","Everything was perfect - a nice relaxed commentary as we went out over the Everglades and back via the Keys with a great chance to look at those amazing properties.<br /><br />Our transfer into 'downtown' Key West was friendly and helpful.<br /><br />The best time - thank you !","Couples","0","","Written February 15, 2016","This review is the subjective opinion of a Tripadvisor member and not of Tripadvisor LLC."
"Karen B","https://www.tripadvisor.com/Profile/karenbG2667XN","https://media-cdn.tripadvisor.com/media/photo-o/1a/f6/ed/00/default-avatar-2020-4.jpg","Miami Beach, FL","5","Dec 2015 • Family","Phenomenal Views of Miami","Thoroughly highly recommend this tour.  We took our family of 5 on the tour and have the most amazing memories and pictures of the day.  Imergen Brar 18th Birthday Photography trip","Family","0","https://media-cdn.tripadvisor.com/media/photo-o/09/cd/48/cb/miami-seaplane-tours.jpg
https://media-cdn.tripadvisor.com/media/photo-o/09/cd/48/bd/miami-seaplane-tours.jpg
https://media-cdn.tripadvisor.com/media/photo-o/09/cd/48/ac/miami-seaplane-tours.jpg","Written December 18, 2015","This review is the subjective opinion of a Tripadvisor member and not of Tripadvisor LLC."
"Gator91","https://www.tripadvisor.com/Profile/Gator91","https://media-cdn.tripadvisor.com/media/photo-s/02/47/73/db/gator91.jpg","Minneola, FL","5","Dec 2015 • Couples","A definite must-do!!","This was an awesome tour!  I was a bit nervous about the small plane but it was ultra smooth!  Our pilot was extremely knowledgable and made me feel very safe. We learned so much about Miami, the beaches, the islands, ecosystem, and much more. It was a beautiful view that you are totally miss on the ground. Very cool!  Worth every penny!","Couples","0","","Written December 11, 2015","This review is the subjective opinion of a Tripadvisor member and not of Tripadvisor LLC."
"davdonuts","https://www.tripadvisor.com/Profile/davdonuts","","Fréjus, France","5","Nov 2015 • Couples","wonderful trip, top pilot !!!!!!","fly tour over Miami Bay, description and details about the place by the pilot, very friendly.<br />easy access","Couples","0","","Written November 30, 2015","This review is the subjective opinion of a Tripadvisor member and not of Tripadvisor LLC."
"Steve B","https://www.tripadvisor.com/Profile/J9873OHsteveb","https://media-cdn.tripadvisor.com/media/photo-o/1a/f6/f2/b8/default-avatar-2020-26.jpg","Romford, UK","5","Nov 2015 • Friends","Miami Sky View","Great trip, really informative pilot, he took us all over Miami including the port and beaches, great fun taking off and landing on the water, very enjoyable view of Miami, highly recommended and not expensive either.","Friends","0","","Written November 21, 2015","This review is the subjective opinion of a Tripadvisor member and not of Tripadvisor LLC."
"C S","https://www.tripadvisor.com/Profile/17cs","https://media-cdn.tripadvisor.com/media/photo-o/1a/f6/f2/7a/default-avatar-2020-25.jpg","Bonn, Germany","5","Oct 2015 • Family","Wundervoll","Eine wirklich wundervolle Erfahrung. Ein sehr netter Pilot, klasse Maschine, toller Flug über Miami Beach und Key Biscayne","Family","0","","Written October 8, 2015","This review is the subjective opinion of a Tripadvisor member and not of Tripadvisor LLC."
"MoniqueKande","https://www.tripadvisor.com/Profile/MoniqueKande","https://media-cdn.tripadvisor.com/media/photo-o/0a/5e/32/47/locaaaaa.jpg","Bay Harbor Islands, FL","5","Sep 2015 • Couples","Perfecto !","Nuestro viaje ha sido maravilloso en compañía de ""Tony"" el mejor piloto de Miami !<br />Recuerdos y momentos inolvidables<br /><br />Notre voyage a été merveilleux en compagnie de ""Tony"" le meilleur pilote de Miami !<br />Souvenirs et moments inouviables.","Couples","0","","Written September 28, 2015","This review is the subjective opinion of a Tripadvisor member and not of Tripadvisor LLC."
"Maria C","https://www.tripadvisor.com/Profile/Q4023HTmariac","https://media-cdn.tripadvisor.com/media/photo-o/1a/f6/ea/74/default-avatar-2020-68.jpg","Monforte de Lemos, Spain","5","Aug 2015 • Couples","Precioso, maravilloso,extraordinario!!! ","Ha pasado una semana desde que realizamos nuestro vuelo en hidroavión desde Miami a Key West y ahora que estoy sentada en el sofá de mi casa a miles de kilómetros recuerdo ese día con una sonrisa y con la misma intensidad con la que lo disfrutamos, lo cual demuestra lo agradable que resultó la experiencia.El vuelo fue maravilloso, las vistas impresionantes y muy relajantes,  Cayo Hueso un precioso lugar que hay que conocer y el piloto, Tony, espectacular con su amabilidad y cercania que nos transmitió a lo largo de todo el viaje.Gran profesional y con muchos años de experiencia en el sector.Repetiría sin dudarlo, ¡ La pena es que estoy a miles de kilómetros para organizar una nueva escapada con ellos!!","Couples","0","","Written August 30, 2015","This review is the subjective opinion of a Tripadvisor member and not of Tripadvisor LLC."
"Abricot31","https://www.tripadvisor.com/Profile/Abricot31","https://media-cdn.tripadvisor.com/media/photo-o/1a/f6/f4/d0/default-avatar-2020-33.jpg","Blagnac, France","5","Jul 2015","Une expérience inoubliable","Nous avons pris notre avion à Key Biscayne "". Là, le pilote nous attend assis sur une chaise en bois sous un palmier, la chemise ouverte. On se croirait dans une série américaine et on est loin de la photo du pilote en uniforme blanc vue le site de la compagnie. On signe une décharge en cas d'accident (...) et mon mari et ma fille embarquent les 1ers car il n'y a que 2 vraies places dans l'hydravion, la 3ème à l'arrière étant ridicule. Pendant ce temps ma 2ème fille et moi faisons des photos car le site est très joli avec Miami en arrière plan, la mer et les yachts. Ils reviennent au bout de 30 mn ravis de leur survol (110€/pers.). Sans perdre de temps, c'est à notre tour. Nous marchons sur le flotteur pour monter à bord, le pilote nous donne des casques munis d'écouteurs ce qui lui permet de nous donner des infos sur ce que l'on survole. Au début, on passe au dessus de Miami, on aperçoit ses grattes ciels, puis au dessus de l'océan où l'on voit les différentes couleurs de l'eau, les bateaux de plaisance, on survole Star Island puis on revient par South Beach où l'on passe au dessus des plages et des grands hôtels.  On a même survolé un groupe de lamantins en train de nager. C'était magique et le pilote était vraiment sympa. Extrait du blog :<br />http://blacenfloride.eklablog.com/","","0","","Written August 30, 2015","This review is the subjective opinion of a Tripadvisor member and not of Tripadvisor LLC."
"Thomas B","https://www.tripadvisor.com/Profile/thomasbT7529XX","","","5","Jul 2015 • Couples","Fly like an Eagle","Ein großes Dankeschön an Tony unsren super Piloten für ein spektakuläres Erlebnis hoch über Miami, Miami Beach und Key Biscane. Und weil s so schön war geht s nächste Mal nach Key West!! <br />Thomas & Heike ","Couples","0","","Written August 16, 2015","This review is the subjective opinion of a Tripadvisor member and not of Tripadvisor LLC."
"Susan D","https://www.tripadvisor.com/Profile/867joyc","https://media-cdn.tripadvisor.com/media/photo-o/0f/29/b5/05/joy-c.jpg","Nottingham, UK","5","Aug 2015 • Family","Just fantastic!!","We recently took the seaplane to Key West from Miami and it was absolutely brilliant! The seaplane ride itself was just amazing, seeing the keys from the air was breathtaking and we are so glad we did it! For anyone who hasn't visited Key West: its a brilliant little town, really beautiful and full of life - definitely put it on your to-do list and this is the fastest and most beautiful way of travelling! The pilot, Tony, was also fantastic; really friendly, funny and professional.","Family","0","","Written August 9, 2015","This review is the subjective opinion of a Tripadvisor member and not of Tripadvisor LLC."
"Mike C","https://www.tripadvisor.com/Profile/mikeyc987","https://media-cdn.tripadvisor.com/media/photo-f/01/2e/70/95/avatar021.jpg","Wortham, UK","5","Jun 2015 • Couples","Put this on your list of ""Must do's"" whilst in Miami","Truly fabulous experience! and a great way to see Miami and Key Biscayne. Full of interesting information and fantastic views. Our pilot was very friendly and his enthusiasm and knowledge of the area made the trip extra enjoyable. This is a must do when you're next in Miami - cannot fault these guys, well worth it!","Couples","0","","Written July 24, 2015","This review is the subjective opinion of a Tripadvisor member and not of Tripadvisor LLC."
"jonfweber","https://www.tripadvisor.com/Profile/jonfweber","https://media-cdn.tripadvisor.com/media/photo-s/0f/ad/6b/f0/jonfweber.jpg","New York City, NY","5","Jul 2015 • Family","Fantastic way to see Miami","We have lived in Miami and visited hundreds of times, but seeing the keys from the air with Tony from Miami Seaplane was a unique and memorable experience.  Easy to get to and arrange.  Tony was a knowledgable and warm guide who showed us a lot we didn't know about a city we know well.   Very safety conscious.  Strongly recommend this experience for visitors and natives alike.","Family","0","","Written July 5, 2015","This review is the subjective opinion of a Tripadvisor member and not of Tripadvisor LLC."
"Abel R","https://www.tripadvisor.com/Profile/AbelR190","https://media-cdn.tripadvisor.com/media/photo-o/1a/f6/f4/5d/default-avatar-2020-32.jpg","","5","Jun 2015 • Couples","Miami Seaplane is the way to go!","To celebrate my 30th birthday, my girlfriend and I decided to head out to Bimini just for a quick getaway and taking a seaplane was by far the best choice we made. Our departure time was at noon and our pilot Tony had us in the air at exactly noon.  Even before the flight, Tony offered to take pictures of my girlfriend and I next to the plane just so we can have for memories which I thought was pretty cool.  The flight was actually smooth.  Honestly I was expecting a bumpy ride since it’s a small plane but it wasn’t.  During the flight we were taking pictures of ourselves with the ocean in the background. My girlfriend was ecstatic.  As we got closer to Bimini you could see the ocean color change to a light blue/greenish color.  It was really nice and making the seaplane trip even that much better.  When we got to Bimini, Tony flew us around the Island to point out different restaurants and local places that we could go to.  We even spotted sharks in the water so Tony brought the plane closer to the water so we could take videos and pictures.  The only thing that wasn’t pleasant was once we landed in Bimini we had to wait for Immigration and Customs officers to show up.  Even though Tony called them ahead of time and flew over their office to let them know that we’re about to land, they still took over a half hour to show up.  No fault of Tony’s of course.  After we cleared both Customs and Immigration, Tony called a local cab driver to pick us up and take us to the Hotel.  On the day of departures, again Tony was on time and ready to go but of course, we had to wait for Immigration and Customs again since they have to clear the plane coming from the U.S. and Tony as well.  But once in the air, we were back in Miami in no time.  I’m glad that we chose Miami Seaplane Tours as our transportation to Bimini.  It just made the trip that more special and something that I highly recommend to anyone.  IF YOU’RE GOING TO BIMINI, TAKE MIAMI SEAPLANE TOURS!!!!","Couples","0","","Written June 29, 2015","This review is the subjective opinion of a Tripadvisor member and not of Tripadvisor LLC."
"Maria_Tete_Mederos","https://www.tripadvisor.com/Profile/Maria_Tete_Mederos","https://media-cdn.tripadvisor.com/media/photo-o/1a/f6/f4/d0/default-avatar-2020-33.jpg","","5","","Miami is even prettier from the air!!!","If you want to experience our beautiful city from a different angle, Miami Seaplane Tours can show you just that!!! They're amazing at what they do! They're pilots are so accommodating to what's important to you, and they're willing to show it to you!<br />Do not miss the opportunity to see this amazing metropolis from the air! And please, explore it the folks at Miami Seaplane, it'll be an experience to remember!!!","","0","https://media-cdn.tripadvisor.com/media/photo-o/07/f1/70/9d/photo9jpg.jpg
https://media-cdn.tripadvisor.com/media/photo-o/07/f1/70/9c/photo8jpg.jpg
https://media-cdn.tripadvisor.com/media/photo-o/07/f1/70/9a/photo7jpg.jpg
https://media-cdn.tripadvisor.com/media/photo-o/07/f1/70/95/photo6jpg.jpg
https://media-cdn.tripadvisor.com/media/photo-o/07/f1/70/92/photo5jpg.jpg
https://media-cdn.tripadvisor.com/media/photo-o/07/f1/70/8f/photo4jpg.jpg
https://media-cdn.tripadvisor.com/media/photo-o/07/f1/70/8c/photo3jpg.jpg
https://media-cdn.tripadvisor.com/media/photo-o/07/f1/70/8b/photo2jpg.jpg
https://media-cdn.tripadvisor.com/media/photo-o/07/f1/70/8a/photo1jpg.jpg
https://media-cdn.tripadvisor.com/media/photo-o/07/f1/70/89/photo0jpg.jpg","Written May 22, 2015","This review is the subjective opinion of a Tripadvisor member and not of Tripadvisor LLC."
"Enrique S","https://www.tripadvisor.com/Profile/EnriqueS113","https://media-cdn.tripadvisor.com/media/photo-o/06/c8/81/93/enrique-s.jpg","Mexico City, Mexico","5","Apr 2015 • Family","El Cielo Existe!!!","Tengo 28 años en el medio turístico, manejando Eventos,  Grupos y Convenciones de todos tamaños al rededor de todo el mundo y la experiencia vivida el pasado 7 de Abril, es una de mis mejores experiencias vividas.<br />Llegamos 9:30 AM, media hora antes de la hora pactada, y nos sorprendió que aún estaba cerrado, pero al 10 para las 10:00 AM, escuchamos y vimos descender un hermoso Hidroavión Cessna impecable y descender de el un hombre muy agradable y relajado, el famoso Tony, quien nos dio una cordial bienvenida a lo que sería una experiencia inolvidable!!!... Nos explico los procedimientos muy sencillos y ""Abróchense los cinturones"".... A Volar!!... Nuestro rumbo Key West, pero antes un recorrido a 1,500 pies de altura por toda la punta de Miami, en un tour descriptivo sensacional, para adentrarnos a los diferentes cayos donde se aprecia a esa altura, toda las especies marinas imaginables e inimaginables, así como las fastuosas mansiones e historias muy peculiares, incluyendo la base de misiles deshabitada del famoso conflicto con Cuba/ Rusia y EUA, en los años 60's con J.F Keneddy.<br />El aterrizaje en Key West, es perfecto y lo agradable de este pueblito junto al mar inolvidable disfrutando de Mile 0, la casa de Ernest Heminway, la Duval street, etc, el regreso del mismo modo fue fascinante, ahora a 3,500 pies de altura con una perspectiva del puente 7 Mails que conecta a Key West, para continuar nuestra ruta rumbo a Miami y ver desde el aire Everglades y toda la parte de Coral Gable y las suntuosas casas de los famosos en diferentes ángulos piloteado por Tony, experto piloto/instructor  y propietario de este magnifico tour....un imperdible en Miami y Key West!!!....Gracias Tony, sigue creciendo !!!!","Family","0","","Written April 9, 2015","This review is the subjective opinion of a Tripadvisor member and not of Tripadvisor LLC."
"birgit d","https://www.tripadvisor.com/Profile/birgitd713","https://media-cdn.tripadvisor.com/media/photo-o/1a/f6/ee/68/default-avatar-2020-9.jpg","Munich, Germany","5","Mar 2015 • Couples","Ein unvergessliches Erlebnis!","Wir hatten einen Tagestrip nach Key West gebucht. Unser Pilot Tony hat uns beim Hinflug entlang der Keys die schönsten Stellen gezeigt und beschrieben. Start und Landung waren kaum spürbar, der Flug kurzweilig und Tonys Maschine ein echtes Schmuckstück. Zurück konnten wir eine andere Route fliegen und durften noch die Everglades und Miami Skyline erleben. Es war unglaublich schön!","Couples","0","https://media-cdn.tripadvisor.com/media/photo-o/07/9f/40/70/miami-seaplane-tours.jpg
https://media-cdn.tripadvisor.com/media/photo-o/07/9f/40/68/miami-seaplane-tours.jpg","Written April 2, 2015","This review is the subjective opinion of a Tripadvisor member and not of Tripadvisor LLC."
"Doug S","https://www.tripadvisor.com/Profile/dougs941","https://media-cdn.tripadvisor.com/media/photo-o/06/50/33/c0/doug-s.jpg","New Hampshire","5","Mar 2015 • Couples","AMAZING!!!","I booked this as a birthday surprise for my wife. We arrived at the Rickenbacker Causeway on March 12 on a beautiful sunny day. I had booked the 1 hour Ultimate Miami Skyline and beaches tour for 12 noon Our pilot was Adriel. We could not have asked for a better more knowledgeable pilot. He did not stop talking from before takeoff until after landing and my wife was so happy that i had to shut up for an hour. Adriel was no less than AMAZING!! His commentary the entire flight made this a memory that will live with us for the rest of our lives. Thank you Adriel and Miami Seaplane for helping to skyrocket my wife's birthday from just another day to priceless.<br />If your ever in the Miami area and looking for something very unique to do, Do yourselves a favor and visit Miami Seaplane Tours. You won't be sorry you did.","Couples","0","","Written March 26, 2015","This review is the subjective opinion of a Tripadvisor member and not of Tripadvisor LLC."
"Tom M","https://www.tripadvisor.com/Profile/M2596WKtomm","https://media-cdn.tripadvisor.com/media/photo-f/01/2e/70/8b/avatar012.jpg","Camano Island, WA","5","","Off the Charts, Cool!!","My wife and I did the 30 minute ""Miami Skyline"" tour today with Adriel. We had come down to Miami from Seattle for a 10 day cruise, and booked this the day before our ship left. I'm a commercial pilot as well, and Adriel was not only professionally very competent, but did an outstanding job with the tour around Miami and surrounding area. Seaplane fun, beautiful views, and very knowledgeable and capable, safe, pilots and aircraft!! You MUST do this!!","","0","https://media-cdn.tripadvisor.com/media/photo-o/07/8a/2f/0b/my-wife-after-the-flight.jpg
https://media-cdn.tripadvisor.com/media/photo-o/07/8a/2e/f4/a-high-five-to-capt-adriel.jpg","Written March 18, 2015","This review is the subjective opinion of a Tripadvisor member and not of Tripadvisor LLC."
"KatharinaBor","https://www.tripadvisor.com/Profile/KatharinaBor","","","5","","Supercool!","Ein unglaublicher Spaß und absolut lohnenswert!! Es ist einfach was anderes, Miamis Strand und Meer von oben zu sehen! Das Team ist supercool und hat selbst 15 Minuten zu einem wunderschönen Ausflug gemacht! ","","0","","Written March 15, 2015","This review is the subjective opinion of a Tripadvisor member and not of Tripadvisor LLC."
"JJNpilot","https://www.tripadvisor.com/Profile/JJNpilot","https://media-cdn.tripadvisor.com/media/photo-o/1a/f6/ee/68/default-avatar-2020-9.jpg","Brussels, Belgium","5","Jan 2015 • Solo","One of the best thing to do in Miami","For the views on Miami downtown and beach.<br />For the take off in Miami's bay.<br />For the kindness and professionalism of pilots.<br /><br />An absolute must do in Miami!","Solo","0","https://media-cdn.tripadvisor.com/media/photo-o/07/47/49/8e/miami-seaplane-tours.jpg
https://media-cdn.tripadvisor.com/media/photo-o/07/47/49/8b/miami-seaplane-tours.jpg
https://media-cdn.tripadvisor.com/media/photo-o/07/47/49/8a/miami-seaplane-tours.jpg
https://media-cdn.tripadvisor.com/media/photo-o/07/47/49/86/miami-seaplane-tours.jpg","Written January 31, 2015","This review is the subjective opinion of a Tripadvisor member and not of Tripadvisor LLC."
"MartinaManfred","https://www.tripadvisor.com/Profile/MartinaManfred","https://media-cdn.tripadvisor.com/media/photo-o/1a/f6/de/e7/default-avatar-2020-37.jpg","","5","Dec 2014","Unbedingt!!","Vielen Dank an Tommy und sein Team. Es war ein traumhaftes Erlebnis! Wir können es jedem sehr empfehlen!! ","","0","","Written December 30, 2014","This review is the subjective opinion of a Tripadvisor member and not of Tripadvisor LLC."
"Brad M","https://www.tripadvisor.com/Profile/720bradm","https://media-cdn.tripadvisor.com/media/photo-o/1a/f6/f1/06/default-avatar-2020-18.jpg","","5","Dec 2014 • Solo","Outstanding Trip!!","Best way to see Miami. Captain Tony was excellent. Having grown up in South Florida, and a pilot myself, I was impressed with Tony's knowledge and skill.  You can't beat the value, and the photos you will have will be magnificent. In addition, I was a walk-up, and Tony accommodated me without hesitation.  Don't miss this!  Brad Middlebrook. Atlanta, GA","Solo","0","","Written December 28, 2014","This review is the subjective opinion of a Tripadvisor member and not of Tripadvisor LLC."
"Hobocht","https://www.tripadvisor.com/Profile/Hobocht","https://media-cdn.tripadvisor.com/media/photo-o/1a/f6/ed/00/default-avatar-2020-4.jpg","Austria","5","Dec 2014 • Solo","Best thing to see Miami","I did the 30-minutes flight over Miami and it was just great. You see the wonderful skyline of Miami, Miami Beach, Key Biscaine, houses of richt people, houses in the sea.<br />The impressions are amazing!! Just do it!!<br /><br />Thanks the team for this great trip","Solo","0","https://media-cdn.tripadvisor.com/media/photo-o/07/0f/dd/68/miami-seaplane-tours.jpg
https://media-cdn.tripadvisor.com/media/photo-o/07/0f/dd/5e/miami-seaplane-tours.jpg
https://media-cdn.tripadvisor.com/media/photo-o/07/0f/dd/4d/miami-seaplane-tours.jpg","Written December 17, 2014","This review is the subjective opinion of a Tripadvisor member and not of Tripadvisor LLC."
"Natalie M","https://www.tripadvisor.com/Profile/NatalieMarshall","https://media-cdn.tripadvisor.com/media/photo-o/07/05/28/6c/natalie-j.jpg","Ellesmere Port, UK","5","Jan 2014 • Couples","An amazing honeymoon experience!","We booked our flight after reading Tripadvisor reviews and am so glad we did - what an experience! <br /><br />Absolutely amazing! Our pilot Tony was great company and so knowledgable about all of the sights we could see from the air. <br /><br />A fantastic way to see all of Miami. Highly recommend - we have such brilliant photographs from our flight. ","Couples","0","","Written December 8, 2014","This review is the subjective opinion of a Tripadvisor member and not of Tripadvisor LLC."
"Ian F","https://www.tripadvisor.com/Profile/984ianf","https://media-cdn.tripadvisor.com/media/photo-f/01/2e/70/8a/avatar011.jpg","","5","Oct 2014 • Couples","An absolute must do!","Took a tour down to the keys for lunch then back.  Captain Tony is the real deal!  We will be back and highly recommend this to anyone looking for a little adventure in their lives.","Couples","0","https://media-cdn.tripadvisor.com/media/photo-o/06/eb/af/d1/miami-seaplane-tours.jpg","Written November 19, 2014","This review is the subjective opinion of a Tripadvisor member and not of Tripadvisor LLC."
"Caribwest","https://www.tripadvisor.com/Profile/Caribwest","https://media-cdn.tripadvisor.com/media/photo-f/01/2e/70/8d/avatar014.jpg","Cayman Islands","5","Nov 2014 • Couples","Good Tour.","The pilot was very good and knowledgeable.  The 30 minute flight is not a cheap tour but worth it for the experience.<br />","Couples","0","","Written November 17, 2014","This review is the subjective opinion of a Tripadvisor member and not of Tripadvisor LLC."
"Josh W","https://www.tripadvisor.com/Profile/WoodyAu","","Brisbane, Australia","5","Nov 2014 • Family","Amazing","Couldn't have asked for a better birthday flight around Miami Beach. Tony was wonderful and really made it a great experience. Highly recommended.","Family","0","","Written November 10, 2014","This review is the subjective opinion of a Tripadvisor member and not of Tripadvisor LLC."
"MissB857","https://www.tripadvisor.com/Profile/MissB857","","London, UK","5","Nov 2014","The best way to see Miami","Took the ultimate Miami and beaches tour and it was fantastic. Definitely the best way to see Miami. Tony the pilot was fun and informative. A great experience to add to any holiday. ","","0","","Written November 10, 2014","This review is the subjective opinion of a Tripadvisor member and not of Tripadvisor LLC."
"danielaback","https://www.tripadvisor.com/Profile/danielaback","https://media-cdn.tripadvisor.com/media/photo-o/1a/f6/e4/59/default-avatar-2020-49.jpg","Santiago Metropolitan Region, Chile","5","Oct 2014 • Couples","La mejor experiencia de nuestras vidas!!!","Mi actual novio encontró que era la sitaución ideal para pedirme matrimonio y realmente fue una experiencia única y maravillosa!!! Comenzando por que el Piloto era encantador y simpático y se preocupó de cada detalle para hacer de ese momento importante uno muy especial!!! La vista es maravillosa y paramos en una isla chiquita de sueños. Quiero volver siempre, fue un sueño hecho realidad!!! Muchas gracias al Piloto y a mi actual marido por hacerme esta linda sorpresa y un día que quedará en mi corazó por el resto de nuestras vidas!!!","Couples","0","","Written October 28, 2014","This review is the subjective opinion of a Tripadvisor member and not of Tripadvisor LLC."
"SV T","https://www.tripadvisor.com/Profile/SamanthaZ458","https://media-cdn.tripadvisor.com/media/photo-s/06/d8/14/c4/samantha-z.jpg","New York City, NY","4","May 2014 • Couples","Good time --","Seeing Miami from the water and by air is great. The plane takes off from a cool little spot in Key Biscayne. Highly recommend.","Couples","0","","Written September 24, 2014","This review is the subjective opinion of a Tripadvisor member and not of Tripadvisor LLC."
"PASCALE M","https://www.tripadvisor.com/Profile/PASCALEM656","https://media-cdn.tripadvisor.com/media/photo-o/1a/f6/eb/6d/default-avatar-2020-19.jpg","Sannois, France","5","Aug 2014 • Couples","Absolument parfait","Une heure à survoler Miami et la côte, ce qui nous a permis de comprendre la configuration de cette ville.<br />Le pilote Tony est parfait pour nous rassurer (petite appréhension avant ce vol...) et très  complet dans ses explications (nombreuses explications sur la géographie des lieux, l'histoire, l'écologie, l'économie, sans oublier les potins des célébrités locales).<br />Lieu de rendez-vous un peu difficile à trouver.<br />Investissement non négligeable, mais que nous ne regrettons pas du tout.","Couples","0","","Written September 22, 2014","This review is the subjective opinion of a Tripadvisor member and not of Tripadvisor LLC."
"domigro","https://www.tripadvisor.com/Profile/domigro","https://media-cdn.tripadvisor.com/media/photo-l/01/2a/fd/96/avatar.jpg","Cologne, Germany","5","","Amazing flight","We can highly recommend Miami seaplane tours! The flight and view was amazing. Reservation was easy and possible on short notice --- we called the hotline at 10:30am and got the flight booked for 12pm!  Very friendly pilot tony who made this day unforgettable.","","0","https://media-cdn.tripadvisor.com/media/photo-o/06/93/de/85/picture-from-the-air.jpg","Written September 16, 2014","This review is the subjective opinion of a Tripadvisor member and not of Tripadvisor LLC."
"Happy_Nomad_2013","https://www.tripadvisor.com/Profile/Happy_Nomad_2013","https://media-cdn.tripadvisor.com/media/photo-o/0a/30/f0/a7/happy-nomad-2013.jpg","Miami, FL","5","Aug 2014 • Couples","My husband couldn't have been more pleased!","I took my husband on the ""Ultimate Miami and Beaches Seaplane Tour"" as a surprise for his 45th birthday, and boy did this gift deliver!  I set up our reservation via the phone.  Armando was friendly and helpful, delivering customer service throughout the experience that was top notch (in a city just aching for good customer service).  The promised confirmation emails arrived promptly and provided clear information and instructions.  And when we arrived for our tour a week later, we were greeted by a very nice and experienced pilot, Adriel Anderson, who is a Miami native and clearly passionate about flying.  At the start of our tour, he put safety first, giving us a valued briefing on what to do in case of emergency, and then he proceeded to give us an hour of adventure in his comfortable and clean Cessna 172.  My husband sat in front next to Adriel, and I sat in back with so much room to look in both directions.  My favorite parts of the Tour were seeing the marine life in the water below (Manta, Tarpons, birds, etc.) and touring Stiltsville in Biscayne National Park.  So, so beautiful.  And the weather was superb.  Couldn't have asked for better!  My husband says he'll never forget.  Thank you, Miami Seaplane Tours!<br /><br />Tips: <br /><br />- Pick one of the morning flights if you can.  It tends to rain here in the afternoons.<br /><br />- Don't arrive to your tour early.  Five minutes before is sufficient.  They don't staff the office since they fly on a reservation basis, and the parking lot isn't right in front of the business, so you can get very hot standing in the sun (not to mention mosquito-bitten).<br /><br />- Wear light clothes (it can get warm in the plane's cabin) and shoes that you don't mind getting wet.  <br /><br />- Bring a camera.","Couples","0","https://media-cdn.tripadvisor.com/media/photo-o/06/69/6e/c1/miami-seaplane-tours.jpg
https://media-cdn.tripadvisor.com/media/photo-o/06/69/6e/b6/miami-seaplane-tours.jpg
https://media-cdn.tripadvisor.com/media/photo-o/06/69/6e/a9/miami-seaplane-tours.jpg
https://media-cdn.tripadvisor.com/media/photo-o/06/69/6e/97/miami-seaplane-tours.jpg
https://media-cdn.tripadvisor.com/media/photo-o/06/69/6e/93/miami-seaplane-tours.jpg
https://media-cdn.tripadvisor.com/media/photo-o/06/69/6e/85/miami-seaplane-tours.jpg
https://media-cdn.tripadvisor.com/media/photo-o/06/69/6e/72/miami-seaplane-tours.jpg
https://media-cdn.tripadvisor.com/media/photo-o/06/69/6e/63/miami-seaplane-tours.jpg
https://media-cdn.tripadvisor.com/media/photo-o/06/69/6e/5e/miami-seaplane-tours.jpg
https://media-cdn.tripadvisor.com/media/photo-o/06/69/6e/56/miami-seaplane-tours.jpg
https://media-cdn.tripadvisor.com/media/photo-o/06/69/6e/47/miami-seaplane-tours.jpg
https://media-cdn.tripadvisor.com/media/photo-o/06/69/6e/2b/miami-seaplane-tours.jpg
https://media-cdn.tripadvisor.com/media/photo-o/06/69/6e/1d/miami-seaplane-tours.jpg
https://media-cdn.tripadvisor.com/media/photo-o/06/69/6e/06/miami-seaplane-tours.jpg
https://media-cdn.tripadvisor.com/media/photo-o/06/69/6d/ed/miami-seaplane-tours.jpg
https://media-cdn.tripadvisor.com/media/photo-o/06/69/6d/db/miami-seaplane-tours.jpg
https://media-cdn.tripadvisor.com/media/photo-o/06/69/6d/d1/miami-seaplane-tours.jpg
https://media-cdn.tripadvisor.com/media/photo-o/06/69/6d/c5/miami-seaplane-tours.jpg
https://media-cdn.tripadvisor.com/media/photo-o/06/69/6d/af/miami-seaplane-tours.jpg
https://media-cdn.tripadvisor.com/media/photo-o/06/69/6d/9f/miami-seaplane-tours.jpg
https://media-cdn.tripadvisor.com/media/photo-o/06/69/6d/9a/miami-seaplane-tours.jpg
https://media-cdn.tripadvisor.com/media/photo-o/06/69/6d/91/miami-seaplane-tours.jpg
https://media-cdn.tripadvisor.com/media/photo-o/06/69/6d/7e/miami-seaplane-tours.jpg
https://media-cdn.tripadvisor.com/media/photo-o/06/69/6d/6c/miami-seaplane-tours.jpg
https://media-cdn.tripadvisor.com/media/photo-o/06/69/6d/63/miami-seaplane-tours.jpg
https://media-cdn.tripadvisor.com/media/photo-o/06/69/6d/5b/miami-seaplane-tours.jpg
https://media-cdn.tripadvisor.com/media/photo-o/06/69/6d/49/miami-seaplane-tours.jpg
https://media-cdn.tripadvisor.com/media/photo-o/06/69/6d/36/miami-seaplane-tours.jpg
https://media-cdn.tripadvisor.com/media/photo-o/06/69/6d/24/miami-seaplane-tours.jpg
https://media-cdn.tripadvisor.com/media/photo-o/06/69/6d/18/miami-seaplane-tours.jpg
https://media-cdn.tripadvisor.com/media/photo-o/06/69/6d/15/miami-seaplane-tours.jpg
https://media-cdn.tripadvisor.com/media/photo-o/06/69/6d/12/miami-seaplane-tours.jpg
https://media-cdn.tripadvisor.com/media/photo-o/06/69/6d/00/miami-seaplane-tours.jpg
https://media-cdn.tripadvisor.com/media/photo-o/06/69/6c/ea/miami-seaplane-tours.jpg
https://media-cdn.tripadvisor.com/media/photo-o/06/69/6c/e4/miami-seaplane-tours.jpg
https://media-cdn.tripadvisor.com/media/photo-o/06/69/6c/e2/miami-seaplane-tours.jpg
https://media-cdn.tripadvisor.com/media/photo-o/06/69/6c/e1/miami-seaplane-tours.jpg","Written August 19, 2014","This review is the subjective opinion of a Tripadvisor member and not of Tripadvisor LLC."
"A123483","https://www.tripadvisor.com/Profile/A123483","https://media-cdn.tripadvisor.com/media/photo-o/1a/f6/f1/b8/default-avatar-2020-22.jpg","","5","","Amazing!","I have been to Miami many times but decided to do the tour this trip for my boyfriend's birthday. I surprised him and he loved it!  The pilot is a sweetheart and very friendly and knowledgable.  He makes the experience so worth it.  He explains everything you're seeing from above and his voice is so calm and soothing and the flight so smooth that is very relaxing and serene.  Seeing Miami from that perspective was a once in a lifetime experience!  Thank you Miami Seaplane Tours!!!","","0","","Written August 19, 2014","This review is the subjective opinion of a Tripadvisor member and not of Tripadvisor LLC."
"Sabine K","https://www.tripadvisor.com/Profile/433sabinek","https://media-cdn.tripadvisor.com/media/photo-m/1280/25/36/2b/e8/433sabinek.jpg","Paris, France","5","","Les Keys vues du ciel","Un moment exceptionnel passé dans les airs pour rejoindre Key West en une heure et demi en passant par les Everglades. Tony pilote parfaitement  en sa qualité d'ancien pilote de l'US army.<br />Très belle prestation à recommander pour passer une journée aux Keys. Un taxi attend à l'amerrissage et vous récupère pour le retour. Journée inoubliable et très bien organisée. ","","0","","Written August 14, 2014","This review is the subjective opinion of a Tripadvisor member and not of Tripadvisor LLC."
"Gaetano P","https://www.tripadvisor.com/Profile/gaetanop108","https://media-cdn.tripadvisor.com/media/photo-o/1a/f6/f0/d5/default-avatar-2020-17.jpg","Scordia, Italy","5","","Fantastico","Ho fatto questo tour con un mio amico e devo dire che è stato fantastico. La vista era mozzafiato e il pilota bravissimo era davvero simpatico a spiegare tutto ciò che vedevamo. Consigliato!","","0","","Written August 9, 2014","This review is the subjective opinion of a Tripadvisor member and not of Tripadvisor LLC."
"LAB1619","https://www.tripadvisor.com/Profile/LAB1619","https://media-cdn.tripadvisor.com/media/photo-o/1a/f6/f4/d0/default-avatar-2020-33.jpg","Geneva, Switzerland","5","Jul 2014 • Couples","Magnifique !!","Nous avons passé un très bon et beau moment. Un grand merci à Tony excellent pilote et guide !!! Je le recommande vivement.","Couples","0","","Written August 6, 2014","This review is the subjective opinion of a Tripadvisor member and not of Tripadvisor LLC."
"Luis R","https://www.tripadvisor.com/Profile/luisr494","https://media-cdn.tripadvisor.com/media/photo-o/1a/f6/ea/74/default-avatar-2020-68.jpg","Caracas, Venezuela","5","Aug 2014 • Family","Amazing and Incredible experience","The best views of the city of Miami, scenes never seen before. It was our first time in a seaplane, Very safe, the ride very smooth.<br />The pilot is a nice, friendly and funny person who knows very well the city of Miami<br />First class service<br />If you visit Miami this is something that you must do<br />Amazing and incredible","Family","0","","Written August 3, 2014","This review is the subjective opinion of a Tripadvisor member and not of Tripadvisor LLC."
"Shoolbraids","https://www.tripadvisor.com/Profile/Shoolbraids","https://media-cdn.tripadvisor.com/media/photo-o/06/66/01/c6/shoolbraids.jpg","Edinburgh, UK","5","Jul 2014 • Family","The best way to see Miami Beach without the crowds","We hired the plane for our family of four. Great experience to fly up and down the beach and the pilot was very friendly and informative. Be prepared to get your feet a little wet though, as you get on and off. Sailing or swimming shoes would be ideal.","Family","0","","Written August 1, 2014","This review is the subjective opinion of a Tripadvisor member and not of Tripadvisor LLC."
"Francesca003007","https://www.tripadvisor.com/Profile/Francesca003007","https://media-cdn.tripadvisor.com/media/photo-o/06/91/6a/22/francesca003007.jpg","Naples, FL","5","Jul 2014 • Couples","You have to experience this!","The 30 minute seaplane tour of Miami Beach, South Beach, Virginia Key and Key Biscayne was outstanding. Captain Adriel was so much fun to fly with.  He is extremely knowledgeable on the history of the area and really enthusiatic about flying and sharing the experience with his guests. This is a ""must do"" experience when you visit Miami.","Couples","0","","Written July 17, 2014","This review is the subjective opinion of a Tripadvisor member and not of Tripadvisor LLC."
"LondonTonyg","https://www.tripadvisor.com/Profile/LondonTonyg","https://media-cdn.tripadvisor.com/media/photo-s/01/85/34/d2/londontonyg.jpg","london","5","Jun 2014 • Solo","Perfect","I had booked my flight for 3.20pm I had phoned early in the day they said could I come at 11 30 as the weather is going to be bad and boy I'm glad we changed it ,<br />As for the tour I saw so many things it was fantastic ,<br />The pilot I am sorry as I cannot remember his name was fantastic very informative .<br />On the way back I saw sharks sting ray and other fish,<br />If your on vacation I recommend this to anyone.","Solo","0","","Written June 11, 2014","This review is the subjective opinion of a Tripadvisor member and not of Tripadvisor LLC."
"LauraJLane","https://www.tripadvisor.com/Profile/LauraJLane","https://media-cdn.tripadvisor.com/media/photo-o/06/4c/72/61/laurajlane.jpg","Nottingham, UK","5","Apr 2014 • Couples","Truly fantastic experience!","We booked this before we flew out as the recommendations were so good. Best thing we did!! Adriel, our pilot, was an excellent guide and he also very kindly had waited for us as we had got stuck in traffic (when they tell you it's only 10 minutes from Miami Beach beware, took us 40)<br />We did the Miami tour which lasted a good 30 minutes and took us all along South Beach, over Downtown and out to Key Biscayne. It was absolutely amazing - this is the way to see Miami! The plane is very comfortable too with super views, way better than flying in the bigger planes and I speak as a nervous flyer normally. We're hoping to get back to Miami in the not too distant future and this will be the first thing we book! Do not miss this opportunity!","Couples","0","https://media-cdn.tripadvisor.com/media/photo-o/05/f7/ab/5f/miami-seaplane-tours.jpg","Written June 4, 2014","This review is the subjective opinion of a Tripadvisor member and not of Tripadvisor LLC."
"FloridaGirlLU","https://www.tripadvisor.com/Profile/FloridaGirlLU","https://media-cdn.tripadvisor.com/media/photo-s/0b/fd/ee/8b/floridagirllu.jpg","St. Augustine, FL","5","Jun 2014 • Couples","SHOULD TRY IT AT LEAST ONCE IN LIFE!!!","I am 24 years old, have been flying my whole life (commercial planes), and I am terrified of flying. My best friend surprised me on my b-day with the seaplane tour. I was a little nervous before the flight, but all I can say is WOW!!! It's nothing like flying on a regular plane, and by that I mean it's 100000 times better in every sense of this word:) This feather light plane gets up so easily of the water that you don't even feel it, doesn't flight as high, you can see every single detail out the window:) If it gets bumpy, the pilot warns you ahead of time, so that you don't get scared and expect it, but on my flight, I had only a few little bumps:) The pilot is very educated, super nice, and from the first minute you meet and talk to him, he earns your trust, by that making you feel comfortable and relaxed. It's a definite YES to anyone who is scared of flying bc you will love it! When you get up there, there is so many things to look at, that you simply get carried away, and the time flies by… It's a little pricey without groupon, but it's definitely worth buying it as a gift to your loved one or a friend, they will be under impression for the rest of their lives:) I hope I can do it again sometime in my life!!!","Couples","0","https://media-cdn.tripadvisor.com/media/photo-o/05/f5/f5/d5/miami-seaplane-tours.jpg
https://media-cdn.tripadvisor.com/media/photo-o/05/f5/f5/cd/miami-seaplane-tours.jpg
https://media-cdn.tripadvisor.com/media/photo-o/05/f5/f5/c5/miami-seaplane-tours.jpg
https://media-cdn.tripadvisor.com/media/photo-o/05/f5/f5/b9/miami-seaplane-tours.jpg
https://media-cdn.tripadvisor.com/media/photo-o/05/f5/f5/b2/miami-seaplane-tours.jpg
https://media-cdn.tripadvisor.com/media/photo-o/05/f5/f5/aa/miami-seaplane-tours.jpg
https://media-cdn.tripadvisor.com/media/photo-o/05/f5/f5/a1/miami-seaplane-tours.jpg
https://media-cdn.tripadvisor.com/media/photo-o/05/f5/f5/95/miami-seaplane-tours.jpg
https://media-cdn.tripadvisor.com/media/photo-o/05/f5/f5/90/miami-seaplane-tours.jpg
https://media-cdn.tripadvisor.com/media/photo-o/05/f5/f5/84/miami-seaplane-tours.jpg
https://media-cdn.tripadvisor.com/media/photo-o/05/f5/f5/7c/miami-seaplane-tours.jpg
https://media-cdn.tripadvisor.com/media/photo-o/05/f5/f5/76/miami-seaplane-tours.jpg
https://media-cdn.tripadvisor.com/media/photo-o/05/f5/f5/6e/miami-seaplane-tours.jpg","Written June 2, 2014","This review is the subjective opinion of a Tripadvisor member and not of Tripadvisor LLC."
"Ian K","https://www.tripadvisor.com/Profile/Trekmaster01","https://media-cdn.tripadvisor.com/media/photo-o/1a/f6/f1/42/default-avatar-2020-20.jpg","","5","Apr 2014 • Couples","Great views of Miami","We took this tour on a recent trip to Miami and I can't recommend them highly enough. Very friendly pilot and a great flight. We booked a 90 min flight and we got more than our moneys worth. When we arrived we were able to choose what we wanted to see and the pilot got it done for us. There were two of us and we had the plane to ourselves.<br /><br />We were the last flight of the day and so had great lighting. Photos had to be taken out of the windows, so a polarising filter would be recommended to keep reflections to a minimum. Although you are not going high enough to cause an oxygen problem you wouldn't want 100s of mile an hour winds in the cab :)<br /><br />The only thing I can say against the trip is the site is a little difficult to find. It's just at the end of the causeway bridge, when heading towards Miami. You need to leave the causeway road and then turn right down a dirt path. Dodging the pot holes adds to the fun, but if you go right to the end you will find the office.","Couples","0","","Written June 1, 2014","This review is the subjective opinion of a Tripadvisor member and not of Tripadvisor LLC."
"brunosigiliao","https://www.tripadvisor.com/Profile/brunosigiliao","https://media-cdn.tripadvisor.com/media/photo-o/07/e6/4e/29/bruno-s.jpg","Brasilia, DF","4","Apr 2014 • Family","Miami sob um outro ponto de vista","No dia 29 de abril fizemos um passeio de aproximadamente 2 horas com o piloto Antonio. A princípio ficamos um pouco apreensivos porque chegamos uns 30 minutos antes do horário do vôo (que seria às 15h20) e nos deparamos com os portões fechados, mas o Antonio chegou com o avião poucos minutos antes da hora marcada. Na verdade, a empresa havia me mandado um email avisando que o piloto poderia se atrasar um pouco devido a outro serviço que estava fazendo antes; mas, como passei o dia todo fora, só vi o email a noite quando retornei ao hotel. A viagem começou com algum atraso, pois foi necessário abastecer a aeronave. Fora isso, foi um passeio muito interessante. A vista é deslumbrante e o Antonio é muito paciente em mostrar as coisas e em responder às perguntas mais diversas possíveis. Sem dúvida pretendo entrar em contato com a Miami Seaplane Tours numa outra oportunidade para uma ida a Key West ou até às Bahamas.","Family","0","","Written May 5, 2014","This review is the subjective opinion of a Tripadvisor member and not of Tripadvisor LLC."
"Kira c","https://www.tripadvisor.com/Profile/383kirac","https://media-cdn.tripadvisor.com/media/photo-o/1a/f6/e4/59/default-avatar-2020-49.jpg","","5","Feb 2014 • Couples","AMAZING experience!","What an AMAZING experience! My boyfriend surprised me with a valentines weekend getaway to Bimini and what a romantic and unique touch the sea plane ride was. Our pilot was a romantic. He took photos pre flight,during and post and he even aloud us to play our own music; which made this experience even more personal.The pilots commitment to great customer service is to be commended. You can be sure this experience will hold up to any and all expectations(punctual,safe,clean and romantic). THANK YOU!!!!","Couples","0","","Written April 23, 2014","This review is the subjective opinion of a Tripadvisor member and not of Tripadvisor LLC."
"Camsobe","https://www.tripadvisor.com/Profile/Camsobe","https://media-cdn.tripadvisor.com/media/photo-o/1a/f6/f2/7a/default-avatar-2020-25.jpg","Miami Beach, FL","5","Feb 2014 • Couples","Absolutely the best!!!","It was such an awesome experience!!! It was a breathtaking moment and I simply loved it. <br /><br />The really nice Pilot even let me hear my own calm music from my iPhone!!! Awesome!! - Just bring your best music, and you will be right on!<br />Thank you so much for the best flight.! <br />Everyone should try this - you will simply love it!","Couples","0","","Written April 12, 2014","This review is the subjective opinion of a Tripadvisor member and not of Tripadvisor LLC."
"Lalleyknight","https://www.tripadvisor.com/Profile/Lalleyknight","https://media-cdn.tripadvisor.com/media/photo-o/1a/f6/e7/99/default-avatar-2020-57.jpg","London, UK","5","Mar 2014","An absolute must!","Fantastic way to see Miami and to understand the geography of the place if like me you are a first time visitor. The pilot knew all the celebs houses and was very laid back and friendly. Really fun taking off and landing on the water. Brilliant value for money. They even can do a day trip to the Bahamas! Good restaurant on harbour next door if you arrive early or need lunch afterwards!","","0","","Written March 25, 2014","This review is the subjective opinion of a Tripadvisor member and not of Tripadvisor LLC."
"Biggi B","https://www.tripadvisor.com/Profile/85biggib","https://media-cdn.tripadvisor.com/media/photo-o/1a/f6/f4/d0/default-avatar-2020-33.jpg","Bolzano, Italy","5","Feb 2014 • Couples","Spectacular","This is absolutely one of the things to do when you visit Miami! We did the Miami Seaplane tour the 1st day and it was a fantastic trip! The pilot was so nice and cool, we listened lounge music during the trip, very relaxing! We loved it!","Couples","0","","Written March 24, 2014","This review is the subjective opinion of a Tripadvisor member and not of Tripadvisor LLC."
"Scoobybiker","https://www.tripadvisor.com/Profile/Scoobybiker","https://media-cdn.tripadvisor.com/media/photo-o/1a/f6/f4/5d/default-avatar-2020-32.jpg","Radcliffe, UK","5","Feb 2014 • Friends","Fantastic experience","This was worth every penny. The pilot was so friendly and welcoming and the views were amazing. A must-do experience for anybody visiting Miami.","Friends","0","","Written March 24, 2014","This review is the subjective opinion of a Tripadvisor member and not of Tripadvisor LLC."
"DV1066","https://www.tripadvisor.com/Profile/DV1066","https://media-cdn.tripadvisor.com/media/photo-o/1a/f6/ef/73/default-avatar-2020-13.jpg","New York City, NY","5","Mar 2014 • Business","FANTASTIC!","I did the two-hour tour with Tony, the owner of the operation, and it was one of the memorable travel experiences of my life.  I can't recommend it highly enough. We flew over the keys and bays, and saw manatees, dolphins, and sting rays.  We flew over the everglades. In and around the city and Miami Beach, Tony knows the whole city, and can point out whatever you might want to see - lairs of the stars, the latest nightspots, you name.  He's super friendly and a real flying enthusiast. I can't recommend it enough.","Business","0","https://media-cdn.tripadvisor.com/media/photo-o/05/8c/8a/e9/miami-seaplane-tours.jpg
https://media-cdn.tripadvisor.com/media/photo-o/05/8c/8a/d5/miami-seaplane-tours.jpg","Written March 13, 2014","This review is the subjective opinion of a Tripadvisor member and not of Tripadvisor LLC."
"Tony U","https://www.tripadvisor.com/Profile/TonyU8","https://media-cdn.tripadvisor.com/media/photo-o/1a/f6/f0/48/default-avatar-2020-15.jpg","","5","Mar 2014","Amazing Time!","This adventure was definitely worth the money. The service was awesome, and everyone was very nice and helpful! The sights were truly amazing. Would definitely recommend this to anyone.","","0","","Written March 13, 2014","This review is the subjective opinion of a Tripadvisor member and not of Tripadvisor LLC."
"aas0020","https://www.tripadvisor.com/Profile/aas0020","https://media-cdn.tripadvisor.com/media/photo-o/1a/f6/7c/01/default-avatar-2020-5.jpg","Auburn, AL","5","Mar 2014","Worth every penny!","Definitely worth the money! The pilot is super friendly. We got to see all of Miami, including star island and many celebrity's homes such as Lebron James. We also got to see manatees, sharks, dolphins, and tons of stingrays from the plane. I would definitely recommend this to everybody, it was so much fun!","","0","https://media-cdn.tripadvisor.com/media/photo-o/05/85/d2/61/view-from-the-plane.jpg
https://media-cdn.tripadvisor.com/media/photo-o/05/85/cd/57/miami-beach.jpg
https://media-cdn.tripadvisor.com/media/photo-o/05/85/cc/cf/key-biscayne-lighthouse.jpg","Written March 11, 2014","This review is the subjective opinion of a Tripadvisor member and not of Tripadvisor LLC."
"CeyMus19","https://www.tripadvisor.com/Profile/CeyMus19","https://media-cdn.tripadvisor.com/media/photo-l/01/2a/fd/9c/avatar.jpg","London, UK","5","Feb 2014 • Couples","DO IT DO IT DO IT!!","This was the highlight of our honeymoon. The tour was absolutely amazing and we got some pictures worthy of postcard covers. It was a bit pricey but worth every penny and I would definitely do it again if I were in the same place.","Couples","0","","Written March 3, 2014","This review is the subjective opinion of a Tripadvisor member and not of Tripadvisor LLC."
"Pamela D","https://www.tripadvisor.com/Profile/pamelad379","https://media-cdn.tripadvisor.com/media/photo-o/1a/f6/e5/2b/default-avatar-2020-52.jpg","London, UK","5","Jan 2014 • Friends","Our Miami Seaplane Experience","I booked a seaplane ride to celebrate my sisters birthday on the 19th of January, it was an awesome experience. The pilot was very friendly and made us all feel comfortable, it's an experience we are hoping to repeat in the future. And would recommend to other family members and friends.<br />Pamela from the U.K","Friends","0","","Written February 23, 2014","This review is the subjective opinion of a Tripadvisor member and not of Tripadvisor LLC."
"Caridad P","https://www.tripadvisor.com/Profile/caridadv2014","https://media-cdn.tripadvisor.com/media/photo-o/1a/f6/ef/32/default-avatar-2020-12.jpg","Miramar, FL","5","Feb 2014 • Couples","A must do in Miami and best way to the Keys","I had the most amazing experience at Miami Seaplane Tours for Valentine's Day. Antonio and associates go out of their way to make sure your adventure is scenic, comfortable and informative. Tony let me pick our playlist (B-Tribe) which was the perfect backdrop to the beautiful waters.   Thanks Antonio, you are an amazing pilot!! Our next trip, the Bahamas:)<br /><br /> <br /><br />..","Couples","0","","Written February 14, 2014","This review is the subjective opinion of a Tripadvisor member and not of Tripadvisor LLC."
"Robert H","https://www.tripadvisor.com/Profile/RH64","https://media-cdn.tripadvisor.com/media/photo-o/1a/f6/77/ae/default-avatar-2020-2.jpg","London, UK","5","Dec 2013","Great fun","We took a trip just after Christmas! It was an amazing experience, really interesting and great fun. The pilot flew us over our condo block as well as up and down SoBe. He couldn't have been more accommodating. Recommended!","","0","","Written February 3, 2014","This review is the subjective opinion of a Tripadvisor member and not of Tripadvisor LLC."
"Eddovich","https://www.tripadvisor.com/Profile/Eddovich","https://media-cdn.tripadvisor.com/media/photo-o/1a/f6/e9/ef/default-avatar-2020-66.jpg","Stockholm, Sweden","5","","Private charter","we did a key west charter and the staff were really friendly, Tony the pilot guided us thorough the journey over the spectacular scenery. Thank you for a fantastic day. <br />//Peter","","0","","Written January 19, 2014","This review is the subjective opinion of a Tripadvisor member and not of Tripadvisor LLC."
"Patrick W","https://www.tripadvisor.com/Profile/890patrickw","https://media-cdn.tripadvisor.com/media/photo-o/1a/f6/e4/59/default-avatar-2020-49.jpg","Sarasota, FL","5","Dec 2013 • Family","Best way to Bimini","Have used Miami Seaplane Tours for our last two vacations to Bimini.  Tony (pilot/owner) provides an awesome experience and the price for our family is less than flying commercial out of Fort Lauderdale airport. Even if it weren't such a deal, we would still use this service.  You can't beat the scenery and experience and they take care of arranging for Customs/Immigration to be ready to meet you, Perfect experience!","Family","0","","Written January 17, 2014","This review is the subjective opinion of a Tripadvisor member and not of Tripadvisor LLC."
"dkup2014","https://www.tripadvisor.com/Profile/dkup2014","https://media-cdn.tripadvisor.com/media/photo-o/1a/f6/f1/42/default-avatar-2020-20.jpg","Coral Gables, FL","5","Dec 2013 • Couples","MUST DO!","My husband and I flew with Pilot/Owner Toni Anderson recently - twice because we loved it so much!  His entire team are top notch professional.  Toni loves his job, respects the skies, weather and his seaplanes.  You can feel his love of flying in a seaplane when you fly with him. We flew from Rickenbacker Causeway to/from Bimini twice and look forward to doing it again. He always keeps an eye on the weather. On our last return from Bimini, he contacted us to depart an hour earlier than planned to arrive in Miami before the cold front ~ and he was absolutely right on!  This is a MUST DO!","Couples","0","https://media-cdn.tripadvisor.com/media/photo-o/05/38/ca/31/miami-seaplane-tours.jpg
https://media-cdn.tripadvisor.com/media/photo-o/05/38/ca/2e/miami-seaplane-tours.jpg
https://media-cdn.tripadvisor.com/media/photo-o/05/38/ca/2c/miami-seaplane-tours.jpg","Written January 8, 2014","This review is the subjective opinion of a Tripadvisor member and not of Tripadvisor LLC."
"Doris R","https://www.tripadvisor.com/Profile/DorisR630","https://media-cdn.tripadvisor.com/media/photo-o/1a/f6/e7/99/default-avatar-2020-57.jpg","Miami Beach, FL","5","Jan 2014 • Family","Ein tolles Erlebnis","Ich hatte einen Seaplaneflug nach Key West über die Keys gebucht und es war fantastisch. Die Abflugorganisation war unproblematisch und wir starteten pünktlich. Der Pilot Tony hat den ca 2 1/2 stündigen Flug( Hin- und Rückflug) sehr kurzweilig und interessant gestaltet. Das Flugzeug war in gutem Zustand. In Key West wurde ich nach downtown geshuttled und von dort auch wieder abgeholt.<br />Das einzig mühsame war das Hin - und Zurückkommen, da der Taxifahrer mit der Adresse nicht richtig etwas anfangen konnte und das zur späteren  Abholung von der Fluggesellschaft angeforderte Taxi war auch nach 40 Minuten noch nicht da.","Family","0","","Written January 8, 2014","This review is the subjective opinion of a Tripadvisor member and not of Tripadvisor LLC."
"CZR1313","https://www.tripadvisor.com/Profile/CZR1313","https://media-cdn.tripadvisor.com/media/photo-o/1a/f6/e5/2b/default-avatar-2020-52.jpg","Chicago, IL","5","Nov 2013 • Couples","You gotta do this!!!","I work in tourism in Chicago and everyime I travel I try to experience every unique option for vehicle excurisions for a given city.  I've been on helicoptors over and outside of Vegas, rode dune buggies in the desert outside of Vegas, an airboat in the Everglades, a catamaran, submarie and a 10 person plane in Hawaii, parasailed in the Bahamas and on and on, but honestly the seaplane was one of the coolest experiences ever bringing together water and sky.  I would recommend this to anyone visiting Miami or even if you were local.  Amazing.","Couples","0","","Written December 30, 2013","This review is the subjective opinion of a Tripadvisor member and not of Tripadvisor LLC."
"VacationManiac85","https://www.tripadvisor.com/Profile/VacationManiac85","https://media-cdn.tripadvisor.com/media/photo-o/1a/f6/f4/5d/default-avatar-2020-32.jpg","Monmouth Junction, NJ","5","Dec 2013 • Couples","Perfect proposal","I got in touch with Miami Seaplane to inquire about their island escape adventure.  Nicole & Aileen helped me plan everything.  They are both great.  I arrived at the location and met with Tony our pilot. Signed a few forms and went out to the plane. Took a few pictures and I got into the seaplane.  My girlfriend got the special treatment when Tony whisked her up and into the seaplane so she didn't have to get her feet wet.  The doors were left open and Tony turned on the engine. We had a great breeze while floating in the plane.  We then took off and began our tour of Miami. The views were spectacular and we saw quite a few sights.  All of a sudden Tony told us that he was experiencing ""trouble"" and had to land to see what the problem was.  We landed and my girlfriend said she felt nauseous. All of a sudden we came up to this island to find a beautiful picnic setup for the two of us.  We deplaned &  Aileen was on the private island to greet us.  On the island they setup a picnic with a iPod dock, champagne, shrimp, crackers, hummus, dessert...  It was all delicious.  Tony and Aileen left us on the island for an hour to enjoy the time by ourselves.  I prepared a playlist and on the fourth song in I proposed.  We enjoyed the rest of the time together. After an hour Tony and Aileen returned to the island via seaplane and picked us up.  Aileen remained to cleanup whilst Tony flew us back.  This was the perfect proposal and everything worked out just as planned.  Thanks Miami Seaplane!!! (Tony, Aileen & Nicole)<br /><br />I would highly recommended this place.  Even if it is just for a tour. <br />The staff is extremely professional and you will feel safe. <br />The seaplanes are is great shape and well kept.","Couples","0","https://media-cdn.tripadvisor.com/media/photo-o/05/30/70/d5/great-views.jpg
https://media-cdn.tripadvisor.com/media/photo-o/05/30/70/b5/tony-us.jpg
https://media-cdn.tripadvisor.com/media/photo-o/05/30/70/ac/aileen-us.jpg
https://media-cdn.tripadvisor.com/media/photo-o/05/30/70/90/picnic-setup-by-miami.jpg","Written December 29, 2013","This review is the subjective opinion of a Tripadvisor member and not of Tripadvisor LLC."
"Stephen","https://www.tripadvisor.com/Profile/foxsmjr","https://media-cdn.tripadvisor.com/media/photo-s/01/51/b0/f2/foxsmjr.jpg","Miami, FL","5","Apr 2013 • Solo","Felt like a little kid, so fun and exciting!","Man, who hasn't wanted to go on a sea plane!  My partner and I live downtown and see the plane flying by all the time.  We frequently dine at the near by Rusty Pelican.  Well, low and behold, a groupon came out and we pounced at the opportunity.  Amazing!  Finding the place is super easy, parking is a cinch just in front of the fenced in entrance.  You fill out some forms and thats it, we took off literally with in 5 mins of our booked time.  The pilot was this super nice and friendly guy named Adriel.  He provides commentary over the speakers while flying along with nice music.  It was just so much fun, we went out government cut waterway above the cruise ships and north along Miami Beach to just past the Fontainebleau.  Once we landed Adriel even offered and took the time to take pics of us together.  What a pleasure to experience professional and personal customer service in Miami!  Thank you all for making this such a fun and memorable experience.  Way to go !!","Solo","0","https://media-cdn.tripadvisor.com/media/photo-o/05/2e/4d/1a/miami-seaplane-tours.jpg
https://media-cdn.tripadvisor.com/media/photo-o/05/2e/4d/0f/miami-seaplane-tours.jpg
https://media-cdn.tripadvisor.com/media/photo-o/05/2e/4d/07/miami-seaplane-tours.jpg
https://media-cdn.tripadvisor.com/media/photo-o/05/2e/4c/fd/miami-seaplane-tours.jpg
https://media-cdn.tripadvisor.com/media/photo-o/05/2e/4c/f4/miami-seaplane-tours.jpg
https://media-cdn.tripadvisor.com/media/photo-o/05/2e/4c/e8/miami-seaplane-tours.jpg
https://media-cdn.tripadvisor.com/media/photo-o/05/2e/4c/e4/miami-seaplane-tours.jpg
https://media-cdn.tripadvisor.com/media/photo-o/05/2e/4c/d8/miami-seaplane-tours.jpg","Written December 27, 2013","This review is the subjective opinion of a Tripadvisor member and not of Tripadvisor LLC."
"DocteurPink","https://www.tripadvisor.com/Profile/DocteurPink","https://media-cdn.tripadvisor.com/media/photo-o/1a/f6/e2/4a/default-avatar-2020-42.jpg","","5","Dec 2013 • Couples","Amazing, gorgeous","Très bon moment au dessus de Miami, c'est vraiment le seul moyen de se rendre compte de la géographie des lieux (la Floride c'est plat !) et de voir les villas des super riches. Des bonnes explications du pilote très sympathique et pro. Nous avons choisis de faire le vol d'une heure ""ULTIMATE MIAMI & BEACHES COASTLINE TOUR"". Nous le conseillons vivement","Couples","0","","Written December 14, 2013","This review is the subjective opinion of a Tripadvisor member and not of Tripadvisor LLC."
"sh29314","https://www.tripadvisor.com/Profile/sh29314","https://media-cdn.tripadvisor.com/media/photo-o/1a/f6/ec/a2/default-avatar-2020-3.jpg","Miami Beach, FL","5","Oct 2013 • Couples","Miami to Little Palm Island! What a Trip!","We had a fantastic experience with Miami Seaplane.<br />Our pilot Tony was extremely professional, knowledgable and fun. <br />He warmly welcomed us and made us feel comfortable and safe during the entire trip.<br />Plane extra-clean, flight was very smooth even though there was 30mph gusts.<br />Pick-up and drop off was on time. We will use you again. The best way to travel in style !!<br />Thank you, Laurent","Couples","0","","Written October 31, 2013","This review is the subjective opinion of a Tripadvisor member and not of Tripadvisor LLC."
"Harry G","https://www.tripadvisor.com/Profile/470harryg","https://media-cdn.tripadvisor.com/media/photo-o/1a/f6/7c/01/default-avatar-2020-5.jpg","Uniontown, PA","5","Oct 2013 • Couples","Miami Seaplane Tours","This was a great experience.  Both me and my wife are afraid of heights, but once we took off we had a great time.  The sights were spectacular and the pilot was a very smooth driver.  Thanks seaplane tours.<br />Harry <br /><br />P.S. It would have been nice of Seaplane Tours to provide transportation to the sight.  It cost $100.00 for a cab ride there.","Couples","0","","Written October 27, 2013","This review is the subjective opinion of a Tripadvisor member and not of Tripadvisor LLC."
"Lenikola","https://www.tripadvisor.com/Profile/Lenikola","https://media-cdn.tripadvisor.com/media/photo-o/1a/f6/ec/a2/default-avatar-2020-3.jpg","","5","Oct 2013","Отличный романтический вид отдыха","Лучший вид развлечений и возможность увидеть всю южную Флориду с самолета. Владельцы компании, кто также являются пилотами, очень приятные и добро желательные люди. Очень рекомендую. Самый лучший вид отдыха в Майями :) ","","0","","Written October 24, 2013","This review is the subjective opinion of a Tripadvisor member and not of Tripadvisor LLC."
"Alicia Reyes","https://www.tripadvisor.com/Profile/aliciarm981","https://media-cdn.tripadvisor.com/media/photo-m/1280/1c/79/bc/2e/alicia-r.jpg","Antofagasta, Chile","5","May 2013 • Couples","Excelente!","Fue una experiencia maravillosa, ver la inmensa ciudad de Miami y sus playas desde el aire fue realmente excepcional. Paseamos junto a mi esposo en un hermoso día soleado donde pudimos apreciar la ciudad. El piloto en todo momento entregó las indicaciones por dónde se estaba sobrevolando. Totalmente recomendable.","Couples","0","https://media-cdn.tripadvisor.com/media/photo-o/04/ad/35/60/miami-seaplane-tours.jpg
https://media-cdn.tripadvisor.com/media/photo-o/04/ad/35/56/miami-seaplane-tours.jpg
https://media-cdn.tripadvisor.com/media/photo-o/04/ad/35/4d/miami-seaplane-tours.jpg
https://media-cdn.tripadvisor.com/media/photo-o/04/ad/35/46/miami-seaplane-tours.jpg","Written October 14, 2013","This review is the subjective opinion of a Tripadvisor member and not of Tripadvisor LLC."
"Najeeb K","https://www.tripadvisor.com/Profile/najeebk2013","https://media-cdn.tripadvisor.com/media/photo-o/1a/f6/e8/91/default-avatar-2020-62.jpg","Jeddah, Makkah, Saudi Arabia","5","May 2013 • Business","GREAT EXPERIENCE","It was a really a great experience.... Me & my friends had with Miami Seaplane Tours. It was once in a life experience.  With spectacular view of Miami beach and city is unforgettable. In fact I was a bit of tensed while commencing the tour... but soon I am relaxed...  The captain was so friendly and he was our tour guide as well.","Business","0","","Written October 11, 2013","This review is the subjective opinion of a Tripadvisor member and not of Tripadvisor LLC."
"elma94","https://www.tripadvisor.com/Profile/elma94","https://media-cdn.tripadvisor.com/media/photo-o/1a/f6/e2/11/default-avatar-2020-41.jpg","Leverkusen, Germany","5","May 2013","Wow!!!!!","It was soooooo amazing! The weather was perfect, the flight was perfect and the pilot was ..... unbelieveable! THANK YOU !!","","0","","Written October 11, 2013","This review is the subjective opinion of a Tripadvisor member and not of Tripadvisor LLC."
"Fkharafi","https://www.tripadvisor.com/Profile/Fkharafi","https://media-cdn.tripadvisor.com/media/photo-o/1a/f6/e8/ea/default-avatar-2020-63.jpg","","5","May 2013 • Friends","WoooW","The Tour was Great from Start to Finish. the pilot was amazing and funny person and provide guidance in entertaining way","Friends","0","","Written October 5, 2013","This review is the subjective opinion of a Tripadvisor member and not of Tripadvisor LLC."
"vivleplus","https://www.tripadvisor.com/Profile/vivleplus","https://media-cdn.tripadvisor.com/media/photo-s/01/ba/a7/11/vivleplus.jpg","Miami","5","Sep 2013 • Family","Should have done this before!","We just did a 30 min flights and loved it! <br />I've lived in Miami for 16 years and it was the first time I saw it from the sky. It was great! <br />Our pilote was very nice, a great guide and most of all was flying very smoothly. <br />From now on I'll be recommending this tour to our tourist friends visiting!","Family","0","","Written September 27, 2013","This review is the subjective opinion of a Tripadvisor member and not of Tripadvisor LLC."
"Alan F","https://www.tripadvisor.com/Profile/307alanf","https://media-cdn.tripadvisor.com/media/photo-o/1a/f6/e4/2d/default-avatar-2020-48.jpg","Manchester, UK","5","Jul 2013 • Couples","Miami...nice","We stayed in Miami recently (late July/early August 2013) for a weeks vacation. Two trips were booked. One to Key West and the other a seaplane tour. <br /><br />Because of poor weather our flight was delayed for 48 hours bu are we glad that eventually the weather improved and we could take up the seaplane tour of Miami.<br /><br />Our pilot was superb. Made us very calm before take -off and then once in teh air flew us with great professionalism over this wonderful city. He explained everything there was to know about Miami - so much so that our 30 minute trip literally flew by. Do it again ?  You bet we would.","Couples","0","","Written September 16, 2013","This review is the subjective opinion of a Tripadvisor member and not of Tripadvisor LLC."
"Stefnow","https://www.tripadvisor.com/Profile/Stefnow","https://media-cdn.tripadvisor.com/media/photo-o/1a/f6/eb/6d/default-avatar-2020-19.jpg","Geneva, Switzerland","5","Aug 2013","Fantastique et encore fantastique !","Un Super grand merci Tony ! <br />Ce fut un vol fantastique et nous reviendrons pour traverser avec toi à nouveau les eaux turquoises des Bahamas. <br />N'hésitez pas une minute, envolez vous avec Miami Seaplane et Tony. <br />À bientôt.","","0","","Written September 11, 2013","This review is the subjective opinion of a Tripadvisor member and not of Tripadvisor LLC."
"Jcky157","https://www.tripadvisor.com/Profile/Jcky157","https://media-cdn.tripadvisor.com/media/photo-o/1a/f6/e7/99/default-avatar-2020-57.jpg","","5","Aug 2013","Fantastic experience!","Tony, the pilot of our flight was amazing! He had a great attitude and was very courteous. He was informative and gave us a great tour. He was funny as well. The sights were amazing and would highly recommend to a friend! ","","0","","Written September 8, 2013","This review is the subjective opinion of a Tripadvisor member and not of Tripadvisor LLC."
"MARIA CRISTINA G","https://www.tripadvisor.com/Profile/CristinaBotelho","https://media-cdn.tripadvisor.com/media/photo-o/1a/f6/de/5a/default-avatar-2020-36.jpg","Boca Raton, FL","4","Aug 2013 • Friends","Lugar perfeito para um churrasquinho com os amigos.","É uma linda ilha com atracões  para toda a família: pesca, passeio de bicicleta, visita ao farol, um bom banho de mar, com águas calmas e quentinhas. Para finalizar, um delicioso churrasco com os amigos, debaixo da sombra das árvores.","Friends","0","","Written August 26, 2013","This review is the subjective opinion of a Tripadvisor member and not of Tripadvisor LLC."
"Kimberley O","https://www.tripadvisor.com/Profile/Kim4485","https://media-cdn.tripadvisor.com/media/photo-o/1a/f6/e8/91/default-avatar-2020-62.jpg","Chester, UK","5","Aug 2013 • Couples","Fantastic trip, fantastic pilot!","We have just returned from this trip which my husband booked as part of our surprise honeymoon. It was fantastic! We arrived in plenty of time and sat on the deck in the Miami evening sunshine. <br />Our plane arrived in style with a helicopter escort...it was an awesome sight! <br />Our pilot introduced himself then lifted me through the waves so I didn't even have to get wet feet as we boarded. Wow! <br />Our first spot was a dolphin before we had even taken off, followed by a pair of manatees basking in the bay! Our pilot was fabulous and clearly very enthusiastic about the area. He gave us so much information and opportunities for photographs as we flew over the Miami skyline. <br />The service was really personal and we felt like we left as friends. The owner was a really interesting guy and we could have happily chatted for hours! <br />We wish this family every luck for the future, this is a wonderful company!","Couples","0","","Written August 16, 2013","This review is the subjective opinion of a Tripadvisor member and not of Tripadvisor LLC."
"Reshmi K","https://www.tripadvisor.com/Profile/reshmik888","https://media-cdn.tripadvisor.com/media/photo-s/07/ea/e6/11/reshmi-k.jpg","New York City, NY","5","Jul 2013 • Friends","Best activity in Miami","Me & my friends had booked this scenic 1hr Sunset tour for our Miami vacation this July. Though the cost was high we took a chance based upon the reviews read. We reached there on time & once our pilot arrived we didn't waste a minute. Our pilot was very friendly & made the 4 of us very comfortable within minutes of our introduction. As the weather was in our favour the whole tour was breathtakingly beautiful & our pilot entertained us by his non-stop knowledge about the places. We covered all of Miami & our pilot even took a chance of taking us towards the far most aerial border of Miami so that we can get a better snap of the sunset. All in all we didn't understand how the 1hr flew by but the whole tour was worth every $ spend. I am so happy with this experience that I have already recommended this to all my friends for their <br />future tours.","Friends","0","","Written July 11, 2013","This review is the subjective opinion of a Tripadvisor member and not of Tripadvisor LLC."
"Grish V","https://www.tripadvisor.com/Profile/GrishV","https://media-cdn.tripadvisor.com/media/photo-o/1a/f6/f3/23/default-avatar-2020-28.jpg","London, England, United Kingdom","5","May 2013 • Couples","Unforgettable","My bf proposed to me whilst we were on board this seaplane. Of course I had no idea, but Adriel our pilot was amazing from the start. He was welcoming, very friendly, had a fantastic way of explaining all of the details; you can tell he is very passionate about what he does. On the day the weather was great, we even had some dolphins breaking the surface of the water as we took of. Must say I learnt so much about Miami through this experience and the proposal itself was rather sauve. Adriel, thanks for helping make that moment unforgettable - and for adding ammo toward an excuse to come back (2014 maybe?). Good luck with everything, and keep the attitude!","Couples","0","https://media-cdn.tripadvisor.com/media/photo-o/04/0c/01/44/miami-seaplane-tours.jpg
https://media-cdn.tripadvisor.com/media/photo-o/04/0c/01/19/miami-seaplane-tours.jpg
https://media-cdn.tripadvisor.com/media/photo-o/04/0c/00/f4/miami-seaplane-tours.jpg
https://media-cdn.tripadvisor.com/media/photo-o/04/0c/00/d5/miami-seaplane-tours.jpg","Written June 15, 2013","This review is the subjective opinion of a Tripadvisor member and not of Tripadvisor LLC."
"WilsonSilveiraP","https://www.tripadvisor.com/Profile/WilsonSilveiraP","https://media-cdn.tripadvisor.com/media/photo-o/1a/f6/e6/ea/default-avatar-2020-54.jpg","Florianopolis, SC","1","May 2013 • Friends","Once in miami look for serious companies to make air tours","In  MAY 27 i phoned to your base (nº 305.361.3909) when i got confirmation about the tour in the next day (MAY 28).<br /><br />In MAY 28,  we stayed there from 09 to 10:30 AM and the base was closed.<br /><br />Reaching back at my hotel  (DREAM MIAMI) i phoned to nº 305.361.3909 and was informed about the wheater conditions and was invited to reschedule the tour.<br /><br />So i explained to the atendent that MAY 28 was my last day in Miami, so i couldnt reschedule the flight.<br /><br />So the atendent told me she would wait for the supervisor to explain the situation, and also told me that i would be  contacted by e_mail with the supervisor's information about the refund.<br /><br />Since then total silence. No contact or reply to my emails<br /><br />Wilson","Friends","0","","Written June 2, 2013","This review is the subjective opinion of a Tripadvisor member and not of Tripadvisor LLC."
"AnjMen","https://www.tripadvisor.com/Profile/AnjMen","https://media-cdn.tripadvisor.com/media/photo-o/1a/f6/e4/59/default-avatar-2020-49.jpg","Lake Worth, FL","2","May 2013 • Friends","Too costly - not worthwhile","We originally took this tour for $75 per person for a 30 minute flight and greatly enjoyed it.  But when we brought guests back the following year, they were given a 10 minute flight and a different  pilot who didn't explain as much about the area as with the original flight.  We found it very overpriced and not worthwhile. Ten minutes is too little time given that we spent a total of $225 for the three guests.  When I contacted the company, they told me the flight was longer, but that was simply not true as I stood on the ground and checked the time exactly when they began to taxi and when they returned.","Friends","0","","Written May 30, 2013","This review is the subjective opinion of a Tripadvisor member and not of Tripadvisor LLC."
"Kevin C","https://www.tripadvisor.com/Profile/862KevinC","https://media-cdn.tripadvisor.com/media/photo-o/1a/f6/de/e7/default-avatar-2020-37.jpg","Lansing, MI","5","Apr 2013 • Couples","Great view of the bay and beaches","Tony's love of aviation an his knowledge of the area make for a great south Florida adventure. Will spend more time with Tony on our next visit!","Couples","0","","Written April 23, 2013","This review is the subjective opinion of a Tripadvisor member and not of Tripadvisor LLC."
"Brianmarcel","https://www.tripadvisor.com/Profile/Brianmarcel","https://media-cdn.tripadvisor.com/media/photo-o/0b/c1/4f/37/brianmarcel.jpg","Cua Lap, Vietnam","5","Apr 2013 • Couples","Unieke ervaring","Vandaag een tour met Miami seaplane gedaan. Geweldig om Miami, south Beach en key Biscayne vanuit de lucht te zien. De piloot heeft ook veel verteld over de natuurlijk, geschiedenis En cultuur.","Couples","0","","Written April 11, 2013","This review is the subjective opinion of a Tripadvisor member and not of Tripadvisor LLC."
"MaidMarion48","https://www.tripadvisor.com/Profile/MaidMarion48","https://media-cdn.tripadvisor.com/media/photo-o/1a/f6/e9/bb/default-avatar-2020-65.jpg","Devon, UK","5","Mar 2013 • Couples","Fantastic Experience","We did the seaplane tour on the 31st March 2013 - absolutely fabulous, our pilot Adriel made the trip with his knowledge and passion for the keys, everglades and Miami area.  Unmissable if you are in the area and have the dosh.","Couples","0","","Written April 6, 2013","This review is the subjective opinion of a Tripadvisor member and not of Tripadvisor LLC."
"peredakk","https://www.tripadvisor.com/Profile/peredakk","https://media-cdn.tripadvisor.com/media/photo-o/1a/f6/de/0a/default-avatar-2020-35.jpg","Miami, FL","5","Jan 2013 • Couples","Beautiful!","I was a bit hesitant on flying such a small plane but the owner-pilot made our experience truly amazing. He flew low enough so we could appreciate the beauty of the Miami Skyline and the reefs and ocean that make this such an amazing city.   I prefer to fly to Bimini than go by boat, especially when one wants to get in every minute of a weekend getaway.","Couples","0","","Written March 24, 2013","This review is the subjective opinion of a Tripadvisor member and not of Tripadvisor LLC."
"Lucy0320","https://www.tripadvisor.com/Profile/Lucy0320","https://media-cdn.tripadvisor.com/media/photo-o/1a/f6/de/5a/default-avatar-2020-36.jpg","Miami, FL","5","Mar 2013 • Family","Best Birthday Suprise","I went on this tour yesterday, March 23, 2013, and it was the most indescribable experience I have ever been through. Considering I've been on hot air balloons and other rides that take me up in the sky, none of them compare to yesterday's marvelous escape. The pilot was also kind and informative when were up in the air. He went over safety precautions, pointed out different areas of Miami, and made us feel like we were exceptionally special. The view from up there is also incredible in every single aspect. You can see the clear waters and everyone from below waves up and greets us when we're leaving and landing. There was no scary surprises. No hesitating moments. Make sure to bring your cameras! PS: My mom and I went aboard this aircraft together a few days after my actual birthday and I don't really like flying but, we both had tons of fun!","Family","0","","Written March 24, 2013","This review is the subjective opinion of a Tripadvisor member and not of Tripadvisor LLC."
"Mark H","https://www.tripadvisor.com/Profile/611MarkH","https://media-cdn.tripadvisor.com/media/photo-s/02/82/d5/7a/mark-h.jpg","Wayland, MA","5","Feb 2013 • Family","A great way to get to Bimini and small islands","We found by accident that Miami Seaplanes is the best way to fly to Bimini, particularly couples or a family for with typical 'beach trip' luggage.  See: www.MiamiSeaplanes.com  You can fly into the Miami airport on any airline, and book a flight with Miami Seaplanes to / from Bimini or other small islands and resorts. The transfer to/ from Miami airport is easy -- less time than we spent, by far, in the overcrowded Ft. Lauderdale airport. <br /><br />We stumbled on this option when my wife was called back for a Board of Directors meeting, in the middle of our vacation. She found Miami Seaplanes on the web, and loved it. The pilot, a great guy, also took our son and his friend up for a short flight around Bimini -- a real adventure.<br /><br />The seaplane lands on Bimini in the small inlet between the North and South islands, and pulls up on the sand on the North island, down the street from the ferries.  You step off onto the beach -- no terminal and no lines!  A Bimini Customs official will meet you there.  <br /><br />The other option is United, which now offers once-a-day scheduled flights to Bimini from Ft. Lauderdale airport, with twin-engine Saab turboprops via an alliance with Silver Airlines -- a Carribbean charter service. If you have a larger group or a bunch of luggage, e.g. for scuba or underwater photography, this is the way to go. The dual engine Saab turboprops were very comfortable, like a commuter flight.  <br /><br />The Ft. Lauderdale airport is an overcrowded mess, however, and we were there in February during the 'low' season. I can't imagine what it must be like during Spring Break or the high season. <br /><br />How to get around when you are there:  the place that Miami Seaplanes lands is a short walk from the dock where the little ferries will take you across to South Island, if you are staying at Bimini Sands.  If you take the United flight, you will arrive at Bimini's small airport on the South island. A minibus shuttle meets every United flight and will take you to Bimini Sands, or the ferry dock to the North Island -- a 3 to 5 minute drive. Two small ferry boats run back and forth across the shallow inlet between the South and North island -- another 5 minute trip. One ferry is free for residents, but a tip of $2 per visitor is a good idea. The other is run by a local guy, and he charged $2 per person. <br /><br />You do not need to make a reservation -- the ferries run back and forth all day, from the early <br />morning into the night. A couple of vendors rent golf carts to get around on the North and South <br />islands, but we simply walked from the Miami Seaplane beach to the ferry, and from there to Bimini Sands. You could also walk to / from the seaplane to the Big Game Club.  Bimini is a very <br />small place!  Taxis are also available, if needed.<br /><br />In summary, we will definitely book a flight with Miami Seaplanes for our next trip to Bimini.  It is quite an experience, and more convenient.<br /><br />Mark Hays","Family","0","","Written March 15, 2013","This review is the subjective opinion of a Tripadvisor member and not of Tripadvisor LLC."
"Frankie007fl","https://www.tripadvisor.com/Profile/Frankie007fl","https://media-cdn.tripadvisor.com/media/photo-f/01/2e/70/63/avatar041.jpg","Florida","5","","Wow what thrill.","Great value, awesome pilot, very informative, lots of fun, had a great time, what else can I say other than I looked up trip advisor to write how happy I was with the trip. I will definitely do it again. ","","0","","Written December 29, 2012","This review is the subjective opinion of a Tripadvisor member and not of Tripadvisor LLC."
"ElRico92","https://www.tripadvisor.com/Profile/ElRico92","https://media-cdn.tripadvisor.com/media/photo-s/02/40/20/ae/edevos92.jpg","New Orleans, LA","5","Nov 2012 • Friends","Magnifique","Voir Miami du ciel est un moment magique et c'est encore mieux quand le pilote est super sympathique. De bonnes explications sur Miami, un bon pilotage, je recommande, c'est un super moment.","Friends","0","https://media-cdn.tripadvisor.com/media/photo-o/03/9c/0a/bd/miami-seaplane-tours.jpg
https://media-cdn.tripadvisor.com/media/photo-o/03/9c/0a/b5/miami-seaplane-tours.jpg
https://media-cdn.tripadvisor.com/media/photo-o/03/9c/0a/ae/miami-seaplane-tours.jpg
https://media-cdn.tripadvisor.com/media/photo-o/03/9c/0a/a7/miami-seaplane-tours.jpg
https://media-cdn.tripadvisor.com/media/photo-o/03/9c/0a/9e/miami-seaplane-tours.jpg
https://media-cdn.tripadvisor.com/media/photo-o/03/9c/0a/96/miami-seaplane-tours.jpg
https://media-cdn.tripadvisor.com/media/photo-o/03/9c/0a/8f/miami-seaplane-tours.jpg","Written November 21, 2012","This review is the subjective opinion of a Tripadvisor member and not of Tripadvisor LLC."
"jodivolk","https://www.tripadvisor.com/Profile/jodivolk","https://media-cdn.tripadvisor.com/media/photo-o/1a/f6/ef/32/default-avatar-2020-12.jpg","Lincoln, NE","5","Sep 2012 • Couples","Amazing!","My husband bought me this surprise seaplane tour for my birthday to use while we were in Miami. He worked with Tony, the owner and pilot, to make it a great adventure and a romantic surprise. Tony tailored the tour to what my husband asked for -- we went over the water to approx the Keys and then Eric told him he wanted to see the Everglades so we went to the edge of the 'glades. Tony was very knowledgeable of the area on land and sea and it was very interesting. After about 90 minutes in the air, we landed near this ""private island"" and there was a romantic lunch for 2 set up on the beach for us -- complete with champagne and our favorite beer. We ate and then swam and then we had another 20 minutes in the air to finish it off. I was one of the highlights of our trip and a memory that we'll have forever. Thank you!","Couples","0","","Written October 5, 2012","This review is the subjective opinion of a Tripadvisor member and not of Tripadvisor LLC."
"GaelicKaz","https://www.tripadvisor.com/Profile/GaelicKaz","https://media-cdn.tripadvisor.com/media/photo-f/01/2e/70/92/avatar018.jpg","Dublin","5","Aug 2012 • Couples","Tony was a great tour guide!","Having gotten a voucher for this tour on our trip to Miami, we made sure to make the most of our few days and booked this in for our first morning. And we were so glad, as we got the greatest tour of the whole Miami area. You get to see Key Biscayne, as well as the city and South Beach, but also the touristy drops of the famous houses, the city area, sea aquarium we saw the killer whale and the dolphins, and little tit bits of information Tony was only happy to share!<br />That afternoon, we really felt we had a better idea and understanding of the area, and would recommend to anyone!<br /><br />One thing, when taking a taxi here, please note.. the minute you pay your toll and drive over the bridge, take the FIRST chance of a left and then left again down a gravel road... Our taxi driver brought us all the way down Key Biscayne when he really had no idea where it was located!!!","Couples","0","","Written August 19, 2012","This review is the subjective opinion of a Tripadvisor member and not of Tripadvisor LLC."
"brookb796","https://www.tripadvisor.com/Profile/brookb796","https://media-cdn.tripadvisor.com/media/photo-f/01/2e/70/a4/avatar075.jpg","Stuart, FL","3","Aug 2012 • Couples","GREAT!!!!","At first i was a little mad, we had a tour booked at 10am and the pilot showed up late<br />But then everything went great, he was very polite, and super fun<br />We had a blast!!!<br />But waaaaaay expensive $150 per person for a 30 minute ride is just insane.","Couples","0","","Written August 14, 2012","This review is the subjective opinion of a Tripadvisor member and not of Tripadvisor LLC."
"MarieetAlain68","https://www.tripadvisor.com/Profile/MarieetAlain68","https://media-cdn.tripadvisor.com/media/photo-s/02/bc/a2/d5/marieetalain68.jpg","Yverdon-les-Bains, Switzerland","5","Jul 2012 • Couples","Magnifique moment","Nous avons passé un super moment au-dessus de Miami, merci à notre pilote pour sa gentillesse et ses explications très intéressantes sur l'histoire et la géographie de Miami. A recommander !","Couples","0","https://media-cdn.tripadvisor.com/media/photo-s/02/bc/a1/47/miami-seaplane-tours.jpg","Written August 12, 2012","This review is the subjective opinion of a Tripadvisor member and not of Tripadvisor LLC."
"Bucciarel","https://www.tripadvisor.com/Profile/Bucciarel","https://media-cdn.tripadvisor.com/media/photo-o/1a/f6/e2/4a/default-avatar-2020-42.jpg","Champigny-sur-Marne, France","5","","Amazing","Every thing was perfect, from begining to the end.<br />Fly over Miami whith good music and interesting informations about the city.<br />Thank you for everything, That was perfect.","","0","","Written August 3, 2012","This review is the subjective opinion of a Tripadvisor member and not of Tripadvisor LLC."
"Dee R","https://www.tripadvisor.com/Profile/DeeR330","https://media-cdn.tripadvisor.com/media/photo-o/1a/f6/df/2b/default-avatar-2020-39.jpg","Fort Lauderdale, FL","5","Jul 2012 • Family","Great Experience","I have lived in South Florida for 8 years, but to see the beauty of the beaches and coast, and downtown area from this Seaplane was very nice. I was a bit scared because of the size of the plane, but nothing to worry about, all the safety features are there and the pilot was extremely knowledgeable about maneuvering the aircraft. If you want to try it, DO It.. you will have fun. Also was able to see a bull-shark, and manatee, and some sting rays cruising along the water.. Very nice.","Family","0","","Written August 2, 2012","This review is the subjective opinion of a Tripadvisor member and not of Tripadvisor LLC."
"Shelly7742","https://www.tripadvisor.com/Profile/Shelly7742","","","5","","Amazing!!","I bought a Groupin for Seaplane ride & two night stay in Bimini and it was an amazing experience!! Captain Tony was very accommodating & professional. He has passion for his job and it shows!! Whether its a tour of Miami or charter to Bimini I highly recommend it!! An experience we will never forget!!","","0","","Written July 31, 2012","This review is the subjective opinion of a Tripadvisor member and not of Tripadvisor LLC."
"Kikasallas","https://www.tripadvisor.com/Profile/Kikasallas","https://media-cdn.tripadvisor.com/media/photo-o/1a/f6/e4/2d/default-avatar-2020-48.jpg","Miami, FL","5","Jul 2012 • Couples","Amazing!!!","it is just an amazing thing to do!! I really think Miami is one of the most beautiful cities aroun the world, and to have the chance to see it from the air it was an incredible experience.","Couples","0","https://media-cdn.tripadvisor.com/media/photo-s/02/ab/aa/6b/filename-dsc00507-jpg.jpg
https://media-cdn.tripadvisor.com/media/photo-o/02/ab/aa/4d/filename-dsc00493-jpg_rotated_270.jpg
https://media-cdn.tripadvisor.com/media/photo-s/02/ab/aa/2f/filename-dsc00464-jpg.jpg
https://media-cdn.tripadvisor.com/media/photo-s/02/ab/aa/14/filename-dsc00388-jpg.jpg","Written July 24, 2012","This review is the subjective opinion of a Tripadvisor member and not of Tripadvisor LLC."
"Yolo714","https://www.tripadvisor.com/Profile/Yolo714","https://media-cdn.tripadvisor.com/media/photo-o/1a/f6/df/2b/default-avatar-2020-39.jpg","","5","","Trip to Bimini","This was without a doubt the best flight I have ever taken! My girlfriend and I booked a groupon package for a 2 night stay in Bimini and Tony was our pilot to the island. Not only was he very entertaining and pleasant but we had to reschedule the trip twice due to weather issues and Tony was very acccommodating. I am also very bad with plane rides but Tony made me feel relaxed and comfortable the whole time. The views of both the Miami skyline as well as the island were incredibly surreal and beautiful! Tony was a genuinely nice person and I would highly recommend his services to anyone looking for an experience unlike any other.","","0","","Written July 14, 2012","This review is the subjective opinion of a Tripadvisor member and not of Tripadvisor LLC."
"Laury K","https://www.tripadvisor.com/Profile/LauryK_12","https://media-cdn.tripadvisor.com/media/photo-o/1a/f6/e9/ef/default-avatar-2020-66.jpg","Best, The Netherlands","5","","Fantastic! Recommend this activity!!!","The water plane excursion is brilliant. It's cool to view Miami and area from the air; you' ll see the skyline but also the beautifull Caribbean look of the sea and beaches. The pilot was nice and knowledgable. I did a helicopter ride a couple years ago and was less a fan because the heavy sound. This felt much more relaxed. It is a must do when you are in Miami!! ","","0","","Written July 7, 2012","This review is the subjective opinion of a Tripadvisor member and not of Tripadvisor LLC."
"Caller9","https://www.tripadvisor.com/Profile/Caller9","https://media-cdn.tripadvisor.com/media/photo-o/1a/f6/df/2b/default-avatar-2020-39.jpg","Miami","5","Jun 2012 • Couples","A Different perspective !","Took my wife as a surprise for her birthday, we both loved it and would reccomend it, being a local resident, it gives you a different perspective of the area. The pilot was informative, knowlegible and freindly.","Couples","0","https://media-cdn.tripadvisor.com/media/photo-s/02/91/67/01/filename-img-120621115511.jpg
https://media-cdn.tripadvisor.com/media/photo-s/02/91/66/bf/filename-img-120621114841.jpg
https://media-cdn.tripadvisor.com/media/photo-s/02/91/66/72/filename-img-120621114902.jpg","Written June 28, 2012","This review is the subjective opinion of a Tripadvisor member and not of Tripadvisor LLC."
"ThoTrefz","https://www.tripadvisor.com/Profile/ThoTrefz","https://media-cdn.tripadvisor.com/media/photo-o/1a/f6/f0/d5/default-avatar-2020-17.jpg","Costa Mesa, CA","1","Jun 2012 • Family","The flight was excellent but they charged 15% tipping on full price without authorisation","So I bought 4 Groupons at $75 for our family (a total of $300) when we visited Miami in June 2012. The booking process was very easy. They answered the phone promptly, had our Groupon codes down and sent us a boarding pass for  2 flights as we split into two parties as we take turn to look after a young baby. They told us that tax and gratuity were not included and if we want to pay by credit card we should call one day before or we will need to pay by cash to the pilot. I called the day before our flights and said I want to pay the tax by credit card and will give the pilot tip in cash. Knowing Floridan tax is about 7% that would be roughly $20 so I didn't ask them to confirm the total amount charged. <br />The flight was very enjoyable. The pilot has a lot of local knowledge and was very pleasant. He told us that he owns this company and two planes and he is going to buy a new bigger plane.<br />My husband said that the pilot shouldn't expect any tip as he would make a lot of money from this business. However, I decided to tip him because I enjoyed his talk about the area.<br />We received an invoice of $110 in my email stating ""GT for flights"". I called them up to clarify. The same lady who took my credit card confirmed the tax was $20 and the rest was for gratuity I said I only authorised the tax charge and I already tipped the pilot and that I never authorised them to do that on my credit card. She told me I need to talk to Tony. The first thing he asked me ""How much did you tip the pilot?"" When I told him, he said bluntly ""That is not customary. It should be 15% on the full price of the flights which is $600 if you didn't buy from Groupon"". Thats why they charged me $90. He asked or ""offered"" me if I want to get a refund of $40 for the tip that I already gave the pilot.<br />I believe in tipping but it is for service people who earn $8.50/ hour at restaurants/ hotels who rely on tipping for their living. However, for a pilot who earns a high wage or owns his own company, tipping should be at customer's discretion, not by forced tipping which is the case here.<br />What I also found that their attitude was defiant about the charge when it was clear that I did't authorise it. What was not transparent was they didn't itemise the tax charge of $20 in my $110 invoice but indicated it all as GT for gratuity.<br />I wondered if they did that to avoid the tax and try to capture the discount they offered on Groupon. I have written to them to request the full refund. I hope to hear from other people's experiences.","Family","0","","Written June 19, 2012","This review is the subjective opinion of a Tripadvisor member and not of Tripadvisor LLC."
"Heather C","https://www.tripadvisor.com/Profile/HeatherC851","https://media-cdn.tripadvisor.com/media/photo-o/07/48/ad/c3/heather-c.jpg","Washington DC, DC","5","Jun 2012 • Family","Best Birthday Present I Ever Gave Someone","This was hands down one of the most awesome & memorable ""adventures"" I have taken my dad on. He absolutely loved it, as did I. We purchased a package that lasted an hour, which I think it a perfect amount of time. 30 minutes wouldn't have been enough, and 2 hours + would have been too much (maybe?). The pilot was super knowledgeable about the city & it's history, as well as current projects taking place around the area. Smooth flight, plane was in great shape. My only suggestion is to make sure all the outlets & jacks you plug the head sets into are working properly, as the sound was a little spotty at times for both me & my dad. <br /><br />Overall, excellent investment & well worth it.","Family","0","","Written June 4, 2012","This review is the subjective opinion of a Tripadvisor member and not of Tripadvisor LLC."
"lcapo511","https://www.tripadvisor.com/Profile/lcapo511","https://media-cdn.tripadvisor.com/media/photo-s/1c/85/f9/5d/avatar.jpg","Pembroke Pines, FL","5","May 2012 • Couples","Great Tour in the Air","The staff from the start was great, the pilot even asked us if we wanted to fly through a particular area. The tour was amazing.  The expereince was remarkable. They even do charter flights to Bimini.  Overall it was truly amazing!","Couples","0","","Written May 29, 2012","This review is the subjective opinion of a Tripadvisor member and not of Tripadvisor LLC."
"bernhardbauer","https://www.tripadvisor.com/Profile/bernhardbauer","https://media-cdn.tripadvisor.com/media/photo-o/1a/f6/f4/20/default-avatar-2020-31.jpg","Miami, FL","5","May 2012 • Couples","This is a MUST do","Only in America, they let a sea plane start and land among the speedboats. We came by boat, tied it to one of the moorings in the bay close to the planes beach (there is no boat dock available) and our pilot picked us up at our boat, you can't beat that!! <br /><br />We had a lot of luck and saw a lot of marine live. If everybody here would do their job with same enthusiasm as our pilot did his, this country would be in no crisis !!!!<br /><br />Great experience!<br /><br />Thanks Bernd","Couples","0","","Written May 21, 2012","This review is the subjective opinion of a Tripadvisor member and not of Tripadvisor LLC."
"Markus B","https://www.tripadvisor.com/Profile/markusbX8733NX","https://media-cdn.tripadvisor.com/media/photo-s/02/78/d7/3d/blumarko.jpg","Reinach, Switzerland","5","Apr 2012 • Couples","Best of Miami","There is no better way to explore Miami and its a great fun nobody should miss. It's so special, so great everybody should do that. It was a suprise event for my wife and it was a hit and a great excitement. She was sitting beside the friendly pilot and I was takeing pictures and videos. It's just the best you can get in Miami.","Couples","0","https://media-cdn.tripadvisor.com/media/photo-o/03/3d/24/cf/miami-seaplane-tours.jpg
https://media-cdn.tripadvisor.com/media/photo-o/03/3d/24/c3/miami-seaplane-tours.jpg
https://media-cdn.tripadvisor.com/media/photo-o/03/3d/24/98/miami-seaplane-tours.jpg
https://media-cdn.tripadvisor.com/media/photo-o/03/3d/24/75/miami-seaplane-tours.jpg
https://media-cdn.tripadvisor.com/media/photo-o/02/78/41/38/filename-dsc-0157-jpg.jpg","Written May 14, 2012","This review is the subjective opinion of a Tripadvisor member and not of Tripadvisor LLC."
"anneLanghorne","https://www.tripadvisor.com/Profile/anneLanghorne","https://media-cdn.tripadvisor.com/media/photo-f/01/2e/70/60/avatar038.jpg","langhorne","5","Apr 2012 • Couples","Seaplane tour a must","Wonderful flight excellent pilot with a love and passion for what he does.  Very safe and absolutely beautiful. Very knowledgeable of the area.  Great Tour.","Couples","0","","Written April 27, 2012","This review is the subjective opinion of a Tripadvisor member and not of Tripadvisor LLC."
"Alessandro C","https://www.tripadvisor.com/Profile/615AlessandroC","https://media-cdn.tripadvisor.com/media/photo-o/1a/f6/f1/42/default-avatar-2020-20.jpg","Sabaudia, Lazio, Italy","5","Apr 2012 • Solo","1 hr flight over Miami, Miami Beach and Key Biscayne","One of the best moments of my vacation...with the best pilot, he got passion and love for his job. The panorama from the sky is WONDERFUL. This words cannot describe how beautiful this experience is. You HAVE TO DO IT!!! You'll fly over Miami, Miami Beach to North Miami Beach, Key Biscayne, Coconut Grove.","Solo","0","https://media-cdn.tripadvisor.com/media/photo-s/02/69/b9/6a/filename-miami-beach.jpg","Written April 7, 2012","This review is the subjective opinion of a Tripadvisor member and not of Tripadvisor LLC."
"Mary G","https://www.tripadvisor.com/Profile/MaryG716","https://media-cdn.tripadvisor.com/media/photo-o/1a/f6/df/2b/default-avatar-2020-39.jpg","Miami, FL","5","Mar 2012","AMAZING!!!","We loved our seaplane tour!! It was amazing to see Miami Beach, Vizcaya and the Deering Estate from that vantage point. Our pilot loves what he does which made our trip even more enjoyable. It was also pretty great to see the manatees, shark and rey we saw!!! I highly recommend taking the tour whether your a native or a tourist. It will remind you how amazing Florida truly is! :)","","0","","Written March 28, 2012","This review is the subjective opinion of a Tripadvisor member and not of Tripadvisor LLC."
"ana d","https://www.tripadvisor.com/Profile/pedidermdoc","","Miami, FL","5","Mar 2012 • Friends","Awesome way to see Miami!!!","The trip was really safe fun and absolutely beautiful!!!!","Friends","0","","Written March 27, 2012","This review is the subjective opinion of a Tripadvisor member and not of Tripadvisor LLC."
"Iwanttoseeit","https://www.tripadvisor.com/Profile/Iwanttoseeit","https://media-cdn.tripadvisor.com/media/photo-s/02/ed/b9/73/iwanttoseeit.jpg","West Palm Beach, FL","5","Mar 2012","Spectacular opportunity to experience Miami from coastline to everglades!","For my birthday adventure, I booked a flight on Miami Seaplane Tours.  I had a grin on my face from the thrilling takeoff out of the bay to the landing!  This was an experience to remember forever!  Adriel, our pilot, was very informative and knowledgeable of the area and ecosystems, which enhanced the trip even more.  Seeing the manmade architectural lines along the coast, to the organic shapes of the everglades was remarkable!  The experience of water take off and landing is just fantastic!","","0","","Written March 21, 2012","This review is the subjective opinion of a Tripadvisor member and not of Tripadvisor LLC."
"lermndo","https://www.tripadvisor.com/Profile/lermndo","https://media-cdn.tripadvisor.com/media/photo-o/03/87/9b/77/lermndo.jpg","Lionville, PA","5","Mar 2012","BEST DEAL IN MIAMI!!!","Fantastic! Safety first, great experience-highly experienced pilot, sound plane-takeoff and landing were actually smooth! Will definitely return for another flight!","","0","","Written March 12, 2012","This review is the subjective opinion of a Tripadvisor member and not of Tripadvisor LLC."
"Emsb232000","https://www.tripadvisor.com/Profile/Emsb232000","https://media-cdn.tripadvisor.com/media/photo-o/1a/f6/f3/23/default-avatar-2020-28.jpg","","5","","Great","Great value! The pilot was very attentive. He also gave us a narrated tour. Excellent!!! Beautiful views","","0","","Written March 8, 2012","This review is the subjective opinion of a Tripadvisor member and not of Tripadvisor LLC."
"Avcrna2","https://www.tripadvisor.com/Profile/Avcrna2","https://media-cdn.tripadvisor.com/media/photo-o/1a/f6/eb/e3/default-avatar-2020-59.jpg","","5","","Awesome","Have been up twice. Had a great time. The staff was very professional. The pilot made me feel very safe. ","","0","","Written March 8, 2012","This review is the subjective opinion of a Tripadvisor member and not of Tripadvisor LLC."
"Seb_Explo","https://www.tripadvisor.com/Profile/Seb_Explo","https://media-cdn.tripadvisor.com/media/photo-s/01/f7/01/6c/seb-explo.jpg","New York City, NY","5","Feb 2012","Highpoint of our stay in Key Biscayne","This one was definitely on my bucket list ! Our experience with Miami Seaplane Tours  was simply amazing and the highpoint of our Key Biscayne stay. Tony, our pilot, was great: after a warm welcome, he took time time to give us a professional briefing about what we were about to experience. His Cessna was comfortable and his piloting was smooth and secure: even our 4 year old had a great time sitting next to mum. The tour itself gives a unique perspective of Miami and its surroundings. Would recommend to anyone who wants to include something really special while staying in Miami or Key Biscayne.","","0","","Written March 4, 2012","This review is the subjective opinion of a Tripadvisor member and not of Tripadvisor LLC."
"Barb W","https://www.tripadvisor.com/Profile/BarbW690","https://media-cdn.tripadvisor.com/media/photo-o/1a/f6/f4/d0/default-avatar-2020-33.jpg","Bartlesville,","5","Feb 2012","It was an AWESOME adventure!","My husband & I were in town for the week from Bartlesville, OK. I'd bought our tickets as a Valentine's Day gift for my husband. It was a great experience & we will definately do it again if we are ever are down there again!!!","","0","","Written March 3, 2012","This review is the subjective opinion of a Tripadvisor member and not of Tripadvisor LLC."
"Carrie V","https://www.tripadvisor.com/Profile/CarrieV402","https://media-cdn.tripadvisor.com/media/photo-o/1a/f6/ea/b2/default-avatar-2020-69.jpg","Washington DC, DC","5","Feb 2012","Phenomenal Adventure!","Tony went above and beyond to make our adventure memorable. He was informative, personal, friendly, and fun! Our flight was both relaxed and exciting. From above we saw many Miami sights and attractions. We learned quite a bit about Miami (then and now), saw sea animals, and soaked in Miami's breathtaking blue waters and white, sandy beaches. Our takeoff and landing were exhilariating! After our tour we stuck around to watch the next  flight take off. Before it did, Tony set out Adirondack chairs to make our viewing pleasure a little more cozy. Tony swept us off our feet...literally...just like he did for the Kardashians. ;) We would highly recommend this experience to persons of all ages. What a memorable way to see Miami!<br /><br />Many thanks to Tony and his staff at Miami Seaplane Tours!","","0","","Written February 29, 2012","This review is the subjective opinion of a Tripadvisor member and not of Tripadvisor LLC."
"M R","https://www.tripadvisor.com/Profile/661mr","https://media-cdn.tripadvisor.com/media/photo-o/1a/f6/ea/b2/default-avatar-2020-69.jpg","NYC","5","Feb 2012 • Friends","MIAMI SEA PLANE","Our flight with Miami Sea plane tour was really awesome, and we were thrilled to experience Miami ""by air"".<br />You really get Miami when flying.<br /><br />Our guide showed us a city he knows by heart and we discovered some really cool places, some history of this city and we even had some fun facts!<br />The Miami sea plane crew was really sweet, pilots at Miami Sea plane are confident professionals so you feel really comfortable flying with them. We had a great time and if you like to experience another Miami we really recommend you to jump in their plane.<br />Enjoy!","Friends","0","","Written February 27, 2012","This review is the subjective opinion of a Tripadvisor member and not of Tripadvisor LLC."
"RenataA2012","https://www.tripadvisor.com/Profile/RenataA2012","","","5","","Best valentine's day ever.","I paid a ""groupon"" price, which was great. <br />The pilot Tony and Izi were very friendly. <br />Very nice 30 min tour. ","","0","","Written February 22, 2012","This review is the subjective opinion of a Tripadvisor member and not of Tripadvisor LLC."
"Chelsea S","https://www.tripadvisor.com/Profile/ChelseaS936","https://media-cdn.tripadvisor.com/media/photo-o/05/02/bd/97/chelsea-s.jpg","Houston, TX","5","Feb 2012","This is a MUST when visiting Miami!","What an amazing experience! Boyfriend bought a deal on Groupon for Miami Seaplane Tours and it was definitely worth it! The staff was extremely friendly and our Pilot was fantastic! He gave us great information without being too talkative. It was a great adventure -Takeoff and landing were smooth and I was not nervous at all. We got to see Miami/Miami beach from a new, beautiful perspective. Photos turned out gorgeous, too, and all my friends are so jealous! ;) Great quality and value; DO THIS IN MIAMI!","","0","https://media-cdn.tripadvisor.com/media/photo-s/02/58/79/24/incredible-views-from.jpg","Written February 20, 2012","This review is the subjective opinion of a Tripadvisor member and not of Tripadvisor LLC."
"MargieH4","https://www.tripadvisor.com/Profile/MargieH4","https://media-cdn.tripadvisor.com/media/photo-o/1a/f6/ee/68/default-avatar-2020-9.jpg","Hialeah, FL","5","Jan 2012","Best Way to See Miami","Wonderful service. Once in a lifetime experience. The pilot was so friendly & knowledgeable. It was a great way to see Miami, without the traffic.","","0","","Written February 4, 2012","This review is the subjective opinion of a Tripadvisor member and not of Tripadvisor LLC."
"LewisMatusow","https://www.tripadvisor.com/Profile/LewisMatusow","","Miami, FL","5","Jan 2012","What a Great Experience!","My wife had always wanted to go up in a Seaplane (one of the things on her bucket list), <br />so I purchased a couple of Groupons to go up with Miami Seaplane Tours.  What a great<br />experience!  The office staff advised us in advance about everything we needed to know <br />(from wearing sneakers or shoes that might get wet to tipping suggestions for the pilot). <br /> Everything went as planned.  Friendly staff (on phone and in person), great, <br />knowledgeable captain who explained everything before we took off.  He was also <br />extremely knowledgeable about the area, what we would be seeing, etc.  <br />I am somewhat of a South Florida history buff and this guy knew his stuff.  The flight <br />was smooth, including the take-off and landing.  Things couldn't have been <br />better (although we wish the experience lasted longer).  Just remember to bring a <br />towel to wipe your  feet if you are changing out of your shoes (which will get wet).  <br />Also, the only rest room facitlity is a port-a-potty, FYI. For a great, <br />birds eye view of beautiful South Florida--for tourists and locals alike--this is the way to <br />go!","","0","","Written January 30, 2012","This review is the subjective opinion of a Tripadvisor member and not of Tripadvisor LLC."
"Haydeej","https://www.tripadvisor.com/Profile/Haydeej","https://media-cdn.tripadvisor.com/media/photo-o/1a/f6/de/5a/default-avatar-2020-36.jpg","Miami, FL","5","Jan 2012","It was amazing!!!","I absolutley LOVED the 30 minute tour I went on with Miami Seaplane!!!  The staff was very friendly.  The pilot was very friendly.  He offered my boyfriend his CROCs because my boyfriend didn't have water shoes to get on the plane.  The tour itself was awesome and the pilot explained everything that he was doing and what was going on.  I am a Miami native and seeing Miami from this point of view was breathtaking.  It was a great experience!","","0","","Written January 25, 2012","This review is the subjective opinion of a Tripadvisor member and not of Tripadvisor LLC."
"Irma P","https://www.tripadvisor.com/Profile/IrmaP189","https://media-cdn.tripadvisor.com/media/photo-o/1a/f6/ef/73/default-avatar-2020-13.jpg","Miami, FL","5","Jan 2012","Very well run and pilot knowledgeable of the waters and city.","There's nothing like seeing Miami waters and skyline from the air.  It was a picture perfect day. We saw manatees, sharks and other sea life from the air. The pilot, Adrel, was extremely informative of Miami's growth and of its waters. He was very attentive and appeared to be detailed in the safety/operation of the aircraft. Thoroughly enjoyed the ride.","","0","","Written January 24, 2012","This review is the subjective opinion of a Tripadvisor member and not of Tripadvisor LLC."
"Ryan C","https://www.tripadvisor.com/Profile/RyanC763","https://media-cdn.tripadvisor.com/media/photo-s/02/49/2a/a4/ryan-c.jpg","Coral Springs, FL","5","Jan 2012","The Best Way To Experience Miami","I bought this as a gift for my father, and my teenage brother this past Christmas. We just took the trip and had a great time. I for one am afraid of two things 1) flying and 2) heights. I could have not had a better time, it was so smooth and easy. Our pilot had 17 years of experience, and a great knowledge about Miami. It was very cool to look out and see the whole city and so many iconic landmark. Goes to show what a beautiful city Miami and the surrounding area is. You can see right to the bottom of the ocean, and even see sharks swimming around.<br /><br />A MUST DO IN MIAMI! Great experience, thank you!","","0","https://media-cdn.tripadvisor.com/media/photo-s/02/49/2a/90/filename-img-0090-jpg.jpg","Written January 19, 2012","This review is the subjective opinion of a Tripadvisor member and not of Tripadvisor LLC."
"Ryan","https://www.tripadvisor.com/Profile/I5783PPryans","https://media-cdn.tripadvisor.com/media/photo-s/02/4b/b8/de/reeno.jpg","Ottawa, Canada","5","Jan 2012","Beautiful View with a more than capable pilot!","My wife and I had an amazing flight of the Miami skyline. What a breathtaking view of the ocean and city. The tour was highlighted with some great facts of the city and surrounding areas. A highly recommended adventure in the sky!","","0","","Written January 10, 2012","This review is the subjective opinion of a Tripadvisor member and not of Tripadvisor LLC."
"jlwquilter","https://www.tripadvisor.com/Profile/jlwquilter","","West Palm Beach Fl","5","Dec 2011","Excellent Expereince All the Way Around","Everything went great with this fun adventure. Scheduling was easy - even with a few changes - they handled everything quickly and with ease. The pilot was personable and gave a great tour. The only suggestion I have for them is to make sure people have better instructions as to where the plane is located - it was easy to find once we were told exactly where it was. Overall I highly recommend this unique type of expereince!","","0","","Written December 13, 2011","This review is the subjective opinion of a Tripadvisor member and not of Tripadvisor LLC."
"Eric D","https://www.tripadvisor.com/Profile/ericd645","https://media-cdn.tripadvisor.com/media/photo-o/1a/f6/e2/e6/default-avatar-2020-45.jpg","Miami, Florida, United States","5","Dec 2011","A unique and thrilling way to see Miami and it's beaches.","Taking off and landing in the water is an experience in and of itself, but being able to see the Miami skyline, the port of Miami, the mansions lining the beaches and the sea life that is next to impossible to see from land makes this a truly worthwhile and memorable adventure.","","0","","Written December 12, 2011","This review is the subjective opinion of a Tripadvisor member and not of Tripadvisor LLC."
"Jennifer B","https://www.tripadvisor.com/Profile/JenniferB835","https://media-cdn.tripadvisor.com/media/photo-s/02/37/f0/bc/jennifer-b.jpg","Miami, FL","5","Dec 2011","Best way to see Miami","I had purchased a seaplane tour of Miami Beach for my husband for Father's Day this year and we were finally able to book our flight just last weekend. I'm so upset I waited so long to book it because it was truly amazing! I was expecting the plane to move alot but it didn't at all. It was a totally smooth flight, and it was a windy day! We saw Downtown Miami, Miami Beach and all of Key Biscayne on our tour. Our pilot was so friendly. The host at the check in was also extremely friendly. We were told of a bunch of other tours that they offer so we will definitely be return customers. Can't believe I lived in Miami all my life and never saw it the way I did on this tour. Highly recommend.","","0","https://media-cdn.tripadvisor.com/media/photo-s/02/37/f0/85/miami-seaplane-tours.jpg
https://media-cdn.tripadvisor.com/media/photo-s/02/37/f0/83/miami-seaplane-tours.jpg","Written December 9, 2011","This review is the subjective opinion of a Tripadvisor member and not of Tripadvisor LLC."
"Gary A","https://www.tripadvisor.com/Profile/GaryA206","https://media-cdn.tripadvisor.com/media/photo-o/1a/f6/e3/6a/default-avatar-2020-47.jpg","Miami, FL","5","Dec 2011 • Solo","Informative, casual, seaplane sightseeing tour.","It's a family owned establishment that takes you on a seaplane site seeing tour of Biscayne bay, south beach, brickle, etc...). Both the Father and Son are pilots.  Our pilot (the son) was very knowledgeable of the details, and history of the area we flew over. In addition, both father and son are very professional and friendly.  I really enjoyed the tour.","Solo","0","https://media-cdn.tripadvisor.com/media/photo-s/02/37/d7/08/islands.jpg
https://media-cdn.tripadvisor.com/media/photo-s/02/37/d7/07/our-pilot.jpg
https://media-cdn.tripadvisor.com/media/photo-s/02/37/d7/06/light-house-near-key.jpg","Written December 8, 2011","This review is the subjective opinion of a Tripadvisor member and not of Tripadvisor LLC."
"VinceInLA","https://www.tripadvisor.com/Profile/VinceInLA","https://media-cdn.tripadvisor.com/media/photo-o/1a/f6/f4/20/default-avatar-2020-31.jpg","Los Angeles, CA","4","Nov 2011","Fun way to see the skyline of Miami from the sky","Normally, the only way you get to see Miami from the sky is by watching the opening sequence of an old episode of Miami Vice or the new (now-canceled) Charlie's Angels.  Miami Seaplane Tours is a nice alternative.  It's a bit pricey, but if you check carefully, you might find a Groupon for half-off (like I did).  The plane seats 3 passengers maximum, so don't plan on doing this in a large group.<br />The pilot was about 15 minutes late for our scheduled departure, but he did give us the full half-hour flight that we paid for.  We flew over Downtown Miami, the man-made islands in Biscayne Bay, and South Beach.  The pilot pointed out some of the multi-million dollar homes owned by famous people and some of the other well-known landmarks.  Unfortunately, the mikes are only one-way (you can hear the pilot, but you can't talk to him), so we couldn't ask any questions.  The pilot also played a soundtrack of current pop hits to fill the gaps when he wasn't narrating.<br /><br />Here are some tips:<br />Most taxi drivers will have no clue where this place is, so you have to tell them to go west on Rickenbacker Causeway and turn left at the road for the Rickenbacker Fish Company (and make a QUICK LEFT onto the dirt road just before you get to the Rickenbacker Fish Company).<br />Wear flipflops or Tevas, because you may have to wade through ankle-deep water to board the plane.<br />The Rickenbacker Fish Company is a decent restaurant a short walk from the Miami Seaplane Tours dock.  It opens for lunch at noon.  I had the blackened mahi mahi sandwich and fries, which were very tasty.  The Rusty Pelican restaurant is a bit farther away, and it was closed for renovation when we were there.<br />The staff at the Rickenbacker Fish Company are very friendly and will call you a taxi while you're finishing your meal (you won't have much luck flagging one down on the causeway).<br />Go with the half-hour seaplane tour.  One hour would probably get a bit boring.<br />If you use a Groupon, be sure to call for reservations and bring the confirmation number with you (either as a printout or on your cell phone).","","0","","Written November 29, 2011","This review is the subjective opinion of a Tripadvisor member and not of Tripadvisor LLC."
"Yi_L351","https://www.tripadvisor.com/Profile/Yi_L351","https://media-cdn.tripadvisor.com/media/photo-o/1a/f6/ef/9c/default-avatar-2020-14.jpg","Beijing, China","4","Nov 2011","Good experience","friendly captain, brilliant trip. A very good way to see downtown miami, miami beach and south florida.","","0","","Written November 29, 2011","This review is the subjective opinion of a Tripadvisor member and not of Tripadvisor LLC."
"Peggy R","https://www.tripadvisor.com/Profile/LettyA","https://media-cdn.tripadvisor.com/media/photo-o/1a/f6/ef/32/default-avatar-2020-12.jpg","Miami Beach, FL","5","Nov 2011","AWESOME!","I really hate flying - especially in such a small plane - But this was the best choice ever!!!!<br />It was super cool, not to mention the pilot - He was very calm and made the ride super comfortable!  We were VERY Happy & Would Highly recommend it!!!!","","0","","Written November 15, 2011","This review is the subjective opinion of a Tripadvisor member and not of Tripadvisor LLC."
"MayteDV","https://www.tripadvisor.com/Profile/MayteDV","https://media-cdn.tripadvisor.com/media/photo-o/1a/f6/ee/db/default-avatar-2020-10.jpg","Brussels, Belgium","5","Nov 2011","Breathtaking unusual Miami....an extraordinary viewpoint, images you won't forget!","Take your camera on board of this little bird and you won't regret the trip. Leaving Key Biscayne and up you go, around Miami, the city, the beaches, the islands, the ocean...you will be charmed by the overview of this spectacular city that seems to arise from the ocean. A perfect way to discover the area and, if you haven't yet,  fall in love with Miami.","","0","","Written November 14, 2011","This review is the subjective opinion of a Tripadvisor member and not of Tripadvisor LLC."
"traveller347","https://www.tripadvisor.com/Profile/traveller347","https://media-cdn.tripadvisor.com/media/photo-o/1a/f6/ee/db/default-avatar-2020-10.jpg","Boston, MA","5","Oct 2011","breathtaking pictures","purchased this with groupon. It was easy to reserve and very professional. they sent me an email of confirmation. I would suggest though to really pay attention to the road, and look for the turn for Rusty Pelican or Fish Market. Don't show up too early. there is nothing to do, and when we got there the gate was locked and we had to sit in our car. The pilot was great and very informative. I would recommend this for locals or tourists.","","0","","Written October 31, 2011","This review is the subjective opinion of a Tripadvisor member and not of Tripadvisor LLC."
"Debby T","https://www.tripadvisor.com/Profile/DebbyT_1974","https://media-cdn.tripadvisor.com/media/photo-o/1a/f6/ee/68/default-avatar-2020-9.jpg","Riezlern, Austria","5","Sep 2011","Amazing flight","Amazing flight above the slyline of Miami<br />!! Pilot was nice and provided us a lot of information during the flight. <br /><br />This was the best experiance of visiting Miami!!","","0","","Written October 2, 2011","This review is the subjective opinion of a Tripadvisor member and not of Tripadvisor LLC."
"rick4395","https://www.tripadvisor.com/Profile/rick4395","","West Palm Beach, FL","5","Sep 2011","Miami Seaplane Tour was awesome. Great weather, great sites","My son and daughter gave me the 30 minute ride for Father's Day.  My son and I flew on a Saturday morning.  The weather was great, as was the views.  The venue was easy to find.  Be careful on the dirt portion, as the road is very rough.  The attendant on site was knowledgeable and friendly, as was the pilot.  The headset allows the pilot and passengers to communicate throughout the flight.  <br />We flew over south beach, Miami bay front, Key Biscayne and numerous islands.  Be sure to take your camera as the views are spectacular.<br />I will definetly do this again!!","","0","https://media-cdn.tripadvisor.com/media/photo-s/02/21/21/af/miami-seaplane-tours.jpg","Written September 20, 2011","This review is the subjective opinion of a Tripadvisor member and not of Tripadvisor LLC."
"Paul B","https://www.tripadvisor.com/Profile/paulbW6138EJ","https://media-cdn.tripadvisor.com/media/photo-o/01/48/fc/b9/paulrb48.jpg","Milton Keynes, UK","5","Sep 2011","Absolutely excellent","I initially thought a helicopter flight would be a great way to see the city and beaches, but there's no helicopter tour anywhere close to Miami as far as i could tell, but there was the Seaplane which goes from Key Biscayne, about 10 mins from downtown. We booked by phone easily and quickly, got instant email confirmation, and arrived the next afternoon. We took the one hour trip, and the pilot asked us where we wanted to go with our hour, when we told him he immediately made arrangements to fly that way. It was a fantastic hour, the sight seeing is unbelievable, flying high and low over South Beach and all the way up to Ft Lauderdale, right over the airport as planes took off beneath us, and out over the sea to check out Manta Rays, and Manatees. Through the headsets we could hear the pilot, but not speak to him as he was also negotiating with Air Traffic Control to ensure we could go where we wanted. He was extremely friendly, helpful and pointed out all of the sights as we went by them. The only (very minor) negative point was the unneccessary music played over the headset which was quite loud and really didn't add anything to the experience. Apart from that, it was a great experience and highly recommended as a fabulous way of seeing the city and whole area from a new perspective. The take off and landing is pretty cool too.","","0","","Written September 19, 2011","This review is the subjective opinion of a Tripadvisor member and not of Tripadvisor LLC."
"Pat_K61","https://www.tripadvisor.com/Profile/Pat_K61","https://media-cdn.tripadvisor.com/media/photo-o/1a/f6/ea/b2/default-avatar-2020-69.jpg","Brussels, Belgium","5","Aug 2011","PER-FECT !!!","It the only place in Miami, I didnt felt diddled....<br />A great job with a SMILE ...<br />Its priceless...<br />Thanks again ..<br />Patricia<br />Belgium","","0","https://media-cdn.tripadvisor.com/media/photo-s/02/1b/f3/66/miami-seaplane-tours.jpg","Written September 5, 2011","This review is the subjective opinion of a Tripadvisor member and not of Tripadvisor LLC."
"uyta2000","https://www.tripadvisor.com/Profile/uyta2000","https://media-cdn.tripadvisor.com/media/photo-o/1a/f6/ef/73/default-avatar-2020-13.jpg","Asheville, NC","5","Jul 2011","You haven't seen Miami until you've done this","Yes, it was a bit pricey but this was icing on the cake for our vacation to Miami.  We were luckily enough to go on a sunny day and boy was it spectacular!  We did the 30 minute tour of South Beach, downtown, and Key Biscayne.  The pilot showed us everything from the roof pools of the Ritz to the the homes of famous actors.  We even saw sea turtles and dolphins from the air.  The pilot was definitely a professional.  Our takeoff and landings on the water we as smooth as silk.  Aside from the clubs, shopping, and bars on South Beach, this should also be at the top of your to-do list.","","0","","Written August 13, 2011","This review is the subjective opinion of a Tripadvisor member and not of Tripadvisor LLC."
"CW0214","https://www.tripadvisor.com/Profile/CW0214","https://media-cdn.tripadvisor.com/media/photo-o/1a/f6/ef/32/default-avatar-2020-12.jpg","Miami, FL","5","Aug 2011","Flight of My Life","We enjoyed one of the best early morning flights of our life. We were greeted by some of the friendliest staff that you will encounter in Miami. Once in the air we were able to see manatee, sharks and the lush homes that many cannot get close to on land! The history of the sights was also wonderful as it did not consume the flight allowing you to learn and enjoy every moment.","","0","","Written August 9, 2011","This review is the subjective opinion of a Tripadvisor member and not of Tripadvisor LLC."
"DPalmBeach","https://www.tripadvisor.com/Profile/DPalmBeach","https://media-cdn.tripadvisor.com/media/photo-o/1a/f6/f1/b8/default-avatar-2020-22.jpg","West Palm Beach, FL","5","Jul 2011 • Couples","Surprised my Girlfriend for her Birthday and it was a perfect gift for the both of us!","From the customer service to driving away from the parking lot......A++ service and the experience was wonderful! I initially couldn't find the place and the individual on the phone was extremely helpful along with the gentleman who checked us in along with the pilot. Our pilot was not only very friendly, courteous and an exceptional pilot. He did a great job of narrating and piloting the plane. Gorgeous views of the ocean, beach and city. We saw manatees, sharks and dolphins. My girlfriend and I both drove away calling our friends and family to tell them about how great of a time we both had. Definitely one of the best experiences we have ever had!  Thank you Miami Sea Planes! Next time we will hopefully do the 2hr flight.","Couples","0","https://media-cdn.tripadvisor.com/media/photo-s/01/f5/cb/2c/miami-seaplane-tours.jpg
https://media-cdn.tripadvisor.com/media/photo-s/01/f5/cb/2a/miami-seaplane-tours.jpg
https://media-cdn.tripadvisor.com/media/photo-s/01/f5/cb/29/miami-seaplane-tours.jpg
https://media-cdn.tripadvisor.com/media/photo-s/01/f5/cb/27/miami-seaplane-tours.jpg
https://media-cdn.tripadvisor.com/media/photo-s/01/f5/cb/25/miami-seaplane-tours.jpg","Written August 3, 2011","This review is the subjective opinion of a Tripadvisor member and not of Tripadvisor LLC."
"Rsobalvarro","https://www.tripadvisor.com/Profile/Rsobalvarro","https://media-cdn.tripadvisor.com/media/photo-o/1a/f6/e8/91/default-avatar-2020-62.jpg","","5","","This flight was so amazing!","This flight took my breath away And the pilot was very knowledgeable. Would do it again in a heartbeat!!","","0","","Written August 2, 2011","This review is the subjective opinion of a Tripadvisor member and not of Tripadvisor LLC."
"AJY8","https://www.tripadvisor.com/Profile/AJY8","https://media-cdn.tripadvisor.com/media/photo-o/1a/f6/f2/11/default-avatar-2020-23.jpg","Richmond Hill, Canada","5","Jul 2011","An amazing ride","My wife and i did the 30 minute plane ride and this was way too short.  We should have done the hour or two hour as time went by so quickly.  You really do appreciate things when you see them from a different perspective.  Ariel (Tony's son) was a great pilot/guide, really showing us how much he enjoys flying and the area.  Our trip was delayed a bit due to the weather, but we still have great views regardless of the overcast skies.  This was the highlight of our trip.<br /><br />Tips: Dock wasn't the easiest to find; GPS didn't direct us right and we had to call for instructions.  Also, make sure to wear sandals or flip/flops since you need to walk into 5 or 6 inches of water of get to the plane and there's jagged rocks below water.","","0","https://media-cdn.tripadvisor.com/media/photo-s/01/f4/80/09/miami-seaplane-tours.jpg
https://media-cdn.tripadvisor.com/media/photo-s/01/f4/80/08/miami-seaplane-tours.jpg","Written July 30, 2011","This review is the subjective opinion of a Tripadvisor member and not of Tripadvisor LLC."
"golfergirl7","https://www.tripadvisor.com/Profile/golfergirl7","https://media-cdn.tripadvisor.com/media/photo-o/1a/f6/f1/79/default-avatar-2020-21.jpg","Kentucky","5","Jul 2011","Beautiful views","I took my two sons on the one hour tour last week, and it was an experience of a lifetime!  We all couldn't believe how beautiful the views were...breathtaking at times.  The boys especially enjoyed seeing the bull/nurse sharks, sea turtles and sting rays surrounded by the sparkling blue water.  We were able to see so many of the beautiful homes, the Vizcaya gardens, South Beach, Key Biscayne, downtown Miami, etc...  Our tour guide was quite knowledgeable and had an amazing appreciation for the sights he was showing us.  It's an experience we will never forget.  Thanks so much!","","0","","Written July 27, 2011","This review is the subjective opinion of a Tripadvisor member and not of Tripadvisor LLC."
"Anno1982","https://www.tripadvisor.com/Profile/Anno1982","https://media-cdn.tripadvisor.com/media/photo-o/1a/f6/ef/73/default-avatar-2020-13.jpg","Zele, Belgium","5","","Amazing!","We took the 2 hour flight over Miami and the Everglades. Our pilot was very friendly and showed us some beautiful houses and wonderful beaches. But the best part of the tour was the flight out to the Everglades. Way up high you could see the enormity of this National Park. We also flew up close and saw alligators in the water. Time flew by while we were up there.","","0","","Written July 26, 2011","This review is the subjective opinion of a Tripadvisor member and not of Tripadvisor LLC."
"maritza2522","https://www.tripadvisor.com/Profile/maritza2522","https://media-cdn.tripadvisor.com/media/photo-o/1a/f6/f1/b8/default-avatar-2020-22.jpg","Miami, FL","5","Jun 2011","Outstanding, unforgettable experience","I bought the tour for my husband as a Father's Day gift and I must say that it was quite an amazing gift for both. <br />I do suggest to dress light (shorts, tanks, water shoes) because it gets a little warm inside the plane once you take off. You must bring a camera to capture beautiful shots of the city. The pilot is very knowledgeable and friendly and made the ride very pleasant. We both felt like kids in a candy store. Hope this is helpful and enjoy. <br />Will definitely fly again!!!!!","","0","https://media-cdn.tripadvisor.com/media/photo-s/01/eb/3d/61/an-aerial-shot-of-our.jpg
https://media-cdn.tripadvisor.com/media/photo-s/01/eb/3d/60/best-father-s-day-gift.jpg
https://media-cdn.tripadvisor.com/media/photo-s/01/eb/3d/5f/the-photographer-must.jpg","Written June 29, 2011","This review is the subjective opinion of a Tripadvisor member and not of Tripadvisor LLC."
"Caio77","https://www.tripadvisor.com/Profile/Caio77","https://media-cdn.tripadvisor.com/media/photo-o/1a/f6/e8/ea/default-avatar-2020-63.jpg","Sao Paulo, SP","5","Jun 2011","Love it...","I'm already crazy about planes, my wife is the opposite but anyways, we both loved the tour !!! The Pilot (Tony) was very nice to us... It was a 1 hour tour, miami beaches (Fort Lauderdalle to Key Biscayne)... DO RECOMEND !!!","","0","","Written June 27, 2011","This review is the subjective opinion of a Tripadvisor member and not of Tripadvisor LLC."
"John305","https://www.tripadvisor.com/Profile/John305","https://media-cdn.tripadvisor.com/media/photo-o/06/3c/37/85/john305.jpg","Miami Beach, FL","5","Jun 2011","Really fun adventure & Great way to see the natural and man-made beauty of Miami","My husband and I took the 30 minute seaplane ride around Miami departing off the Rickenbacker Fathers Day weekend.  The plane seats the pilot plus 3.  They were right on time and you only needed to arrive 10 minutes early do no waiting around. The woman who greeted us and the pilot were sweet and friendly.  The views were beatiful of Miami Beach, downtown, Key Biscayne etc.  we could see the (sting?)rays swimming in the shallows.  I've lived in Miami since '94 and loved this new perspective on our beautful city!  Really cool for visitors and kids and I plan to take my 4 and 8 year old boys up soon.","","0","","Written June 23, 2011","This review is the subjective opinion of a Tripadvisor member and not of Tripadvisor LLC."
"Robin202020","https://www.tripadvisor.com/Profile/Robin202020","https://media-cdn.tripadvisor.com/media/photo-o/1a/f6/eb/6d/default-avatar-2020-19.jpg","Miami Beach, FL","5","Jun 2011","Fantastic experience even for a local!","We had never thought about doing anything like this, especially because we live on Miami Beach and generally avoid  ""touristy"" things.  However, when the groupon came out, I thought it might be an unusual experience to try for a Father's Day gift.  It was totally worth it.  The staff was great (especially the pilot -- he knew everything about the area, the wildlife, etc), and the entire experience was fun and hassle free.  And what a way to see Miami Beach!   The pilot gladly flew us over our house and other places we wanted to see.  Taking off and landing was not at all scary, and the plane gets a lot of attention from passing boaters.  You feel like a celebrity in there.  Once we were airborne, we saw stingrays, schools of tarpon, and even a lone shark.  Flying over the rooftops of some of the popular south beach hotels was a lot of fun -- who gets to see that view very often?  Fisher Island, Star Island, the cruise ships, all things that we've already seen from the road or from the water a bazillion times.  But to see them from the air gives you a totally different (and really wonderful) perspective.  I would recommend this activity for anyone who wants to try something totally different and be pleasantly suprised by how fun it is!","","0","","Written June 22, 2011","This review is the subjective opinion of a Tripadvisor member and not of Tripadvisor LLC."
"JamyMuro","https://www.tripadvisor.com/Profile/JamyMuro","https://media-cdn.tripadvisor.com/media/photo-o/1a/f6/f4/20/default-avatar-2020-31.jpg","Miami, FL","5","Jun 2011","One of the best experiences of my life!","I originally booked this thinking of my husband as an anniversary/father's day gift.  I am not a fan of flying and was ALWAYS against flying a sea plane - for sure! However, this experience was not only exhilerating but relaxing at the same time.  It was a magnficent surprise for my husband and a pleasant one for me as well.  The staff was professional, the pilot was welcoming and knowledgeable.  He definitely made me feel at ease the entire flight.    I have a new found appreciation for the beauty of my hometown - Miami is simply divine! I would do this again in a heart beat and would recommend Miami Sea Plane to anyone :)","","0","","Written June 17, 2011","This review is the subjective opinion of a Tripadvisor member and not of Tripadvisor LLC."
"Isis F","https://www.tripadvisor.com/Profile/99isisf","https://media-cdn.tripadvisor.com/media/photo-o/1a/f6/de/e7/default-avatar-2020-37.jpg","Miami, FL","5","Jun 2011 • Couples","Romantic flight and Spectacular views of Miami and Miami Beach","Miami Seaplane Tours is on the top of my recommending list of things to do in Miami for locals and all all visiting out of state friends! Fabulous staff and great service! A must do!<br />We were celebrating my husband's Birthday and as he said ""One awesome Birthday to remember""!!!!!!!!!  Jeremy Fisher & Isis Morales Fisher","Couples","0","https://media-cdn.tripadvisor.com/media/photo-s/01/e7/b4/52/living-it-up.jpg","Written June 15, 2011","This review is the subjective opinion of a Tripadvisor member and not of Tripadvisor LLC."
"lalocadr19","https://www.tripadvisor.com/Profile/lalocadr19","https://media-cdn.tripadvisor.com/media/photo-o/01/ba/a0/a7/avatar.jpg","Falls Church, VA","4","Jan 2011","Great experience!!","The trip was amazing, had a awesome time. Def must do again. Highly reccommend.","","0","https://media-cdn.tripadvisor.com/media/photo-s/02/21/66/4c/view-from-plane.jpg
https://media-cdn.tripadvisor.com/media/photo-s/02/21/66/4b/plane.jpg","Written May 18, 2011","This review is the subjective opinion of a Tripadvisor member and not of Tripadvisor LLC."
"primura","https://www.tripadvisor.com/Profile/primura","https://media-cdn.tripadvisor.com/media/photo-o/1a/f6/e3/1f/default-avatar-2020-46.jpg","Miami, FL","5","May 2011","Spectacular!!!","I took my son, who is 8 years old, on an afternoon tour of Miami with Miami Seaplane Tours and we can not say enough great things about it.  My son wanted to seat in the front seat next to the pilot and they could not be more accommodating.  The pilot was very informative on the sights and we had a smooth take off,  flight and landing.  Our favorite part was being very close to the water by Stilsville and being so close to Miami Beach.  I have lived in the area for over 30 years, been in sailboats around Key Biscayne, but this has to be the best view of Miami that I have experienced!","","0","","Written May 16, 2011","This review is the subjective opinion of a Tripadvisor member and not of Tripadvisor LLC."
"yxmontoya","https://www.tripadvisor.com/Profile/yxmontoya","","Miami, FL","5","May 2011","Fantastic experience!!!","I surprised my husband with the Miami Skyline Tour, this was something he had always wanted to do and it totally exceeded his expectation.  Our pilot Adrian greeted us when we got there and was very hospitable, he was very informative and took a lot of pride in his work.<br />The trip itself was awesome... I have lived in Miami for 20 years and have flown commercially many, many times but it does not compare to see the city of Miami from a small aircraft.  The best part was taking off and landing on the water!!  The ride was very smooth and it was a beautiful clear day,  so we were able to see clearly all the skyscrapers and landscapes.  I would highly recommend it to anyone wanting to take a view of the city from the skies.","","0","","Written May 16, 2011","This review is the subjective opinion of a Tripadvisor member and not of Tripadvisor LLC."
"WitchFM","https://www.tripadvisor.com/Profile/WitchFM","https://media-cdn.tripadvisor.com/media/photo-o/1a/f6/ee/68/default-avatar-2020-9.jpg","Harcard","5","May 2011","Wonderful","I booked the Sea Plane Tour as a surprise for my wife who was celebrating her birthday, we were also celebrating our Wedding Anniversary while we were in Key Biscane..  The whole flight experience was really great - after a stoney walk in the sea to get to the plane. The personal approach, really great team and a fantastic pilot/tour guide made this a wonderful experience, gift for my wife and well worth the money.  The views from the plane were spectacular and the photographs we took are a fantastic memory of the trip!<br /><br />Thanks Miami Seaplane Team - that was something really special","","0","","Written May 5, 2011","This review is the subjective opinion of a Tripadvisor member and not of Tripadvisor LLC."
"littledarling97","https://www.tripadvisor.com/Profile/littledarling97","https://media-cdn.tripadvisor.com/media/photo-o/1a/f6/f6/0d/default-avatar-2020-34.jpg","Boca Raton, FL","5","Apr 2011","Amazing!!","This trip was a surprise for my fiancee. He tried to guess for the longest time what we were going to do. As soon as we got to Miami Seaplanes he was indeed surprised and could not wait to get on and tour miami and the beaches. We definitely enjoyed the trip and would do it all over again!!!! I would highly recommend the seaplane tours, not to mention that everyone there is super friendly. A good investment for if you are a tourist or if you are just a resident in the South Florida area. <br /><br />Thumbs up !!!!!","","0","","Written May 2, 2011","This review is the subjective opinion of a Tripadvisor member and not of Tripadvisor LLC."
"mmatute23","https://www.tripadvisor.com/Profile/mmatute23","","Weston, FL","5","May 2011","Great!!! adventure","Excellent Customer service.   Unbelievable views of Miami Beach.","","0","https://media-cdn.tripadvisor.com/media/photo-s/01/d9/49/38/miami-seaplane-tours.jpg
https://media-cdn.tripadvisor.com/media/photo-s/01/d9/49/37/miami-seaplane-tours.jpg
https://media-cdn.tripadvisor.com/media/photo-s/01/d9/49/36/miami-seaplane-tours.jpg","Written May 2, 2011","This review is the subjective opinion of a Tripadvisor member and not of Tripadvisor LLC."
"Wellington2011","https://www.tripadvisor.com/Profile/Wellington2011","","Curitiba, PR","5","Apr 2011","It's a wonderful tour","Everything has been perfect: the flight, the attendance, the punctuality. Miami has looked more beautiful from the sky.","","0","","Written April 22, 2011","This review is the subjective opinion of a Tripadvisor member and not of Tripadvisor LLC."
"jeffmiami74","https://www.tripadvisor.com/Profile/jeffmiami74","https://media-cdn.tripadvisor.com/media/photo-o/1a/f6/e7/99/default-avatar-2020-57.jpg","Miami, FL","5","Feb 2011","Fantastic experience!","I bought the half hour tour with Groupon.<br />This flight has been a great moment to share with my wife.<br />Views of Miami are beautiful.<br />The pilot was very cool and professional!<br /><br />I strongly recommned this tour!<br /><br />Jeff","","0","","Written April 21, 2011","This review is the subjective opinion of a Tripadvisor member and not of Tripadvisor LLC."
"Randmaninthesun","https://www.tripadvisor.com/Profile/Randmaninthesun","https://media-cdn.tripadvisor.com/media/photo-o/1a/f6/f2/b8/default-avatar-2020-26.jpg","Orlando, FL","5","Apr 2011","Absolutely worth every penny...I will do it again!!","I went up on April 6th, 2011.<br />I was a little concerned that the ride might be a little bumpy, but as a person with severe vertigo, I was wondering if the ride would be OK for me. It was smooth as glass. The pilot said that because we were over water, there wasn't any thermals (uplifts in air/turbulence). I had an absolute blast. We circled South Beach, and then circled Key Biscayne. We saw some dolphins, a Manta Ray, and som Manatee. I have to mention that the pilot was VERY FRIENDLY.  He was like giung up with a friend. I mentioned to him that he was friendly, and that it made the experience more fun. I told him that if the pilot was a grump it wouldn't be as fun.<br /><br />The plane looked new, inside and out. When I got there, I waited for him to arrive with the plane. He said they keep it hangared at a local airport. You can tell they take very good care of it.<br /><br />On a side note, this is the same plane that the Kardashian sisters went up in on their TV show.<br /><br />I thought this would be a one time deal, but I will go up again, and again.....<br />It surpassed what I expected......","","0","https://media-cdn.tripadvisor.com/media/photo-o/01/d2/a6/37/miami-seaplane-tours_rotated_90.jpg","Written April 15, 2011","This review is the subjective opinion of a Tripadvisor member and not of Tripadvisor LLC."
"Sebastiano Tiralongo","https://www.tripadvisor.com/Profile/stiralongo","https://media-cdn.tripadvisor.com/media/photo-o/1a/f6/f3/e4/default-avatar-2020-30.jpg","Miami, Florida","5","Apr 2011","Awesome adventure","Being an aviation enthusiast, a South florida resident and a private pilot aprentice the Miami Seaplane adventures constitutes an unforgetable experience. The plane condition is excellent, the flying route breath taking and pilot experience just great. Thanks Antonio for the super adventure.","","0","","Written April 11, 2011","This review is the subjective opinion of a Tripadvisor member and not of Tripadvisor LLC."
"Kzinha","https://www.tripadvisor.com/Profile/Kzinha","https://media-cdn.tripadvisor.com/media/photo-o/1a/f6/ee/10/default-avatar-2020-8.jpg","Miami, FL","5","Mar 2011","Glass bottomed boat tour- from the sky!!!!","I gave this trip to my boyfriend (who is a pilot) for Valentine's Day - and it was the best gift for both of us!!  We couldn't have picked a more gorgeous day to go, and our pilot Adriel was AMAZING!!  He took us over all the places we wanted to go, and also showed us some areas we had never seen, even though we have lived in Miami all our life.  The water was so clear, and we saw tons of sharks and sea life.  Adriel gave us a great tour, and pointed out so many interesting things.  We had the BEST time, and will definitely repeat!","","0","","Written March 24, 2011","This review is the subjective opinion of a Tripadvisor member and not of Tripadvisor LLC."
"lv75","https://www.tripadvisor.com/Profile/lucyv1975","https://media-cdn.tripadvisor.com/media/photo-o/1a/f6/f2/11/default-avatar-2020-23.jpg","Harbury, UK","5","Mar 2011","Amazing and incredible","My flight with Miami Seaplane Tours far exceeded my expectations - which were already high! I am a Miami native and really enjoyed seeing my beautiful city from the sky. The pilot was kind, funny and incredibly knowledgeable about all the local landmarks, even the celebrities' houses! Was truly a wonderful time and can't wait to fly again, hopefully with my husband next time!","","0","","Written March 23, 2011","This review is the subjective opinion of a Tripadvisor member and not of Tripadvisor LLC."
"icethermal","https://www.tripadvisor.com/Profile/icethermal","https://media-cdn.tripadvisor.com/media/photo-o/1a/f6/e6/ea/default-avatar-2020-54.jpg","Miami, FL","5","Mar 2011","A fantastic experience!","This is a must for anyone who wants to see a view of miami not possible by any other means. I live here and I wow what a great discovery. The pilot's skill makes the experience easy to enjoy. Worth doing again. Thanks Adriel.","","0","","Written March 7, 2011","This review is the subjective opinion of a Tripadvisor member and not of Tripadvisor LLC."
"lpall44","https://www.tripadvisor.com/Profile/lpall44","https://media-cdn.tripadvisor.com/media/photo-o/1a/f6/e2/11/default-avatar-2020-41.jpg","Miami Beach, FL","5","Mar 2011","EXCELLENT & UNIQUE EXPERIENCE FOR OUT-OF-TOWNERS & LOCALS ALIKE !","Experiencing Miami from the sky, on a typically beautiful day, is a must for anyone staying in the city ! Soaring around Virginia Key, Fisher Island, South  Beach, and downtown gives you a completely new perspective on this very aesthetically pleasing city. You may even catch sight of a manatee hanging out in turquoise waters, like I did on my trip - but dolphins, sharks, and schools of fish can be sighted as well ! The company is family owned and operated, and all the staff were nothing short of warm and hospitable throughout. Adriel, our pilot, was extremely professional, obviously passionate about his job, knowledgeable, & friendly.  Take the opportunity and see Miami from the skies, it will really take your breathe away !","","0","","Written March 7, 2011","This review is the subjective opinion of a Tripadvisor member and not of Tripadvisor LLC."
"tim171080","https://www.tripadvisor.com/Profile/tim171080","https://media-cdn.tripadvisor.com/media/photo-o/1a/f6/f0/d5/default-avatar-2020-17.jpg","Miami Beach, Florida","4","Mar 2011","Definitely worth it!","I've been living in Miami for 5 years now and have done a couple regular Cessna flights myself over the Miami Beach Shoreline etc.  But the Seaplane experience tops that. Taking off and landing in the water practically anywhere makes flying so much more fun. Plus, you dont have to drive far to get to the airport, is right there 2 minutes from Brickell just over the first bridge of Rickenbacher Causeway. And you're not just flying your route A to B as you wouldbe under regular ATC conditions, but you are circling around, flying very low and all over the place! I recommend FRI-SUN afternoon for all the cruise line action.","","0","","Written March 7, 2011","This review is the subjective opinion of a Tripadvisor member and not of Tripadvisor LLC."
"eglee","https://www.tripadvisor.com/Profile/eglee","https://media-cdn.tripadvisor.com/media/photo-o/1a/f6/ef/73/default-avatar-2020-13.jpg","miami","5","Feb 2011","AMAZING","I surprised my boyfriend with this tour. We are Floridians and we had never experienced Miami this way. It was so amazed and surprised. The crew was wonderful and the view was breath taking. Thank you for helping create an amazing memory in our hearts!","","0","","Written March 3, 2011","This review is the subjective opinion of a Tripadvisor member and not of Tripadvisor LLC."
"amsol","https://www.tripadvisor.com/Profile/amsol","https://media-cdn.tripadvisor.com/media/photo-o/1a/f6/f1/06/default-avatar-2020-18.jpg","Baltimore, MD","5","Feb 2011","The Best MIAMI tour We hade---AWASOME RIDE worth every penny","The People are Very Very friendly ( we are late by Half hour but they are Ok ) The pilot is really cool guy spend time with us explaining every thing","","0","","Written February 23, 2011","This review is the subjective opinion of a Tripadvisor member and not of Tripadvisor LLC."
"matiasmiami","https://www.tripadvisor.com/Profile/matiasmiami","https://media-cdn.tripadvisor.com/media/photo-o/1a/f6/f2/11/default-avatar-2020-23.jpg","Miami","5","Feb 2011","Well worth it","My wife bought us a trip for a 30 min ride around downtown miami and the waters of south beach. We live here and loved the flight. We saw sharks, dolphins, sea rays, and manatees. We both enjoyed it. Initially I thought 30minutes would be too short but it was good enough, though I could have enjoyed it still if it were longer. The pilot also was very nice, professional but fun. I would highly recommend it.","","0","","Written February 22, 2011","This review is the subjective opinion of a Tripadvisor member and not of Tripadvisor LLC."
"Salandtal","https://www.tripadvisor.com/Profile/Salandtal","https://media-cdn.tripadvisor.com/media/photo-o/1a/f6/e2/11/default-avatar-2020-41.jpg","Redwood City, CA","5","Feb 2011","Great time","The pilot was so nice to us and gave us a great tour of Miami Beach, the surrounding islands, Brickell and Miami. It was a great experience and would recommend to anybody.","","0","","Written February 12, 2011","This review is the subjective opinion of a Tripadvisor member and not of Tripadvisor LLC."
"P_Train_Miami","https://www.tripadvisor.com/Profile/P_Train_Miami","https://media-cdn.tripadvisor.com/media/photo-o/1a/f6/ea/74/default-avatar-2020-68.jpg","Miami, Florida","5","Feb 2011","Miami as it should be seen!","Miami - I've been a resident all my life and had forgotten what the hell I was doing here.  Between the nasty traffic, real estate crash, overpriced drinks, and banana republic status, my favorite city had lost a lot of luster over the years.   <br /><br />Having gone on this tour reminded me that we truly live in one of the most spectacular cities on the planet.  Being able to see Miami in all her splendor from above really is a sight to behold.  From all of the new additions to the downtown/brickell skyline to South Beach, to the pristine untouched nature by lightouse point, it really gave me a new appreciation for this town.  Our pilot Adriel was a bad-a$$ and he provided some awesome narrative go go along with the sights.  We all really need to get out and see the sights more instead of just getting caught up spending the weekend doing errands.  <br /><br />We went on a SeaPlane tour one Saturday thanks to a Goupon promotion for 50% off.   I can honestly say it was one of the best things I have ever done in Miami.","","0","https://media-cdn.tripadvisor.com/media/photo-s/01/c4/1a/38/miami-seaquarium.jpg
https://media-cdn.tripadvisor.com/media/photo-s/01/c4/1a/37/lighthouse-point.jpg
https://media-cdn.tripadvisor.com/media/photo-s/01/c4/1a/36/key-biscayne-tennis-center.jpg
https://media-cdn.tripadvisor.com/media/photo-s/01/c4/1a/35/port-of-miami.jpg
https://media-cdn.tripadvisor.com/media/photo-s/01/c4/1a/34/brickell.jpg
https://media-cdn.tripadvisor.com/media/photo-s/01/c4/1a/33/south-pointe.jpg
https://media-cdn.tripadvisor.com/media/photo-s/01/c4/1a/32/south-beach.jpg","Written February 8, 2011","This review is the subjective opinion of a Tripadvisor member and not of Tripadvisor LLC."
"Storyteller86922","https://www.tripadvisor.com/Profile/Storyteller86922","","","5","","The best experience ever!!!!!!!","It was truly a great experience started the new year with excitement fun scenery and great people. I would highly recommend this adventure. I look forward to doing it again in the very near future!!! Looking forward to booking my tour soon :)","","0","","Written January 29, 2011","This review is the subjective opinion of a Tripadvisor member and not of Tripadvisor LLC."
"aoschnapp","https://www.tripadvisor.com/Profile/aoschnapp","https://media-cdn.tripadvisor.com/media/photo-o/1a/f6/de/5a/default-avatar-2020-36.jpg","Miami Beach, FL","5","Jan 2011","Worth every penny...","I bought the 30 min tour of miami as one of my husband's 30th birthday presents.  It was an amazing experience!  the plane was very comfortable, visibility perfect, the pilot was friendly and expunged lots of environmental, aquatic, and historic information regarding the sites.  we saw a pod of manatees, a huge bull shark, sea turtles, and stingrays!  the views of south beach and the miami sky line were superb.  there was also pleasant music played in the background while the pilot filled in all the details of the sights.  the landing was smooth and all in all a wonderful and very memorable experience from start to finish.  i would go again and highly recommend it.","","0","","Written January 17, 2011","This review is the subjective opinion of a Tripadvisor member and not of Tripadvisor LLC."
"ftejera","https://www.tripadvisor.com/Profile/ftejera","https://media-cdn.tripadvisor.com/media/photo-o/1a/f6/f4/d0/default-avatar-2020-33.jpg","Buenos Aires, Argentina","5","","Great experience!!!!!","In our last holidays in Miami we decided to make a sightseeing of Miami city, the election could not be better, do it in a seaplane.<br />Our Pilot, Adriel, made of this flight an amazing experience to all of us, we enjoy every second of the trip.<br />We highly recommend this tour to everyone looking for a new point of view of this beautiful city.","","0","","Written December 21, 2010","This review is the subjective opinion of a Tripadvisor member and not of Tripadvisor LLC."
"swillin23","https://www.tripadvisor.com/Profile/swillin23","https://media-cdn.tripadvisor.com/media/photo-o/1a/f6/eb/e3/default-avatar-2020-59.jpg","Miami, FL","5","","Worth it!","Thank you Tony for the trip.  You were a wonderful host and narrator.  The trip was enjoyable and comfortable. You showed us Miami's beautiful coastline.  We saw landmarks and the vast variety of things to do in our paradise.  Thank you again for the birdeye's view of Miami and for our pic!  Mike and Sylvia","","0","","Written November 27, 2010","This review is the subjective opinion of a Tripadvisor member and not of Tripadvisor LLC."
"ktaplin","https://www.tripadvisor.com/Profile/ktaplin","https://media-cdn.tripadvisor.com/media/photo-o/1a/f6/f3/23/default-avatar-2020-28.jpg","Miami Beach","5","","AWESOME","I am from Miami and have lived here my whole life.   I had heard of the sea plane tours for over a year now and have been wanting to do it, but never got around to it.  Some friends came in town and I wanted to show them something different, so we took the Miami Seaplane Tour.<br />It was more than what was expected.  One of my friends was a bit nervous, but the second she stepped into the plane she was fine.  Although it isn't big plane it is was very roomy and comfortable inside.  The captain was great and explained our flight path. Once in the air, WOW!  The flight was as smooth as could be.  We flew by the buildings of Downtown Miami, over to Key Biscayne,  over South Beach, then to the North end of town, then back to Downtown, landing back in.  We had such a great time.<br />I not only recommend this to tourists, but to us locals that have lived here a long time.  It really made me appreciate what a beautiful city we live in and how great it is to live here.","","0","","Written October 30, 2010","This review is the subjective opinion of a Tripadvisor member and not of Tripadvisor LLC."
"Lemon26","https://www.tripadvisor.com/Profile/Lemon26","https://media-cdn.tripadvisor.com/media/photo-o/1a/f6/df/99/default-avatar-2020-40.jpg","Herrliberg, Switzerland","5","","getting a new perspective","We did a sunset tour and we were very lucky to have a perfect sky that day. The whole flight was fantastic and the views are spectacular, definitely worth doing. You get to see Miami in a different light. Our pilot was also fantastic and told us quite a view new things about Miami. I can only say, go see for yourself.","","0","","Written October 21, 2010","This review is the subjective opinion of a Tripadvisor member and not of Tripadvisor LLC."
"surfinboy409","https://www.tripadvisor.com/Profile/surfinboy409","https://media-cdn.tripadvisor.com/media/photo-o/1a/f6/f2/b8/default-avatar-2020-26.jpg","Plantation, FL","5","","An Amazing Experience","I did the 1 hour Ultimate Miami and Beaches Tour, and it was absolutely amazing. We got the opportunity to fly over Key Biscayne National Park and see wildlife such as manatees, fish, and more. I have lived in Florida all of my life and never had a clue how amazing the city of Miami really was until this wonderful experience. Not only was Tony Anderson a great pilot, he did a fantastic job filling us in with information on everything we flew by. This flight was one I will never forget.","","0","https://media-cdn.tripadvisor.com/media/photo-s/01/a3/e4/f9/miami-seaplane-tours.jpg","Written September 8, 2010","This review is the subjective opinion of a Tripadvisor member and not of Tripadvisor LLC."
"Tivers7","https://www.tripadvisor.com/Profile/Tivers7","https://media-cdn.tripadvisor.com/media/photo-o/1a/f6/f0/d5/default-avatar-2020-17.jpg","Philadelphia, PA","5","","Amazing Experience","My husband & I decided to do the 1/2hr city tour with Miami Seaplanes. We had a great experience from start to finish! The take off & landing were very smooth. The views were amazing! The customer service was excellent! We saw a manatee, flew around south beach, by the city skyscrapers & around many of the rich & famous peoples houses!","","0","https://media-cdn.tripadvisor.com/media/photo-s/01/a2/5e/bb/view.jpg
https://media-cdn.tripadvisor.com/media/photo-s/01/a2/5e/ba/view.jpg
https://media-cdn.tripadvisor.com/media/photo-s/01/a2/5e/b9/view.jpg
https://media-cdn.tripadvisor.com/media/photo-s/01/a2/5e/b8/view.jpg
https://media-cdn.tripadvisor.com/media/photo-s/01/a2/5e/b7/view.jpg
https://media-cdn.tripadvisor.com/media/photo-s/01/a2/5e/b6/view.jpg
https://media-cdn.tripadvisor.com/media/photo-s/01/a2/5e/b5/view.jpg","Written September 3, 2010","This review is the subjective opinion of a Tripadvisor member and not of Tripadvisor LLC."
"Loxian","https://www.tripadvisor.com/Profile/Loxian","https://media-cdn.tripadvisor.com/media/photo-o/1a/f6/df/2b/default-avatar-2020-39.jpg","West Palm Beach, FL","5","","Serious fun","Took the Miami and beaches one hour tour. The views are simply stunning - from the crystal clear waters of Biscayne Bay to the high-rises of downtown Miami, this tour provides a new perspective on places familiar only from the ground. Our pilot, Tony, was a wealth of knowledge. He appears to know every building and landmark within Miami-Dade and Broward counties, and seems to genuinely enjoy his work. Best of all, he's a really nice guy and ensures the whole experience is enjoyable. He's also a great wildlife spotter and pointed out manatees, sea turtles and rays. The flight was smooth and felt completely safe. This has to be the best way to take in Miami and surroundings. Thanks Tony for making our day. Ian/Betty, West Palm Beach","","0","https://media-cdn.tripadvisor.com/media/photo-s/01/a1/0c/c1/the-plane.jpg
https://media-cdn.tripadvisor.com/media/photo-s/01/a1/0c/bf/venetian-causeway.jpg
https://media-cdn.tripadvisor.com/media/photo-s/01/a1/0c/bc/miami.jpg
https://media-cdn.tripadvisor.com/media/photo-s/01/a1/0c/b9/fontainebleau.jpg
https://media-cdn.tripadvisor.com/media/photo-s/01/a1/0c/b8/nice-place.jpg
https://media-cdn.tripadvisor.com/media/photo-s/01/a1/0c/b7/miami.jpg","Written August 30, 2010","This review is the subjective opinion of a Tripadvisor member and not of Tripadvisor LLC."
"Gwendolyn P","https://www.tripadvisor.com/Profile/gkpoynter","https://media-cdn.tripadvisor.com/media/photo-o/04/79/fc/37/gwendolyn-p.jpg","Key West, FL","5","","Best Ever","I am terrified of flying, but not this time. It was so beautiful flying above Miami. I reserved a half hour flight and I wish I would of done at least an hour. <br />It a whole other way of seeing Miami. The best way. We loved everything about it and we will be going back next time we go to Miami or Fort Lauderdale.","","0","https://media-cdn.tripadvisor.com/media/photo-s/01/a0/33/cf/the-view-above-miami.jpg
https://media-cdn.tripadvisor.com/media/photo-s/01/a0/33/ce/miami-seaplane.jpg","Written August 27, 2010","This review is the subjective opinion of a Tripadvisor member and not of Tripadvisor LLC."
"Yoice","https://www.tripadvisor.com/Profile/Yoice","https://media-cdn.tripadvisor.com/media/photo-s/01/9d/98/23/yoice.jpg","Miami Beach, FL","5","","More than fantastic!!!","I called this place once with a crazy and amazing idea and I had the pleasure to talk to Genny, she was awesome and help me a lot become my wish true.. It was an amazing experience I will recommend this to everyone. The hour tour was awesome, beautiful view, the pilot was super nice, gentle, funny and caring. I loved I made this choice for my boyfriend's birthday and I thanks Genny for making it possible..<br />Every penny that I spend was worth it and I would do it again and again. An amazing experience!!","","0","https://media-cdn.tripadvisor.com/media/photo-s/01/9d/98/0b/with-the-crew-that-make.jpg
https://media-cdn.tripadvisor.com/media/photo-s/01/9d/98/0a/a-romantic-dinner-for.jpg
https://media-cdn.tripadvisor.com/media/photo-s/01/9d/98/09/with-the-pilot.jpg
https://media-cdn.tripadvisor.com/media/photo-s/01/9d/98/08/this-is-me-and-my-boyfriend.jpg","Written August 17, 2010","This review is the subjective opinion of a Tripadvisor member and not of Tripadvisor LLC."
"padams2","https://www.tripadvisor.com/Profile/padams2","https://media-cdn.tripadvisor.com/media/photo-o/1a/f6/ef/73/default-avatar-2020-13.jpg","Centreville, VA","5","","August 13th Seaplane Downtown Miami Tour","The Miami Seaplane is amazing. It is a must do. I was a little weary of it at first but when they say that safety is their number 1 priority you can definantly tell. Not one time did I actually feel scared. The landing is a little shakey but you are landing in water so that is expected. Tony our pilot was great. He showed us manatees, sharks, and different sea animals from the air. Then we went over different areas where he was VERY knowledgable about stars houses. I would recommend this in a heart beat even if you have lived in MIAMI for your whole life. There is no veiw like a seaplane.","","0","","Written August 17, 2010","This review is the subjective opinion of a Tripadvisor member and not of Tripadvisor LLC."
"froregon","https://www.tripadvisor.com/Profile/froregon","https://media-cdn.tripadvisor.com/media/photo-o/1a/f6/f2/59/default-avatar-2020-24.jpg","Portland, OR","5","","Well worth the time and money!","I was in Miami for conference and wanted to do something non-business before I left so I called for the 30 minute tour.  I rented a car (their shuttle van was out of service) and drove there which is about a 15 minute drive from Fountainbleu Hotel.  I was greeted by our friendly pilot and we boarded the cessna 172.  Just an amazing flight.  The best part is I got to fly the plane for 10 minutes in the air (I do carry a private pilot license). FUN FUN FUN!","","0","","Written August 16, 2010","This review is the subjective opinion of a Tripadvisor member and not of Tripadvisor LLC."
"bongtraveller","https://www.tripadvisor.com/Profile/bongtraveller","https://media-cdn.tripadvisor.com/media/photo-l/01/2a/fd/9b/avatar.jpg","Bangalore","5","","Out of the world experiance","I did the Everglades trip with Miami Sea Plane. The sparkling blue aircraft was waiting for me on the water. The Pilot was very friendly helped me climb on the plane. The seating is comfortable just beside the Pilot!!! It was a clear bright day. The take off and landing of the aircraft was amazingly smooth. We spent a lot of time looking at Key Biscayne, Slitsville, Fingers, Kay Islands and then Everglades. We even flew through a sea shower for a plane wash!. It was a 100% guided tour, music was played in between when we are not talking.  I clicked some amazing pictures to last me a lifetime.","","0","https://media-cdn.tripadvisor.com/media/photo-s/01/8f/96/07/miami-seaplane-tours.jpg
https://media-cdn.tripadvisor.com/media/photo-s/01/8f/96/06/miami-seaplane-tours.jpg
https://media-cdn.tripadvisor.com/media/photo-s/01/8f/96/05/miami-seaplane-tours.jpg
https://media-cdn.tripadvisor.com/media/photo-s/01/8f/96/04/miami-seaplane-tours.jpg
https://media-cdn.tripadvisor.com/media/photo-s/01/8f/96/03/miami-seaplane-tours.jpg","Written July 14, 2010","This review is the subjective opinion of a Tripadvisor member and not of Tripadvisor LLC."
"SEVEHOMEPAGE","https://www.tripadvisor.com/Profile/SEVEHOMEPAGE","https://media-cdn.tripadvisor.com/media/photo-o/1a/f6/e9/60/default-avatar-2020-64.jpg","Milan, Italy","5","","Definitely a highlight of a trip.","I enjoyed this wonderful experience to the fullest. I strongly recommend it. Great views along with exhaustive and thorough explanations by a very easy-going and friendly pilot.<br /><br />Enjoy this fantastic experience !<br /><br />Ciao<br /><br />Severino<br />Milan, Italy","","0","https://media-cdn.tripadvisor.com/media/photo-s/01/8c/36/46/one-of-the-water-houses.jpg
https://media-cdn.tripadvisor.com/media/photo-s/01/8c/36/44/a-view-of-miami-city.jpg
https://media-cdn.tripadvisor.com/media/photo-s/01/8c/36/42/the-pilot-and-i-getting.jpg","Written June 22, 2010","This review is the subjective opinion of a Tripadvisor member and not of Tripadvisor LLC."
"CBops","https://www.tripadvisor.com/Profile/CBops","","Miami, FL","5","","Excellent gift for someone who has everything","I can't say enough great things about the Miami Seaplane Tour. Our pilot was so knowledgeable and had fascinating stories to share as he is a Miami native. <br />This was a surprise birthday gift for my boyfriend who has everything. We are living in Miami for 4 years and I thought we better do something “touristy” while living here. After taking this tour, I realized that residents should do as well! You see the city and ocean from a totally different aspect. Flying low over the water and through downtown was so much fun. We can’t wait to go on the Everglades tour.","","0","","Written June 16, 2010","This review is the subjective opinion of a Tripadvisor member and not of Tripadvisor LLC."
"andrewTX07","https://www.tripadvisor.com/Profile/andrewTX07","https://media-cdn.tripadvisor.com/media/photo-o/1a/f6/ea/2e/default-avatar-2020-67.jpg","Miami Beach, FL","5","","What an awesome way to see miami!","Out of shear luck, the  concierge in our hotel told us about the miami seaplanes tours. And we immediately booked a tour that afternoon! It was awesome! They picked us up at our hotel, their staff was super friendly and the views of Miami were phenomenal. I highly recommend!","","0","","Written May 27, 2010","This review is the subjective opinion of a Tripadvisor member and not of Tripadvisor LLC."
"ConnyWeiderkehr","https://www.tripadvisor.com/Profile/ConnyWeiderkehr","https://media-cdn.tripadvisor.com/media/photo-o/1a/f6/e7/3d/default-avatar-2020-55.jpg","Geneva, Switzerland","5","","AMAZING!!! THE REAL FEELING OF FLIGHT!!!","Our seaplane tour was an amazing experience! It was the first time we went in a seaplane! It was strange at first but we enjoyed it very much, because it was a personal flight with us and the pilot only. It was a great experience to fly at different levels. The pilot showed us the fishes in the water,  the mansions on Stiltsville and we could see the different colors from the water and the corals. The Pilot was very polite and professional, and knows about the water and the environment, especially the sights. He told us information about each sight we saw and took us closer for a better view. The beach looked amazing from the seaplane! We have great pictures and will tell everyone back home in Switzerland! After the flight was done we were so overwhelmed and we just sat down and took the experience in! Thank you Miami Seaplane Tours!<br /><br /> -Conny and Beat Wiederkehr","","0","","Written May 13, 2010","This review is the subjective opinion of a Tripadvisor member and not of Tripadvisor LLC."