"User Name","User Profile","User Avatar","User Location","Rating","Rating Text","Review Title","Review Text","Trip Type","Helpful Votes","Photos","Published Date","Disclaimer"
"Tia R","https://www.tripadvisor.com/Profile/82tiar","https://media-cdn.tripadvisor.com/media/photo-o/1a/f6/de/e7/default-avatar-2020-37.jpg","Indianapolis, IN","5","Feb 2025 • Family","Ignore the price: treat yourself to this once-in-a-lifetime experience","My sister and I loved this experience so much! I really hesitated because of the price, but would do this again in a hearbeat. Felix was our pilot and he knew all the interesting facts and put us all at ease. Seeing the Grand Canyon in this way is unbelievable!","Family","0","","Written February 24, 2025","This review is the subjective opinion of a Tripadvisor member and not of Tripadvisor LLC."
"Dan","https://www.tripadvisor.com/Profile/I7564DCdaniel","https://media-cdn.tripadvisor.com/media/photo-o/1a/f6/f3/e4/default-avatar-2020-30.jpg","","5","","Surreal experience, Maverick Helicopters extremely safe and great guides","Amazing experience, flight was surreal with an amazing guide with us. We got unbelievable photos of the south rim, the little colorado valley and the north rim as well as the grand canyon itself. Would absolutely recommend Maverick Helicopters for their safety and experience.","","0","https://media-cdn.tripadvisor.com/media/photo-m/1280/2f/00/f0/b9/caption.jpg
https://media-cdn.tripadvisor.com/media/photo-m/1280/2f/00/f0/b8/caption.jpg
https://media-cdn.tripadvisor.com/media/photo-m/1280/2f/00/f0/b7/caption.jpg
https://media-cdn.tripadvisor.com/media/photo-m/1280/2f/00/f0/b5/caption.jpg","Written February 23, 2025","This review is the subjective opinion of a Tripadvisor member and not of Tripadvisor LLC."
"Desiree","https://www.tripadvisor.com/Profile/Deezoo01","https://media-cdn.tripadvisor.com/media/photo-o/1a/f6/df/2b/default-avatar-2020-39.jpg","Sassenheim, The Netherlands","5","","In a word great!","Everything was well organized, the flight was very cool and pilot Dylan managed to entertain us well along the way. Very cool to experience!","","0","https://media-cdn.tripadvisor.com/media/photo-m/1280/2e/ee/96/c2/caption.jpg
https://media-cdn.tripadvisor.com/media/photo-m/1280/2e/ee/96/c1/caption.jpg
https://media-cdn.tripadvisor.com/media/photo-m/1280/2e/ee/96/bf/caption.jpg","Written February 19, 2025","This review is the subjective opinion of a Tripadvisor member and not of Tripadvisor LLC."
"Trip32612680747","https://www.tripadvisor.com/Profile/Trip32612680747","https://media-cdn.tripadvisor.com/media/photo-o/1a/f6/f4/5d/default-avatar-2020-32.jpg","","5","Feb 2025 • Family","Good flight.","Very nice ride and good take care from the pilot. We vas 5 persons and all of us was very satisfyed. We get good wether and that did it extra good.","Family","0","https://media-cdn.tripadvisor.com/media/photo-w/2e/e5/2b/88/caption.jpg","Written February 16, 2025","This review is the subjective opinion of a Tripadvisor member and not of Tripadvisor LLC."
"DoylestownD","https://www.tripadvisor.com/Profile/Voyager03613560746","https://media-cdn.tripadvisor.com/media/photo-o/1a/f6/f4/5d/default-avatar-2020-32.jpg","Doylestown, PA","5","Feb 2025 • Couples","Splendid Experience with Unparalleled Views","We had a fabulous experience with Maverick! The entire outfit was run efficiently and with safety at top of mind. The flight was a lot of fun and offered views you would never capture from land. We left with tons of great photos that we'll treasure. I'd say this was a once in a lifetime experience, but could easily see us taking another flight with them if we revisited the Grand Canyon. Kudos to the entire team for a great time!","Couples","0","","Written February 8, 2025","This review is the subjective opinion of a Tripadvisor member and not of Tripadvisor LLC."
"DEAN H","https://www.tripadvisor.com/Profile/deanhO6473TO","https://media-cdn.tripadvisor.com/media/photo-o/1a/f6/e9/bb/default-avatar-2020-65.jpg","","5","","Money well spent","Wow what teamwork from the check in to the formal introduction from our pilot Shane great communication about the Grand Canyon continued to ask if anyone had questions","","0","","Written February 7, 2025","This review is the subjective opinion of a Tripadvisor member and not of Tripadvisor LLC."
"RBH L","https://www.tripadvisor.com/Profile/rbhl2025","https://media-cdn.tripadvisor.com/media/photo-o/1a/f6/ea/2e/default-avatar-2020-67.jpg","","1","Jan 2025 • Couples","Wasted a significant portion of my day","Couldn’t be more disappointed with the reservation/ cancellation process. Received a call only a few hours in advance that our flight was canceled. Not because of weather or a mechanical issue, but because they won’t fly with only two passengers. Of the options available I was offered to buy two more seats and then we could take the trip. While I understand it’s their policy they need to communicate this during the reservation process. We went way out of our way to cross this off the bucket list and was let down.","Couples","0","","Written January 31, 2025","This review is the subjective opinion of a Tripadvisor member and not of Tripadvisor LLC."
"MaryJo Zipperle","https://www.tripadvisor.com/Profile/maryjozip","https://media-cdn.tripadvisor.com/media/photo-o/1a/f6/de/5a/default-avatar-2020-36.jpg","","5","Jan 2025 • Family","Great way to see the Grand Canyon.","Incredible tour of Grand Canyon.  Shane was very professional and made our family feel comfortable.  The flight and views were amazing.   Thank you Shane!!","Family","0","","Written January 18, 2025","This review is the subjective opinion of a Tripadvisor member and not of Tripadvisor LLC."
"Marybel","https://www.tripadvisor.com/Profile/205marybelc","https://media-cdn.tripadvisor.com/media/photo-o/1a/f6/e8/91/default-avatar-2020-62.jpg","West Palm Beach, FL","5","Dec 2024 • Couples","A must do!!","The first view of the basin was breathtaking! Our pilot, Jeff, was great. It was a nice smooth ride with amazing views!  This is the best way to see the  Canyon.","Couples","0","https://media-cdn.tripadvisor.com/media/photo-m/1280/2e/70/12/36/caption.jpg
https://media-cdn.tripadvisor.com/media/photo-w/2e/70/12/35/caption.jpg
https://media-cdn.tripadvisor.com/media/photo-w/2e/70/12/34/caption.jpg","Written December 28, 2024","This review is the subjective opinion of a Tripadvisor member and not of Tripadvisor LLC."
"Robert C","https://www.tripadvisor.com/Profile/L8882YErobertc","https://media-cdn.tripadvisor.com/media/photo-o/1a/f6/ee/68/default-avatar-2020-9.jpg","","5","","Don't miss this","This is a fantastic way to see and learn about the Grand Canyon. Our pilot was very knowledgeable about the different peaks, valleys and rivers. <br />It was worth every penny.","","0","https://media-cdn.tripadvisor.com/media/photo-m/1280/2e/53/23/f9/caption.jpg
https://media-cdn.tripadvisor.com/media/photo-m/1280/2e/53/23/f8/caption.jpg
https://media-cdn.tripadvisor.com/media/photo-m/1280/2e/53/23/f7/caption.jpg
https://media-cdn.tripadvisor.com/media/photo-m/1280/2e/53/23/f6/caption.jpg
https://media-cdn.tripadvisor.com/media/photo-m/1280/2e/53/23/f5/caption.jpg
https://media-cdn.tripadvisor.com/media/photo-m/1280/2e/53/23/f4/caption.jpg
https://media-cdn.tripadvisor.com/media/photo-m/1280/2e/53/23/f3/caption.jpg
https://media-cdn.tripadvisor.com/media/photo-m/1280/2e/53/23/f2/caption.jpg","Written December 11, 2024","This review is the subjective opinion of a Tripadvisor member and not of Tripadvisor LLC."
"Kylie M","https://www.tripadvisor.com/Profile/Kylievm16","https://media-cdn.tripadvisor.com/media/photo-o/1a/f6/e8/5b/default-avatar-2020-61.jpg","Hamilton, Canada","5","Dec 2024 • Solo","Fantastic ride!","Such an amazing way to see the Grand Canyon. Our pilot Dylan was fantastic, gave great commentary and was very safe! Great views from all sides. A truly amazing experience.","Solo","0","","Written December 1, 2024","This review is the subjective opinion of a Tripadvisor member and not of Tripadvisor LLC."
"Neil M","https://www.tripadvisor.com/Profile/NeilMat","https://media-cdn.tripadvisor.com/media/photo-o/2a/16/79/a4/neil-m.jpg","Crawley, UK","5","Nov 2024 • Couples","WOW, Worth the $$'s","Took this helicopter trip and was not disappointed at all.<br /><br />Jeff, our pilot, gave us our briefing and a very clear commentary throughout our flight. <br /><br />Trip wasn't cheap but it was well worth the money.","Couples","0","","Written November 9, 2024","This review is the subjective opinion of a Tripadvisor member and not of Tripadvisor LLC."
"Resort07105149303","https://www.tripadvisor.com/Profile/Resort07105149303","https://media-cdn.tripadvisor.com/media/photo-o/1a/f6/e9/bb/default-avatar-2020-65.jpg","","5","Nov 2024 • Solo","I was able to cross this off my list with a smile on my face!","Phenomenal experience from start to finish.  Pilot not only described what you were seeing, he answered all questions.","Solo","0","https://media-cdn.tripadvisor.com/media/photo-w/2d/fd/92/49/caption.jpg
https://media-cdn.tripadvisor.com/media/photo-w/2d/fd/92/48/caption.jpg","Written November 2, 2024","This review is the subjective opinion of a Tripadvisor member and not of Tripadvisor LLC."
"Steve","https://www.tripadvisor.com/Profile/greatplanetearth","https://media-cdn.tripadvisor.com/media/photo-o/1a/f6/de/5a/default-avatar-2020-36.jpg","","5","Oct 2024 • Friends","Incredible - Do It if You can !","This experience was totally amazing and life-time experience.  Everybody was so professional, courteous and safety minded.  The views were spectacular - a must do if you can.<br /><br />Our pilot James?  made the experience very special and fun.","Friends","0","https://media-cdn.tripadvisor.com/media/photo-s/2d/d8/13/e6/caption.jpg","Written October 20, 2024","This review is the subjective opinion of a Tripadvisor member and not of Tripadvisor LLC."
"Roberto D","https://www.tripadvisor.com/Profile/RobertoD99","https://media-cdn.tripadvisor.com/media/photo-o/1a/f6/f2/7a/default-avatar-2020-25.jpg","D.F.","5","Sep 2024 • Family","Highly recommended","We took the tour from Las Vegas leaving by truck picked us up at 6:30 am, the bus well, the very friendly Guide, made some stops for us to buy food and to stretch our legs since they are 4 hours on the way, to those who were going to the helicopter we got off first and there they checked that the weight we gave was correct, we waited a few minutes and took us to the helicopter of the Maverick line to give us the tour, all very friendly, the pilot explained perfectly everything we had to know before boarding, and already climbed we headed to a beautiful and impressive adventure, which is to see the Grand Canyon flying over and seeing beautiful landscapes, all wonderful, last about 45 minutes we returned and picked up the bus and continued the tour giving us a lunch, we went to a place with several viewpoints and shops to buy souvenirs and other interesting things that sell, everything really very well, we returned to Vegas still making some stops, we arrived at about 7 pm-night, it is a tour highly recommended.","Family","0","","Written October 9, 2024","This review is the subjective opinion of a Tripadvisor member and not of Tripadvisor LLC."
"ak_vt","https://www.tripadvisor.com/Profile/ak_vt","https://media-cdn.tripadvisor.com/media/photo-o/1a/f6/ef/73/default-avatar-2020-13.jpg","","5","Oct 2024 • Friends","Amazing!!","Fantastic experience with unmatched views of the canyon!   A must-do bucket list experience!   Professional staff and we loved our pilot!  Thanks again!","Friends","0","","Written October 6, 2024","This review is the subjective opinion of a Tripadvisor member and not of Tripadvisor LLC."
"Scenic35907643318","https://www.tripadvisor.com/Profile/Scenic35907643318","https://media-cdn.tripadvisor.com/media/photo-o/1a/f6/e9/60/default-avatar-2020-64.jpg","","5","Sep 2024 • Couples","100% recommendation was Sensational","On our USA tour a must visit .<br />Had picked the 45 min can only say the money is definitely worth it ,<br />where I have to say 1 photo could be included for free ,<br />at this price.<br />It was breathtaking, sensational, <br />Massive ,<br />Madness had never experienced anything so beautiful before.<br />Thanks also to the pilots who brought us back to the ground well.<br />1000% recommendation from me an experience you will never forget again .<br />LG from AUSTRIA","Couples","0","https://media-cdn.tripadvisor.com/media/photo-w/2d/b2/d7/a6/caption.jpg
https://media-cdn.tripadvisor.com/media/photo-w/2d/b2/d7/a5/caption.jpg
https://media-cdn.tripadvisor.com/media/photo-w/2d/b2/d7/a4/caption.jpg
https://media-cdn.tripadvisor.com/media/photo-w/2d/b2/d7/a3/caption.jpg
https://media-cdn.tripadvisor.com/media/photo-w/2d/b2/d7/a2/caption.jpg
https://media-cdn.tripadvisor.com/media/photo-m/1280/2d/b2/d7/a1/caption.jpg
https://media-cdn.tripadvisor.com/media/photo-w/2d/b2/d7/a0/caption.jpg
https://media-cdn.tripadvisor.com/media/photo-w/2d/b2/d7/9f/caption.jpg
https://media-cdn.tripadvisor.com/media/photo-w/2d/b2/d7/9e/caption.jpg
https://media-cdn.tripadvisor.com/media/photo-w/2d/b2/d7/9d/caption.jpg
https://media-cdn.tripadvisor.com/media/photo-w/2d/b2/d7/9c/caption.jpg
https://media-cdn.tripadvisor.com/media/photo-m/1280/2d/b2/d7/9b/caption.jpg
https://media-cdn.tripadvisor.com/media/photo-m/1280/2d/b2/d7/9a/caption.jpg
https://media-cdn.tripadvisor.com/media/photo-m/1280/2d/b2/d7/99/caption.jpg
https://media-cdn.tripadvisor.com/media/photo-w/2d/b2/d7/98/caption.jpg
https://media-cdn.tripadvisor.com/media/photo-w/2d/b2/d7/97/caption.jpg","Written October 4, 2024","This review is the subjective opinion of a Tripadvisor member and not of Tripadvisor LLC."
"fuegosadie","https://www.tripadvisor.com/Profile/fuegosadie","https://media-cdn.tripadvisor.com/media/photo-o/1a/f6/e2/e6/default-avatar-2020-45.jpg","Trabuco Canyon, CA","5","","A must do adventure","The pilot James, briefed us and took us on our way to an extraordinary adventure that I would recommend to anyone traveling to see the Grand Canyon.  We wore headsets and he provided us with the commentary about this fabulous place.  45 minutes long and there were 4 passengers and a beautiful clear day with golden glow of Aspen leaves.","","0","","Written October 3, 2024","This review is the subjective opinion of a Tripadvisor member and not of Tripadvisor LLC."
"Pollok1","https://www.tripadvisor.com/Profile/Pollok1","https://media-cdn.tripadvisor.com/media/photo-o/07/84/6c/3c/pollok1.jpg","Glasgow, UK","5","","America Western Tour ","Excellent helicopter tour of The Grand Canyon. Had a great seat on the window side at the front so got some excellent photos of The Canyon.","","0","https://media-cdn.tripadvisor.com/media/photo-m/1280/2d/ad/1a/d2/caption.jpg
https://media-cdn.tripadvisor.com/media/photo-m/1280/2d/ad/1a/d1/caption.jpg
https://media-cdn.tripadvisor.com/media/photo-m/1280/2d/ad/1a/d0/caption.jpg
https://media-cdn.tripadvisor.com/media/photo-m/1280/2d/ad/1a/cd/caption.jpg
https://media-cdn.tripadvisor.com/media/photo-m/1280/2d/ad/1a/cc/caption.jpg
https://media-cdn.tripadvisor.com/media/photo-m/1280/2d/ad/1a/cb/caption.jpg
https://media-cdn.tripadvisor.com/media/photo-m/1280/2d/ad/1a/ca/caption.jpg
https://media-cdn.tripadvisor.com/media/photo-m/1280/2d/ad/1a/c9/caption.jpg
https://media-cdn.tripadvisor.com/media/photo-m/1280/2d/ad/1a/c8/caption.jpg
https://media-cdn.tripadvisor.com/media/photo-m/1280/2d/ad/1a/c7/caption.jpg
https://media-cdn.tripadvisor.com/media/photo-m/1280/2d/ad/1a/c6/caption.jpg
https://media-cdn.tripadvisor.com/media/photo-m/1280/2d/ad/1a/c5/caption.jpg
https://media-cdn.tripadvisor.com/media/photo-m/1280/2d/ad/1a/c4/caption.jpg
https://media-cdn.tripadvisor.com/media/photo-m/1280/2d/ad/1a/c3/caption.jpg
https://media-cdn.tripadvisor.com/media/photo-m/1280/2d/ad/1a/c2/caption.jpg
https://media-cdn.tripadvisor.com/media/photo-m/1280/2d/ad/1a/c1/caption.jpg
https://media-cdn.tripadvisor.com/media/photo-m/1280/2d/ad/1a/c0/caption.jpg
https://media-cdn.tripadvisor.com/media/photo-m/1280/2d/ad/1a/bf/caption.jpg
https://media-cdn.tripadvisor.com/media/photo-m/1280/2d/ad/1a/bd/caption.jpg
https://media-cdn.tripadvisor.com/media/photo-m/1280/2d/ad/1a/bc/caption.jpg
https://media-cdn.tripadvisor.com/media/photo-m/1280/2d/ad/1a/bb/caption.jpg
https://media-cdn.tripadvisor.com/media/photo-m/1280/2d/ad/1a/ba/caption.jpg
https://media-cdn.tripadvisor.com/media/photo-m/1280/2d/ad/1a/b9/caption.jpg
https://media-cdn.tripadvisor.com/media/photo-m/1280/2d/ad/1a/b8/caption.jpg
https://media-cdn.tripadvisor.com/media/photo-m/1280/2d/ad/1a/b7/caption.jpg
https://media-cdn.tripadvisor.com/media/photo-m/1280/2d/ad/1a/b6/caption.jpg
https://media-cdn.tripadvisor.com/media/photo-m/1280/2d/ad/1a/b5/caption.jpg
https://media-cdn.tripadvisor.com/media/photo-m/1280/2d/ad/1a/b4/caption.jpg","Written October 1, 2024","This review is the subjective opinion of a Tripadvisor member and not of Tripadvisor LLC."
"Michael G","https://www.tripadvisor.com/Profile/M8895JSmichaelg","https://media-cdn.tripadvisor.com/media/photo-o/1a/f6/ef/9c/default-avatar-2020-14.jpg","","5","Sep 2024 • Family","Great Experience with Grand Canyon and pilot","Awesome way to experience the true size and beauty of the Grand Canyon. Our pilot James is an extremely experienced veteran with a great personality and sence of humor. Very knowledgeable about canyon details. We would highly recommend this tour to anyone...","Family","0","","Written September 29, 2024","This review is the subjective opinion of a Tripadvisor member and not of Tripadvisor LLC."
"OG_LANKS","https://www.tripadvisor.com/Profile/OG_LANKS","https://media-cdn.tripadvisor.com/media/photo-m/1280/27/f7/52/18/og-lanks.jpg","Exeter, UK","5","","Worthwhile heli flight","Good heli, good pilot, beautiful views, well worth it. Shane was interesting to talk to and some of the views were spectacular.","","0","https://media-cdn.tripadvisor.com/media/photo-w/2d/a7/9c/9d/caption.jpg
https://media-cdn.tripadvisor.com/media/photo-w/2d/a7/9c/9c/caption.jpg
https://media-cdn.tripadvisor.com/media/photo-w/2d/a7/9c/9b/caption.jpg","Written September 29, 2024","This review is the subjective opinion of a Tripadvisor member and not of Tripadvisor LLC."
"Donnie J","https://www.tripadvisor.com/Profile/donniej158","https://media-cdn.tripadvisor.com/media/photo-o/1a/f6/e3/1f/default-avatar-2020-46.jpg","","5","Sep 2024 • Couples","Wonderful and easy.","Great ride with Branson, beautiful views of spectacular wonder. Would recommend to anyone who has the opportunity, take this leap!","Couples","0","","Written September 27, 2024","This review is the subjective opinion of a Tripadvisor member and not of Tripadvisor LLC."
"Angel M","https://www.tripadvisor.com/Profile/Angel00225","https://media-cdn.tripadvisor.com/media/photo-l/01/2a/fd/9e/avatar.jpg","","5","Sep 2024 • Couples","Breathtaking views, very comfortable ride. Highly recommend!","It's hard to find the words about how awesome this tour is. Initially we had some issues confirming the tour, but the communication was wonderful and we still managed to get on at our scheduled time. <br />The flight itself was amazing. The pilot made sure that we all got to see very well and that we were comfortable. He took us up to the canyon and it was breath-taking to see everything from above. We went along the south rim and then up to the north rim so we got to see several different sides of the canyon. The flight was smooth and comfortable, and I would do it again in a heart beat! SO well worth the cost, it's a once in a lifetime experience and I am so glad we did this!","Couples","0","","Written September 23, 2024","This review is the subjective opinion of a Tripadvisor member and not of Tripadvisor LLC."
"Elizabeth M","https://www.tripadvisor.com/Profile/474elizabethm","https://media-cdn.tripadvisor.com/media/photo-o/05/5a/b1/9f/elizabeth-m.jpg","Tampa, FL","5","","Amazing heli trip of the Grand Canyon with Maverick!","Brian was our pilot and was so wonderful at pointing out important landmarks and giving us a smooth flight.  We went at 8am which I highly recommend!  The 45 minute flight is fantastic for seeing a lot of the gorgeous Grand Canyon.  This is 100% worth the money and a bucket list experience!","","0","","Written September 22, 2024","This review is the subjective opinion of a Tripadvisor member and not of Tripadvisor LLC."
"Treibenlassen","https://www.tripadvisor.com/Profile/treibenlassen","https://media-cdn.tripadvisor.com/media/photo-o/04/8e/7b/b1/treibenlassen.jpg","Bern, Schweiz","5","Sep 2024 • Couples","Recommended! Very nice experience","Everything very professional, you feel in good hands from check-in to landing.<br />Very friendly and motivated pilot who explained a lot to us. <br />The flight itself very impressive when you fly over the edge like that!  Leaves lasting memories.<br />A bit expensive, but that's a good thing, otherwise there would be many more Flights...","Couples","0","","Written September 21, 2024","This review is the subjective opinion of a Tripadvisor member and not of Tripadvisor LLC."
"Kimbies","https://www.tripadvisor.com/Profile/herrickil","https://media-cdn.tripadvisor.com/media/photo-o/1a/f6/77/ae/default-avatar-2020-2.jpg","Taylorville, IL","5","","Magic Carpet Ride","Our pilot, John, was excellent. He answered questions and offered great geography and historical info about the Grand Canyon. MHe was professional and reassuring. He also had a great playlist to enjoy 🎧🎶.<br /><br />We were amazed with spectacular views and will never forget this incredible experience. Highly recommend and would do it again!!","","0","","Written September 18, 2024","This review is the subjective opinion of a Tripadvisor member and not of Tripadvisor LLC."
"CaseyJ","https://www.tripadvisor.com/Profile/355cassiej","https://media-cdn.tripadvisor.com/media/photo-o/1a/f6/eb/6d/default-avatar-2020-19.jpg","","4","","Get on the left side of the helicopter or the front row.","I loved this so much but I missed so much sitting on the right side of the helicopter in the second row. I didn’t get to see the canyon as much nor did I get to see the two rivers merge into one.<br /><br />I’m sure there’s a required flight path and all but I so wish the tour went clockwise and counterclockwise so that each side got to see the canyon in its full glory. I saw a lot of trees. I paid to see the canyon.","","0","https://media-cdn.tripadvisor.com/media/photo-w/2d/6b/fd/5c/caption.jpg
https://media-cdn.tripadvisor.com/media/photo-w/2d/6b/fd/5b/caption.jpg
https://media-cdn.tripadvisor.com/media/photo-w/2d/6b/fd/5a/caption.jpg
https://media-cdn.tripadvisor.com/media/photo-w/2d/6b/fd/59/caption.jpg
https://media-cdn.tripadvisor.com/media/photo-w/2d/6b/fd/58/caption.jpg","Written September 9, 2024","This review is the subjective opinion of a Tripadvisor member and not of Tripadvisor LLC."
"Anders K","https://www.tripadvisor.com/Profile/klestrups","https://media-cdn.tripadvisor.com/media/photo-o/1a/f6/e9/bb/default-avatar-2020-65.jpg","Horsens, Denmark","5","","Do not miss this opportunity","What an amazing experience, not only the breathtaking scenery but the staff at the counter and the pilot that flew us, amazing how such friendly staff can make an amazing experience even better. <br />Nice helicopter with A/C, nice music and a pilot who knew a lot about the area aside from facts alone.","","0","","Written September 4, 2024","This review is the subjective opinion of a Tripadvisor member and not of Tripadvisor LLC."
"AM","https://www.tripadvisor.com/Profile/Sherpa21711050263","https://media-cdn.tripadvisor.com/media/photo-o/1a/f6/e9/60/default-avatar-2020-64.jpg","Clearwater, FL","5","","A must do for the best view of the Grand Canyon!","This was a birthday gift for my husband.  We had a perfect morning to view the Grand Canyon, the weather was amazing, our pilot Josh was great...he called out so many points of interest during our flight. Definitely would recommend this, it was an amazing experience!!","","0","https://media-cdn.tripadvisor.com/media/photo-m/1280/2d/57/b6/a2/caption.jpg
https://media-cdn.tripadvisor.com/media/photo-m/1280/2d/57/b6/a1/caption.jpg
https://media-cdn.tripadvisor.com/media/photo-m/1280/2d/57/b6/a0/caption.jpg","Written September 2, 2024","This review is the subjective opinion of a Tripadvisor member and not of Tripadvisor LLC."
"Barbara M","https://www.tripadvisor.com/Profile/Magnaghib","https://media-cdn.tripadvisor.com/media/photo-o/1b/c2/a6/f8/magnaghib.jpg","Ceresole Alba, Italy","5","Aug 2024 • Family","Unforgettable experience","Friendly staff, David our driver the best!!!Nice and attentive with children, provides detailed explanations of what you see and conveys great safety to Guide throughout the trip!<br />Thank you so much!!!!","Family","0","https://media-cdn.tripadvisor.com/media/photo-w/2d/4b/df/19/caption.jpg
https://media-cdn.tripadvisor.com/media/photo-w/2d/4b/df/18/caption.jpg
https://media-cdn.tripadvisor.com/media/photo-w/2d/4b/df/17/caption.jpg
https://media-cdn.tripadvisor.com/media/photo-w/2d/4b/df/16/caption.jpg
https://media-cdn.tripadvisor.com/media/photo-w/2d/4b/df/15/caption.jpg","Written August 28, 2024","This review is the subjective opinion of a Tripadvisor member and not of Tripadvisor LLC."
"Julia B","https://www.tripadvisor.com/Profile/G4010GJjuliab","https://media-cdn.tripadvisor.com/media/photo-o/1a/f6/e5/2b/default-avatar-2020-52.jpg","","5","","Excellent customer service","Exceptional service and excellent customer care. Pilot and helper’s very attentive to customer needs. I will recommend this to our friends","","0","","Written August 25, 2024","This review is the subjective opinion of a Tripadvisor member and not of Tripadvisor LLC."
"Andreas","https://www.tripadvisor.com/Profile/MaxWetzger6","","Munich, Germany","5","Aug 2024 • Solo","Clear Recommendation","Good organization, professional pilot, breathtaking views and insights into the Grand Canyon that you can only get in flight. So a clear Recommendation for anyone who can and will afford it.","Solo","0","","Written August 15, 2024","This review is the subjective opinion of a Tripadvisor member and not of Tripadvisor LLC."
"Shorti","https://www.tripadvisor.com/Profile/Voyager18176550021","https://media-cdn.tripadvisor.com/media/photo-o/26/cb/89/b5/voyager18176550021.jpg","Ellwangen, Germany","5","","Incredibly impressive","Pilot Jeff was super 🤩 nice, informative, quiet... and the flight is (provided you have the necessary change) a MUST. You don't get such impressions from the edge of the canyon. Booking Referral, processing, execution-all super professional. Thanks for that 👍🏻","","0","https://media-cdn.tripadvisor.com/media/photo-m/1280/2d/21/1a/c7/caption.jpg
https://media-cdn.tripadvisor.com/media/photo-w/2d/21/1a/c6/caption.jpg","Written August 12, 2024","This review is the subjective opinion of a Tripadvisor member and not of Tripadvisor LLC."
"Judy B","https://www.tripadvisor.com/Profile/JudyB785","https://media-cdn.tripadvisor.com/media/photo-o/06/61/c7/99/judy-b.jpg","Stafford, UK","5","","A Must Do","A must do for anyone visiting the Grand Canyon!<br />Our flight was booked for 8am and we arrived in good time. Check in was easy and we were fully briefed by our pilot about safety about what to expect. <br />The flight was a full 45 minutes and took in a considerable part of the Canyon. <br />Our pilot, whose name I can’t recall, provided lots of information about the Canyon and what we were seeing from the air, and we were about to marvel at the beauty of the Canyon from above.","","0","https://media-cdn.tripadvisor.com/media/photo-w/2d/1e/50/96/caption.jpg
https://media-cdn.tripadvisor.com/media/photo-w/2d/1e/50/95/caption.jpg
https://media-cdn.tripadvisor.com/media/photo-w/2d/1e/50/94/caption.jpg
https://media-cdn.tripadvisor.com/media/photo-w/2d/1e/50/93/caption.jpg
https://media-cdn.tripadvisor.com/media/photo-w/2d/1e/50/92/caption.jpg
https://media-cdn.tripadvisor.com/media/photo-m/1280/2d/1e/50/91/caption.jpg","Written August 11, 2024","This review is the subjective opinion of a Tripadvisor member and not of Tripadvisor LLC."
"Pfl","https://www.tripadvisor.com/Profile/fprd","","","5","Aug 2024 • Family","Incredible flight","Exceptional flight! Thanks to the pilot Matt extra and so nice...full of explanations <br />We keep an unforgettable memory","Family","0","","Written August 5, 2024","This review is the subjective opinion of a Tripadvisor member and not of Tripadvisor LLC."
"Anoniem","https://www.tripadvisor.com/Profile/anoniem835","https://media-cdn.tripadvisor.com/media/photo-o/1a/f6/ef/73/default-avatar-2020-13.jpg","","5","","Awesome!!","Fantastic!! What a special experience to fly in a helicopter over such a magical landscape. Our pilot, Dillon, was great. He told a lot about the area and made it a very nice flight for everyone. Recommended!","","0","https://media-cdn.tripadvisor.com/media/photo-m/1280/2d/02/23/91/caption.jpg","Written July 31, 2024","This review is the subjective opinion of a Tripadvisor member and not of Tripadvisor LLC."
"Mark Masselink","https://www.tripadvisor.com/Profile/MarkMass1","https://media-cdn.tripadvisor.com/media/photo-o/1a/f6/e8/ea/default-avatar-2020-63.jpg","Houston, TX","5","","Best Helicopter ride thru the Grand Canyon!","Took the 9:15am flight this morning and it was Amazing, Spectacular, Wonderful and all the other words to describe a great flight.","","0","https://media-cdn.tripadvisor.com/media/photo-w/2c/fa/17/6c/caption.jpg
https://media-cdn.tripadvisor.com/media/photo-m/1280/2c/fa/17/6b/caption.jpg
https://media-cdn.tripadvisor.com/media/photo-w/2c/fa/17/6a/caption.jpg
https://media-cdn.tripadvisor.com/media/photo-w/2c/fa/17/69/caption.jpg
https://media-cdn.tripadvisor.com/media/photo-w/2c/fa/17/68/caption.jpg
https://media-cdn.tripadvisor.com/media/photo-m/1280/2c/fa/17/67/caption.jpg
https://media-cdn.tripadvisor.com/media/photo-w/2c/fa/17/66/caption.jpg","Written July 27, 2024","This review is the subjective opinion of a Tripadvisor member and not of Tripadvisor LLC."
"Marcia R","https://www.tripadvisor.com/Profile/I3334HWmarciar","https://media-cdn.tripadvisor.com/media/photo-o/1a/f6/e4/59/default-avatar-2020-49.jpg","Lebanon, TN","5","Jul 2024 • Couples","Take the 45 min tour!","This was the most amazing tour! The canyon is breathtaking! Our pilot, Forest, was kind, knowledgeable and friendly. He was easy to talk to and answered all of our questions. The rest of the staff was the same. I highly recommend Maverick as a tour company, safety was of utmost priority and we had a blast!! We want to go back and do it again, but don’t have the time. Worth every penny!","Couples","0","https://media-cdn.tripadvisor.com/media/photo-w/2c/f1/bb/a3/caption.jpg
https://media-cdn.tripadvisor.com/media/photo-w/2c/f1/bb/5d/caption.jpg
https://media-cdn.tripadvisor.com/media/photo-m/1280/2c/f1/bb/5c/caption.jpg
https://media-cdn.tripadvisor.com/media/photo-w/2c/f1/bb/5b/caption.jpg","Written July 24, 2024","This review is the subjective opinion of a Tripadvisor member and not of Tripadvisor LLC."
"patrick.andre.matta@wanadoo.fr","https://www.tripadvisor.com/Profile/Fonzie31","","Chalons-en-Champagne, France","5","Jun 2024 • Family","Gain height over Colorado.","The chopper is one of the most spectacular ways to discover the Grand Canyon. Very well organized tour with Check-out on time. We flew over much of the canyon with detailed explanations from our pilot. A unique experience.","Family","0","https://media-cdn.tripadvisor.com/media/photo-m/1280/2c/e1/07/9e/caption.jpg
https://media-cdn.tripadvisor.com/media/photo-m/1280/2c/e1/07/88/caption.jpg
https://media-cdn.tripadvisor.com/media/photo-m/1280/2c/e1/07/5c/caption.jpg","Written July 17, 2024","This review is the subjective opinion of a Tripadvisor member and not of Tripadvisor LLC."
"WolfgangKoitz","https://www.tripadvisor.com/Profile/WolfgangKoitz","https://media-cdn.tripadvisor.com/media/photo-s/06/10/6d/69/wolfgang-k.jpg","Eisbach, Austria","5","May 2024 • Couples","Must do","Indescribable experience, you see so much more than by car.<br />Very nice and professional pilots and modern helicopters","Couples","0","https://media-cdn.tripadvisor.com/media/photo-m/1280/2c/90/42/00/caption.jpg
https://media-cdn.tripadvisor.com/media/photo-m/1280/2c/90/41/ff/caption.jpg
https://media-cdn.tripadvisor.com/media/photo-m/1280/2c/90/41/fe/caption.jpg
https://media-cdn.tripadvisor.com/media/photo-w/2c/90/41/fd/caption.jpg","Written June 14, 2024","This review is the subjective opinion of a Tripadvisor member and not of Tripadvisor LLC."
"Hannah F","https://www.tripadvisor.com/Profile/74hannahf","https://media-cdn.tripadvisor.com/media/photo-o/1a/f6/f0/9f/default-avatar-2020-16.jpg","","5","Jun 2024 • Couples","Best way to see the Grand Canyon","Fantastic way to really see the Grand Canyon.   The trip enables you to see the canyon from within - a full view of the Colorado river and the Forrest.  Well worth it","Couples","0","https://media-cdn.tripadvisor.com/media/photo-w/2c/8c/e7/d8/caption.jpg
https://media-cdn.tripadvisor.com/media/photo-w/2c/8c/e7/d7/caption.jpg","Written June 12, 2024","This review is the subjective opinion of a Tripadvisor member and not of Tripadvisor LLC."
"Barry B","https://www.tripadvisor.com/Profile/barryb904","https://media-cdn.tripadvisor.com/media/photo-s/07/02/d2/56/barry-b.jpg","","1","Jun 2024 • Family","Horrible Customer Service","I thought I was booking a Saturday morning flight. Either trip advisor or provider switched it to Sunday morning. I realized it within 15 minutes of making reservations, but was told all sales final. Extremely poor customer relations. We changed travel plans so we could go. Flight was not 45 minutes, it was at best 35 minutes but if you account for hovering at pad, it was probably 30 minutes. I would not do it again.","Family","0","","Written June 10, 2024","This review is the subjective opinion of a Tripadvisor member and not of Tripadvisor LLC."
"remko b","https://www.tripadvisor.com/Profile/remk0b","https://media-cdn.tripadvisor.com/media/photo-s/07/de/c7/d1/remko-b.jpg","Lewis Center, OH","5","","An absolute must do when visiting Grand Canyon","Absolutely superb experience.   Would not dream of going back to Grand Canyon without booking this tour.  Staff very knowledgeable and safety conscious.  The pilot played perfect music while flying and also was a great tour guide answering all questions.  Truly one of a kind experience.","","0","https://media-cdn.tripadvisor.com/media/photo-m/1280/2c/85/71/2e/caption.jpg
https://media-cdn.tripadvisor.com/media/photo-m/1280/2c/85/71/2d/caption.jpg
https://media-cdn.tripadvisor.com/media/photo-w/2c/85/71/2c/caption.jpg
https://media-cdn.tripadvisor.com/media/photo-w/2c/85/71/2b/caption.jpg
https://media-cdn.tripadvisor.com/media/photo-m/1280/2c/85/71/2a/caption.jpg
https://media-cdn.tripadvisor.com/media/photo-m/1280/2c/85/71/29/caption.jpg
https://media-cdn.tripadvisor.com/media/photo-w/2c/85/71/28/caption.jpg","Written June 9, 2024","This review is the subjective opinion of a Tripadvisor member and not of Tripadvisor LLC."
"markmd1212","https://www.tripadvisor.com/Profile/markmd1212","","San Antonio, TX","5","May 2024 • Couples","A view from above","Spectacular views. The pilot was nice and did a great job of explaining the geology of the canyon. The Grand Canyon is even grander from the eagle’s point of view.","Couples","0","","Written May 21, 2024","This review is the subjective opinion of a Tripadvisor member and not of Tripadvisor LLC."
"Richard R","https://www.tripadvisor.com/Profile/B8696FYrichardr","https://media-cdn.tripadvisor.com/media/photo-o/1a/f6/ea/2e/default-avatar-2020-67.jpg","","1","May 2024 • Family","Much to be desired","Avoid. Especially if you are military or ex military.  I have used the two other companies available here with much better service and performance. They appeared  to have an attitude the moment they realized we were ex=military. Perhaps it was something in our manner but why risk it when there other companies with (in our experience) better service","Family","0","","Written May 15, 2024","This review is the subjective opinion of a Tripadvisor member and not of Tripadvisor LLC."
"Katie R","https://www.tripadvisor.com/Profile/329katier","https://media-cdn.tripadvisor.com/media/photo-o/1a/f6/e8/ea/default-avatar-2020-63.jpg","Morganton, GA","5","May 2024 • Couples","Best experience from beginning to end!","This tour was truly awe inspiring.  Our pilot, Forest, was friendly and knowledgeable and everyone we came in contact with at Maverick was competent and professional.  The helicopter was quiet and comfortable.  I would say that in all my 70 years, this was definitely one of the highlights!","Couples","0","https://media-cdn.tripadvisor.com/media/photo-w/2c/2a/b8/65/caption.jpg
https://media-cdn.tripadvisor.com/media/photo-w/2c/2a/b8/50/caption.jpg
https://media-cdn.tripadvisor.com/media/photo-w/2c/2a/b8/4f/caption.jpg","Written May 13, 2024","This review is the subjective opinion of a Tripadvisor member and not of Tripadvisor LLC."
"Ives B","https://www.tripadvisor.com/Profile/730ivesb","https://media-cdn.tripadvisor.com/media/photo-o/1a/f6/eb/e3/default-avatar-2020-59.jpg","Marlborough, CT","5","May 2024 • Family","Great Experience Start to Finish","The overall process was very efficient. The pilot was professional and knowledgeable. The views were spectacular. Took many videos. Sitting in front seat was awesome. Highly recommend Maverick Helicopters for your tour.","Family","0","","Written May 12, 2024","This review is the subjective opinion of a Tripadvisor member and not of Tripadvisor LLC."
"Kathy J","https://www.tripadvisor.com/Profile/kathyjJ7329RG","https://media-cdn.tripadvisor.com/media/photo-o/1a/f6/e9/ef/default-avatar-2020-66.jpg","Sedona, AZ","5","May 2024 • Couples","45 minutes is the way to have a very special experience!","The pilot did a wonderful job of explaining what we were seeing and giving us some geological information.  My husband and I felt safe and we would like to do it again some time.  I recommend the 45 minute flight because you get to see so much of both the North and South Rim.  The music was delightful as it went with what we were seeing and experiencing. Don't expect perfect photos because the glass prevents crisp pictures. You will have to edit them later and that works pretty well.","Couples","0","","Written May 11, 2024","This review is the subjective opinion of a Tripadvisor member and not of Tripadvisor LLC."
"linda b","https://www.tripadvisor.com/Profile/lindab767","https://media-cdn.tripadvisor.com/media/photo-f/01/2e/70/88/avatar009.jpg","Chichester, UK","4","May 2024 • Couples","Enjoyable","We enjoyed this tour and felt safe when they cancelled due to the wind being between 40-50mph, luckily we  were able to reschedule for the next day.<br />You get to see a completely different view of the Canyon which was very impressive.<br /><br />However I couldn’t get as many picture as I would I’d like due to the sun coming in through my window that coupled with the fact I sitting in the back row.<br /><br />The seats on the helicopter do not give equal views, which is a shame especially as the price is the same for each one!<br /><br />I did feel a bit disappointed because of this to be honest. <br /><br />Having said that I did still enjoy the experience.","Couples","0","","Written May 10, 2024","This review is the subjective opinion of a Tripadvisor member and not of Tripadvisor LLC."
"Brice L","https://www.tripadvisor.com/Profile/410bricel","https://media-cdn.tripadvisor.com/media/photo-o/1a/f6/de/e7/default-avatar-2020-37.jpg","","1","","Trying to get a refund due to Flight canceled by Maverick Helicopters","We were NOT able to go on our Helicopter Flight. The Pilot canceled it due to weather conditions. I received  a confirmation for cancelation from Maverick Helicopters. How do I get my refund? Can you please help?","","0","https://media-cdn.tripadvisor.com/media/photo-m/1280/2c/22/83/f4/caption.jpg","Written May 10, 2024","This review is the subjective opinion of a Tripadvisor member and not of Tripadvisor LLC."
"henry16","https://www.tripadvisor.com/Profile/henry16","https://media-cdn.tripadvisor.com/media/photo-o/04/c6/62/59/henry16.jpg","Kettering, UK","5","","Superb from start to finish with a very professional company","I was very apprehensive as we say in England sh..ing myself about going in a helicopter.<br />But Maverick are so professional from the moment you arrive. It’s like a little terminal with a shop and facilities.<br />You are put at ease immediately and our pilot was superb understated calm and informative and he was only 21: a big future awaits for him.<br /><br />The flight was smooth and took our breath away: indeed we both cried it was that fantastic.<br /><br />We are so lucky to have the money to do this and yes it is a lot of money but yes it is worth it","","0","https://media-cdn.tripadvisor.com/media/photo-m/1280/2c/1e/bf/de/caption.jpg
https://media-cdn.tripadvisor.com/media/photo-m/1280/2c/1e/bf/dd/caption.jpg
https://media-cdn.tripadvisor.com/media/photo-m/1280/2c/1e/bf/dc/caption.jpg
https://media-cdn.tripadvisor.com/media/photo-m/1280/2c/1e/bf/db/caption.jpg
https://media-cdn.tripadvisor.com/media/photo-m/1280/2c/1e/bf/da/caption.jpg","Written May 9, 2024","This review is the subjective opinion of a Tripadvisor member and not of Tripadvisor LLC."
"Roving52559285826","https://www.tripadvisor.com/Profile/Roving52559285826","https://media-cdn.tripadvisor.com/media/photo-o/1a/f6/ef/9c/default-avatar-2020-14.jpg","","4","Apr 2024 • Family","Top","The experience is really great. Everything is well organized and the pilot and helicopter are great.<br /><br />45 minutes go by quickly as takeoff and landing are also included.","Family","0","","Written May 2, 2024","This review is the subjective opinion of a Tripadvisor member and not of Tripadvisor LLC."
"EA_CDP","https://www.tripadvisor.com/Profile/EA_CDP","https://media-cdn.tripadvisor.com/media/photo-o/1a/f6/e8/5b/default-avatar-2020-61.jpg","Seattle","5","Apr 2024 • Family","Definitely worth it","Our helicopter tour was great. <br /><br />We were fortunate that the weather was about perfect; sunny, low 70s with hardly any wind. <br />The copter we were in had 8 seats, 4 in front and 4 in the second row. Seats are assigned (I think by weight) with 3 passengers (plus the pilot) in front and 4 passengers in the second row.<br />It was warm in the copter even with air conditioning. <br />Base on our experience it seems like the best views (although there a no bad views) are from the right side.<br />We appreciated the narration and explanations provided by our pilot. <br />We were a little surprised by the bumpiness of the ride related to the force of the chopper blades, but it is not the kind of movement that would cause motion sickness.","Family","0","","Written April 27, 2024","This review is the subjective opinion of a Tripadvisor member and not of Tripadvisor LLC."
"Kate J","https://www.tripadvisor.com/Profile/KateJenn","https://media-cdn.tripadvisor.com/media/photo-o/1a/f6/77/ae/default-avatar-2020-2.jpg","","5","Apr 2024 • Couples","What a fabulous experience - Bucket list item ticked off","Easy check in process when we arrived at reception where you have to get weighed so they know where to seat you on the helicopter. The waiting room has plenty of comfy seats and large windows so you can see the other helicopters coming in and out.<br />Our pilot (didn't catch his name) had a great sense of humour and helped us all relax so we could enjoy our flight. You don't get to choose where to sit on the helicopter as its all done by weight, but there were 3 passenger seats in the front plus the pilot and 3 seats in the back.<br />Our 50 minute flight was amazing and went really quickly. Great views of the Canyon and the surrounding area. Once landed we had plenty of time for photos next to the helicopter and the pilot. Its an expensive experience but so worth doing and something to tick off your bucket list.","Couples","0","https://media-cdn.tripadvisor.com/media/photo-m/1280/2b/f1/01/98/caption.jpg
https://media-cdn.tripadvisor.com/media/photo-m/1280/2b/f1/01/6e/caption.jpg
https://media-cdn.tripadvisor.com/media/photo-m/1280/2b/f1/01/0b/caption.jpg","Written April 23, 2024","This review is the subjective opinion of a Tripadvisor member and not of Tripadvisor LLC."
"Lindsay T","https://www.tripadvisor.com/Profile/lindsays669","https://media-cdn.tripadvisor.com/media/photo-o/29/da/a9/69/caption.jpg","London, England, United Kingdom","5","","Experience the sheer size of GC","There’s a nice spacious area to wait and parking outside. You can’t take any baggage so leave it in your car. There’s a shop and vending machine but no coffee. The pilot was Dave, a lovely young man and experienced pilot who truly loves the GC. He gave us great information and was very friendly. You need to be weighed on arrival ( it’s discrete) and you are sat in the helicopter where they want to balance it. There are 8 seats inside with 3 in front next to the pilot and 4 behind. It isn’t bumpy and lurching - although there are a few twists and tips. It’s just exciting. It’s not like rollercoaster stunt flying, it’s very smooth really, and I was pleased I didn’t feel at all travel sick.i know it’s a costly trip, but it’s really worth it. The very best way to see some of the Grand Canyon.","","0","","Written April 15, 2024","This review is the subjective opinion of a Tripadvisor member and not of Tripadvisor LLC."
"Héctor Andrés P","https://www.tripadvisor.com/Profile/h_ctorandr_sp2024","","Antioquia Department, Colombia","5","Jan 2024 • Friends","It was being in the heights in a helicopter","An Experience lived a dream that was lived in the best moments of my life and for other people I hope and are encouraged","Friends","0","","Written April 4, 2024","This review is the subjective opinion of a Tripadvisor member and not of Tripadvisor LLC."
"Yohan M","https://www.tripadvisor.com/Profile/RodgeurCastle","https://media-cdn.tripadvisor.com/media/photo-o/0d/13/22/02/yohan-m.jpg","Montreal, Canada","5","","Amazing!!!","At first a little hesitant about the price, we finally let ourselves be tempted.<br />And what a great idea!!! 🤩<br />The view is incredible and the landscapes breathtaking.<br />To do at least once in your life...","","0","https://media-cdn.tripadvisor.com/media/photo-o/2b/c1/b3/8e/caption.jpg
https://media-cdn.tripadvisor.com/media/photo-o/2b/c1/b3/8d/caption.jpg
https://media-cdn.tripadvisor.com/media/photo-w/2b/c1/b3/8c/caption.jpg
https://media-cdn.tripadvisor.com/media/photo-w/2b/c1/b3/8b/caption.jpg","Written March 31, 2024","This review is the subjective opinion of a Tripadvisor member and not of Tripadvisor LLC."
"Peter D","https://www.tripadvisor.com/Profile/N420DTpeterd","https://media-cdn.tripadvisor.com/media/photo-o/1a/f6/ea/b2/default-avatar-2020-69.jpg","Ledbury, UK","5","","Once in a lifetime trip","The only way to really see all of the GC.<br />This is an extremely professional and most importantly safe operation.<br />The Helicopters are pretty new Eurocopters specifically adapted for the purpose of.<br />Safety is of course top of their list our pilot Paul was skilful, knowledgeable and made the trip really interesting and informative.<br />Cannot speak highly enough of the operation and its staff.","","0","https://media-cdn.tripadvisor.com/media/photo-m/1280/2b/ac/80/b4/caption.jpg","Written March 20, 2024","This review is the subjective opinion of a Tripadvisor member and not of Tripadvisor LLC."
"David S","https://www.tripadvisor.com/Profile/J6885BEdavids","https://media-cdn.tripadvisor.com/media/photo-o/1a/f6/e2/4a/default-avatar-2020-42.jpg","","5","","David’s & John’s Bucket List","The pilot was amazing and the views were spectacular. A bucket list item fulfilled as imagined! Well worth it and I would definitely recommend Maverick!","","0","https://media-cdn.tripadvisor.com/media/photo-w/2b/8b/67/ca/caption.jpg","Written March 2, 2024","This review is the subjective opinion of a Tripadvisor member and not of Tripadvisor LLC."
"1234","https://www.tripadvisor.com/Profile/ddfergus66","https://media-cdn.tripadvisor.com/media/photo-o/1a/f6/e9/bb/default-avatar-2020-65.jpg","Bora Bora, French Polynesia","5","Feb 2024 • Family","Bucket list","Wonderful flight, Beautiful views, worth every penny could not be any happier with the flight loved, loved it so much was a bucket list checked off, thank you so much!","Family","0","","Written February 28, 2024","This review is the subjective opinion of a Tripadvisor member and not of Tripadvisor LLC."
"Marcus G","https://www.tripadvisor.com/Profile/marcusgM473BX","https://media-cdn.tripadvisor.com/media/photo-o/1a/f6/ea/b2/default-avatar-2020-69.jpg","Sharpsburg, GA","5","","Best tour ever!","It was great! The ride was very smooth and the pilot was very informative and courteous. I would highly recommend this company for a Grand Canyon helicopter ride.","","0","","Written February 13, 2024","This review is the subjective opinion of a Tripadvisor member and not of Tripadvisor LLC."
"portlandsam2016","https://www.tripadvisor.com/Profile/portlandsam2016","https://media-cdn.tripadvisor.com/media/photo-o/1a/f6/df/2b/default-avatar-2020-39.jpg","Portland, OR","5","","Bucket List Trip","This trip was highly recommended by our Detours guide, and it was a great call.  The Maverick helicopter tour from the South Rim was spectacular!  This is the BEST way to see the Grand Canyon because you have multiple viewpoints instead of a few.  Flying over the Canyon at rim top fully immerses you in the experience.  The helicopters are state of the art safety and comfort, with a maximum of six passengers and two pilots.  Airsickness is unlikely because the ride is level and smooth.  For thrill seekers, there is a rollercoaster moment when the ground dulisappears below and you are in open canyon.  This was the most breathtakingly scenic experience of my life!  I consider this tour a must.","","0","","Written January 30, 2024","This review is the subjective opinion of a Tripadvisor member and not of Tripadvisor LLC."
"Dale M","https://www.tripadvisor.com/Profile/V780ASdalem","https://media-cdn.tripadvisor.com/media/photo-o/1a/f6/e8/5b/default-avatar-2020-61.jpg","","5","Jan 2024 • Family","Educational and fun","Wife had never seen Grand Canyon so I took her there for surprise 50th anniversary present.  No better way to see the canyon than by chopper which she had never been on.  The flight was amazing.  Everyone at Maverick was friendly and helpful.  Dave, our pilot,was knowledgeable about the canyon and had a great sense of humor.  I think he had as much fun as we did.  It was the highlight of our day!","Family","0","","Written January 28, 2024","This review is the subjective opinion of a Tripadvisor member and not of Tripadvisor LLC."
"Djmaurice1968","https://www.tripadvisor.com/Profile/Odyssey681033","https://media-cdn.tripadvisor.com/media/photo-o/2b/26/cf/3b/caption.jpg","Spaubeek, The Netherlands","5","","Top Helicopter flight over and in the Grand Canyon","This was a MUST do experience. Good pilot. Super guide. You just get IN the Grand Canyon. This was just in one word. PERFECT","","0","https://media-cdn.tripadvisor.com/media/photo-w/2b/29/b4/28/caption.jpg","Written January 6, 2024","This review is the subjective opinion of a Tripadvisor member and not of Tripadvisor LLC."
"Lee","https://www.tripadvisor.com/Profile/Outdoorsman2828","https://media-cdn.tripadvisor.com/media/photo-o/1a/f6/ea/b2/default-avatar-2020-69.jpg","","5","May 2023 • Family","Amazing Helicopter Ride","The helicopter ride was amazing.  You can't really appreciate how big the Grand Canyon is until you fly over (and in) it.  You also get to see the Colorado River which you can't see from standing at the rim of the Canyon.","Family","0","https://media-cdn.tripadvisor.com/media/photo-w/2b/0f/2c/7b/caption.jpg
https://media-cdn.tripadvisor.com/media/photo-w/2b/0f/2c/7a/caption.jpg","Written December 21, 2023","This review is the subjective opinion of a Tripadvisor member and not of Tripadvisor LLC."
"Pathfinder377943","https://www.tripadvisor.com/Profile/Pathfinder377943","https://media-cdn.tripadvisor.com/media/photo-o/1a/f6/e2/4a/default-avatar-2020-42.jpg","London, UK","5","","Great experience flying with Maverick","Our pilot, Shane, was professional, courteous and shared lots of interesting information about the canyon during the flight. He was a very attentive pilot and we felt very comfortable flying with him. The back office staff at Maverick were very nice and the facilities were great.","","0","https://media-cdn.tripadvisor.com/media/photo-m/1280/2a/f6/28/3c/caption.jpg
https://media-cdn.tripadvisor.com/media/photo-m/1280/2a/f6/28/3b/caption.jpg
https://media-cdn.tripadvisor.com/media/photo-w/2a/f6/28/39/caption.jpg","Written December 6, 2023","This review is the subjective opinion of a Tripadvisor member and not of Tripadvisor LLC."
"Alan W","https://www.tripadvisor.com/Profile/AlanW911","https://media-cdn.tripadvisor.com/media/photo-o/16/9d/9c/f3/caption.jpg","Reno, NV","5","","Only way to see and take in the Grand Canyon","This 45 minute flight is the only way you can appreciate the size of the Grand Canyon. The staff and the pilot were very helpful in making the flight wonderful.","","0","","Written November 22, 2023","This review is the subjective opinion of a Tripadvisor member and not of Tripadvisor LLC."
"Gary D","https://www.tripadvisor.com/Profile/Gmjmadav","https://media-cdn.tripadvisor.com/media/photo-o/1a/f6/ea/b2/default-avatar-2020-69.jpg","Kokomo, IN","5","Nov 2023 • Couples","OMG what a thrill!","Very professional team all the way around. They were willing to squeeze in a flight for us but Mother Nature didn’t agree, but they got us on a flight the next day. Thanks for your effort!<br />Nothing more exciting than flying over the rim and see the canyon fall away below you!!<br />Longer flight well worth it. Surprisingly the flight was smoother over the canyon. We’ll be back.","Couples","0","","Written November 9, 2023","This review is the subjective opinion of a Tripadvisor member and not of Tripadvisor LLC."
"John","https://www.tripadvisor.com/Profile/johnlG6346FH","https://media-cdn.tripadvisor.com/media/photo-o/1a/f6/e4/59/default-avatar-2020-49.jpg","Ontario, Canada","5","Nov 2023 • Couples","Don't be afraid like I was -- very professional","To be completely honest, I was terrified going into this, but the whole experience was 100% professional--very comforting. Also, this is not like a wild trip of ups and downs and stunt flying--very calm all the way and also very informative. Would highly recommend to anyone.","Couples","0","","Written November 5, 2023","This review is the subjective opinion of a Tripadvisor member and not of Tripadvisor LLC."
"kayleight643","https://www.tripadvisor.com/Profile/kayleight643","https://media-cdn.tripadvisor.com/media/photo-o/1a/f6/f3/23/default-avatar-2020-28.jpg","","5","","Wow- amazing experience","Well- organised and pilot was cool, calm & collected and gave us some good facts about the canyon. Route was excellent and we saw a good range of different parts of the canyons. Smooth, professional ride with brief. Knew what to expect before it happened. Overall excellent, once in a lifetime experience! Well worth the money","","0","https://media-cdn.tripadvisor.com/media/photo-m/1280/2a/aa/d5/5a/caption.jpg
https://media-cdn.tripadvisor.com/media/photo-w/2a/aa/d5/59/caption.jpg","Written October 25, 2023","This review is the subjective opinion of a Tripadvisor member and not of Tripadvisor LLC."
"Kara C","https://www.tripadvisor.com/Profile/P2075ETkarac","https://media-cdn.tripadvisor.com/media/photo-o/1a/f6/ee/10/default-avatar-2020-8.jpg","","5","Oct 2023 • Couples","Experience of a lifetime ","So many pictures! They do not capture the entire experience. The music they played while going over the Grand Canyon added more excitement. ","Couples","0","https://media-cdn.tripadvisor.com/media/photo-w/2a/a6/c0/02/caption.jpg
https://media-cdn.tripadvisor.com/media/photo-w/2a/a6/c0/01/caption.jpg
https://media-cdn.tripadvisor.com/media/photo-w/2a/a6/c0/00/caption.jpg
https://media-cdn.tripadvisor.com/media/photo-w/2a/a6/bf/ff/caption.jpg
https://media-cdn.tripadvisor.com/media/photo-w/2a/a6/bf/fe/caption.jpg
https://media-cdn.tripadvisor.com/media/photo-w/2a/a6/bf/fd/caption.jpg
https://media-cdn.tripadvisor.com/media/photo-w/2a/a6/bf/fc/caption.jpg
https://media-cdn.tripadvisor.com/media/photo-w/2a/a6/bf/fb/caption.jpg
https://media-cdn.tripadvisor.com/media/photo-w/2a/a6/bf/fa/caption.jpg","Written October 22, 2023","This review is the subjective opinion of a Tripadvisor member and not of Tripadvisor LLC."
"Maps59996562364","https://www.tripadvisor.com/Profile/Maps59996562364","https://media-cdn.tripadvisor.com/media/photo-o/1a/f6/f0/d5/default-avatar-2020-17.jpg","","5","Oct 2023 • Couples","Perfect Flight","It was a great flight.<br />The only disappointment was that the instructions on how to use the headset during the flight were hard to understand, so we couldn't talk to each other. We could hear the pilot's instructions, which was perfect. I would recommend this flight.","Couples","0","","Written October 21, 2023","This review is the subjective opinion of a Tripadvisor member and not of Tripadvisor LLC."
"Steve K","https://www.tripadvisor.com/Profile/M5281UZstevek","https://media-cdn.tripadvisor.com/media/photo-o/1a/f6/ee/db/default-avatar-2020-10.jpg","","5","Oct 2023 • Family","Friendly pilot, great experience","It was a very easy and carefree experience. We’ve been on another helicopter tour, in Kauai, and it was far more complicated. ","Family","0","https://media-cdn.tripadvisor.com/media/photo-m/1280/2a/a3/dc/df/caption.jpg","Written October 21, 2023","This review is the subjective opinion of a Tripadvisor member and not of Tripadvisor LLC."
"Jesse M","https://www.tripadvisor.com/Profile/jessemX7070WJ","https://media-cdn.tripadvisor.com/media/photo-o/1a/f6/e3/1f/default-avatar-2020-46.jpg","","3","Oct 2023 • Couples","Good not great","The flight it’s self though cut short was fabulous and I would have loved to have received what I paid for. Unfortunately due to smoke in the canyon the company was only able to fly the shorter route missing about 65% of the canyon. ","Couples","0","https://media-cdn.tripadvisor.com/media/photo-w/2a/a2/ae/92/caption.jpg","Written October 20, 2023","This review is the subjective opinion of a Tripadvisor member and not of Tripadvisor LLC."
"Guide47584748801","https://www.tripadvisor.com/Profile/Guide47584748801","","","5","Oct 2023 • Couples","Awesome view","Great view of canyon Paul was our pilot and was fantastic. Very informative about the area we were flying over","Couples","0","","Written October 10, 2023","This review is the subjective opinion of a Tripadvisor member and not of Tripadvisor LLC."
"Sarah P","https://www.tripadvisor.com/Profile/M7590XDsarahp","https://media-cdn.tripadvisor.com/media/photo-o/1a/f6/f1/06/default-avatar-2020-18.jpg","Poole, UK","5","Sep 2023 • Couples","Magnificent, awesome and awe-inspiring - a trip never to be forgotten!","We had been warned that the Grand Canyon is a natural occurrence of such epic proportions that our minds would be blown. But we didn't believe it until Maverick Helicopters struck us dumb the moment it soared off the prairie and over the depths of the canyon.  The pilot Chad, on his last helicopter day before joining Blue Hawaii, was an experienced and engaging pilot, pointing out buffalo, wild birds, rafters, tree species, rock formations and points in history.  From beginning to end we were looked after brilliantly by the Maverick team, with health and safety at the forefront.  We will never forget this trip. ","Couples","0","https://media-cdn.tripadvisor.com/media/photo-w/2a/8a/f6/13/caption.jpg
https://media-cdn.tripadvisor.com/media/photo-m/1280/2a/8a/f5/55/caption.jpg
https://media-cdn.tripadvisor.com/media/photo-w/2a/8a/f5/05/caption.jpg","Written October 9, 2023","This review is the subjective opinion of a Tripadvisor member and not of Tripadvisor LLC."
"Sightseer43449522628","https://www.tripadvisor.com/Profile/Sightseer43449522628","https://media-cdn.tripadvisor.com/media/photo-o/1a/f6/ef/9c/default-avatar-2020-14.jpg","","5","Oct 2023 • Family","WOW!!!","Just ""wow!!!"".<br />It was my first helicopter flight; our pilot Paul flew very calmly and gently and explained a lot. Great pictures and videos! First over the park, then over the canyon and back. Afterwards Paul took photos of us and the helicopter with our cell phone. Worth every dollar!","Family","0","","Written October 7, 2023","This review is the subjective opinion of a Tripadvisor member and not of Tripadvisor LLC."
"Charlie","https://www.tripadvisor.com/Profile/wirralcharlie","https://media-cdn.tripadvisor.com/media/photo-o/28/72/3a/6f/wirralcharlie.jpg","Wirral, UK","5","Apr 2023 • Couples","Experience of a lifetime...","Wow! What an experience. From the minute we arrived at Tusayan GCNP airport, to the moment we touched down after an exhilerating 45 minute flight over the GC - every second was INREDIBLE.<br /><br />It was great to see the GC from above, and even more so as the North Ridge was still covered in snow - what a site! <br /><br />Absolutely worth every cent!","Couples","0","","Written October 2, 2023","This review is the subjective opinion of a Tripadvisor member and not of Tripadvisor LLC."
"Anne-Laure M","https://www.tripadvisor.com/Profile/310annelaurem","https://media-cdn.tripadvisor.com/media/photo-o/1a/cc/94/66/anne-laure-b.jpg","Le Grand-Bornand, France","5","","Wahou wahou wahou 🤩best way to discover how gigantic and beautiful the Grand Canyon is!","What an incredible experience that was!!. 😍If you have little time to explore the Grand Canyon or simply want to give it another dimension (or check something off your bucket list like me😊) this is the best way to do it! The 45 minutes tour is totally worth it! At Maverick the price difference is such that you should go for the longer tour! Times flies by! The views are simply amazing 🤩 you get to see the East part the North Rim and the Dragon Corridor as well as the Corado river. We were lucky to have the front seats which makes the experience even more fantastic! Throughout the flight our friendly pilot - John- gaves us lots of interesting facts about the Canyon which is great. If you are hesitating don’t! Just do it you won’t regret it 🤩","","0","https://media-cdn.tripadvisor.com/media/photo-w/2a/79/a4/d8/caption.jpg
https://media-cdn.tripadvisor.com/media/photo-m/1280/2a/79/a4/d7/caption.jpg
https://media-cdn.tripadvisor.com/media/photo-m/1280/2a/79/a4/d6/caption.jpg
https://media-cdn.tripadvisor.com/media/photo-m/1280/2a/79/a4/d5/caption.jpg
https://media-cdn.tripadvisor.com/media/photo-m/1280/2a/79/a4/d4/caption.jpg
https://media-cdn.tripadvisor.com/media/photo-m/1280/2a/79/a4/d3/caption.jpg","Written October 1, 2023","This review is the subjective opinion of a Tripadvisor member and not of Tripadvisor LLC."
"KatrienEVO","https://www.tripadvisor.com/Profile/KatrienEVO","https://media-cdn.tripadvisor.com/media/photo-o/1a/f6/f0/d5/default-avatar-2020-17.jpg","Kortrijk, Belgium","5","Sep 2023 • Family","Best view!!!!!!","Mega! We first visited the Grand Canyon, i.e. took a walk in the Canyon (Bright Angels Trail) and then cycled on the Rim. The next day a helicopter flight to conclude. A super experience! Maverick is highly recommended, received a nice explanation from the pilot!","Family","0","","Written September 25, 2023","This review is the subjective opinion of a Tripadvisor member and not of Tripadvisor LLC."
"Christopher P","https://www.tripadvisor.com/Profile/G3381XGchristopherp","","","5","Sep 2023 • Family","Helicopter ride","Fantastic experience, very professional and a great pilot/guide. This was my children’s first experience in a helicopter and there were some nerves but we all had a great time. Loved it","Family","0","","Written September 23, 2023","This review is the subjective opinion of a Tripadvisor member and not of Tripadvisor LLC."
"Dan C","https://www.tripadvisor.com/Profile/D7270DSdanielc","https://media-cdn.tripadvisor.com/media/photo-o/1a/f6/e2/e6/default-avatar-2020-45.jpg","Winter Garden, FL","5","Jun 2023 • Family","A DIFFERENT PERSPECTIVE","the canyon is indeed grand, but seeing it from the air adds another dimension to the experience. I recommend Maverick for your flyover - it is a well-run operation and the staff and crew are all very helpful. Cresting the edge of the canyon is... wow. Even one of the shorter experiences (I think) would be worth it.","Family","0","","Written September 23, 2023","This review is the subjective opinion of a Tripadvisor member and not of Tripadvisor LLC."
"jan","https://www.tripadvisor.com/Profile/Passport43227266739","https://media-cdn.tripadvisor.com/media/photo-o/1a/f6/e5/2b/default-avatar-2020-52.jpg","","5","","Epic Experience","A brilliant experience! Our pilot John made it so interesting with his commentary and knowledge. Lovely memory photo to buy afterwards will help me remember such a great time.","","0","","Written September 19, 2023","This review is the subjective opinion of a Tripadvisor member and not of Tripadvisor LLC."
"Linda T","https://www.tripadvisor.com/Profile/Sunshine756013","","","5","Sep 2023 • Couples","Helicopter flight over GC","Our flight with Ethan was wonderful <br />Fantastic way to see the 3 rims <br />A thrilling experience <br />Would highly recommend this company ","Couples","0","","Written September 19, 2023","This review is the subjective opinion of a Tripadvisor member and not of Tripadvisor LLC."
"Saskia M","https://www.tripadvisor.com/Profile/377saskiam","https://media-cdn.tripadvisor.com/media/photo-o/1a/f6/e3/6a/default-avatar-2020-47.jpg","","5","","Breathtaking experience","We had a breathtaking, beautiful flight with incredible views over the Grand Canyon with a very friendly and knowledgeable pilot. We felt very safe and well taken care of and will never forget the experience.","","0","https://media-cdn.tripadvisor.com/media/photo-w/2a/5d/a3/b3/caption.jpg
https://media-cdn.tripadvisor.com/media/photo-w/2a/5d/a3/b1/caption.jpg
https://media-cdn.tripadvisor.com/media/photo-w/2a/5d/a3/b0/caption.jpg
https://media-cdn.tripadvisor.com/media/photo-m/1280/2a/5d/a3/af/caption.jpg","Written September 18, 2023","This review is the subjective opinion of a Tripadvisor member and not of Tripadvisor LLC."
"Patrice L","https://www.tripadvisor.com/Profile/W6287IFpatricel","","","5","Jul 2023 • Family","Gorgeous !","Incredible views and a very friendly pilot. It is a unique experience that leaves unforgettable memories.","Family","0","","Written September 14, 2023","This review is the subjective opinion of a Tripadvisor member and not of Tripadvisor LLC."
"Jet52530506037","https://www.tripadvisor.com/Profile/Jet52530506037","https://media-cdn.tripadvisor.com/media/photo-o/1a/f6/f1/06/default-avatar-2020-18.jpg","","5","Aug 2023 • Family","The Tour was awesome, I loved every minute!","the activity is very well supervised, the pilot is attentive and reassuring, he takes care to comment/describe the landscape and it is definitely the best way to discover the Grand Canyon.<br />=> I absolutely recommend!!","Family","0","https://media-cdn.tripadvisor.com/media/photo-o/2a/4e/09/cd/caption.jpg
https://media-cdn.tripadvisor.com/media/photo-o/2a/4e/09/cc/caption.jpg
https://media-cdn.tripadvisor.com/media/photo-o/2a/4e/09/cb/caption.jpg
https://media-cdn.tripadvisor.com/media/photo-o/2a/4e/09/ca/caption.jpg
https://media-cdn.tripadvisor.com/media/photo-o/2a/4e/09/c9/caption.jpg
https://media-cdn.tripadvisor.com/media/photo-o/2a/4e/09/c8/caption.jpg
https://media-cdn.tripadvisor.com/media/photo-o/2a/4e/09/c7/caption.jpg
https://media-cdn.tripadvisor.com/media/photo-o/2a/4e/09/c6/caption.jpg","Written September 11, 2023","This review is the subjective opinion of a Tripadvisor member and not of Tripadvisor LLC."
"Tom B","https://www.tripadvisor.com/Profile/tbooth32","https://media-cdn.tripadvisor.com/media/photo-o/08/a8/ef/7b/tom-b.jpg","Northville, MI","5","","Amazing!","Got a wonderful tour of the canyon with this company. Very fortunate to get the two front seats since it my wife’s birthday. The pilot was very professional and the canyon views amazing.","","0","https://media-cdn.tripadvisor.com/media/photo-m/1280/2a/25/7c/42/caption.jpg
https://media-cdn.tripadvisor.com/media/photo-m/1280/2a/25/7c/41/caption.jpg
https://media-cdn.tripadvisor.com/media/photo-m/1280/2a/25/7c/40/caption.jpg","Written August 24, 2023","This review is the subjective opinion of a Tripadvisor member and not of Tripadvisor LLC."
"Monique V","https://www.tripadvisor.com/Profile/864moniquev","https://media-cdn.tripadvisor.com/media/photo-o/1a/f6/f1/b8/default-avatar-2020-22.jpg","Vierhouten, The Netherlands","5","","Great experience!","Very nice experience. There were only 4 people in the helicopter, so plenty of space and perfect visibility. Our pilot Ethan was great with lots of explanation along the way. A great experience for 45 minutes!!! We recommend it to everyone!","","0","https://media-cdn.tripadvisor.com/media/photo-o/2a/17/42/ef/caption.jpg
https://media-cdn.tripadvisor.com/media/photo-o/2a/17/42/ee/caption.jpg
https://media-cdn.tripadvisor.com/media/photo-o/2a/17/42/ed/caption.jpg
https://media-cdn.tripadvisor.com/media/photo-o/2a/17/42/ec/caption.jpg","Written August 18, 2023","This review is the subjective opinion of a Tripadvisor member and not of Tripadvisor LLC."
"Katherine W","https://www.tripadvisor.com/Profile/F6478MSkatherinew","https://media-cdn.tripadvisor.com/media/photo-o/1a/f6/f4/20/default-avatar-2020-31.jpg","","4","Aug 2023 • Family","Super Experience","Wow! The view and experience was wonderful! Our pilot was courteous and polite. He rotated the seating on the return trip so that everyone had the opportunity to have a front seat if they desired. He handled the safety instructions in a professional manner that ensured everyone knew what was expected of them.<br /><br />Unfortunately, despite following the instructions provided by our bus tour guide we were 7 minute lates for our time slot. This was partially also a result of a delayed shuttle bus. Maverick was rightfully upset that their scheduling was thrown off by the delay. Having the group of us stand in the lobby while they contacted the bus tour operator to correct the instructions provided to guests, however was not at all professional. ","Family","0","","Written August 9, 2023","This review is the subjective opinion of a Tripadvisor member and not of Tripadvisor LLC."
"pattyH16","https://www.tripadvisor.com/Profile/pattyH16","https://media-cdn.tripadvisor.com/media/photo-o/1a/f6/ef/73/default-avatar-2020-13.jpg","Zuienkerke, Belgium","5","Jun 2023 • Couples","wow wow wow","The helicopter flight is already a great experience.<br />And especially above the Grand Canyon's north and south rims.<br />Not sure what organization it was with, was included in the trip, Papillon or something like that.<br />Very smooth and friendly.","Couples","0","https://media-cdn.tripadvisor.com/media/photo-w/29/fe/a4/e9/caption.jpg","Written August 9, 2023","This review is the subjective opinion of a Tripadvisor member and not of Tripadvisor LLC."
"Tom B","https://www.tripadvisor.com/Profile/X8324GStomb","https://media-cdn.tripadvisor.com/media/photo-o/1a/f6/e8/24/default-avatar-2020-60.jpg","","5","Jul 2023 • Family","Everett forever","Big big thanks to Everett at the office, a nice person who is always open to help tourists.<br />Fantastic flight moment with Devin who proposed us a very safety and magical discovering of the Canyon. We were so confident with him.<br />Thank you very much to the Maverick team, very happy to share such an experience with a professional team like you.","Family","0","","Written August 8, 2023","This review is the subjective opinion of a Tripadvisor member and not of Tripadvisor LLC."
"heidi v","https://www.tripadvisor.com/Profile/heidivH1824YB","","Roeselare, Belgium","5","","This was a dream!!","This was a dream!! We can only recommend maverick helicopters! The welcome, friendliness, competence of pilots... the total experience was breathtaking!!","","0","https://media-cdn.tripadvisor.com/media/photo-m/1280/29/f1/a8/75/caption.jpg
https://media-cdn.tripadvisor.com/media/photo-m/1280/29/f1/a8/74/caption.jpg
https://media-cdn.tripadvisor.com/media/photo-m/1280/29/f1/a8/73/caption.jpg","Written August 3, 2023","This review is the subjective opinion of a Tripadvisor member and not of Tripadvisor LLC."
"Tanja M","https://www.tripadvisor.com/Profile/213tanjam","https://media-cdn.tripadvisor.com/media/photo-m/1280/2a/92/1b/52/caption.jpg","Kempen, Germany","5","","Absolutely stunning!","We thoroughly enjoyed this 45-minute flight over Grand Canyon from Tusayan. Brian, our pilot, explained everything very well and we had the most spectacular views from the top. Absolutely enjoyable, amazing views and a must-do adventure.","","0","https://media-cdn.tripadvisor.com/media/photo-m/1280/29/da/9e/a1/caption.jpg
https://media-cdn.tripadvisor.com/media/photo-m/1280/29/da/9e/a0/caption.jpg
https://media-cdn.tripadvisor.com/media/photo-m/1280/29/da/9e/9f/caption.jpg
https://media-cdn.tripadvisor.com/media/photo-m/1280/29/da/9e/9e/caption.jpg
https://media-cdn.tripadvisor.com/media/photo-w/29/da/9e/9d/caption.jpg
https://media-cdn.tripadvisor.com/media/photo-m/1280/29/da/9e/9c/caption.jpg
https://media-cdn.tripadvisor.com/media/photo-m/1280/29/da/9e/9b/caption.jpg
https://media-cdn.tripadvisor.com/media/photo-w/29/da/9e/9a/caption.jpg","Written July 25, 2023","This review is the subjective opinion of a Tripadvisor member and not of Tripadvisor LLC."
"James B","https://www.tripadvisor.com/Profile/jamesbC4103UM","https://media-cdn.tripadvisor.com/media/photo-f/01/2e/70/7f/avatar066.jpg","","5","Jul 2023 • Couples","Great experience!","The whole experience was amazing! It was the best, breathtaking - have to see to believe it…and the pilot was great! Highly recommend!!","Couples","0","https://media-cdn.tripadvisor.com/media/photo-w/29/d7/c6/74/45-minute-helicopter.jpg","Written July 24, 2023","This review is the subjective opinion of a Tripadvisor member and not of Tripadvisor LLC."
"Sinéad R","https://www.tripadvisor.com/Profile/578sin_adr","https://media-cdn.tripadvisor.com/media/photo-o/1a/f6/e5/66/default-avatar-2020-53.jpg","","5","","A Must!!! ","Amazing experience delivered by a very professional team! Extra thank you to Gloria (manageress) and Eric (piolet) for making the flight so enjoyable ","","0","https://media-cdn.tripadvisor.com/media/photo-m/1280/29/c9/ad/0b/caption.jpg","Written July 18, 2023","This review is the subjective opinion of a Tripadvisor member and not of Tripadvisor LLC."
"TDF17000","https://www.tripadvisor.com/Profile/TDF17000","https://media-cdn.tripadvisor.com/media/photo-s/0e/a5/90/96/tdf17000.jpg","Niort, France","4","Jun 2023 • Family","Tout dépend ou vous etes placé dans l'hélicoptere !","C'est à faire si vous etes au GRAND CANYON, le survol est magique, c'est grandiose. Nous étions 4 de notre famille et 2 allemandes, bien sur les meilleurs places sont les 3 devants, et les 2 arriéres à coté des portes vitrées....Moi j'etais au milieu, et payer le m^me prix que ceux qui ont un plus belle vue est frustrant, je n'ai pas pu profiter pleinement ! je comprends la problématique sécurité et répartition mais il devrait y avoir un tarif adapté en fonction de la place, car le spectacle n'est vraiment pas le meme !<br />","Family","0","","Written July 9, 2023","This review is the subjective opinion of a Tripadvisor member and not of Tripadvisor LLC."
"Vance C","https://www.tripadvisor.com/Profile/190vancec","https://media-cdn.tripadvisor.com/media/photo-f/01/2e/70/83/avatar004.jpg","","5","Oct 2022 • Couples","Grand Canyon","It was a clear day, the pilot a great navigator and Tourguide, and definitely a once in a lifetime experience","Couples","0","","Written July 5, 2023","This review is the subjective opinion of a Tripadvisor member and not of Tripadvisor LLC."
"Chad F","https://www.tripadvisor.com/Profile/N1828UIchadf","https://media-cdn.tripadvisor.com/media/photo-o/1a/f6/ea/74/default-avatar-2020-68.jpg","","5","Jun 2023","Great Experience","Great experience.  Keith and staff were very communicative and helped us navigate rescheduling due to forest fires.  Our pilot Chris was amazing with our family and helped make incredible memories for all 5 of us.  Thanks.","","0","","Written July 5, 2023","This review is the subjective opinion of a Tripadvisor member and not of Tripadvisor LLC."
"Rilynn F","https://www.tripadvisor.com/Profile/rilynnf","https://media-cdn.tripadvisor.com/media/photo-o/1a/f6/e7/3d/default-avatar-2020-55.jpg","","5","Jun 2023 • Family","Beautiful, 10/10 would recommend ","Chris was our pilot, great experience it was fun and educational would highly recommend it was really cool to see the Grand Canyon from the air","Family","0","","Written July 2, 2023","This review is the subjective opinion of a Tripadvisor member and not of Tripadvisor LLC."
"Rilynn F","https://www.tripadvisor.com/Profile/rilynnf","https://media-cdn.tripadvisor.com/media/photo-o/1a/f6/e7/3d/default-avatar-2020-55.jpg","","5","Jun 2023 • Family","Beautiful, simply amazing, would 10/10 recommend ","The view was amazing, Chris was our pilot, he was fun and did a great job flying and telling information.","Family","0","","Written July 2, 2023","This review is the subjective opinion of a Tripadvisor member and not of Tripadvisor LLC."
"JAMES S","https://www.tripadvisor.com/Profile/G8269ZQjamess","https://media-cdn.tripadvisor.com/media/photo-f/01/2e/70/80/avatar001.jpg","","1","Jun 2023","Maverick Helicopters Were great and  Honest, Tripadvisors not so much.","We booked the 45 minute flight, but all flights were cancelled at the last minute due to high winds. Maverick was very upfront about refunding our money on the spot, but could not since we booked through Tripadvisor ( who indicated no refunds for any reason).  There was no convenient way to even contact Tripadvisor.  Fortunately, Maverick persevered for us with Tripadvisor to get a refund.  We were still out about $30 for Tripadvisor fees, but did get $698 back.  No thanks to Tripadvisor, but due to the honest efforts by Maverick. I will think twice before ever using Tripadvisor again.","","0","","Written June 22, 2023","This review is the subjective opinion of a Tripadvisor member and not of Tripadvisor LLC."
"Nigel","https://www.tripadvisor.com/Profile/Voyager09241678358","https://media-cdn.tripadvisor.com/media/photo-o/1a/f6/ec/a2/default-avatar-2020-3.jpg","Poole, UK","5","","Excellent service and great pilot.","Very professional. First time in helicopter for both my wife and myself.  Completely at ease.  Knowledgeable and friendly pilot.  Could not recommend highly enough.","","0","","Written June 22, 2023","This review is the subjective opinion of a Tripadvisor member and not of Tripadvisor LLC."
"KMK1070","https://www.tripadvisor.com/Profile/KMK1070","https://media-cdn.tripadvisor.com/media/photo-o/1a/f6/df/99/default-avatar-2020-40.jpg","Orwigsburg, PA","5","","Worth the cost! Once in a lifetime!","Our pilot/tour guide was excellent!! We spent several enjoyable days hiking around and in the canyon and this tour was definitely the highlight of our trip!!","","0","","Written June 19, 2023","This review is the subjective opinion of a Tripadvisor member and not of Tripadvisor LLC."
"Noble81","https://www.tripadvisor.com/Profile/Noble81","https://media-cdn.tripadvisor.com/media/photo-o/1a/f6/ef/73/default-avatar-2020-13.jpg","","5","","Fly the Gran d Canyon","This is the absolute best way to see the Grand Canyon. Our pilot, Ethan was patient, kind, knowledgeable and informative. We saw things we couldn’t have seen from the ground. Highly recommend doing this!","","0","https://media-cdn.tripadvisor.com/media/photo-m/1280/29/78/0a/d6/caption.jpg","Written June 13, 2023","This review is the subjective opinion of a Tripadvisor member and not of Tripadvisor LLC."
"Carlos Tadeu","https://www.tripadvisor.com/Profile/CarlosTadeuMoreira","https://media-cdn.tripadvisor.com/media/photo-m/1280/2b/56/55/af/carlostadeumoreira.jpg","Brasilia, DF","5","May 2023","Sensacional","Compramos o voo de 45 minutos e foi uma experiência sensacional de ver o Grand Canyon lá de cima. Empresa corretíssima, voo saindo no horário, instruções de segurança, check-in, piloto, tudo de primeira qualidade. Voltaria.","","0","https://media-cdn.tripadvisor.com/media/photo-m/1280/29/71/df/b9/a-maquina.jpg","Written June 11, 2023","This review is the subjective opinion of a Tripadvisor member and not of Tripadvisor LLC."
"Angela S","https://www.tripadvisor.com/Profile/angelasR1697SY","https://media-cdn.tripadvisor.com/media/photo-f/01/2e/70/95/avatar021.jpg","","5","Jun 2023 • Family","Totally worth it!!","Worth every penny. I am not a hiker so this was a great way to see parts of the Grand Canyon I would never be able to see. It was informative and I felt at ease the whole time.","Family","0","","Written June 5, 2023","This review is the subjective opinion of a Tripadvisor member and not of Tripadvisor LLC."
"redrover045","https://www.tripadvisor.com/Profile/redrover045","https://media-cdn.tripadvisor.com/media/photo-o/1a/f6/f0/48/default-avatar-2020-15.jpg","London, UK","5","","One of the top experiences of our lives","We did the 45 minute tour and it was one of the best things we have ever done. It is by far the best way to appreciate the scale of the canyon. <br /><br />The seating in the chopper is set by the computer based on the weight of all passengers in order to achieve a good balance, so there is no point worrying about where you will sit (you simply can’t control it). All the views were good though. <br /><br />The seats are small so if you are on the larger side you may want to book two. I think they say the chopper technically seats 7 (with pilot) but it would be cramped with over 5 adults. <br /><br />Forrest our pilot did an excellent job pointing things out and giving us a bit of history/info. One of our party is very, very scared of heights (and a bit of flying) and so almost dropped out last minute. Thankfully he went and then afterward said he felt totally safe and relaxed the whole time. Someone else on the trip almost mentioned to the pilot afterwards that she too is a nervous flyer and felt good about the trip.","","0","https://media-cdn.tripadvisor.com/media/photo-w/29/54/ee/8e/caption.jpg
https://media-cdn.tripadvisor.com/media/photo-w/29/54/ee/8d/caption.jpg","Written May 29, 2023","This review is the subjective opinion of a Tripadvisor member and not of Tripadvisor LLC."
"Robert C","https://www.tripadvisor.com/Profile/DoctorRieux","https://media-cdn.tripadvisor.com/media/photo-s/08/d5/bc/f7/doctorrieux.jpg","Elkins Park, PA","5","May 2023 • Couples","Don't miss this incredible way to experience the Grand Canyon","Friendly, competent, and informative pilot.  It took about 5 minutes to reach the canyon rim from the airport and 5 minutes to return.  We spent 35 minutes flying in the canyon.  Amazing viewpoint to see the Grand Canyon.  Every seat in the helicopter offered excellent views of the canyon.  ","Couples","0","https://media-cdn.tripadvisor.com/media/photo-w/29/54/a5/85/caption.jpg
https://media-cdn.tripadvisor.com/media/photo-m/1280/29/54/a5/2f/caption.jpg
https://media-cdn.tripadvisor.com/media/photo-w/29/54/a5/0e/caption.jpg","Written May 29, 2023","This review is the subjective opinion of a Tripadvisor member and not of Tripadvisor LLC."
"Andrea W","https://www.tripadvisor.com/Profile/Y2713DAandreaw","https://media-cdn.tripadvisor.com/media/photo-o/1a/f6/e5/2b/default-avatar-2020-52.jpg","Keller, TX","5","May 2023","Must do!","Breathtaking views. Our pilot shared great information about the canyon during our flight. Well worth the money. We would do it again in a heartbeat. ","","0","","Written May 27, 2023","This review is the subjective opinion of a Tripadvisor member and not of Tripadvisor LLC."
"Carla M","https://www.tripadvisor.com/Profile/S1731IQcarlam","https://media-cdn.tripadvisor.com/media/photo-o/1a/f6/e9/60/default-avatar-2020-64.jpg","","1","May 2023","Disappointed ","Didn’t get to go as has car issues and I know it’s not their fault however they wouldn’t swap to a different time or day….. plus it wasn’t like it was a few bucks ( it was over a thousand) ","","0","","Written May 27, 2023","This review is the subjective opinion of a Tripadvisor member and not of Tripadvisor LLC."
"Sarah E","https://www.tripadvisor.com/Profile/N8723VEsarahe","https://media-cdn.tripadvisor.com/media/photo-f/01/2e/70/80/avatar001.jpg","","5","May 2023 • Friends","Wunderbare Erfahrung","Wir hatten eine superschöne Zeit! Unser Pilot John war total nett und konnte uns auch während dem Flug viele interessante Fakten erzählen. Wir würden es definitiv nochmal machen. 😊","Friends","0","","Written May 26, 2023","This review is the subjective opinion of a Tripadvisor member and not of Tripadvisor LLC."
"Nicola P","https://www.tripadvisor.com/Profile/NicolaP252","https://media-cdn.tripadvisor.com/media/photo-o/1a/f6/f4/d0/default-avatar-2020-33.jpg","Chester","5","Apr 2023","Breath Taking Experience","This trip totally took my breath away. We have been lucky enough to have been on a few helicopter trips in some special places around the world but this was totally up there. Definitely worth the money. The service from start to finish was professional, from the staff at reception to the pilot and ground staff. The only down side was 45 minutes isn't long enough!","","0","","Written May 22, 2023","This review is the subjective opinion of a Tripadvisor member and not of Tripadvisor LLC."
"Max","https://www.tripadvisor.com/Profile/252max34","https://media-cdn.tripadvisor.com/media/photo-o/1a/f6/e2/a7/default-avatar-2020-44.jpg","","5","May 2023 • Couples","Amazing views and experience.","The checkin was fine. The ride comfortable.Pilot was prefesional. We were 4 in one helicopter. 2 beside pilot and 2 behind. All had good view. We were lucky to be in front. So, had 360 degree view. Please note, you cannot carry bags, etc in helicopter. Even purses have to be kept in car. They do not have any lockers.  ","Couples","0","","Written May 19, 2023","This review is the subjective opinion of a Tripadvisor member and not of Tripadvisor LLC."
"William S","https://www.tripadvisor.com/Profile/O8522HRwilliams","https://media-cdn.tripadvisor.com/media/photo-s/15/16/29/93/william-s.jpg","West Palm Beach, FL","5","","Amazing views, worth every penny","The staff was very friendly and professional. My pilot made sure that everyone was comfortable throughout the flight and was going over all of the landmarks as we passed them. Smooth ride and AMAZING views. Truly an experience I’ll never forget!","","0","","Written May 17, 2023","This review is the subjective opinion of a Tripadvisor member and not of Tripadvisor LLC."
"Bibi@Lexington","https://www.tripadvisor.com/Profile/BibiLexington","","","5","May 2023 • Couples","Amazing Ride Over the Canyon","Amazing experience and the only way to see the  Grand Canyon.  Wonderful pilot who explained what we were seeing.  <br />Highly recommend!!","Couples","0","","Written May 17, 2023","This review is the subjective opinion of a Tripadvisor member and not of Tripadvisor LLC."
"Vikki S","https://www.tripadvisor.com/Profile/682vikkis","https://media-cdn.tripadvisor.com/media/photo-o/1a/f6/77/ae/default-avatar-2020-2.jpg","","5","May 2023","Highlight of our Grand Canyon visit!","This was the highlight of our trip to the Grand Canyon.  Our pilot, Dave was informative, friendly, with a wonderful sense of humour.  The ride was thrilling and the vistas spectacular.  A very different perspective of the Grand Canyon and a must do when visiting the Grand Canyon!","","0","","Written May 17, 2023","This review is the subjective opinion of a Tripadvisor member and not of Tripadvisor LLC."
"Yasmin L","https://www.tripadvisor.com/Profile/yasminlN8728ZP","https://media-cdn.tripadvisor.com/media/photo-f/01/2e/70/9d/avatar068.jpg","Antwerp, Belgium","5","May 2023 • Couples","Fantastisch!","100% aanrader wanneer je in de Grand Canyon bent. Hele leuke extra aan onze trip. Fantastische ervaring, hele vriendelijke piloot en medewerkers.","Couples","0","","Written May 17, 2023","This review is the subjective opinion of a Tripadvisor member and not of Tripadvisor LLC."
"Wendy V","https://www.tripadvisor.com/Profile/WendyV58","https://media-cdn.tripadvisor.com/media/photo-s/05/5a/48/f9/wendy-v.jpg","Salt Spring Island, British Columbia, Canada","5","Apr 2023 • Couples","Best Way to See the Grand Canyon","This was definitely the way to see the Grand Canyon and worth the cost to do the longer ride (some options only offer 25 minutes—that wouldn't have been enough).  While you do get a certain impressive view if you visit the rims by land, going by air is the best way to really see a changing view (and to actually glimpse the river.)  Maverick helicopters was efficient and well-organized.  There were 6 people plus the pilot in our helicopter. They assigned us our seats based on weight distribution, so no choice there.  Taking good photos was a bit problematic because of window glare and wherever you happened to be seated in the cabin.  But the photos were good enough to keep the memory alive.  Our pilot was informative and engaging.  We felt very safe and lucky to be able to do the ride.  We were a little chagrined to see when we got there that walk-in tickets were about $30 or so cheaper than we paid through Tripadvisor.  But booking ahead ensured our ride on the day and time we wanted.  I don't know what it would be like just to walk in and expect a ride that day.","Couples","0","","Written May 15, 2023","This review is the subjective opinion of a Tripadvisor member and not of Tripadvisor LLC."
"Kathy G","https://www.tripadvisor.com/Profile/kathygT1415KD","https://media-cdn.tripadvisor.com/media/photo-o/1a/f6/e9/bb/default-avatar-2020-65.jpg","","5","May 2023","Amazing flight!","We flew with Maverick and they were excellent! The pilot was great as was the staff.  The flight was amazing and I highly recommend it. The vastness and beauty of the Grand Canyon cannot sufficiently be viewed unless you take a helicopter tour!","","0","","Written May 14, 2023","This review is the subjective opinion of a Tripadvisor member and not of Tripadvisor LLC."
"sara b","https://www.tripadvisor.com/Profile/sarabL4479CR","https://media-cdn.tripadvisor.com/media/photo-o/1a/f6/ea/2e/default-avatar-2020-67.jpg","","5","May 2023 • Couples","Volo in elicottero sul grand canyon","Esperienza veramente bellissima, consiglio assolutamente. Personale cordiale, pilota molto simpatico ci ha spiegato tutto ciò che vedevamo. ","Couples","0","","Written May 13, 2023","This review is the subjective opinion of a Tripadvisor member and not of Tripadvisor LLC."
"Clark F","https://www.tripadvisor.com/Profile/113clarkf","https://media-cdn.tripadvisor.com/media/photo-l/01/2a/fd/a0/avatar.jpg","","5","May 2023","Grand Canyon from a Helicopter. Exciting!","The views of the Grand Canyon are phenomenal! The helicopter is top notch, very comfortable.  The pilot was knowledgeable about the canyon and the geology and able to share the information while flying the helicopter keeping us comfortable and feeling safe.  Well worth the money and time to see the canyon.","","0","","Written May 13, 2023","This review is the subjective opinion of a Tripadvisor member and not of Tripadvisor LLC."
"Maurice C","https://www.tripadvisor.com/Profile/mauricecC5129VC","","Melksham, UK","5","May 2023 • Couples","Amazing experience","This was the trip of a lifetime. We were lucky to have front seats so got the full benefit. Paul was an excellent pilot and obviously very knowledgeable about the Canyon and its history. A truly wonderful experience ","Couples","0","","Written May 9, 2023","This review is the subjective opinion of a Tripadvisor member and not of Tripadvisor LLC."
"Lynette P","https://www.tripadvisor.com/Profile/943lynettep","","","5","May 2023 • Couples","Highly recommend!","Absolutely amazing experience!  John was our pilot and gave us a lot of history.  All of the staff were very friendly and helpful!  Hands down the best way to experience the Grand Canyon to see how massive it is and its beauty!  Do it, you will not be disappointed!!","Couples","0","","Written May 6, 2023","This review is the subjective opinion of a Tripadvisor member and not of Tripadvisor LLC."
"Michael R","https://www.tripadvisor.com/Profile/M1866CSmichaelr","https://media-cdn.tripadvisor.com/media/photo-o/1a/f6/e3/6a/default-avatar-2020-47.jpg","","5","Apr 2023 • Solo","DO THIS TOUR! No joke! ","After all the hype of the Grand Canyon I was scared it wouldn’t live up to people explaining it to me. I saw it in person and it was beautiful and amazing…BUT it was nothing compared to the helicopter tour. Holy wow! I was nervous but had to do it anyway. There is nothing like it in the world. It’s more expensive than a jeep tour, but it’s not unreasonably expensive….I promise you, save the extra money up for this….you will hold it as one of the best moments of your life. I do, and I’ve been to Dubai, Paris, Rome, NyC, Boston, Greece, I’ve been launched off the deck of an aircraft carrier, I split atoms for a living….but this tour was exhilarating above all that….(maybe tied with getting launched, but that was only 3 seconds). So please please, do this tour. ","Solo","0","","Written April 27, 2023","This review is the subjective opinion of a Tripadvisor member and not of Tripadvisor LLC."
"Tina B","https://www.tripadvisor.com/Profile/tinabN34NR","https://media-cdn.tripadvisor.com/media/photo-o/1a/f6/e4/2d/default-avatar-2020-48.jpg","","5","","Great way to see the Canyon","Clean, comfortable waiting area. efficient check-in.  Helpful folks to get us loaded and buckled.  Amazing trip over the canyons, Grand and other.  Friendly, knowledgeable pilot.  Worth every penny!","","0","","Written April 27, 2023","This review is the subjective opinion of a Tripadvisor member and not of Tripadvisor LLC."
"NorthStar793144","https://www.tripadvisor.com/Profile/NorthStar793144","https://media-cdn.tripadvisor.com/media/photo-o/1a/f6/f3/e4/default-avatar-2020-30.jpg","","5","Apr 2023","Great Experience","My first time in a helicopter and it was a great experience.  Everyone at the facility was helpful and very friendly. It was amazing to see the Grand Canyon from an aerial view.  However, book directly through Maverick, it's cheaper.  Trip Advisor did not email me confirmation and that was a big hassle.","","0","","Written April 26, 2023","This review is the subjective opinion of a Tripadvisor member and not of Tripadvisor LLC."
"Travel287691","https://www.tripadvisor.com/Profile/Travel287691","https://media-cdn.tripadvisor.com/media/photo-o/1a/f6/e8/5b/default-avatar-2020-61.jpg","","5","Apr 2023","Maverick Helicopters","It was a beautiful flight over the Grand Canyon.  I was a little nervous but the Pilot was excellent!","","0","","Written April 25, 2023","This review is the subjective opinion of a Tripadvisor member and not of Tripadvisor LLC."
"Gary R","https://www.tripadvisor.com/Profile/gaz1959","https://media-cdn.tripadvisor.com/media/photo-o/1a/f6/e2/4a/default-avatar-2020-42.jpg","Borehamwood, UK","5","Apr 2023","Can't imagine a better way to see the Canyon.","First class experience. Paul the pilot was excellent. <br /><br />It was a lovely day, still and clear, the 45min flight was a long time over the Canyon giving excellent opportunities for photos. Paul's explanation of various features and geolog6 was very good.<br /><br />Thoroughly recommend this experience.","","0","","Written April 25, 2023","This review is the subjective opinion of a Tripadvisor member and not of Tripadvisor LLC."
"John M","https://www.tripadvisor.com/Profile/H555TRjohnm","https://media-cdn.tripadvisor.com/media/photo-o/1a/f6/e9/ef/default-avatar-2020-66.jpg","Greenfield, IN","5","Apr 2023 • Couples","Maverick Tour over Grand Canyon, but no Goose","Absolute best way to see the Grand Canyon!  Breathtaking and very informative!  Jeff was a wonderful pilot and host during our flight!  Highly recommend!  ","Couples","0","","Written April 22, 2023","This review is the subjective opinion of a Tripadvisor member and not of Tripadvisor LLC."
"Anna S","https://www.tripadvisor.com/Profile/annasG8066CL","https://media-cdn.tripadvisor.com/media/photo-o/1a/f6/e4/59/default-avatar-2020-49.jpg","","5","Apr 2023","So special","Super fun!  Amazing way to see the Canyon — a part of it with no sign of humans or man-made structures of any kind. We took our kids, ages 7 & 9. Two out of four of us did feel a little queasy, so take Dramamine if you feel like this could be you.","","0","https://media-cdn.tripadvisor.com/media/photo-w/28/dc/56/7b/caption.jpg","Written April 19, 2023","This review is the subjective opinion of a Tripadvisor member and not of Tripadvisor LLC."
"Mariah Dietz","https://www.tripadvisor.com/Profile/Rye9189","https://media-cdn.tripadvisor.com/media/photo-o/1a/f6/e9/ef/default-avatar-2020-66.jpg","Westwood, MA","5","Mar 2023","Best Way to Experience the Grand Canyon","The staff and pilot were so friendly and made everything easy and fun. The helicopter ride was an incredible way to see the Grand Canyon. The pilot did a great job making sure every side had a view and could take great pictures. This was by far the best way to see the Grand Canyon.","","0","","Written April 10, 2023","This review is the subjective opinion of a Tripadvisor member and not of Tripadvisor LLC."
"Camper100451","https://www.tripadvisor.com/Profile/Camper100451","https://media-cdn.tripadvisor.com/media/photo-o/1a/f6/ed/00/default-avatar-2020-4.jpg","","5","Mar 2023","A Grand Canyon MUST!","My 11 year old son and I went on this 45-minute helicopter tour and it should definitely be added to everyone's Grand Canyon to-do list. Our guide was funny and informative and made us feel very relaxed and safe. This ride allows you to see all of the beauty and immense size of the canyon that you just can't get from a rim or a trail. I'm so glad we did it!","","0","https://media-cdn.tripadvisor.com/media/photo-w/28/b8/e7/1b/caption.jpg","Written April 3, 2023","This review is the subjective opinion of a Tripadvisor member and not of Tripadvisor LLC."
"teach4amg","https://www.tripadvisor.com/Profile/teach4amg","https://media-cdn.tripadvisor.com/media/photo-m/1280/28/ba/3b/0e/teach4amg.jpg","Naperville, IL","5","Mar 2023 • Couples","Grand Canyon Views","The most amazing views of the Grand Canyon!  Our pilot, Chad did an amazing job and provided a smooth ride.  It was the perfect way to end our trip!","Couples","0","https://media-cdn.tripadvisor.com/media/photo-m/1280/28/b7/39/81/45-minute-helicopter.jpg","Written April 2, 2023","This review is the subjective opinion of a Tripadvisor member and not of Tripadvisor LLC."
"Diane R","https://www.tripadvisor.com/Profile/dianerV9596XM","https://media-cdn.tripadvisor.com/media/photo-l/01/2a/fd/92/avatar.jpg","Granger, IN","5","Mar 2023 • Couples","Great Experience ","Fantastic Experience.  Great Pilot.  This tour allows you to experience the vastness of the Grand Canyon. We highly recommend. ","Couples","0","https://media-cdn.tripadvisor.com/media/photo-w/28/b4/93/58/caption.jpg","Written April 1, 2023","This review is the subjective opinion of a Tripadvisor member and not of Tripadvisor LLC."
"Subbu","https://www.tripadvisor.com/Profile/Asub85","https://media-cdn.tripadvisor.com/media/photo-o/1a/f6/de/0a/default-avatar-2020-35.jpg","","5","Mar 2023 • Couples","Amazing stuff !! Wonderful experience. ","Excellent experience overall. <br />The front desk were very helpful during checkin process. The ride was amazing and worth the costs. The pilot was very friendly and took us to some breadth taking views. ","Couples","0","","Written March 29, 2023","This review is the subjective opinion of a Tripadvisor member and not of Tripadvisor LLC."
"raleightravels","https://www.tripadvisor.com/Profile/raleightravels","https://media-cdn.tripadvisor.com/media/photo-o/06/8e/eb/da/raleightravels.jpg","Durham, NC","5","","Worth every penny","Worth every penny.  Very well-run service.  Astounding views of the canyon and the north rim, which we couldn’t visit this time of year by car.  Very comfortable flight; I tend to have motion sickness but was not bothered at all thanks to our excellent pilot, John.  I would take this trip again if we return to the Grand Canyon.","","0","https://media-cdn.tripadvisor.com/media/photo-w/28/af/3c/8a/caption.jpg
https://media-cdn.tripadvisor.com/media/photo-w/28/af/3c/89/caption.jpg
https://media-cdn.tripadvisor.com/media/photo-w/28/af/3c/88/caption.jpg","Written March 29, 2023","This review is the subjective opinion of a Tripadvisor member and not of Tripadvisor LLC."
"Wanderer12515974419","https://www.tripadvisor.com/Profile/Wanderer12515974419","https://media-cdn.tripadvisor.com/media/photo-o/1a/f6/ea/2e/default-avatar-2020-67.jpg","","5","Mar 2023 • Couples","A double Bucket List checked off😍","The experience was incredible! Our pilot Devon was amazing as was everyone else at Maverick helicopter tours. The flight, soundtrack and views were absolutely breathtaking this should be on everyone's bucket list, an unforgettable trip of a lifetime and a must do for anyone creating memories.","Couples","0","https://media-cdn.tripadvisor.com/media/photo-m/1280/28/a2/b2/af/caption.jpg","Written March 26, 2023","This review is the subjective opinion of a Tripadvisor member and not of Tripadvisor LLC."
"ssjj123","https://www.tripadvisor.com/Profile/ssjj123","https://media-cdn.tripadvisor.com/media/photo-o/1a/f6/f2/b8/default-avatar-2020-26.jpg","Brazil, IN","5","Mar 2023","Spectacular views!","This was a FABULOUS experience.  We lucked out and were seated in one of the 3 front passenger seats.  I have no idea what the views were like in the 4 back seats, but our views were spectacular!  Seating is assigned based on weight and balance.  This IS a pricey tour, but it was definitely worth it.  In the winter, there is no access to the North rim via car, so this is the ONLY way to see that portion of the canyon while the roads are closed.  Only 10% of all visitors see the north rim, so we feel privileged on multiple levels.","","0","","Written March 20, 2023","This review is the subjective opinion of a Tripadvisor member and not of Tripadvisor LLC."
"Karen N","https://www.tripadvisor.com/Profile/N3798BMkarenn","https://media-cdn.tripadvisor.com/media/photo-o/1a/f6/f2/59/default-avatar-2020-24.jpg","San Diego, CA","5","Mar 2023 • Solo","Thank you!","Thank you for the best experience, and exceptional customer service! This was my first time to the Grand Canyon. I appreciate that even though my earlier reservation was cancelled due to decrease visibility. They were able to reschedule my helicopter tour for a later flight. My assign seat was perfect. I did the 45 minutes Canyon Spirit and I went online to book and pay for my reservation in advance. <br /><br />I want to extend my special thanks to Forrest our pilot! He was professional and knowledgeable about the history of the canyon. The views of the Grand Canyon were spectacular!<br /><br />Thank you again for the unforgettable experience! I will highly recommend Mavericks to my family and friends! This was an awesome experience!","Solo","0","","Written March 18, 2023","This review is the subjective opinion of a Tripadvisor member and not of Tripadvisor LLC."
"Mark D","https://www.tripadvisor.com/Profile/markdJ5087GF","https://media-cdn.tripadvisor.com/media/photo-f/01/2e/70/83/avatar004.jpg","","5","Mar 2023 • Friends","Awesome experience","It was pretty amazing.  I am very cheap but this excursion was well worth the money.  Once in a lifetime view.","Friends","0","","Written March 4, 2023","This review is the subjective opinion of a Tripadvisor member and not of Tripadvisor LLC."
"David","https://www.tripadvisor.com/Profile/Tour624845","https://media-cdn.tripadvisor.com/media/photo-o/1a/f6/e3/6a/default-avatar-2020-47.jpg","","5","Feb 2023","GREAT TRIP! DO IT AGAIN","The area of the trip was limited (due to cloud cover) but we were told that in adavnce and we elected to take a revised flight plan. The pilot was knowledgeable, friendly, humorous, and respectful. I could not have asked for anything more. <br />The equipment was all in great condition and the light snow cover made the colors ""pop"".<br />The value was outstanding, and I would do it again!","","0","https://media-cdn.tripadvisor.com/media/photo-w/28/62/18/1d/facing-west-from-eastern.jpg
https://media-cdn.tripadvisor.com/media/photo-m/1280/28/62/18/09/spacious-cabin-with-my.jpg","Written March 4, 2023","This review is the subjective opinion of a Tripadvisor member and not of Tripadvisor LLC."
"Jasmine W","https://www.tripadvisor.com/Profile/R61YVjasminew","https://media-cdn.tripadvisor.com/media/photo-f/01/2e/70/57/avatar030.jpg","","5","Feb 2023 • Solo","Best decision","I had a very great experience and I highly recommend going on this tour if you have the opportunity. Photos don’t do the views justice. I felt safe the entire experience and the nerves disappeared as soon as we took off.","Solo","0","https://media-cdn.tripadvisor.com/media/photo-w/28/3d/12/a4/45-minute-helicopter.jpg
https://media-cdn.tripadvisor.com/media/photo-w/28/3d/12/9d/45-minute-helicopter.jpg
https://media-cdn.tripadvisor.com/media/photo-w/28/3d/12/9c/45-minute-helicopter.jpg","Written February 17, 2023","This review is the subjective opinion of a Tripadvisor member and not of Tripadvisor LLC."
"jared s","https://www.tripadvisor.com/Profile/jaredsY57FC","https://media-cdn.tripadvisor.com/media/photo-o/1a/f6/e9/60/default-avatar-2020-64.jpg","","5","","Incredible flight","The pilot was a gentleman and very knowledgeable about the history and geology of the canyon. Pre flight crew was professional and detail oriented.","","0","","Written February 14, 2023","This review is the subjective opinion of a Tripadvisor member and not of Tripadvisor LLC."
"Li T","https://www.tripadvisor.com/Profile/168lit","https://media-cdn.tripadvisor.com/media/photo-s/0a/3c/3a/38/li-t.jpg","South Lake Tahoe, CA","5","Aug 2022","Best money I ever spent!","BEST $300 I EVER spent! I knew I could never see the whole Grand Canyon, and had never been there before. The experience was amazing. The Pilot was fun and full of so much information, I wish I had a recording of his narrative as we flew to sync up to the video I shot. I was a little nervous at first, but I love flying in small airplanes so it was fun after my initial worries. (Not to mention plenty of safety straps etc)<br />What was so cool was that it was monsoon season and the constantly changing weather and clouds/sun was breathtaking! While flying low over the Northern Rim, we even saw a herd of Bison!<br /> Honestly, I would do this again in a heartbeat!","","0","https://media-cdn.tripadvisor.com/media/photo-w/28/19/df/9e/just-one-of-the-views.jpg","Written February 6, 2023","This review is the subjective opinion of a Tripadvisor member and not of Tripadvisor LLC."
"Rmiller3712","https://www.tripadvisor.com/Profile/rlb3712","https://media-cdn.tripadvisor.com/media/photo-o/1a/f6/eb/a3/default-avatar-2020-38.jpg","","5","Sep 2022 • Couples","Great way to see canyon","Awesome way to see the canyon. Pilot was awesome would advise anyone to take this trip it was our first time in a helicopter","Couples","0","https://media-cdn.tripadvisor.com/media/photo-m/1280/28/10/dd/f5/45-minute-helicopter.jpg","Written January 31, 2023","This review is the subjective opinion of a Tripadvisor member and not of Tripadvisor LLC."
"Susan W","https://www.tripadvisor.com/Profile/sissue","","","5","","AWESOME!","We purchased this ride for a friend. He can’t stop talking about it. Says it was the best thing in his life he has ever been able to do. A once in a lifetime event for him. He was impressed with the pilot and the overall experience from beginning to end.","","0","https://media-cdn.tripadvisor.com/media/photo-o/28/0d/25/d0/caption.jpg","Written January 29, 2023","This review is the subjective opinion of a Tripadvisor member and not of Tripadvisor LLC."
"Sarah","https://www.tripadvisor.com/Profile/Sagarret","https://media-cdn.tripadvisor.com/media/photo-o/1a/f6/e5/66/default-avatar-2020-53.jpg","","5","Jan 2023","Highly Recommend!","Friendly staff. Experienced pilot. Very clean facilities. On time. It's a great/unique way to see a HUGE part of the Grand Canyon in a short period of time. Highly recommend, especially if you're only there for a few days or, like us, roads are closed due to snow. Overall, worth the money.","","0","","Written January 27, 2023","This review is the subjective opinion of a Tripadvisor member and not of Tripadvisor LLC."
"Harold G","https://www.tripadvisor.com/Profile/haroldg746","https://media-cdn.tripadvisor.com/media/photo-o/1a/f6/f3/23/default-avatar-2020-28.jpg","Boca Raton, FL","5","","The Best Pilot","We made our tour in September 2019.   We could talk with our British pilot directly.  He had superb knowledge of the geography and geology.  The airspace is tightly controlled.  I believe that all companies fly the same route.  Maverick’s helicopters were pristine and the pre boarding was exceptionally thorough.  All passengers are individually weighed and seated to properly trim and balance the aircraft.  They inspire confidence","","0","","Written January 24, 2023","This review is the subjective opinion of a Tripadvisor member and not of Tripadvisor LLC."
"Anke W","https://www.tripadvisor.com/Profile/333ankew","https://media-cdn.tripadvisor.com/media/photo-o/1a/f6/ef/73/default-avatar-2020-13.jpg","","5","May 2022","Beeindruckend, mehr kann man nicht sagen.","Uns hat der Flug sehr gut gefallen. Es war beeindruckend. Leider hatten wir das Pech, dass es wirklich sehr windig war, was einigen auf den Magen geschlagen ist. Das Personal war sehr nett und hat viel erklärt. Schade ist nur, dass meine Eltern kein Englisch sprechen, aber für sie war der Flug wundervoll auch ohne Dokumentation.","","0","","Written January 8, 2023","This review is the subjective opinion of a Tripadvisor member and not of Tripadvisor LLC."
"Ebba M","https://www.tripadvisor.com/Profile/247ebbam","","","5","Nov 2022","A Must!","This truly was the highlight of our time in the Grand Canyon. No we can confidently say ""We have seen the Grand Canyon""! Worth every dollar! <br /><br />We had originally booked for Wednesday afternoon, but the trip was cancelled due to heavy winds. This made us feel very safe, as we were slightly concerned in the morning.. Our tour was rescheduled for the next morning. Great service","","0","","Written November 27, 2022","This review is the subjective opinion of a Tripadvisor member and not of Tripadvisor LLC."
"Tammy H","https://www.tripadvisor.com/Profile/TammyH4744","https://media-cdn.tripadvisor.com/media/photo-o/1a/f6/e9/60/default-avatar-2020-64.jpg","","5","Nov 2022 • Friends","Beautiful!","The views! You see so much more this way! And the vantage point is unparalleled. Would do it again. Go!","Friends","0","https://media-cdn.tripadvisor.com/media/photo-m/1280/27/0f/f0/5a/45-minute-helicopter.jpg","Written November 27, 2022","This review is the subjective opinion of a Tripadvisor member and not of Tripadvisor LLC."
"Gayle01118","https://www.tripadvisor.com/Profile/Gayle01118","https://media-cdn.tripadvisor.com/media/photo-o/1a/f6/ec/a2/default-avatar-2020-3.jpg","Springfield, MA","5","","Bucket List  Helicopter Flight","I had never flown in a helicopter before. I'm afraid of heights and was both a bit anxious about the flight and very excited about what we'd see. This flight was amazing! It was smooth and not at all scary. <br />We flew over parts of the Grand Canyon that we never would have seen from the ground.  We flew over the eastern part and the north rim. We saw the Colorado River and even saw three rafts going into a section of rapids.<br />Our pilot and the ground crew were all excellent. We had to change our flight time and the staff at Maverick Helicopter made it easy. The ground crew and pilot, Brendon, were very safety conscious and got everyone strapped in with headphones. Brendon pointed out parts of the canyon and told us about the geology of how it was created. We were able to talk to everyone inside as we saw different features.<br />Smooth flying,  unique perspective. Would highly recommend to anyone.","","0","","Written November 24, 2022","This review is the subjective opinion of a Tripadvisor member and not of Tripadvisor LLC."
"Pam","https://www.tripadvisor.com/Profile/Q8373EVpamc","https://media-cdn.tripadvisor.com/media/photo-f/01/2e/70/95/avatar021.jpg","","5","Nov 2022","Amazing","OMG - one of the best things I have ever done.  More of the Canyon I saw on walking around the canyon","","0","","Written November 23, 2022","This review is the subjective opinion of a Tripadvisor member and not of Tripadvisor LLC."
"Traveler445841","https://www.tripadvisor.com/Profile/Traveler445841","https://media-cdn.tripadvisor.com/media/photo-o/1a/f6/ef/73/default-avatar-2020-13.jpg","","2","Oct 2022","Over rated  and expensive","Airport facility and helicopter are good quality. <br /><br />The pilot was not engaging and the quality of the view is very much governed by where you are seated by Maverick. The flight route we took basically looped  slowly from Tusayan right to left over the canyon. We were seated on the right hand side and feel the view would be much better on the left side behind the pilot - you dont get to choose because of the way Maverick distribute the passengers/weight?.  <br /><br />We spent too much time travelling slowly over the south forest and felt if they flew quicker to & from the  canyon and did regular hovering rotations of the helicopter at strategic points the experience would be shared and much better.<br /><br />The views and sensations from land at the many rim locations easily accessible by foot and by using the free shuttle bus service (driven by enthusiastic and engaged drivers)  are exceptional and we consider overall much better than those of our helicopter experience.","","0","","Written November 21, 2022","This review is the subjective opinion of a Tripadvisor member and not of Tripadvisor LLC."
"ORDFlier","https://www.tripadvisor.com/Profile/ORDFlier","https://media-cdn.tripadvisor.com/media/photo-m/1280/18/95/5d/de/ordflier.jpg","Chicago, IL","5","","Simply amazing.","We were greeted with a very friendly staff the moment we walked in until the moment we walked out.   The helicopter was well maintained, comfortable and very clean.  We felt safe at all times.  <br />The views of the Grand Canyon was simply breathtaking","","0","https://media-cdn.tripadvisor.com/media/photo-m/1280/26/f1/8e/86/caption.jpg
https://media-cdn.tripadvisor.com/media/photo-w/26/f1/8e/85/caption.jpg
https://media-cdn.tripadvisor.com/media/photo-w/26/f1/8e/84/caption.jpg
https://media-cdn.tripadvisor.com/media/photo-m/1280/26/f1/8e/83/caption.jpg","Written November 20, 2022","This review is the subjective opinion of a Tripadvisor member and not of Tripadvisor LLC."
"WNChikingchick","https://www.tripadvisor.com/Profile/wnchikingchick","https://media-cdn.tripadvisor.com/media/photo-s/1d/40/c4/2e/wnchikingchick.jpg","Brevard, NC","2","Nov 2022","Disappointing","I finally splurged on a tour, because this was a bucket list item for me. One was not given the option of selecting a seat. The seats were assigned based on your weight. I am only 125 lbs.  I was seated behind the pilot and my husband next to me. Those in the front and the right side got awesome views and great pictures. Being on the left, the sun was beating on us and there was a constant glare out of the window. All the great views and interesting things the pilot was telling us about were on the right side. My husband had the seat next to me and he tried to film out the top windows, the side windows, and the front windows but he never got a great view either. I asked if the left side was going to get to see anything but the pilot did not answer. We were hoping they would turn around and the left side would see what the right had, but no it is a loop. Don't waste this much money at Maverick cause when I brought it up they didn't even care. Usually when we go on tours. like Antelope Canyon. we are asked about our tour and asked to review it. This was not the case with Maverick. As long as they get their money, they don't care if you enjoy it. Very, very disappointed.","","0","","Written November 15, 2022","This review is the subjective opinion of a Tripadvisor member and not of Tripadvisor LLC."
"grant8370","https://www.tripadvisor.com/Profile/grant8370","https://media-cdn.tripadvisor.com/media/photo-o/1a/f6/f2/b8/default-avatar-2020-26.jpg","Tupper Lake, NY","5","","Grand Canyon","The perfect day with Maverick Helicopter ride over the Grand Canyon.  This was the highlight of our Sedona vacation. Beautiful views and knowledgeable pilot! Highly recommended!","","0","https://media-cdn.tripadvisor.com/media/photo-w/26/df/5b/97/caption.jpg","Written November 14, 2022","This review is the subjective opinion of a Tripadvisor member and not of Tripadvisor LLC."
"Cody K","https://www.tripadvisor.com/Profile/cklug2022","https://media-cdn.tripadvisor.com/media/photo-o/1a/f6/f3/23/default-avatar-2020-28.jpg","","5","Nov 2022","First Time in a Helicopter","Great experience! First time for both of us in a helicopter. Pilot did a great job reassuring during the flight.","","0","https://media-cdn.tripadvisor.com/media/photo-m/1280/26/cf/34/49/post-flight-picture.jpg","Written November 8, 2022","This review is the subjective opinion of a Tripadvisor member and not of Tripadvisor LLC."
"Seth B","https://www.tripadvisor.com/Profile/sethb954","https://media-cdn.tripadvisor.com/media/photo-o/1a/f6/f1/b8/default-avatar-2020-22.jpg","","5","","Helicopter","Jeff was a great guide and this was a beautiful ride, loved it!  The crossing over the south rim was breathtaking and we even saw bison below","","0","","Written October 29, 2022","This review is the subjective opinion of a Tripadvisor member and not of Tripadvisor LLC."
"MandC0218","https://www.tripadvisor.com/Profile/MandC0218","https://media-cdn.tripadvisor.com/media/photo-o/29/13/91/fd/mandc0218.jpg","Riverside, CA","5","Oct 2022","Highlight of our Grand Canyon Visit!","We booked the tour a couple days prior to our arrival at the Grand Canyon. We had a 9 am flight and the ride was incredibly smooth and Mike , the pilot, did a great job on the tour and interacted with the passengers very well. Per passenger cost was $319 for a 45 minute flight covering the whole Grand Canyon except the West Rim. We sat in the front row and had a fabulous view. Check in process was very quick and easy. We were weighed and provided safety instructions that were simple and well explained. It was such a smooth ride that we barely noticed how high and how far we had flown. Highly recommended!","","0","https://media-cdn.tripadvisor.com/media/photo-o/26/bb/88/93/front-row-seats.jpg
https://media-cdn.tripadvisor.com/media/photo-o/26/bb/88/92/great-views-from-high.jpg
https://media-cdn.tripadvisor.com/media/photo-o/26/bb/88/90/great-views-from-high.jpg
https://media-cdn.tripadvisor.com/media/photo-o/26/b9/c7/8c/great-views-from-high.jpg
https://media-cdn.tripadvisor.com/media/photo-o/26/b9/c7/8a/great-views-from-high.jpg
https://media-cdn.tripadvisor.com/media/photo-o/26/b9/c7/89/great-views-from-high.jpg
https://media-cdn.tripadvisor.com/media/photo-o/26/b9/c6/84/great-views-from-high.jpg
https://media-cdn.tripadvisor.com/media/photo-o/26/b9/c6/81/great-views-from-high.jpg
https://media-cdn.tripadvisor.com/media/photo-o/26/b9/c6/7b/great-views-from-high.jpg","Written October 29, 2022","This review is the subjective opinion of a Tripadvisor member and not of Tripadvisor LLC."
"Kim Mc","https://www.tripadvisor.com/Profile/Kim_McOrange","https://media-cdn.tripadvisor.com/media/photo-o/1a/f6/e4/59/default-avatar-2020-49.jpg","DeWitt, MI","5","","Trip of a lifetime.","We had an amazing flight on Maverick helicopters to view the Grand Canyon. Vern was our pilot. He was fun to talk with and made us feel very safe.  Maverick has a great safety record so it made us feel comfortable. <br /><br />This was the flight of a lifetime we could've never seen the greatness of the Grand Canyon by just touring around the rim.  <br /><br />It was a nice trip that was well worth it.","","0","","Written October 27, 2022","This review is the subjective opinion of a Tripadvisor member and not of Tripadvisor LLC."
"Debbie P","https://www.tripadvisor.com/Profile/dprince204","https://media-cdn.tripadvisor.com/media/photo-l/01/2a/fd/8f/avatar.jpg","South Padre Island, TX","5","","Grand canyon 1st trip","Loved it, our pilot was great. Beautiful, and breath taking. If I make it here again, I will definitely do it again. Just sow","","0","https://media-cdn.tripadvisor.com/media/photo-m/1280/26/b0/11/2c/caption.jpg","Written October 25, 2022","This review is the subjective opinion of a Tripadvisor member and not of Tripadvisor LLC."
"urlauber","https://www.tripadvisor.com/Profile/urlauber-weltweit","https://media-cdn.tripadvisor.com/media/photo-o/1a/f6/ef/32/default-avatar-2020-12.jpg","deutschland","4","Jul 2022","Toller Flug","Der Flug hat uns sehr gut gefallen, zwei von uns saßen vorne und eine Person am Fenster. Das war alles gut. Der Pilot ist gut geflogen, hat alles erklärt - konnten tolle Fotos und Videos machen.<br />Mit dem Flug waren wir sehr zufrieden.<br />Aber um die volle Bewertung zu bekommen, müsste das Personal am Boden etwas freundlicher, zugänglicher und zugewandter werden.","","0","","Written October 24, 2022","This review is the subjective opinion of a Tripadvisor member and not of Tripadvisor LLC."
"Dale Philbrick","https://www.tripadvisor.com/Profile/dalephilbrick","https://media-cdn.tripadvisor.com/media/photo-o/1a/f6/f2/11/default-avatar-2020-23.jpg","Dallas, TX","5","","Amazing tour that shows the true grandeur of the Grand Canyon","Our helicopter tour was the BEST way to see the Grand Canyon.  Our tour started with photos with our pilot and proceeded to fly over the forest surrounding the Grand Canyon airport.  Our pilot warned us that we were flying about 50 ft above the forest as we approached the rim of the canyon and we’d soon be 5,000 ft above the base of the canyon.  Nothing prepared us for the grandeur that we’d see as we crossed the rim and entered the canyon.  The view was breathtaking and we got goose-bumps just seeing how massive the canyon was.  Our pilot was informative and maneuvered the helicopter so that we got awesome photos.  The tour went over to the Northern Rim and circled back to the airport.  I had visited the Southern Rim before and seen it from ground level, but this experience was completely different (and much better).  We didn’t even bother to enter the park and see it from the ground this trip.  Nothing beats seeing it from the air to appreciate the full scope of the Grand Canyon.","","0","https://media-cdn.tripadvisor.com/media/photo-m/1280/26/a9/1f/4d/caption.jpg
https://media-cdn.tripadvisor.com/media/photo-m/1280/26/a9/1f/4c/caption.jpg
https://media-cdn.tripadvisor.com/media/photo-m/1280/26/a9/1f/4b/caption.jpg
https://media-cdn.tripadvisor.com/media/photo-m/1280/26/a9/1f/4a/caption.jpg","Written October 23, 2022","This review is the subjective opinion of a Tripadvisor member and not of Tripadvisor LLC."
"Luc H","https://www.tripadvisor.com/Profile/75luch","https://media-cdn.tripadvisor.com/media/photo-s/06/91/1a/46/luc-h.jpg","Indre-et-Loire, France","5","","Émotion garantie","Moments très forts, souvenirs superbes, Cette promenade est sublime et mérite vraiment le coup. Penser à programmer votre balade.","","0","","Written October 23, 2022","This review is the subjective opinion of a Tripadvisor member and not of Tripadvisor LLC."
"Cordoba075","https://www.tripadvisor.com/Profile/Cordoba075","https://media-cdn.tripadvisor.com/media/photo-o/0b/8b/ba/0e/cordoba075.jpg","Cordoba, Spain","5","Aug 2022","Profesionales","Impresionante las vistas aéreas del Gran Cañón. Recomiendo el viaje de 45 minutos porque con el de 25, seguramente, se quede muy corto de ver. Puntuales y profesionales.","","0","https://media-cdn.tripadvisor.com/media/photo-m/1280/26/97/5a/dc/rio-colorado.jpg
https://media-cdn.tripadvisor.com/media/photo-m/1280/26/97/5a/d6/rio-colorado.jpg","Written October 18, 2022","This review is the subjective opinion of a Tripadvisor member and not of Tripadvisor LLC."
"Robin","https://www.tripadvisor.com/Profile/Robin_Donald","https://media-cdn.tripadvisor.com/media/photo-o/1a/f6/f1/79/default-avatar-2020-21.jpg","","5","Oct 2022 • Couples","Was awesome","This was my first time of doing anything like this. First was scared to death and considering backing out but went through it. It was AMAZING.  So glad I did it. David, our pilot, was extremely helpful easing my fear.","Couples","0","https://media-cdn.tripadvisor.com/media/photo-w/26/8f/6f/75/45-minute-helicopter.jpg","Written October 16, 2022","This review is the subjective opinion of a Tripadvisor member and not of Tripadvisor LLC."
"wss9933","https://www.tripadvisor.com/Profile/wss9933","https://media-cdn.tripadvisor.com/media/photo-o/1a/f6/e3/1f/default-avatar-2020-46.jpg","North Carolina","5","Oct 2022","Amazing Grand Canyon Helicopter Tour!","We had an awesome flight at the Grand Canyon today!  Pilot Chad was great in every way! We would most definitely do this again if we’re ever in the area! HIGHLY recommend this excursion!!!","","0","","Written October 11, 2022","This review is the subjective opinion of a Tripadvisor member and not of Tripadvisor LLC."
"Chris","https://www.tripadvisor.com/Profile/Cstauber3","https://media-cdn.tripadvisor.com/media/photo-o/1a/f6/f3/e4/default-avatar-2020-30.jpg","","5","Oct 2022","Great way to gain perspective on the magnitude and beauty of the Grand Canyon!","I've been on a few chopper rides, in fact did this one about 25 years ago. <br />The trip is phenomenal, the scenery is stunning. The 45 minute ride flies by too fast (pun intended!) <br /><br />The reservations were simple to make<br />The staff is knowledgeable, pleasant, and helpful. <br />Our pilot was personable, informative, and flew us safely on our trip. He's a former UK air force pilot and clearly demonstrated how to be safe, pleasant, and fun all while flying his helicopter. <br /><br />Yes, do it!","","0","https://media-cdn.tripadvisor.com/media/photo-w/26/75/35/a3/our-very-capable-pilot.jpg
https://media-cdn.tripadvisor.com/media/photo-m/1280/26/75/35/90/chris-gary-pre-flight.jpg","Written October 11, 2022","This review is the subjective opinion of a Tripadvisor member and not of Tripadvisor LLC."
"carlos b","https://www.tripadvisor.com/Profile/carlosbviaja","https://media-cdn.tripadvisor.com/media/photo-o/1a/f6/f2/b8/default-avatar-2020-26.jpg","Trenque Lauquen, Argentina","5","Aug 2022","hay que hacerlo si o si o Si o SI o Siiiiiiiiii!!!!!!!!!","Experiencia de las que quedan tatuadas en la memoria, fuimos con mi esposa e hija, compramos con tiempo el día y la hora, todo sencillo, muy eficiente y no barato, la atencion en el lugar fue excelente, volamos casi una hora viendo paisajes, colores y cosas inolvidables, la explicación en castellano es muy sencilla pero buena, después de volar sobre el cañón las visitas por tierra son interesantes por las fotos y ver algún otro angulo, pero si puede vuele, no se va a arrepentir nunca.","","0","","Written October 10, 2022","This review is the subjective opinion of a Tripadvisor member and not of Tripadvisor LLC."
"Alex","https://www.tripadvisor.com/Profile/BB_76_Ird","https://media-cdn.tripadvisor.com/media/photo-o/1a/f6/f4/20/default-avatar-2020-31.jpg","Vienna, Austria","5","Oct 2022 • Couples","Awesome","was it worth? every single minute… It‘s an outstanding ride…  👍🏻<br />Our Pilot told us very interesting Details about the Canyon.","Couples","0","","Written October 9, 2022","This review is the subjective opinion of a Tripadvisor member and not of Tripadvisor LLC."
"bastun","https://www.tripadvisor.com/Profile/bastun73","https://media-cdn.tripadvisor.com/media/photo-s/07/4f/13/25/sebastien-c.jpg","Landquart, Switzerland","5","","Époustouflant ","Magnifique expérience <br />Une belle compagnie le prix en vaut la chandelle <br />Pilote très sympathique avec beaucoup de commentaire.<br />Un vol magnifique .","","0","https://media-cdn.tripadvisor.com/media/photo-m/1280/26/5c/24/b7/caption.jpg","Written October 6, 2022","This review is the subjective opinion of a Tripadvisor member and not of Tripadvisor LLC."
"Kyle","https://www.tripadvisor.com/Profile/Kiwitank","https://media-cdn.tripadvisor.com/media/photo-o/1a/f6/e8/5b/default-avatar-2020-61.jpg","","5","Sep 2022","Brilliant Views of the Canyon","We went on the Canyon Spirit ride and I'd say it was the best way to see the Grand Canyon. It's hard to imagine another way to so fully appreciate the size of the canyon, and our pilot was able to point out a variety of interesting facts while answering questions throughout. It was also a pretty smooth flight, for anyone concerned about riding a helicopter.","","0","https://media-cdn.tripadvisor.com/media/photo-m/1280/26/5b/de/1c/great-views-from-above.jpg
https://media-cdn.tripadvisor.com/media/photo-w/26/5b/de/1b/colorado-river-view.jpg","Written October 6, 2022","This review is the subjective opinion of a Tripadvisor member and not of Tripadvisor LLC."
"Lori S","https://www.tripadvisor.com/Profile/LS88179","https://media-cdn.tripadvisor.com/media/photo-o/1a/f6/e2/e6/default-avatar-2020-45.jpg","","5","Oct 2022 • Friends","Amazing!!!","This was my first helicopter ride and my first time seeing the Grand Canyon. I can’t imagine a better way to do it. So incredible!! Our pilot was super informative and friendly and we had a smooth, safe ride!","Friends","0","https://media-cdn.tripadvisor.com/media/photo-w/26/45/30/4e/45-minute-helicopter.jpg
https://media-cdn.tripadvisor.com/media/photo-w/26/45/30/13/45-minute-helicopter.jpg","Written October 2, 2022","This review is the subjective opinion of a Tripadvisor member and not of Tripadvisor LLC."
"Theresa M","https://www.tripadvisor.com/Profile/theresamC9548US","https://media-cdn.tripadvisor.com/media/photo-f/01/2e/70/6f/avatar052.jpg","Ohio","5","Sep 2022 • Couples","Awesome experience!","Friendly and courteous staff and pilot, breath-taking views, awesome experience!  Bucket list worthy!  Highly recommend!","Couples","0","","Written September 23, 2022","This review is the subjective opinion of a Tripadvisor member and not of Tripadvisor LLC."
"MaryLou H","https://www.tripadvisor.com/Profile/marylouh872","https://media-cdn.tripadvisor.com/media/photo-f/01/2e/70/95/avatar021.jpg","","5","Sep 2022 • Family","Breath taking views","First time doing a helicopter tour of any kind. We found everyone at Maverick to be friendly and very professional. We took the 45 minute tour. It was well worth the money. This tour was the highlight of our time at the canyon. Highly recommend it!","Family","0","https://media-cdn.tripadvisor.com/media/photo-w/25/dc/e8/67/45-minute-helicopter.jpg","Written September 15, 2022","This review is the subjective opinion of a Tripadvisor member and not of Tripadvisor LLC."
"Gopal Murti","https://www.tripadvisor.com/Profile/dgkm1904","https://media-cdn.tripadvisor.com/media/photo-o/1a/f6/e5/66/default-avatar-2020-53.jpg","New Delhi, India","3","Sep 2022","No experience as trip never materialized.","The trip was canceled due to bad weather on 13 Sep. 2022. The Helicopter company told us the refund would be made by the  TRIP ADVISOR.<br /><br />Yet to receive a refund from TRIP ADVISOR.","","0","https://media-cdn.tripadvisor.com/media/photo-m/1280/25/dc/60/16/myself-my-wife-and-my.jpg","Written September 15, 2022","This review is the subjective opinion of a Tripadvisor member and not of Tripadvisor LLC."
"mauro c","https://www.tripadvisor.com/Profile/maurocC5776BK","https://media-cdn.tripadvisor.com/media/photo-o/05/95/6e/39/mauro-c.jpg","Province of Lucca, Italy","5","Aug 2022","Girovagando per gli States","E' stata un'esperienza molto piacevole. Volo tranquillo pilota esperto e preparato che dava tutte le spiegazioni del caso. La visuale del Grand Canyon da lassù  è veramente emozionante lo consiglio a tutti","","0","","Written September 1, 2022","This review is the subjective opinion of a Tripadvisor member and not of Tripadvisor LLC."
"Jessica G","https://www.tripadvisor.com/Profile/U5377QRjessicag","https://media-cdn.tripadvisor.com/media/photo-o/1a/f6/e3/6a/default-avatar-2020-47.jpg","","5","","Breathtaking views and a fantastic guide made this experience truly memorable. I would definitely recommend!","The views were breathtaking and our guide was very knowledgeable and made this a great experience! I would definitely recommend!","","0","https://media-cdn.tripadvisor.com/media/photo-w/25/8c/b5/1d/caption.jpg","Written September 1, 2022","This review is the subjective opinion of a Tripadvisor member and not of Tripadvisor LLC."
"Climber620466","https://www.tripadvisor.com/Profile/Climber620466","https://media-cdn.tripadvisor.com/media/photo-o/1a/f6/77/ae/default-avatar-2020-2.jpg","Brussels, Belgium","5","","Super visite en hélicoptère du grand canyon","Hélicoptère confortable et bien entretenu. Pilote très sympa et qui donnait beaucoup d’explications. Cerise sur le gâteau:  bonne météo et vue parfaite. Mes 2 ados ont eu les places de devant rendant l’expérience extraordinaire. Moi derrière côté fenêtre: bien mais difficile de voir de l’autre côté. C’est vrai que les 2 personnes du milieu voient moins bien que les autres mais cela semblait acceptable. A conseiller mais l’expérience sera plus ou moins génial en fonction de la place dans l’hélicoptère","","0","","Written August 29, 2022","This review is the subjective opinion of a Tripadvisor member and not of Tripadvisor LLC."
"Andrea Puoti","https://www.tripadvisor.com/Profile/andrea_puoti","https://media-cdn.tripadvisor.com/media/photo-o/1a/f6/f6/0d/default-avatar-2020-34.jpg","Naples, Italy","5","","The top!","Esperienza bellissima vedere il gran Canyon dall’alto è emozionante, loro ci hanno illustrato tutto e sono stati precisi e puntuali. Super consigliato !","","0","","Written August 14, 2022","This review is the subjective opinion of a Tripadvisor member and not of Tripadvisor LLC."
"Kathy W","https://www.tripadvisor.com/Profile/kathywA9479KB","https://media-cdn.tripadvisor.com/media/photo-o/1a/f6/e2/4a/default-avatar-2020-42.jpg","","5","","Helicopter vlucht","Helicopter vlucht boven grand canyon geboekt via deze firma. Prima verlopen zowel check in als de vlucht zelf. Heel vriendelijke piloot. Super om de doen met grotere kinderen , een unieke ervaring die we niet snel gaan vergeten. De 45min zijn zo om.","","0","","Written August 8, 2022","This review is the subjective opinion of a Tripadvisor member and not of Tripadvisor LLC."
"Luke L","https://www.tripadvisor.com/Profile/Lbob85","https://media-cdn.tripadvisor.com/media/photo-o/1a/f6/ef/32/default-avatar-2020-12.jpg","Quincy, IL","5","Aug 2022 • Family","Breathtaking","Had a great time and got to see so much. The Maverick team is amazing.  Our pilot was very knowledgeable and did a wonderful job telling us about the area.  This is a must if you visit the Grand Canyon. You see so much more then just looking from the side.","Family","0","https://media-cdn.tripadvisor.com/media/photo-w/25/20/27/e8/45-minute-helicopter.jpg
https://media-cdn.tripadvisor.com/media/photo-w/25/20/27/e2/45-minute-helicopter.jpg
https://media-cdn.tripadvisor.com/media/photo-w/25/20/27/0c/45-minute-helicopter.jpg
https://media-cdn.tripadvisor.com/media/photo-m/1280/25/20/27/0a/45-minute-helicopter.jpg","Written August 7, 2022","This review is the subjective opinion of a Tripadvisor member and not of Tripadvisor LLC."
"mandyyorkshiregal","https://www.tripadvisor.com/Profile/mandyyorkshiregal","https://media-cdn.tripadvisor.com/media/photo-o/1a/f6/f6/0d/default-avatar-2020-34.jpg","","5","","Outstanding ","Outstanding experience. We did the 45 minute  flight and it was breathtaking. The pilot had fantastic knowledge of the Grand Canyon and put everyone at ease. An absolute 'must do' and something we will never forget.","","0","","Written August 7, 2022","This review is the subjective opinion of a Tripadvisor member and not of Tripadvisor LLC."
"Joerg & Marion","https://www.tripadvisor.com/Profile/JMR67Germany","https://media-cdn.tripadvisor.com/media/photo-o/1a/f6/e5/66/default-avatar-2020-53.jpg","","5","Jul 2022 • Couples","Klasse Flug den man machen muss","Es war ein sensationelles Erlebnis. Angefangen von der Buchung bis hin zum Flug war es perfekt. Wir sind sehr nett am Airport empfangen worden. Nach einer kurzen Wartezeit kam  unser Pilot. Er erklärte uns die Sicherheitshinweise. Nach einem Foto vor dem Helikopter ging es schon los. Nach 3 min Flug über die Baumwipfel kam schon der South Rim des Grand Canyon. Unser Pilot erklärte uns so viel, wie die Entstehung des Canyon, über die Navayos, uvm. <br />Wir flogen vom South Rim über den Grand Canyon bis zum North Rim und wieder zurück. Es war ein unvergessliches Erlebnis.","Couples","0","https://media-cdn.tripadvisor.com/media/photo-m/1280/25/1a/55/fd/45-minutiger-hubschrauberrundf.jpg
https://media-cdn.tripadvisor.com/media/photo-m/1280/25/1a/55/c2/45-minutiger-hubschrauberrundf.jpg
https://media-cdn.tripadvisor.com/media/photo-m/1280/25/1a/55/6c/45-minutiger-hubschrauberrundf.jpg","Written August 5, 2022","This review is the subjective opinion of a Tripadvisor member and not of Tripadvisor LLC."
"J Y","https://www.tripadvisor.com/Profile/34jy","https://media-cdn.tripadvisor.com/media/photo-o/1a/f6/e7/99/default-avatar-2020-57.jpg","","5","Jul 2022","Wonderful experience","My son loved it!  I loved the spacious and comfortable terminal, with air conditioning, ample comfortable seating and gift shop.  I also appreciated the very helpful and upbeat gate agents and gift shop employees!  The look on my son's face when he returned was priceless.","","0","","Written August 4, 2022","This review is the subjective opinion of a Tripadvisor member and not of Tripadvisor LLC."
"Zélia A","https://www.tripadvisor.com/Profile/685z_liaa","https://media-cdn.tripadvisor.com/media/photo-m/1280/2a/2f/f4/14/caption.jpg","Issy-les-Moulineaux, France","5","","Expérience au top","Une expérience extraordinaire. <br />Les informations fournies avant le vol étaient très claires. <br />Un pilote (Forest) très professionnel et attentionné.<br />Le vol dure le temps prévu et le paysage est à couper le souffle.","","0","https://media-cdn.tripadvisor.com/media/photo-w/25/15/8e/13/caption.jpg
https://media-cdn.tripadvisor.com/media/photo-w/25/15/8e/12/caption.jpg
https://media-cdn.tripadvisor.com/media/photo-m/1280/25/15/8e/11/caption.jpg","Written August 3, 2022","This review is the subjective opinion of a Tripadvisor member and not of Tripadvisor LLC."
"signe a","https://www.tripadvisor.com/Profile/signea543","https://media-cdn.tripadvisor.com/media/photo-s/04/3d/53/25/signe-a.jpg","Skoerping, Denmark","5","Jul 2022","Couldn't be happier!","Absolutely breathtaking. Our pilot was friendly, attentive, skilled and had a calm and trust-inspiring demeanor, that for me, as not particular comfortable flying, made all the difference in the world. I felt soooo safe in the air, and our pilot had a huge knowledge of the canyon and surroundings. One of the absolute highlights of our 17-day visit to the US.","","0","","Written August 2, 2022","This review is the subjective opinion of a Tripadvisor member and not of Tripadvisor LLC."
"Cristina M","https://www.tripadvisor.com/Profile/cristinamU9015SF","","","5","","Fantastica","Fantastica esperienza!! Un po’ caro , ma ne valeva proprio la pena! Del resto quante volte nella vita si andrà al Gran Canyon. Consigliato!!","","0","https://media-cdn.tripadvisor.com/media/photo-w/25/0c/21/8c/caption.jpg
https://media-cdn.tripadvisor.com/media/photo-w/25/0c/21/8b/caption.jpg
https://media-cdn.tripadvisor.com/media/photo-w/25/0c/21/8a/caption.jpg","Written July 31, 2022","This review is the subjective opinion of a Tripadvisor member and not of Tripadvisor LLC."
"Michele S","https://www.tripadvisor.com/Profile/michelesI8554YL","https://media-cdn.tripadvisor.com/media/photo-o/1a/f6/e2/e6/default-avatar-2020-45.jpg","Sydney, Australia","5","Jul 2022","We loved it!","Our flight was amazing!  A total highlight for the two adults/two teenagers in our group. Our pilot, ____, was extremely friendly and informative and steady at the controls! We learned so much as we took in the absolutely amazing views over the South Rim in the late afternoon. The 45 minute duration was perfect - would have been disappointed with a shorter flight and any longer is not really necessary.  We can't wait to go back and experience it again - this time from the bottom to see a different perspective.","","0","https://media-cdn.tripadvisor.com/media/photo-m/1280/25/04/ab/68/a-fun-day-in-the-sky.jpg","Written July 29, 2022","This review is the subjective opinion of a Tripadvisor member and not of Tripadvisor LLC."
"Doug A","https://www.tripadvisor.com/Profile/Y1294ONdouga","https://media-cdn.tripadvisor.com/media/photo-o/1a/f6/e3/1f/default-avatar-2020-46.jpg","","5","Jul 2022","Can't Wait to Do It Again through Maverick","Brennan was my pilot and his knowledge of the Canyon made for a great flight.<br /><br />Maverick has a very nice lobby where we check in and are called into small groups  for the brief safety explanation from your pilot.<br /><br />In addition to the excellent service, what really stood out for me was the safety assistance Brennan provided each step of the trip. So comfortable was I that, while fidgeting with my uncooperative camera, I had not even realized we were in the air until I saw the tops of the trees<br /><br />Also, the softest landing possible. Could not even feel touching down. <br /><br />Ask for Brennan.","","0","https://media-cdn.tripadvisor.com/media/photo-m/1280/25/04/be/5c/heli-thru-the-grand-canyon.jpg","Written July 29, 2022","This review is the subjective opinion of a Tripadvisor member and not of Tripadvisor LLC."
"Deborah S","https://www.tripadvisor.com/Profile/deborahsJ3029RS","https://media-cdn.tripadvisor.com/media/photo-o/1a/f6/ea/b2/default-avatar-2020-69.jpg","","5","Jul 2022","Great Way to See the Grand Canyon","I was a bit apprehensive about getting on a helicopter, but this tour ended up being my favorite tour during my vacation! I had never seen the Grand Canyon before and this was a truly magical way to view it for the very first time!  Yes, the cost is a bit much, but honestly the experience was worth it!","","0","","Written July 29, 2022","This review is the subjective opinion of a Tripadvisor member and not of Tripadvisor LLC."
"Emem H","https://www.tripadvisor.com/Profile/ememh2022","https://media-cdn.tripadvisor.com/media/photo-o/1a/f6/e6/ea/default-avatar-2020-54.jpg","","4","Jul 2022 • Family","Maverick Helicopters","John-Paul was a good guide/pilot.<br />The view from the air is surreal.<br />My kids had a nice time also....","Family","0","https://media-cdn.tripadvisor.com/media/photo-w/25/03/bf/b8/45-minute-helicopter.jpg","Written July 29, 2022","This review is the subjective opinion of a Tripadvisor member and not of Tripadvisor LLC."
"Kat","https://www.tripadvisor.com/Profile/Kattjoy","https://media-cdn.tripadvisor.com/media/photo-o/1a/f6/e2/e6/default-avatar-2020-45.jpg","","3","Jul 2022","A little dissatisfied","Not the best, I’m sure there are better.  Not a very smooth enjoyable helicopter tour.  Our helicopter pilot (don’t even remember him giving us his name) seemed not very confident and his personality wasn’t a good fit for this tour.  The ride was quite loud and bumpy, almost seemed like the rpm’s needed to be higher.  We have been on many helicopter tours on Maui and they were five stars.  Was a little disappointed with this one.","","0","https://media-cdn.tripadvisor.com/media/photo-w/24/f7/ce/ac/grand-canyon.jpg","Written July 26, 2022","This review is the subjective opinion of a Tripadvisor member and not of Tripadvisor LLC."
"Frank G","https://www.tripadvisor.com/Profile/FrankGyrulf","https://media-cdn.tripadvisor.com/media/photo-o/19/f3/7a/eb/caption.jpg","Orebro, Sweden","5","","Maffigt!","Häftig upplevelse att se Grand Canyon från ovan. Åkte 45-minuters turen från den lokala flygplatsen. Piloten var väldigt cool och proffsig och gjorde resan bekväm. I hörlurarna men hade spelades skön musik i bakgrunden som gjorde resan skön. Skulle åka med Mawerick igen.","","0","","Written July 23, 2022","This review is the subjective opinion of a Tripadvisor member and not of Tripadvisor LLC."
"silviawijsman","https://www.tripadvisor.com/Profile/silviawijsman","https://media-cdn.tripadvisor.com/media/photo-o/1a/f6/f1/42/default-avatar-2020-20.jpg","Nieuwerbrug, The Netherlands","4","","Bijzondere ervaring","Een geweldige ervaring. Vanuit de lucht zie je nog beter hoe indrukwekkend groot de Grand Canyon is. Echt een aanrader.","","0","https://media-cdn.tripadvisor.com/media/photo-w/24/e4/e8/38/caption.jpg","Written July 22, 2022","This review is the subjective opinion of a Tripadvisor member and not of Tripadvisor LLC."
"Canuck Traveller","https://www.tripadvisor.com/Profile/B2924EC","https://media-cdn.tripadvisor.com/media/photo-o/1a/f6/ea/b2/default-avatar-2020-69.jpg","Canada","5","May 2022","Another item checked off the bucket list","My Canyon Spirit  helicopter tour was part of a 2200 mile motor trip including Zion, Bryce, Monument Valley and Page.  The decision to view the Grand Canyon by air instead of hiking did not disappoint.  The weather for my 9 15 am flight was clear and calm and fellow passengers included a father/son from Germany and a senior couple from Wisconsin – all of whom were very excited for the flight.  The most amusing part of the trip was when our handsome pilot, John Paul, told us his favourite parts of the Grand Canyon after piloting the Canyon trips for a mere 5 days. As the audio briefly cut out all we heard was he had flown helicopters for 5 days !  Too funny!  (he formerly worked at the Las Vegas location)  The journey was smooth and gentle – like a flying couch – which is critical to those of us who suffer from motion sickness.  The temperature inside the helicopter was perfect – having been baked on stifling flights over Niagara Falls, Ontario, Canada and Canmore, Alberta, Canada,  I was pleased the pilot confirmed our comfort level several times.  The views are spectacular:  full of colour and texture.  Some passengers are interested in photography, others are content to soak up the views.  The richness of any experience is determined by what you bring to it – asking a few questions of the pilot who flies tourists over the Canyon every day brought a whole different perspective to the Grand Canyon experience.  For those of us not paying in US dollars its pricey but as a once in a lifetime flight it was worth it.  (And for ‘balance’ reasons I got to sit next to the pilot – it was tough but someone had to do it)","","0","","Written July 17, 2022","This review is the subjective opinion of a Tripadvisor member and not of Tripadvisor LLC."
"Kirstie","https://www.tripadvisor.com/Profile/lkejm","","","5","Jun 2022 • Couples","Highlight of trip","Absolutely worth every penny!  The pilot was extremely knowledgeable and pointed out points of interest as well as history of the canyon.   Views were spectacular,  highly recommend!","Couples","0","https://media-cdn.tripadvisor.com/media/photo-m/1280/24/bf/fb/ae/45-minute-helicopter.jpg
https://media-cdn.tripadvisor.com/media/photo-m/1280/24/bf/fb/a1/45-minute-helicopter.jpg","Written July 16, 2022","This review is the subjective opinion of a Tripadvisor member and not of Tripadvisor LLC."
"Greg Massacra","https://www.tripadvisor.com/Profile/gregmA1730PD","https://media-cdn.tripadvisor.com/media/photo-o/19/a3/17/be/caption.jpg","Rzeszow, Poland","5","","Amazing experience","It is some experience. Grand Canyon looks 5 times better from the above than from the ground. In 45 minutes we did around 160 miles round trip around and in the Canyon. Flying helicopter was some new experience for me and it was brilliant as well. Pilot Dave was so nice and helpful. It costed something like $320 per person and believe Its worth every penny!!","","0","https://media-cdn.tripadvisor.com/media/photo-m/1280/24/98/6a/ce/caption.jpg
https://media-cdn.tripadvisor.com/media/photo-w/24/98/6a/cd/caption.jpg
https://media-cdn.tripadvisor.com/media/photo-w/24/98/6a/cc/caption.jpg
https://media-cdn.tripadvisor.com/media/photo-w/24/98/6a/ca/caption.jpg
https://media-cdn.tripadvisor.com/media/photo-w/24/98/6a/c9/caption.jpg
https://media-cdn.tripadvisor.com/media/photo-w/24/98/6a/c8/caption.jpg
https://media-cdn.tripadvisor.com/media/photo-w/24/98/6a/c7/caption.jpg
https://media-cdn.tripadvisor.com/media/photo-w/24/98/6a/c5/caption.jpg
https://media-cdn.tripadvisor.com/media/photo-w/24/98/6a/c4/caption.jpg
https://media-cdn.tripadvisor.com/media/photo-w/24/98/6a/c2/caption.jpg","Written July 13, 2022","This review is the subjective opinion of a Tripadvisor member and not of Tripadvisor LLC."
"Arnout D","https://www.tripadvisor.com/Profile/arnoutd2014","https://media-cdn.tripadvisor.com/media/photo-o/06/27/a3/6b/arnout-d.jpg","Vleuten, The Netherlands","5","","Flying a helicopter is not cheap… but the view is priceless","Vliegen met een helicopter is niet goedkoop maar het uitzicht op de Grand Canyon is onbetaalbaar. De instructie en vlucht verliepen zeer efficient  en Toby onze piloot was voor alle vragen aanspreekbaar en geeft een duidelijke uitleg. Stoelaanwijzing gaat op basis van gewichtsverdeling dus geen discussie over wie zit waar.","","0","https://media-cdn.tripadvisor.com/media/photo-w/24/95/9c/71/caption.jpg
https://media-cdn.tripadvisor.com/media/photo-w/24/95/9c/70/caption.jpg","Written July 12, 2022","This review is the subjective opinion of a Tripadvisor member and not of Tripadvisor LLC."
"Yvette L","https://www.tripadvisor.com/Profile/735yvettel","https://media-cdn.tripadvisor.com/media/photo-o/1a/f6/eb/a3/default-avatar-2020-38.jpg","Cameron Park, CA","5","Jul 2022 • Family","Scaredy Cat to Soaring Eagle","Our family had an amazing experience with Jason and Maverick Aviation! Everyone was so nice and helpful. I’m a first timer and was very apprehensive but everyone made me feel at ease. Our flight saw North and South Rim. Jason was so knowledgeable with facts and tidbits from weather, to canyons and trails to wildlife viewing. Do not pass up this experience with Maverick!","Family","0","https://media-cdn.tripadvisor.com/media/photo-w/24/95/02/c5/45-minute-helicopter.jpg
https://media-cdn.tripadvisor.com/media/photo-o/24/95/02/43/45-minute-helicopter.jpg","Written July 12, 2022","This review is the subjective opinion of a Tripadvisor member and not of Tripadvisor LLC."
"CYLIMO","https://www.tripadvisor.com/Profile/CYLIMO","https://media-cdn.tripadvisor.com/media/photo-o/1a/f6/e7/3d/default-avatar-2020-55.jpg","Geneva, Switzerland","5","Jan 2022","Don't miss it, breathtaking views!","Once in the lifetime experience, the view was just amazing. Had a really good time. Pilot was friendly and knowledgeable.","","0","","Written July 11, 2022","This review is the subjective opinion of a Tripadvisor member and not of Tripadvisor LLC."
"Laurent B","https://www.tripadvisor.com/Profile/laurentgiusy","https://media-cdn.tripadvisor.com/media/photo-o/06/c9/94/f1/laurent-isabelle.jpg","Flemalle, Belgium","5","","A faire absolument mais 45 minutes ","Expérience à faire absolument ! Quelle beauté de survoler le Grand Canyon en hélicoptère ! A faire 45 minutes (25 minutes me paraissent très courtes), le temps passant très vite. ","","0","https://media-cdn.tripadvisor.com/media/photo-o/24/86/8c/7f/caption.jpg
https://media-cdn.tripadvisor.com/media/photo-o/24/86/8c/7e/caption.jpg
https://media-cdn.tripadvisor.com/media/photo-o/24/86/8c/7d/caption.jpg","Written July 9, 2022","This review is the subjective opinion of a Tripadvisor member and not of Tripadvisor LLC."
"Carrie S","https://www.tripadvisor.com/Profile/Carrie6353","https://media-cdn.tripadvisor.com/media/photo-o/1a/f6/ee/10/default-avatar-2020-8.jpg","Pendleton, IN","5","May 2022 • Friends","Left me speechless","This was THE MOST MEMORABLE thing we did on our 10 day trip Arizona. We covered from Tombstone  to Page and this left me speechless . It is a completely different perspective than you can get any other way from the rim .  It is a must and worth every cent .  And while I can get motion sickness in the back seat of a car, I had no trouble at all with this . Very smooth . Can’t recommend enough.","Friends","0","","Written June 28, 2022","This review is the subjective opinion of a Tripadvisor member and not of Tripadvisor LLC."
"Gary W","https://www.tripadvisor.com/Profile/143garrettw","https://media-cdn.tripadvisor.com/media/photo-f/01/2e/70/54/avatar027.jpg","","5","Mar 2022","Phenomenal Flight!!!","Absolutely wonderful experience!!! Worth every penny!! Pilot was friendly, safe, efficient, concerned with our safety and enjoyment; don't know how it could have been better!!","","0","","Written June 18, 2022","This review is the subjective opinion of a Tripadvisor member and not of Tripadvisor LLC."
"laina","https://www.tripadvisor.com/Profile/lainawinters","https://media-cdn.tripadvisor.com/media/photo-o/1a/f6/f4/20/default-avatar-2020-31.jpg","","5","Jun 2022","Amazing!!!","This is a must to see the view of the Grand Canyon. Our pilot did an great job explain and directing us to stay safe.  He had great information about the Canyon.","","0","","Written June 16, 2022","This review is the subjective opinion of a Tripadvisor member and not of Tripadvisor LLC."
"aussie-mela","https://www.tripadvisor.com/Profile/604melaniea","https://media-cdn.tripadvisor.com/media/photo-o/1a/f6/e7/99/default-avatar-2020-57.jpg","Germany","1","","Ist das Geld nicht mehr Wert....","Preis/Leistung nicht akzeptabel. Der Flug geht mehr über die Wälder als über den Canyon. Sitzt man hinten rechts (es gibt keine Platzwahl), sieht man hauptsächlich den Rand des Canyon. Def. keine 300 Euro Wert. ","","0","","Written June 16, 2022","This review is the subjective opinion of a Tripadvisor member and not of Tripadvisor LLC."
"Ron G","https://www.tripadvisor.com/Profile/rong231","https://media-cdn.tripadvisor.com/media/photo-f/01/2e/70/9e/avatar069.jpg","","5","May 2022","Grand Canyon Flight","Excellent experience! The pilot was knowledgeable and friendly and provided an excellent narration during our flight. This trip is well worth the time!","","0","","Written June 10, 2022","This review is the subjective opinion of a Tripadvisor member and not of Tripadvisor LLC."
"Anthony D","https://www.tripadvisor.com/Profile/S2691XAanthonyd","https://media-cdn.tripadvisor.com/media/photo-o/1a/f6/e8/5b/default-avatar-2020-61.jpg","Rehoboth, MA","5","Jun 2022","Awesome time, well worth the $$","Absolutely awesome!!!  My wife and I went back and forth over the cost and then we decided to just do it.  All of us loved it.  Kids had a blast.  The terminal/main building is very nice and it is a comfortable easy place to relax until your ride is ready.  Overall I couldn't recommend it more.  So worth the money.  Beautiful flight and unreal views.  The 45 minutes was just the right amount of time.  If you get motion sick easily, you may find the ride too much, but not people wouldn't be bothered at all.","","0","","Written June 8, 2022","This review is the subjective opinion of a Tripadvisor member and not of Tripadvisor LLC."
"Garry B","https://www.tripadvisor.com/Profile/garrybS5739NN","https://media-cdn.tripadvisor.com/media/photo-o/1a/f6/e2/e6/default-avatar-2020-45.jpg","","5","May 2022 • Couples","Beautiful!","Truly amazing way to see the Grand Canyon! Breath taking. Pilot was very informative and answered our questions easily. Just Great!!!","Couples","0","","Written June 7, 2022","This review is the subjective opinion of a Tripadvisor member and not of Tripadvisor LLC."
"Bill W","https://www.tripadvisor.com/Profile/MagnaCop50","https://media-cdn.tripadvisor.com/media/photo-o/1a/f6/f1/06/default-avatar-2020-18.jpg","Oxford, UK","5","May 2022","fantastic trip","A fantastic experience, effecient and professional. Check in staff very helpful. The pilot was very calm and efficient, just what you want when feeling uncertain.<br />The trip was comprehensive and gave a wide ranging and breathtaking view.","","0","","Written June 6, 2022","This review is the subjective opinion of a Tripadvisor member and not of Tripadvisor LLC."
"Marc S","https://www.tripadvisor.com/Profile/marcsJ8523UC","https://media-cdn.tripadvisor.com/media/photo-f/01/2e/70/79/avatar060.jpg","","5","May 2022 • Solo","Above the canyon","This was absolutely mind blowing and worth every penny! The pilot was great and allowed the guests to view the magnificent canyon","Solo","0","","Written June 3, 2022","This review is the subjective opinion of a Tripadvisor member and not of Tripadvisor LLC."
"Dream98217","https://www.tripadvisor.com/Profile/Dream98217","https://media-cdn.tripadvisor.com/media/photo-o/1a/f6/f0/9f/default-avatar-2020-16.jpg","","5","","Worth a every cent!","Wonderful experience! So glad we splurged on this excursion because seeing the Grand Canyon from above was worth more than I can ever describe.","","0","","Written June 2, 2022","This review is the subjective opinion of a Tripadvisor member and not of Tripadvisor LLC."
"Stacey S","https://www.tripadvisor.com/Profile/S4137AFstaceys","https://media-cdn.tripadvisor.com/media/photo-o/1a/f6/f1/79/default-avatar-2020-21.jpg","","5","May 2022 • Family","Amazing experience, bucket list!!","All of it. From arrival to departure this is a first class experience with a first class helicopter pilot. I recommend David, knowledgeable, safe, easy going made for an incredible tour of the North and South Rim. Do it!!! You won’t regret it.","Family","0","https://media-cdn.tripadvisor.com/media/photo-w/23/a3/c2/8b/45-minute-helicopter.jpg","Written May 31, 2022","This review is the subjective opinion of a Tripadvisor member and not of Tripadvisor LLC."
"Iris T","https://www.tripadvisor.com/Profile/33irist","https://media-cdn.tripadvisor.com/media/photo-o/1a/f6/f2/b8/default-avatar-2020-26.jpg","","5","","Terrific but terrifying","Everything was efficient and professional. Pilot, crew and reception all great. We were scared at first but the views take your breath away.","","0","https://media-cdn.tripadvisor.com/media/photo-m/1280/23/a3/99/81/caption.jpg
https://media-cdn.tripadvisor.com/media/photo-m/1280/23/a3/99/80/caption.jpg
https://media-cdn.tripadvisor.com/media/photo-w/23/a3/99/7f/caption.jpg","Written May 31, 2022","This review is the subjective opinion of a Tripadvisor member and not of Tripadvisor LLC."
"matou r","https://www.tripadvisor.com/Profile/matour","https://media-cdn.tripadvisor.com/media/photo-o/1a/f6/f1/42/default-avatar-2020-20.jpg","Chessy, France","4","Apr 2022","survol inoubliable et magique du grand canyon","The tour was wonderful ! what a pity that no comment is in another language than english and that the pilot doesn't care if the passengers understand or not what he says during the tour.<br />Nevertheless, we clearly recommand this tour !","","0","","Written May 29, 2022","This review is the subjective opinion of a Tripadvisor member and not of Tripadvisor LLC."
"Michaela Z","https://www.tripadvisor.com/Profile/michaelaz286","https://media-cdn.tripadvisor.com/media/photo-o/1a/f6/f0/48/default-avatar-2020-15.jpg","Germany","4","","Schade unsere Helicopter war voll besetzt!","sind heute bei top Wetter geflogen. Super Aussicht über den Grand Canyon!<br />Kann mich leider den anderen Bewertungen nicht anschließen, dass der Helicopter nicht voll besetzt wird.<br />Waren zu viert und keiner durfte vorne sitzen. Glaube das die Einheimischen bevorzugt wurden. Bei der Buchung fragten wir, ob es mgl wäre das jemand vorne sitzen darf. Antwort entscheidet der Pilot. War echt enttäuschend.","","0","https://media-cdn.tripadvisor.com/media/photo-m/1280/23/89/88/27/caption.jpg","Written May 26, 2022","This review is the subjective opinion of a Tripadvisor member and not of Tripadvisor LLC."
"Melissa P","https://www.tripadvisor.com/Profile/melissapC1194AG","","","5","May 2022 • Couples","Helicopter tour over the Canyon","The Maverick team was outstanding. Very professional and helpful.  Made out first experience ""priceless""","Couples","0","","Written May 23, 2022","This review is the subjective opinion of a Tripadvisor member and not of Tripadvisor LLC."
"Christina W","https://www.tripadvisor.com/Profile/K3241DYchristinaw","https://media-cdn.tripadvisor.com/media/photo-o/1a/f6/e7/99/default-avatar-2020-57.jpg","Alpharetta, GA","5","","Awe Inspiring Views","Everything about this booking was great. Not a bad seat in the helicopter, front or back. Pilot knew what they were doing. I'm terrified of flying, but after a few minutes, my fear went away and enjoyed the spectacular view.","","0","https://media-cdn.tripadvisor.com/media/photo-m/1280/23/72/28/0f/caption.jpg
https://media-cdn.tripadvisor.com/media/photo-m/1280/23/72/28/0e/caption.jpg
https://media-cdn.tripadvisor.com/media/photo-m/1280/23/72/28/0c/caption.jpg
https://media-cdn.tripadvisor.com/media/photo-m/1280/23/72/28/0b/caption.jpg","Written May 19, 2022","This review is the subjective opinion of a Tripadvisor member and not of Tripadvisor LLC."
"Charlotte H","https://www.tripadvisor.com/Profile/CrhavinsinIreland","https://media-cdn.tripadvisor.com/media/photo-o/1a/f6/f4/d0/default-avatar-2020-33.jpg","","5","May 2022 • Couples","35th Anniversary at GC","A wonderful way to see the Grand Canyon!  Our pilot was very knowledgeable about the canyon and made it a fabulous experience!  It was well worth it!","Couples","0","","Written May 19, 2022","This review is the subjective opinion of a Tripadvisor member and not of Tripadvisor LLC."
"Mike","https://www.tripadvisor.com/Profile/MikeForm65","https://media-cdn.tripadvisor.com/media/photo-o/1a/f6/ef/73/default-avatar-2020-13.jpg","","5","May 2022 • Couples","This is a must do!","Spectacular view of the Grand Canyon, pilot was very informative and  courteous. Very easy check in progress,  friendly service from all staff","Couples","0","https://media-cdn.tripadvisor.com/media/photo-w/23/6b/5d/05/45-minute-helicopter.jpg","Written May 17, 2022","This review is the subjective opinion of a Tripadvisor member and not of Tripadvisor LLC."
"Love2rvcamp","https://www.tripadvisor.com/Profile/love2rvcamp","","Atlanta, GA","5","May 2022","Another way to see how Grand the Canyon is.","First time in a helicopter and what better way than a tour over the Grand Canyon.  This is indeed another perspective to the canyon.  Great views of the Colorado River and the North and South Rims.  Our pilot provided a lot of information while also providing time for us to take videos and pictures.  Would recommend this tour if you want to see the canyon from above.","","0","","Written May 16, 2022","This review is the subjective opinion of a Tripadvisor member and not of Tripadvisor LLC."
"Leo H","https://www.tripadvisor.com/Profile/R7332QZleoh","https://media-cdn.tripadvisor.com/media/photo-o/1a/f6/ea/2e/default-avatar-2020-67.jpg","","5","Apr 2022","Best way to see the canyon!","This is by far the best way to see the Grand Canyon!  Our pilot Eddie provided a detailed explanation of everything we were viewing and made the flight really enjoyable.  Great perspective for pictures.  Being able to see both the north and south rims as well as multiple views of the river(s) below was incredible.  Highly recommended!","","0","","Written May 12, 2022","This review is the subjective opinion of a Tripadvisor member and not of Tripadvisor LLC."
"Kathryn F","https://www.tripadvisor.com/Profile/kathrynfQ5571WB","https://media-cdn.tripadvisor.com/media/photo-o/1a/f6/ed/00/default-avatar-2020-4.jpg","Aledo, TX","5","Apr 2022","Awesome! Do It!","The entire flight was an experience on the highest level! From take-off to landing, it was fun, informative, exciting, and more! The pilot was very good at explaining the sights and answering questions. My husband got a bit queasy. So if that's an issue for you, you might want to take a travel sickness med beforehand. It was a somewhat windy day, so there was turbulence as we flew over trees before the canyon, but that's to be expected...don't worry. Just a great time and well worth the money!","","0","","Written May 12, 2022","This review is the subjective opinion of a Tripadvisor member and not of Tripadvisor LLC."
"chuckb1951","https://www.tripadvisor.com/Profile/chuckb1951","https://media-cdn.tripadvisor.com/media/photo-o/1a/f6/e2/11/default-avatar-2020-41.jpg","Millville, NJ","5","","Must do Grand Canyon tour","The flight over the Canyon was breathtaking.  It exceeded our expectations by a factor of 10!. Our pilot, Dave, was friendly, professional and very informative.  My wife was apprehensive to fly in a helicopter but after the trip she said she'd do it again in a heartbeat. If you are going to the Canyon this is a must do in our opinion.   ","","0","https://media-cdn.tripadvisor.com/media/photo-m/1280/23/55/b6/af/caption.jpg
https://media-cdn.tripadvisor.com/media/photo-m/1280/23/55/b6/ae/caption.jpg","Written May 6, 2022","This review is the subjective opinion of a Tripadvisor member and not of Tripadvisor LLC."
"maryann5499","https://www.tripadvisor.com/Profile/maryann5499","https://media-cdn.tripadvisor.com/media/photo-o/1a/f6/f1/79/default-avatar-2020-21.jpg","Boston, MA","5","Apr 2022","100% worth it!","100% worth it!!!!! Definitely a highlight of our Grand Circle trip.  Very professional organization and I felt reassured by Maverick's safety record and our capable pilot, who also had a vast knowledge of the area that he willingly shared. The scenery is spectacular and the flight provides incredible perspective relative to the size and scope of the Grand Canyon and surrounding landscape.<br />I would do it again in a minute!!! Including our pilot, there were 6 adults total and it was very comfortable. A/C also made it quite pleasant. Nobody experienced any flight sickness or discomfort. It was truly a fun and breathtaking experience.","","0","","Written May 4, 2022","This review is the subjective opinion of a Tripadvisor member and not of Tripadvisor LLC."
"esalpeter","https://www.tripadvisor.com/Profile/esalpeter","https://media-cdn.tripadvisor.com/media/photo-o/1a/f6/eb/6d/default-avatar-2020-19.jpg","Brooklyn, NY","5","Apr 2022","IF YOU DO ONE THING AT THE GRAND CANYON.....","Bucket list must do!!!!!<br /><br />Perfect adventure; knowledgeable and experienced pilot <br />Breathtaking as you drop over the rim (I don't care how jaded you are!) Mother nature has it going on... this even managed to pierce a teenager's tiktok fog and ennui.<br /><br />Provides an amazing perspective of how vast the canyon is and how many changes there are from rim to rim.  I loved that Maverick has an excellent safety record and works closely with the park and the conservation groups to plan their routes to have the least impact while still providing visitors with an unforgettable  experience. <br /><br />Also birds eye view of climate change in action in terms of the Colorado river and the water levels. Reminds one of how insignificant humans are yet how much damage we can cause.  In the 2 billion years on the Grand Canyon's Trail of Time, one realizes how short a period we are here for, so definitely take an hour and make this tour a priority!<br /><br />Thank you Maverick for making our birthday trip (my mom's 84th  and my daughter's 17th) so memorable.","","0","https://media-cdn.tripadvisor.com/media/photo-w/23/4e/6b/b9/colorado-river-below.jpg
https://media-cdn.tripadvisor.com/media/photo-m/1280/23/4e/6b/b2/wheels-up.jpg","Written May 3, 2022","This review is the subjective opinion of a Tripadvisor member and not of Tripadvisor LLC."
"Gerhard V","https://www.tripadvisor.com/Profile/gerhardv894","https://media-cdn.tripadvisor.com/media/photo-f/01/2e/70/56/avatar029.jpg","","5","Apr 2022","Gigantisch","Es war ein absolutes Erlebnis! Unser Pilot hat uns während des Flugs viel erklärt und dann gab es Bilder mit dem Heli. Tipp - Lasst nach dem Flug Bilder mit dem Piloten von Mitreisenden machen.","","0","","Written May 3, 2022","This review is the subjective opinion of a Tripadvisor member and not of Tripadvisor LLC."
"Deerhawk","https://www.tripadvisor.com/Profile/Deerhawk","https://media-cdn.tripadvisor.com/media/photo-o/1a/f6/e9/bb/default-avatar-2020-65.jpg","Spokane, WA","5","","Great experience!","Devon was a great pilot - professional, friendly, knowledgeable, and safety oriented. The flight was great! I would recommend this experience to anyone who likes to fly in helicopters.","","0","https://media-cdn.tripadvisor.com/media/photo-m/1280/23/49/03/c9/caption.jpg","Written May 1, 2022","This review is the subjective opinion of a Tripadvisor member and not of Tripadvisor LLC."
"Justin E","https://www.tripadvisor.com/Profile/S6014JMjustine","https://media-cdn.tripadvisor.com/media/photo-o/1a/f6/e2/4a/default-avatar-2020-42.jpg","Frisco, TX","5","Apr 2022 • Couples","Helicopter tour of the Grand Canyon","Our pilot was excellent, fun to listen to and knowledgeable of the area we flew over. My fiancée and I felt like kids again. The views were endless and breathtaking!","Couples","0","https://media-cdn.tripadvisor.com/media/photo-w/23/45/cd/22/45-minute-helicopter.jpg
https://media-cdn.tripadvisor.com/media/photo-w/23/45/cd/07/45-minute-helicopter.jpg
https://media-cdn.tripadvisor.com/media/photo-w/23/45/cc/b9/45-minute-helicopter.jpg","Written April 30, 2022","This review is the subjective opinion of a Tripadvisor member and not of Tripadvisor LLC."
"darren s","https://www.tripadvisor.com/Profile/darrensP2397KF","https://media-cdn.tripadvisor.com/media/photo-o/1a/f6/f3/23/default-avatar-2020-28.jpg","","5","","Amazing experience","Great experience from start to finish, amazing views especially when you first go over the canyon and it drops away. The length of the flight was ideal as it didn’t feels rushed","","0","","Written April 26, 2022","This review is the subjective opinion of a Tripadvisor member and not of Tripadvisor LLC."
"Jeanie A","https://www.tripadvisor.com/Profile/129jeaniea","https://media-cdn.tripadvisor.com/media/photo-o/1a/f6/e8/91/default-avatar-2020-62.jpg","","5","Apr 2022","Best Way to See the Canyon is to be In It!","This was amazing!  Our pilot, Mike, was fantastic at flying the helicopter but was also a great tour guide.  He shared many unique tidbits about the Grand Canyon that added to the experience.","","0","","Written April 25, 2022","This review is the subjective opinion of a Tripadvisor member and not of Tripadvisor LLC."
"Kevin M","https://www.tripadvisor.com/Profile/KPM698","https://media-cdn.tripadvisor.com/media/photo-o/1a/f6/f6/0d/default-avatar-2020-34.jpg","","5","Apr 2022","Views You Won't Get Anywhere Else","Fantastic experience, worth the cost. Views were stunning. Well beyond what you see walking the rim.  Cannot recall the name of our pilot, but he was very pleasant,  patient, and informative. Highly recommended.","","0","","Written April 25, 2022","This review is the subjective opinion of a Tripadvisor member and not of Tripadvisor LLC."
"Amanda M","https://www.tripadvisor.com/Profile/amandamL4191PC","https://media-cdn.tripadvisor.com/media/photo-f/01/2e/70/63/avatar041.jpg","","5","Apr 2022","Best view of the Grand Canyon","Incredible once in a lifetime experience! This transformed my Grand Canyon experience from a 2D landscape to a 3D environment. There's so much that you can't see from the rim. Our pilot, Toby, was an excellent pilot and a fun tour guide.","","0","","Written April 25, 2022","This review is the subjective opinion of a Tripadvisor member and not of Tripadvisor LLC."
"Cindy P","https://www.tripadvisor.com/Profile/Cindybelle7","https://media-cdn.tripadvisor.com/media/photo-o/23/2a/7b/85/cindybelle7.jpg","Saint Louis, MO","5","Apr 2022","Experience the Grand Canyon from Above","The flight was amazing — seeing the snow on the North Rim in mid-April is mind-bending. Great narration by the pilot. It was a windy day, but the pilot kept us steady. It was ALL so much fun.","","0","","Written April 21, 2022","This review is the subjective opinion of a Tripadvisor member and not of Tripadvisor LLC."
"Alexis P","https://www.tripadvisor.com/Profile/Alpeck95","https://media-cdn.tripadvisor.com/media/photo-o/1a/f6/f4/5d/default-avatar-2020-32.jpg","","5","Apr 2022 • Couples","David was the man!","My husband and I went in our honeymoon. This was such a great experience(even though I got motion sickness lol). This is worth the money. They fly you over the Grand Canyon and you get a much better view that just the ground level view. David was our pilot. He was friendly and knowledgeable. Recommend doing this while in Arizona!","Couples","0","","Written April 19, 2022","This review is the subjective opinion of a Tripadvisor member and not of Tripadvisor LLC."
"Karl S","https://www.tripadvisor.com/Profile/U9813SPkarls","https://media-cdn.tripadvisor.com/media/photo-f/01/2e/70/a4/avatar075.jpg","","5","Apr 2022","The Wonder of the GC, and a great aerial photo shoot","My wife and I thoroughly enjoyed the ride and pilot Eddie. Very smooth ride at 7500-9500 feet which can be below the canyon rim at times.  Excellent for taking aerial photos.  The rear seats may be even better for photos as it has flatter plexiglass.  I usually shoot open window from a plane, the plexiglass did not introduce distortion.  Photos taken shutter priority 1/1000sec.  f4.5, Typically 70-100mm.  A wider lens 24-70mm would have been good as well.   You don't need extreme telephoto.<br /><br />About an hour through the ZUNI and DRAGON corridors (see GREEN route 1).  Desolate territory although we saw a raft and people below.<br /><br />Fantastic way to see a small part of this immense natural wonder.  Both of us were very happy for the opportunity.  Sights around each corner.  If you use Google Earth search for KGCN for the airport.<br /><br />Very professional staff, sharp looking waiting areas, utmost concern for peoples safety and comfort.  Our pilot was using his checklist to go over the briefing he must have done hundreds of times to ensure he wouldn't miss anything","","0","https://media-cdn.tripadvisor.com/media/photo-m/1280/23/11/1a/0e/we-followed-the-green.jpg
https://media-cdn.tripadvisor.com/media/photo-m/1280/23/11/1a/0c/effect-of-water-and-sand.jpg
https://media-cdn.tripadvisor.com/media/photo-m/1280/23/11/19/f5/rafters-were-spotted.jpg
https://media-cdn.tripadvisor.com/media/photo-m/1280/23/11/19/d3/early-in-the-flight-in.jpg","Written April 17, 2022","This review is the subjective opinion of a Tripadvisor member and not of Tripadvisor LLC."
"castlesara2010","https://www.tripadvisor.com/Profile/castlesara2010","https://media-cdn.tripadvisor.com/media/photo-m/1280/2b/14/94/da/castlesara2010.jpg","Claremont, NH","5","","Fabulous flight - soaring like a hawk over the canyon ","We took this flight at the end of our stay at the Grand Canyon and it was worth it - got to see many places that are inaccessible except by air. Happy to get to the North Rim, as it's closed by car this time of year. Pilot was awesome- knowledgeable and safety oriented, as is the entire company.  One of the most amazing experiences! The closest you can come to soaring over the canyon like a hawk.","","0","","Written April 14, 2022","This review is the subjective opinion of a Tripadvisor member and not of Tripadvisor LLC."
"LJ_Logan","https://www.tripadvisor.com/Profile/LJ_Logan","https://media-cdn.tripadvisor.com/media/photo-o/1a/f6/e5/2b/default-avatar-2020-52.jpg","London, UK","5","Apr 2022 • Couples","Unforgettable. Unbelievable.","Efficient check, in clear safety briefing friendly and informative pilot. But the star will always be the canyon itself. The floor literallly and metaphorically dropping away. Unforgettable. Thankyou.","Couples","0","https://media-cdn.tripadvisor.com/media/photo-m/1280/23/04/80/78/45-minute-helicopter.jpg
https://media-cdn.tripadvisor.com/media/photo-m/1280/23/04/80/77/45-minute-helicopter.jpg
https://media-cdn.tripadvisor.com/media/photo-m/1280/23/04/80/76/45-minute-helicopter.jpg
https://media-cdn.tripadvisor.com/media/photo-m/1280/23/04/80/75/45-minute-helicopter.jpg
https://media-cdn.tripadvisor.com/media/photo-m/1280/23/04/80/73/45-minute-helicopter.jpg
https://media-cdn.tripadvisor.com/media/photo-m/1280/23/04/80/70/45-minute-helicopter.jpg","Written April 14, 2022","This review is the subjective opinion of a Tripadvisor member and not of Tripadvisor LLC."
"Natalie S","https://www.tripadvisor.com/Profile/Q6692JGnatalies","https://media-cdn.tripadvisor.com/media/photo-o/1a/f6/f1/b8/default-avatar-2020-22.jpg","","5","Mar 2022","Experience of a lifetime!","This was a fantastic experience for our family.  The  operation was run very smoothly.  The office where you checked in and waiting for your ride to begin was quite nice and welcoming.  It was very organized and when it was our turn we were directed exactly what to do, but in a very kind and fun way.  We had never been in a helicopter so were a bit nervous, however, we felt completely safe and secure the entire time, our pilot was informative and made us all feel very comfortable which made viewing the Grand Canyon from this perspective an outstanding experience.  I would highly recommend!","","0","","Written April 13, 2022","This review is the subjective opinion of a Tripadvisor member and not of Tripadvisor LLC."
"V7410YZchristinem","https://www.tripadvisor.com/Profile/V7410YZchristinem","https://media-cdn.tripadvisor.com/media/photo-m/1280/22/11/c4/84/v7410yzchristinem.jpg","St. Augustine, FL","5","","Don’t think twice, book this tour!","If you want to truly appreciate the Grand Canyon, you have to see it from above. <br />Maverick Helicopters is the way to go. <br />We felt completely safe during our ride with Forrest. He is an excellent pilot and explained thoroughly all the safety features on the helicopter. He gave us a warning when we might feel a bit of turbulence. He was a great tour guide as well, full of knowledge and open to questions but not talking the whole time so we were able to appreciate the awesomeness of the canyon. Book your trip now.","","0","https://media-cdn.tripadvisor.com/media/photo-w/22/f6/f7/05/caption.jpg
https://media-cdn.tripadvisor.com/media/photo-w/22/f6/f7/04/caption.jpg
https://media-cdn.tripadvisor.com/media/photo-m/1280/22/f6/f7/03/caption.jpg","Written April 11, 2022","This review is the subjective opinion of a Tripadvisor member and not of Tripadvisor LLC."
"Tourist731082","https://www.tripadvisor.com/Profile/Tourist731082","https://media-cdn.tripadvisor.com/media/photo-o/1a/f6/e6/ea/default-avatar-2020-54.jpg","Chico, CA","5","Mar 2022","Great experience!","The Grand Canyon views were stunning. The pilot did a great job flying and explaining. Highly recommended. The whole opertation was smooth, well-organized and  felt safe.","","0","","Written April 5, 2022","This review is the subjective opinion of a Tripadvisor member and not of Tripadvisor LLC."
"Jason B","https://www.tripadvisor.com/Profile/Z4358JTjasonb","https://media-cdn.tripadvisor.com/media/photo-o/1a/f6/e8/5b/default-avatar-2020-61.jpg","Peoria, IL","5","","Worth Every Penny, A Must Do!","We surprised our Teenage girls with this planned event and it was truly amazing, we had done a guided hiking tour part way into the canyon the day before which was awesome, but this truly gave us a view like no other.  To be able to see the entire vastness of the Canyon, to see the Colorado River at a much better view, to fly over and see the little Colorado merging into the Canyon on the Far East, and to fly over the snowy north rim and to get much closer view of different canyon features.  We had a nice pilot who shared plenty of details throughout the flight.  We are really glad we did this. ","","0","","Written April 3, 2022","This review is the subjective opinion of a Tripadvisor member and not of Tripadvisor LLC."
"Louise B","https://www.tripadvisor.com/Profile/906louiseb","https://media-cdn.tripadvisor.com/media/photo-o/1a/f6/e9/bb/default-avatar-2020-65.jpg","Chelmsford, UK","5","","Unique Helicopter Experience","A very well organised & professional company.  Quick check-in and a delightful pilot called David who was very funny & informative.  An incredible experience that we will never forget.  We would highly recommend.","","0","https://media-cdn.tripadvisor.com/media/photo-m/1280/22/c7/b6/6e/caption.jpg","Written April 1, 2022","This review is the subjective opinion of a Tripadvisor member and not of Tripadvisor LLC."
"Janice C","https://www.tripadvisor.com/Profile/R8417DWjanicec","https://media-cdn.tripadvisor.com/media/photo-o/1a/f6/e4/2d/default-avatar-2020-48.jpg","","5","Mar 2022","Spectacular Views","Forest was our pilot and he did a great job letting you know about upcoming turbulence. We felt very safe on the tour. The views of the Canyon are spectacular!  You can really see how the Colorado river winds through the Canyon. I highly recommend doing this tour.","","0","","Written March 29, 2022","This review is the subjective opinion of a Tripadvisor member and not of Tripadvisor LLC."
"Anjl R","https://www.tripadvisor.com/Profile/anjlr","https://media-cdn.tripadvisor.com/media/photo-o/1a/f6/e3/1f/default-avatar-2020-46.jpg","Seattle, WA","5","Mar 2022","Invest your Grand Canyon dollars here!!","PLEASE do yourself a favor and book this experience. I'm traveling solo, but you may not get seated w your partner on the helicopter, as everyone is distributed by weight. I took the advice of other reviews and booked a time earlier in the day, for the clearest views. I was inspired and excited and not gonna lie, a bit weepy but in the best of ways and I held it together on the outside. <br />Everyone at Maverick was professional and friendly and made this whole experience a joy. Our pilot was Forrest, and he was an amazing host and guide.","","0","","Written March 29, 2022","This review is the subjective opinion of a Tripadvisor member and not of Tripadvisor LLC."
"val","https://www.tripadvisor.com/Profile/Getaway63824637580","https://media-cdn.tripadvisor.com/media/photo-o/1a/f6/eb/a3/default-avatar-2020-38.jpg","Orange Beach, AL","5","","Thank you God!","Breathtaking , I would do it again in an heartbeat. Pilots were very focus on safety and were very informative .  Definitely put this on your bucket list.","","0","https://media-cdn.tripadvisor.com/media/photo-w/22/b0/3c/ab/caption.jpg","Written March 27, 2022","This review is the subjective opinion of a Tripadvisor member and not of Tripadvisor LLC."
"Arda Turac","https://www.tripadvisor.com/Profile/ardaturac","https://media-cdn.tripadvisor.com/media/photo-o/1a/f6/df/99/default-avatar-2020-40.jpg","Freeport, ME","5","Mar 2022 • Couples","Worth every penny","We decided to start our trip right, and splurged on a helicopter ride over the Canyon. It turned out to be the best decision we could have made. It gave us the perspective and understanding we needed for the rest of our adventure. Spent about a week around the tri-state area and we remembered what we've seen and heard on this ride every single day.<br /><br />Our pilot Devin was knowledgeable, kind and professional. Even took his time to take our photos with our phones. Ride was plenty long (45 minutes). The airport probably was 5 minutes away the canyon, so it gave us well over half and hour hovering above the canyon. Even though I wasn't right by the window, still was able to take great photos. No glares or obstructions. Worth every penny, which was ton of pennies...","Couples","0","https://media-cdn.tripadvisor.com/media/photo-w/22/ae/5d/6b/45-minute-helicopter.jpg
https://media-cdn.tripadvisor.com/media/photo-m/1280/22/ae/5d/66/45-minute-helicopter.jpg
https://media-cdn.tripadvisor.com/media/photo-w/22/ae/5d/57/45-minute-helicopter.jpg","Written March 26, 2022","This review is the subjective opinion of a Tripadvisor member and not of Tripadvisor LLC."
"Rick P","https://www.tripadvisor.com/Profile/rickp914","https://media-cdn.tripadvisor.com/media/photo-o/1a/f6/f0/48/default-avatar-2020-15.jpg","West Ocean City, Maryland, United States","5","Mar 2022","A lifelong memory!","Worth every penny. Our pilot Dave was great. The views of the canyon were absolutely spectacular. We've done so many great things on this vacation but the views of the canyon from the helicopter can't be captured in words or pictures. My daughter says she'll never forget this experience.","","0","","Written March 24, 2022","This review is the subjective opinion of a Tripadvisor member and not of Tripadvisor LLC."
"Rebecca G","https://www.tripadvisor.com/Profile/E8164JQrebeccag","","Roscoe, IL","5","","First time Grand Canyoners.","Our pilot was Vern and he did a great job. It was nice to have a different perspective of the canyon and he provided alot of great information and stories. ","","0","","Written March 22, 2022","This review is the subjective opinion of a Tripadvisor member and not of Tripadvisor LLC."
"AlD","https://www.tripadvisor.com/Profile/aleesha_8402","https://media-cdn.tripadvisor.com/media/photo-o/1a/f6/ee/10/default-avatar-2020-8.jpg","","5","Mar 2022","Awesome Experience - Great investment for the experience","We did so many amazing things during our time at the Grand Canyon, but this was by far the best.  Our pilot, Dave, was fantastic.  He really took the time to point out the many points of interest in the canyon.  He was great with our kids (ages 10 and 13), and you could tell he really enjoys what he does.  This is the best way to take in the vastness of the canyon in a short period of time.  I highly recommend!","","0","https://media-cdn.tripadvisor.com/media/photo-o/22/8a/ae/1c/colorado-river.jpg
https://media-cdn.tripadvisor.com/media/photo-o/22/8a/ae/12/grand-canyon-from-the.jpg","Written March 17, 2022","This review is the subjective opinion of a Tripadvisor member and not of Tripadvisor LLC."
"travelmom252017","https://www.tripadvisor.com/Profile/travelmom252017","https://media-cdn.tripadvisor.com/media/photo-o/1b/d2/0e/8f/travelmom252017.jpg","Houston, TX","5","","Well worth it!!!","Was well worth the time and money!  Pilot was very polite, and informative on the Grand Canyon, history, etc.  beautiful views you cannot get from visitors center area, takes you to a different part of the park.","","0","https://media-cdn.tripadvisor.com/media/photo-m/1280/22/80/58/6d/caption.jpg
https://media-cdn.tripadvisor.com/media/photo-m/1280/22/80/58/6c/caption.jpg","Written March 15, 2022","This review is the subjective opinion of a Tripadvisor member and not of Tripadvisor LLC."
"J C","https://www.tripadvisor.com/Profile/Juan2266","https://media-cdn.tripadvisor.com/media/photo-o/1a/f6/e7/3d/default-avatar-2020-55.jpg","Spring, TX","5","Mar 2022 • Couples","Highly recommend","Trip was excellent.  Pilot was a great tour guide and made sure we saw everything as he guided the helicopter.","Couples","0","https://media-cdn.tripadvisor.com/media/photo-m/1280/22/80/50/f7/45-minute-helicopter.jpg
https://media-cdn.tripadvisor.com/media/photo-w/22/80/50/e2/45-minute-helicopter.jpg","Written March 15, 2022","This review is the subjective opinion of a Tripadvisor member and not of Tripadvisor LLC."
"Michael G","https://www.tripadvisor.com/Profile/B408PZmichaelg","https://media-cdn.tripadvisor.com/media/photo-o/1a/f6/ef/73/default-avatar-2020-13.jpg","Lexington, SC","5","Feb 2022","Well worth the cost!","Very smooth ride.  Definitely the best way to take in the enormous size of the Grand Canyon.  Excellent commentary and history of the canyon.","","0","","Written February 28, 2022","This review is the subjective opinion of a Tripadvisor member and not of Tripadvisor LLC."
"Brn0ze","https://www.tripadvisor.com/Profile/Brn0ze","https://media-cdn.tripadvisor.com/media/photo-o/1a/f6/f1/b8/default-avatar-2020-22.jpg","Bowling Green, OH","5","Feb 2022","Maverick Helicopter Tours","Thank you Maverick and our pilot Vern for the awe-inspiring experience of seeing the Grand Canyon from the front seat of a helicopter. It was worth the price to get to see the canyon in a way that can be only experienced from the air. My husband and I loved it! For those of you who wonder about the ride, we had Vern as our pilot and he was reassuring and helpful as he explained all the safety procedures in place for the passengers. Vern was very experienced and the ride from beginning to end was very smooth. My husband and I sat in a row of seats giving us a full view of the canyon. The photos and video we were able to take were incredible. The cost was more than we ever paid for a tour but we looked at it as a once in a lifetime opportunity to see things we we would never see any other way. It was great!","","0","","Written February 26, 2022","This review is the subjective opinion of a Tripadvisor member and not of Tripadvisor LLC."
"jjp10","https://www.tripadvisor.com/Profile/jjp10","https://media-cdn.tripadvisor.com/media/photo-o/1a/f6/f1/42/default-avatar-2020-20.jpg","Carmel, CA","5","","An amazing experience","An experience not to be missed. <br />You haven’t really seen the Grand Canyon until you take an aerial tour. <br />Our pilot with Maverick was great.","","0","","Written February 19, 2022","This review is the subjective opinion of a Tripadvisor member and not of Tripadvisor LLC."
"Stacey Walker","https://www.tripadvisor.com/Profile/oceansiderealtor","https://media-cdn.tripadvisor.com/media/photo-o/1a/f6/de/5a/default-avatar-2020-36.jpg","","5","Jan 2022","View from the Sky","Wonderful experience.  Have been to the Grand Canyon but never took a helicopter ride before & it was awesome!  The pilot was very friendly & knowledgeable as well as the staff that works there.","","0","https://media-cdn.tripadvisor.com/media/photo-m/1280/22/04/9f/72/masked-up-ready-to-go.jpg","Written February 5, 2022","This review is the subjective opinion of a Tripadvisor member and not of Tripadvisor LLC."
"Chuck H","https://www.tripadvisor.com/Profile/Rumen8","https://media-cdn.tripadvisor.com/media/photo-o/1a/f6/f1/79/default-avatar-2020-21.jpg","Lincoln, NE","5","","Prepare to be amazed!!!","Our pilot was amazing. For those of us on a first-time helicopter ride, he was calming and reassuring. His knowledge of the area, the geology, indigenous people, the river, etc, etc added much value to the experience. For us, the opportunity to enjoy the Grand Canyon from the air was exciting and rewarding. Thanks Maverick!!!","","0","","Written January 21, 2022","This review is the subjective opinion of a Tripadvisor member and not of Tripadvisor LLC."
"Cindi","https://www.tripadvisor.com/Profile/I1511AQcynthiab","https://media-cdn.tripadvisor.com/media/photo-f/01/2e/70/9e/avatar069.jpg","","5","Jan 2022 • Couples","Amazing!!","The helicopter ride above the Grand Canyon was amazing, a “bucket list” experience. Jeff, our pilot, was knowledgeable and enthusiastic answering our questions and narrating the views. We highly recommend this experience.","Couples","0","https://media-cdn.tripadvisor.com/media/photo-m/1280/21/e2/2a/37/45-minute-helicopter.jpg","Written January 16, 2022","This review is the subjective opinion of a Tripadvisor member and not of Tripadvisor LLC."
"Jessica R","https://www.tripadvisor.com/Profile/L706YRjessicar","","","5","Dec 2021","First time visiting the Grand Canyon","My husband and I spent two days at the Grand Canyon. I booked Maverick Helicopters for the fist morning and it was amazing! Our pilot was very nice, he explained everything very throughly, which helped us feel relaxed and comfortable. It really was the best way to see the canyon. We are definitely glad we did it and would gladly do it again.","","0","","Written January 8, 2022","This review is the subjective opinion of a Tripadvisor member and not of Tripadvisor LLC."
"Adrian M","https://www.tripadvisor.com/Profile/X7824VGadrianm","","","5","Nov 2021","Glad we did this!","Definitely recommend this on your trip to the Grand Canyon, especially if you only see yourself coming once. The full 45-minute flight gives you a much more comprehensive view of the canyon as opposed to just taking in a few viewpoints from the same part of the rim. The pilot was very friendly and welcoming to any questions the group had. The lobby area in which you wait for your flight is comfortable with convenient access to refreshments. The pictures available for us to buy afterward came out very nice and was a quality memento to take home! I strongly encourage giving it a try; it seems pricey upfront but remember it's likely a one-time expense for an unforgettable memory for a lifetime!","","0","","Written January 4, 2022","This review is the subjective opinion of a Tripadvisor member and not of Tripadvisor LLC."
"JBT","https://www.tripadvisor.com/Profile/jbtinatl","https://media-cdn.tripadvisor.com/media/photo-s/1a/0f/b7/2c/jbtinatl.jpg","Atlanta, GA","5","Nov 2021","Amazing experience!","I would highly recommend taking a helicopter tour of the GC! We took a 45 minute ride that included going over the south rim, flying across to the north rim and amazing views all the way. The flight was magical and informative. The pilot did a great job of keeping his talking points fresh and explaining what we were seeing (apologies to the pilot that I can’t give him a shout out – I forgot his name). He pointed out interesting features, history, wildlife, etc. Whenever the helicopter would move due to wind or draft, he was good at explaining what we were feeling and that it was normal (especially as we went up the north rim). My daughter was a bit scared, so this really helped her. I felt very safe the entire flights and my son loved it so much, he now wants to be a helicopter pilot. It was my first time in a helicopter (bucket list!) and it did not disappoint. It was a huge splurge for our family on this vacation, and I don’t regret it at all. I was in the back row middle, but still felt I got to see the amazing views (lucky you if you get front seat!).  The pilots do accept tips, so keep this in mind when budgeting as they probably see a small amount that was paid for the tour. Well done Maverick Helicopters!","","0","https://media-cdn.tripadvisor.com/media/photo-m/1280/21/bb/ec/c1/view-from-the-side.jpg
https://media-cdn.tripadvisor.com/media/photo-m/1280/21/bb/ec/bf/view-from-the-side.jpg
https://media-cdn.tripadvisor.com/media/photo-m/1280/21/bb/ec/be/view-front-back-looking.jpg","Written December 29, 2021","This review is the subjective opinion of a Tripadvisor member and not of Tripadvisor LLC."
"cold1night .","https://www.tripadvisor.com/Profile/cold1night","https://media-cdn.tripadvisor.com/media/photo-o/1a/f6/f0/d5/default-avatar-2020-17.jpg","Naples, FL","5","Oct 2021","Awesome","Fantastic facility, equipment and pilot!!!!! Great flight over the GC!!!!!!!! A must experience with Maverick!!!!!!!!!!","","0","","Written December 28, 2021","This review is the subjective opinion of a Tripadvisor member and not of Tripadvisor LLC."
"Catherine F","https://www.tripadvisor.com/Profile/Keeboo1960","","Somerset, NJ","5","","Kittys view on the Grand Canyon helicopter ride","Fantastic experience over the canyon. <br />Our pilot, Dennis?, has flown with you for the 16 years, was knowledgeable and fun.<br />A suggestion  that I have is one I dont think you can execute due to strict flight rules.<br />I was in the back left seat, and that means you cannot see what is happening on the right side of the helicopter.   Is there no way for the helicopter to turn 180 degrees in place for a few seconds so we can see what is happening on the other side?<br />That would make the trip perfect!<br />","","0","","Written December 20, 2021","This review is the subjective opinion of a Tripadvisor member and not of Tripadvisor LLC."
"CCooneyB","https://www.tripadvisor.com/Profile/CCooneyB","","New York City, NY","5","","Best day of 2021","Thank you Captain Forrest for making our dreams come true with the most amazing arial tour of the Grand Canyon.  You were friendly, safety-conscious and knowledgeable.  All five of us had a trip of a lifetime.  <br /><br />Maverick Helicopters are a solid operation with a modern embankment facility, clean helicopters and buttoned up pilots.  Any safety fears we had were quickly erased when we arrived.  <br /><br />This is definitely a splurge but it was worth it.  This experience will be remembered forever!","","0","https://media-cdn.tripadvisor.com/media/photo-m/1280/21/a9/64/a0/caption.jpg
https://media-cdn.tripadvisor.com/media/photo-w/21/a9/64/9f/caption.jpg
https://media-cdn.tripadvisor.com/media/photo-w/21/a9/64/9e/caption.jpg
https://media-cdn.tripadvisor.com/media/photo-m/1280/21/a9/64/9d/caption.jpg","Written December 20, 2021","This review is the subjective opinion of a Tripadvisor member and not of Tripadvisor LLC."
"Lee","https://www.tripadvisor.com/Profile/176sangeunl","https://media-cdn.tripadvisor.com/media/photo-f/01/2e/70/95/avatar021.jpg","","5","Nov 2021 • Family","Great experience","The flight was long enough. A bit tumbling at the beginning but overall very smooth. The kids loved it","Family","0","","Written November 26, 2021","This review is the subjective opinion of a Tripadvisor member and not of Tripadvisor LLC."
"Kelly M","https://www.tripadvisor.com/Profile/U3929EXkellym","","","5","Nov 2021 • Couples","Worth the money","The entire experience was fantastic. Out pilot was a great guide and this was definitely worth the money.","Couples","0","https://media-cdn.tripadvisor.com/media/photo-m/1280/21/74/de/74/45-minute-helicopter.jpg","Written November 25, 2021","This review is the subjective opinion of a Tripadvisor member and not of Tripadvisor LLC."
"Gerald S","https://www.tripadvisor.com/Profile/J4005IDgeralds","https://media-cdn.tripadvisor.com/media/photo-s/0f/f3/47/4d/gerald-s.jpg","Plainfield, IL","5","Oct 2021","""Best part of our vacation""","I am retired US Army and have flown on helicopters numerous times; however, my wife had never flown in a helicopter.  I was somewhat concerned, especially since she also often suffers from motion sickness.  However, she thoroughly loved our 45-min flight over the Grand Canyon - stating that it was her favorite part about our vacation.  The weather was perfect (not to hot, not too cold, nary a cloud in the sky, and little or no wind).  Our pilot was friendly and provided us with some excellent information regarding the canyon, the Colorado River, and different vegetation on the South and North rims.  All in all, it was an excellent experience, and definitely worth the money and time before seeing the National Park from the ground.","","0","https://media-cdn.tripadvisor.com/media/photo-m/1280/21/61/d2/9d/grand-canyon-from-the.jpg
https://media-cdn.tripadvisor.com/media/photo-m/1280/21/61/d2/8a/grand-canyon-from-the.jpg
https://media-cdn.tripadvisor.com/media/photo-m/1280/21/61/d2/7f/grand-canyon-from-the.jpg
https://media-cdn.tripadvisor.com/media/photo-m/1280/21/61/d2/7d/maverick-helicopter-tour.jpg","Written November 13, 2021","This review is the subjective opinion of a Tripadvisor member and not of Tripadvisor LLC."
"mry1015","https://www.tripadvisor.com/Profile/mry1015","https://media-cdn.tripadvisor.com/media/photo-o/1a/f6/e4/2d/default-avatar-2020-48.jpg","Vero Beach, FL","5","","Fun Grand Canyon Helicopter ride.","Awesome pilot - Afghanistan vet. Beautiful vista. Felt very safe. Personable staff. Clean safe airport and environment.","","0","","Written November 8, 2021","This review is the subjective opinion of a Tripadvisor member and not of Tripadvisor LLC."
"Beth G","https://www.tripadvisor.com/Profile/M105CSbethg","https://media-cdn.tripadvisor.com/media/photo-o/1a/f6/f4/20/default-avatar-2020-31.jpg","","5","Nov 2021","Unforgettable!","Our 45 minute view of the Grand Canyon by helicopter was stunning!  Our pilot, Daniel, was knowledgeable and friendly.  It was a very smooth ride with lots of interesting things pointed out along the way.  Daniel also gave us tips on the where to see the best things along the rim trail when we hiked.  Pima Point is the place to actually hear the Colorado River from a mile above.  Our flight was a bucket list item, and we are so glad we did it!","","0","","Written November 8, 2021","This review is the subjective opinion of a Tripadvisor member and not of Tripadvisor LLC."
"Elke A","https://www.tripadvisor.com/Profile/LoneStar0106","https://media-cdn.tripadvisor.com/media/photo-o/1a/f6/f2/eb/default-avatar-2020-27.jpg","","5","","Bucket list experience ","Our Pilot, Vern, was 👌. Weather was perfect. The views breathtaking. Will do it again, that's for sure. I hope, I will have another chance. ","","0","","Written November 7, 2021","This review is the subjective opinion of a Tripadvisor member and not of Tripadvisor LLC."
"Lisa Cordell","https://www.tripadvisor.com/Profile/Resort32093237778","https://media-cdn.tripadvisor.com/media/photo-o/1a/f6/e7/3d/default-avatar-2020-55.jpg","Summerville, GA","5","","Awesome experience at the Grand Canyon","Our helicopter tour over the Grand Canyon was a great experience! The pilot was Jessie, and he did a really good job not only with the flight, but was also very knowledgeable with information related to the canyon.<br />He also made us feel very safe. Would definitely recommend the 45 minute tour and would definitely do it again!","","0","https://media-cdn.tripadvisor.com/media/photo-w/20/65/eb/40/caption.jpg
https://media-cdn.tripadvisor.com/media/photo-m/1280/20/65/eb/3d/caption.jpg","Written October 18, 2021","This review is the subjective opinion of a Tripadvisor member and not of Tripadvisor LLC."
"Karen B","https://www.tripadvisor.com/Profile/Q4119SFkarenb","https://media-cdn.tripadvisor.com/media/photo-o/1a/f6/e3/1f/default-avatar-2020-46.jpg","","5","","First look at the canyon","This was our first time ever seeing the canyon so from the sky- breathtaking. Our pilot was funny and knowledgeable, we felt safe the whole time. This tour was incredible, worth every penny- once in a lifetime type experience","","0","https://media-cdn.tripadvisor.com/media/photo-w/20/4d/a3/e8/caption.jpg
https://media-cdn.tripadvisor.com/media/photo-w/20/4d/a3/e7/caption.jpg
https://media-cdn.tripadvisor.com/media/photo-w/20/4d/a3/e6/caption.jpg
https://media-cdn.tripadvisor.com/media/photo-w/20/4d/a3/e4/caption.jpg","Written October 17, 2021","This review is the subjective opinion of a Tripadvisor member and not of Tripadvisor LLC."
"Anneli A","https://www.tripadvisor.com/Profile/228annelia","https://media-cdn.tripadvisor.com/media/photo-f/01/2e/70/83/avatar004.jpg","","5","Oct 2021 • Family","Do this!","It is a perfect way of trying to grasp the magnitude of Grand Canyon. The pilot flew calm and safe and I can recommend this company. We were only five passenger in the helicopter.","Family","0","https://media-cdn.tripadvisor.com/media/photo-w/1f/c8/3e/4e/45-minute-helicopter.jpg","Written October 12, 2021","This review is the subjective opinion of a Tripadvisor member and not of Tripadvisor LLC."
"Patrick E","https://www.tripadvisor.com/Profile/V5599NXpatricke","https://media-cdn.tripadvisor.com/media/photo-o/1a/f6/ed/00/default-avatar-2020-4.jpg","","5","","Don’t miss it…way worth the price.","Staff is very customer service oriented. Everyone wants you to have the best experience and they were successful!<br />Equipment well maintained and clean.","","0","","Written October 8, 2021","This review is the subjective opinion of a Tripadvisor member and not of Tripadvisor LLC."
"Guy S","https://www.tripadvisor.com/Profile/254guys","https://media-cdn.tripadvisor.com/media/photo-o/1b/2c/dc/88/caption.jpg","Glenwood, MD","5","","A perfect Grand Canyon experience-not to be missed!","An outstanding experience and a bucket list item. You will find absolutely no better way to enjoy a Grand Canyon experience. From pre-flight instructions, to a flawless flight, plus Pilot Michael’s sightseeing commentary, a perfect experience!","","0","https://media-cdn.tripadvisor.com/media/photo-w/1f/5b/1b/11/caption.jpg
https://media-cdn.tripadvisor.com/media/photo-w/1f/5b/1b/10/caption.jpg
https://media-cdn.tripadvisor.com/media/photo-w/1f/5b/1b/0e/caption.jpg
https://media-cdn.tripadvisor.com/media/photo-m/1280/1f/5b/1b/0b/caption.jpg","Written October 7, 2021","This review is the subjective opinion of a Tripadvisor member and not of Tripadvisor LLC."
"Tish","https://www.tripadvisor.com/Profile/OldAGGIEmom","https://media-cdn.tripadvisor.com/media/photo-o/1a/f6/f3/23/default-avatar-2020-28.jpg","","5","Sep 2021 • Couples","Worth the money.","What a great experience! Worth every penny. Our pilot Matt was experienced, knowledgeable and fun. The choppers were immaculate and new. The views and different perspectives are unbelievable. We’ve been to the south rim numerous times and the north rim as well but nothing like seeing it all at once. DO IT!!","Couples","0","","Written September 28, 2021","This review is the subjective opinion of a Tripadvisor member and not of Tripadvisor LLC."
"Diane","https://www.tripadvisor.com/Profile/Mobile39780555289","https://media-cdn.tripadvisor.com/media/photo-o/1a/f6/f1/b8/default-avatar-2020-22.jpg","Bluffton, SC","5","","Flying high over The Grand Canyon","No better way to see the beautiful magical Grand Canyon. Our pilot Jeff was excellent at pointing out sites snd facts. We also felt safe in his hands. Enjoyed every minute and highly recommend this company.","","0","https://media-cdn.tripadvisor.com/media/photo-w/1e/4c/7f/c5/caption.jpg
https://media-cdn.tripadvisor.com/media/photo-m/1280/1e/4c/7f/c3/caption.jpg
https://media-cdn.tripadvisor.com/media/photo-m/1280/1e/4c/7f/c2/caption.jpg
https://media-cdn.tripadvisor.com/media/photo-w/1e/4c/7f/c0/caption.jpg","Written September 25, 2021","This review is the subjective opinion of a Tripadvisor member and not of Tripadvisor LLC."
"Tracy W","https://www.tripadvisor.com/Profile/232tracyw","https://media-cdn.tripadvisor.com/media/photo-o/1a/f6/e7/99/default-avatar-2020-57.jpg","San Diego, United States","5","","DO THIS HELICOPTER TOUR!! You won’t regret it.","Mavericks did a fantastic job from the time I made our reservation through to the after flight picture taking. They are extremely professional and have a very efficient and accurate system for reservations and disseminating information needed to prepare for the flight. The flight itself is spectacular. Our pilot, Daniel, pointed out interesting geological and historical places as we passed over them. He was an excellent pilot with a very reassuring manner to ease any trepidation first time flyers might have.<br />I’d give them 10 Stars if that were possible. DO THIS!!! It is so worth the money!!!","","0","https://media-cdn.tripadvisor.com/media/photo-w/1e/38/48/12/caption.jpg","Written September 24, 2021","This review is the subjective opinion of a Tripadvisor member and not of Tripadvisor LLC."
"Ryan P","https://www.tripadvisor.com/Profile/ryanp583","https://media-cdn.tripadvisor.com/media/photo-o/1a/f6/e9/60/default-avatar-2020-64.jpg","Chicago, IL","5","","Just do it","My girlfriend and I decided to splurge a little more than usual with this trip, but holy crap was it worth it. The views were amazing and the guide/pilot was awesome.  Neither of us had been in a helicopter before so we were a little nervous but the pilot was naturally comforting. 10/10 would highly recommend!","","0","https://media-cdn.tripadvisor.com/media/photo-m/1280/1e/19/fd/32/caption.jpg
https://media-cdn.tripadvisor.com/media/photo-w/1e/19/fd/2f/caption.jpg","Written September 22, 2021","This review is the subjective opinion of a Tripadvisor member and not of Tripadvisor LLC."
"Michelle H","https://www.tripadvisor.com/Profile/441allenh","https://media-cdn.tripadvisor.com/media/photo-o/1a/f6/de/0a/default-avatar-2020-35.jpg","","5","Sep 2021 • Family","Awesome experience !","This tour was amazing abs such a good way to see so much of the canyon in a short time. We have an almost two year old, any moms out there you can do this tour with them, he fell asleep about 10 min into the flight and allowed my husband and I go enjoy the ride! I highly recommend for anyone but also people with small children who don’t think they can do something  like this.","Family","0","https://media-cdn.tripadvisor.com/media/photo-m/1280/1d/fc/20/67/45-minute-helicopter.jpg","Written September 18, 2021","This review is the subjective opinion of a Tripadvisor member and not of Tripadvisor LLC."
"ISLANDbluefish","https://www.tripadvisor.com/Profile/ISLANDbluefish","https://media-cdn.tripadvisor.com/media/photo-o/1d/7e/9b/87/islandbluefish.jpg","Surprise, AZ","5","","Everyone should do this!","I had high expectations for this adventure.  It was a surprise birthday present for my girlfriend.  All expectations were exceeded on our trip September 2021.  Our pilot.  Forrest.  Experienced, knowledgeable and funny.  He is a Trip Advisors STAR!(I told him this as I was researching this trip).  Absolutely mind blowing and breathing views of the Grand Canyon. Thank you to Maverick and Forrest for an experience we will never forget!","","0","https://media-cdn.tripadvisor.com/media/photo-w/1d/fc/0d/69/caption.jpg
https://media-cdn.tripadvisor.com/media/photo-w/1d/fc/0d/68/caption.jpg
https://media-cdn.tripadvisor.com/media/photo-w/1d/fc/0d/67/caption.jpg
https://media-cdn.tripadvisor.com/media/photo-w/1d/fc/0d/66/caption.jpg
https://media-cdn.tripadvisor.com/media/photo-w/1d/fc/0d/65/caption.jpg","Written September 18, 2021","This review is the subjective opinion of a Tripadvisor member and not of Tripadvisor LLC."
"Heidi C","https://www.tripadvisor.com/Profile/HeidiC81","https://media-cdn.tripadvisor.com/media/photo-o/1a/f6/e7/99/default-avatar-2020-57.jpg","Silver Spring, MD","5","Sep 2021","Breathtaking Views of the Grand Canyon","Our pilot Matt was excellent.  He was skilled, personable and reassuring.  The helicopter was first rate - comfortable, with huge windows.  The views were spectacular.  And as a former DJ, Matt treated us to a great playlist of music during the ride.  There is no better way to see the Grand Canyon.","","0","","Written September 13, 2021","This review is the subjective opinion of a Tripadvisor member and not of Tripadvisor LLC."
"Daisylou3","https://www.tripadvisor.com/Profile/Daisylou3","https://media-cdn.tripadvisor.com/media/photo-o/07/49/2a/ec/368cynthiaw.jpg","Cleveland, OH","5","","Absolutely Spectacular ","The whole experience was so smooth. <br />Matt was our pilot. He was amazing! In simple conversations he was able to gage everyone's excitement and fears. He has a way of using humor to offset someone's fears. Truly no need to be scared. This is from someone who has a fear of heights. It's a quiet, smooth, funny and an educational tour. <br />Good luck in your retirement Matt.<br />Yes! I would highly recommend Maverick. Everyone is so helpful and friendly. What a wonderful organization. <br />Check this off my bucket list. <br />Thank you so much for giving us an incredible experience. ","","0","https://media-cdn.tripadvisor.com/media/photo-m/1280/1d/d8/58/b7/caption.jpg
https://media-cdn.tripadvisor.com/media/photo-m/1280/1d/d8/58/b6/caption.jpg
https://media-cdn.tripadvisor.com/media/photo-m/1280/1d/d8/58/b5/caption.jpg","Written September 9, 2021","This review is the subjective opinion of a Tripadvisor member and not of Tripadvisor LLC."
"David H","https://www.tripadvisor.com/Profile/davidhR9864KE","https://media-cdn.tripadvisor.com/media/photo-f/01/2e/70/56/avatar029.jpg","","5","Sep 2021 • Couples","Best experience and a must","The entire trip was absolutely amazing!  It was our first time to a Grand Canyon and think everyone should do this. The pilot Forrest was amazing.  It’s a must see.","Couples","0","https://media-cdn.tripadvisor.com/media/photo-m/1280/1d/d3/75/85/45-minute-helicopter.jpg
https://media-cdn.tripadvisor.com/media/photo-m/1280/1d/d3/75/6d/45-minute-helicopter.jpg","Written September 7, 2021","This review is the subjective opinion of a Tripadvisor member and not of Tripadvisor LLC."
"Kim L","https://www.tripadvisor.com/Profile/kimlH8809RE","","Buffalo, MN","5","Aug 2021 • Family","Only way to see the Grand Canyon!","Great flight!  View is spectacular and the only way to get a great view of the massive canyon. Flight is smooth and pilot is informative. Highly recommended!","Family","0","","Written August 27, 2021","This review is the subjective opinion of a Tripadvisor member and not of Tripadvisor LLC."
"Cindy B","https://www.tripadvisor.com/Profile/Taysabra","https://media-cdn.tripadvisor.com/media/photo-o/1a/f6/e3/1f/default-avatar-2020-46.jpg","","5","Aug 2021","A must do for any trip to the Grand Canyon!","This was the highlight of our trip to the Grand Canyon.  Our group consisted of my husband, myself, our 2 daughters ages 21 and 17 along with my 82 year old Dad.  This was our first time seeing the Canyon and our first helicopter ride, and both were amazing. We absolutely loved it and it was our favorite part of the trip. Everyone we encountered at Maverick was fabulous!  I would highly recommend them and this tour!  This is a must do for any trip to the Grand Canyon!","","0","","Written August 25, 2021","This review is the subjective opinion of a Tripadvisor member and not of Tripadvisor LLC."
"Ronald R","https://www.tripadvisor.com/Profile/ronaldrP6475JI","https://media-cdn.tripadvisor.com/media/photo-o/1a/f6/ea/b2/default-avatar-2020-69.jpg","Medford, NY","5","Aug 2021 • Family","Another check off the bucket list","The thrill of flying into that great wonder of the world was an experience I’ll never forget. My daughter was a bit nervous about flying in a helicopter for her first time. My assurance the it was safer than driving in the family car did little to assuage her concerns 🤷‍♂️. Anyway, all’s well that ends well, and she was grateful for the experience!","Family","0","https://media-cdn.tripadvisor.com/media/photo-m/1280/1d/a9/84/d8/45-minute-helicopter.jpg","Written August 22, 2021","This review is the subjective opinion of a Tripadvisor member and not of Tripadvisor LLC."
"Brittany D","https://www.tripadvisor.com/Profile/brittanydL7403EL","https://media-cdn.tripadvisor.com/media/photo-f/01/2e/70/74/avatar056.jpg","","5","Aug 2021 • Couples","Definitely worth it","Totally worth it! We learned things about the Grand Canyon and other areas we wouldn’t have known any other way. Views were amazing and our pilot was very knowledgeable and funny!","Couples","0","https://media-cdn.tripadvisor.com/media/photo-m/1280/1d/8f/ae/af/45-minute-helicopter.jpg","Written August 10, 2021","This review is the subjective opinion of a Tripadvisor member and not of Tripadvisor LLC."
"Jennifer G","https://www.tripadvisor.com/Profile/JennieGall","https://media-cdn.tripadvisor.com/media/photo-m/1280/21/0a/10/c8/jennifer-g.jpg","New York City, NY","5","Aug 2021 • Couples","Highly recommended!","Wonderful experience and highly recommended! Maverick helicopter flights gives you a view of the Grand Canyon that is both unique and unparalleled. Our pilot was incredibly kind and enthusiastic. We were able to see the north and south canyon rims and flew directly over its expanse. Once in a lifetime experience.","Couples","0","https://media-cdn.tripadvisor.com/media/photo-w/1d/83/f8/45/45-minute-helicopter.jpg
https://media-cdn.tripadvisor.com/media/photo-w/1d/83/f8/42/45-minute-helicopter.jpg","Written August 4, 2021","This review is the subjective opinion of a Tripadvisor member and not of Tripadvisor LLC."
"Navigator225961","https://www.tripadvisor.com/Profile/Navigator225961","https://media-cdn.tripadvisor.com/media/photo-o/1a/f6/e7/99/default-avatar-2020-57.jpg","Panama City Beach, FL","5","Aug 2021 • Friends","Best experience ever!!","This was an experience of a lifetime. A helicopter tour over the Grand Canyon was always on my bucket list and Maverick and our pilot Jeff made this experience memorable. My friends and I had a blast and enjoyed every minute of it.","Friends","0","https://media-cdn.tripadvisor.com/media/photo-m/1280/1d/83/f6/02/45-minute-helicopter.jpg","Written August 4, 2021","This review is the subjective opinion of a Tripadvisor member and not of Tripadvisor LLC."
"ShellyB","https://www.tripadvisor.com/Profile/Shellybelle12","https://media-cdn.tripadvisor.com/media/photo-o/1a/f6/ea/b2/default-avatar-2020-69.jpg","Dubai, United Arab Emirates","5","Aug 2021 • Family","Breathtaking Grand Canyon flight","We loved the Spirit Canyon helicopter flight over the Grand Canyon. It was absolutely breathtaking and a perfect amount of time for a tour over the canyon. Our Pilot, Mat, was an excellent guide and gave us interesting information about the Grand Canyon. I would highly recommend this tour to anyone. Maverick company is professional and efficient.","Family","0","https://media-cdn.tripadvisor.com/media/photo-w/1d/82/20/4d/45-minute-helicopter.jpg
https://media-cdn.tripadvisor.com/media/photo-w/1d/82/20/47/45-minute-helicopter.jpg
https://media-cdn.tripadvisor.com/media/photo-w/1d/82/20/41/45-minute-helicopter.jpg","Written August 3, 2021","This review is the subjective opinion of a Tripadvisor member and not of Tripadvisor LLC."
"ronaldj646","https://www.tripadvisor.com/Profile/ronaldj646","https://media-cdn.tripadvisor.com/media/photo-o/1a/f6/e4/2d/default-avatar-2020-48.jpg","McKinney","3","Jun 2021","Great Views Depending on Which Seats You Are Assigned","Maverick assigns your seats based on what other people are on the tour and weights of individual passengers.  They arbitrarily combine couples or groups of passengers to each flight over the Canyon.  <br /><br />There are two seats in front by the pilot and there are four seats in the back.  If you are fortunate enough to get the two seats in front beside the pilot or on the left rear behind the pilot, you will have amazing views.  If you are assigned the two middle seats or the far right seat, forget getting to see much.  The back right window is smaller and has obstructed views.  Also, our pilot kept the orientation of the helicopter such that the right side was always away from the best views of the Canyon.<br /><br />I would not waste my money again, since the arbitrarily seat assignment determines your views, or lack thereof.","","0","","Written July 30, 2021","This review is the subjective opinion of a Tripadvisor member and not of Tripadvisor LLC."
"Laura22003","https://www.tripadvisor.com/Profile/Laura22003","https://media-cdn.tripadvisor.com/media/photo-o/11/30/4b/62/laura22003.jpg","Annandale, VA","5","","Kids first time in helicopter","Great experience flying over Grand Canyon. Jeff was a great pilot and it was a very smooth flight. He told us all about what we were seeing. It was the experience of a lifetime.","","0","https://media-cdn.tripadvisor.com/media/photo-w/1d/7a/44/95/caption.jpg
https://media-cdn.tripadvisor.com/media/photo-w/1d/7a/44/94/caption.jpg
https://media-cdn.tripadvisor.com/media/photo-m/1280/1d/7a/44/93/caption.jpg","Written July 30, 2021","This review is the subjective opinion of a Tripadvisor member and not of Tripadvisor LLC."
"Kirsten B","https://www.tripadvisor.com/Profile/436kirstenb","https://media-cdn.tripadvisor.com/media/photo-o/1c/a5/21/05/caption.jpg","","5","","AMAZING EXPERIENCE","Matt the pilot was absolutely fabulous!! No better way to see the Grand Canyon!! Would definitely recommend to anyone looking for an unforgettable experience :)","","0","https://media-cdn.tripadvisor.com/media/photo-m/1280/1d/79/8d/e9/caption.jpg","Written July 30, 2021","This review is the subjective opinion of a Tripadvisor member and not of Tripadvisor LLC."
"travelwise333","https://www.tripadvisor.com/Profile/travelwise333","https://media-cdn.tripadvisor.com/media/photo-o/1a/f6/f0/9f/default-avatar-2020-16.jpg","New York City, NY","5","","Phenomenal ","Amazing experience. Maverick helicopter team is great. Must do. The tour is amazing and very well explained by the pilot. Must do to see the natural wonder that grand canyon is. The choppers have good views. The only advise would give them is that the headsets have volume controls and a newbie won't know. The pilot should inform all passengers to adjust those so they can fully hear the narration by the pilot. ","","0","","Written July 24, 2021","This review is the subjective opinion of a Tripadvisor member and not of Tripadvisor LLC."
"gtbeantravelling","https://www.tripadvisor.com/Profile/gregtU3691MB","https://media-cdn.tripadvisor.com/media/photo-o/1a/f6/e8/91/default-avatar-2020-62.jpg","","5","Jul 2021","Fantastic way to see the Canyon","This was our first flight in a helicopter. Our pilot Forrest made us feel at ease and comfortable. We were able to see features of the canyon we would have missed otherwise. This was the culmination of our trip to the Grand Canyon. I highly recommend Maverick Helicopters.","","0","","Written July 19, 2021","This review is the subjective opinion of a Tripadvisor member and not of Tripadvisor LLC."
"Traveltogo33","https://www.tripadvisor.com/Profile/Traveltogo33","https://media-cdn.tripadvisor.com/media/photo-o/1a/f6/e9/ef/default-avatar-2020-66.jpg","Ohio","5","Jun 2021","Top Class Experience","Looking for a company for a helicopter tour they are priced higher than their competitors. But Maverick also has the #1 safety record in the world; to me this was a no-brainer.<br /><br />We booked a private tour for our family of 5, and the additional cost was nominal. Everything about this organization top notch. We enjoyed a one-in-a-lifetime experience soaring over the Grand Canyon, making cherished memories.<br /><br />The helicopter was very comfortable, with a pilot who was friendly, laid back, and professional all at the same time. When he wasn't narrating our journey he patiently answered all of our kids' questions during the ride.","","0","","Written July 14, 2021","This review is the subjective opinion of a Tripadvisor member and not of Tripadvisor LLC."
"ktmac555","https://www.tripadvisor.com/Profile/ktmac555","https://media-cdn.tripadvisor.com/media/photo-m/1280/28/e8/8f/dc/caption.jpg","Greenville, SC","5","","Five Star Company and Best Grand Canyon Views","This was our first experience with a helicopter tour and it was absolutely amazing! We have two kids (11 and 12 years old) and our entire family of four had an unforgettable experience. Our pilot, Forest, had excellent customer service skills, knowledge of the Grand Canyon/area and we had a flawless flight. Our entire experience from check-in to landing was well organized and laid back. They also have two wonderful gift shops and offer to sell you a high quality photo plaque of your party in front of the copter (we bought it). We highly recommend this excursion and Maverick Helicopter Tours! ❤️🚁","","0","https://media-cdn.tripadvisor.com/media/photo-w/1d/53/54/69/caption.jpg
https://media-cdn.tripadvisor.com/media/photo-m/1280/1d/53/54/68/caption.jpg
https://media-cdn.tripadvisor.com/media/photo-m/1280/1d/53/54/67/caption.jpg","Written July 13, 2021","This review is the subjective opinion of a Tripadvisor member and not of Tripadvisor LLC."
"Lee","https://www.tripadvisor.com/Profile/letitfall84","https://media-cdn.tripadvisor.com/media/photo-o/1a/f6/e8/ea/default-avatar-2020-63.jpg","","5","Jul 2021 • Family","Breathtaking Ride","The helicopter ride gives a great view of the canyon and allows you to see more than possible by car","Family","0","","Written July 12, 2021","This review is the subjective opinion of a Tripadvisor member and not of Tripadvisor LLC."
"Rachel F","https://www.tripadvisor.com/Profile/Bubbarach02035","https://media-cdn.tripadvisor.com/media/photo-o/1a/f6/e4/2d/default-avatar-2020-48.jpg","","5","Jul 2021 • Family","Amazing experience","Loved our pilot’s commentary and suggestions for when to take video.  We felt safe, comfortable, and completely at ease to enjoy the majesty of the canyon.","Family","0","https://media-cdn.tripadvisor.com/media/photo-w/1d/4a/7f/39/45-minute-helicopter.jpg","Written July 8, 2021","This review is the subjective opinion of a Tripadvisor member and not of Tripadvisor LLC."
"Dan","https://www.tripadvisor.com/Profile/k9korak","https://media-cdn.tripadvisor.com/media/photo-o/1a/f6/e8/91/default-avatar-2020-62.jpg","","5","","The only way to see the Grand Canyon","The only way to get the full Grand Canyon experience. My son and his cousin were first timers and thoroughly enjoyed it. Our pilot was very informative and valued us asking questions. Just an awesome time and well worth the cost. Highly recommended!","","0","https://media-cdn.tripadvisor.com/media/photo-w/1d/3e/25/ec/caption.jpg
https://media-cdn.tripadvisor.com/media/photo-w/1d/3e/25/eb/caption.jpg
https://media-cdn.tripadvisor.com/media/photo-w/1d/3e/25/ea/caption.jpg","Written June 30, 2021","This review is the subjective opinion of a Tripadvisor member and not of Tripadvisor LLC."
"Connie D","https://www.tripadvisor.com/Profile/connied893","https://media-cdn.tripadvisor.com/media/photo-o/1a/f6/ec/a2/default-avatar-2020-3.jpg","","5","Jun 2021 • Family","Worth the money!","The flight was the best way to experience seeing the Grand Canyon and especially the floor if you can not hike down. It was the perfect start to our stay!","Family","0","https://media-cdn.tripadvisor.com/media/photo-m/1280/1d/3d/b6/0d/45-minute-helicopter.jpg","Written June 30, 2021","This review is the subjective opinion of a Tripadvisor member and not of Tripadvisor LLC."
"SusanRVer","https://www.tripadvisor.com/Profile/SusanRVer","https://media-cdn.tripadvisor.com/media/photo-o/1a/f6/df/99/default-avatar-2020-40.jpg","Venice, FL","5","Jun 2021 • Couples","What a great way to see the Grand Canyon!","We decided to take a helicopter tour over the grand canyon and decided to go with Maverick tours. We arrived at 1 for our 1:45 tour. We were weighed and checked in immediately. They have a nice little gift shop there to poke around in while you wait for your tour. Our pilot Matt came in and greeted us and another couple. So there were 4 plus of course the pilot. He was so nice. We were given a life ""jacket"" just went around your waist, and headphones. Instructed with the seat belt and we were on our way. Views are just spectacular and jaw dropping. It was worth every penny for that experience. Not for a minute was I scared or nervous. Just taken aback by the beauty. It was a 45 minute tour. Highly recommend it!","Couples","0","https://media-cdn.tripadvisor.com/media/photo-w/1d/30/0c/b5/45-minute-helicopter.jpg
https://media-cdn.tripadvisor.com/media/photo-w/1d/30/0c/90/45-minute-helicopter.jpg
https://media-cdn.tripadvisor.com/media/photo-w/1d/30/0c/83/45-minute-helicopter.jpg","Written June 21, 2021","This review is the subjective opinion of a Tripadvisor member and not of Tripadvisor LLC."
"Taylor","https://www.tripadvisor.com/Profile/Tanderson819","https://media-cdn.tripadvisor.com/media/photo-o/1d/09/82/1a/caption.jpg","Hydro, OK","3","","Keith Needs Sensitivity Training","The pilots are excellent, friendly, knowledgeable, and skilled. <br /><br />But, don’t get your weight estimate wrong or Keith at the front desk will talk down to you as if you lied on purpose. I have family in aviation, so I understand the importance of weight distribution on an aircraft. But, when my wife’s weight came in above the number I had sent in, Keith had little to no sensitivity about it. <br /><br />So, in the end my wife and I were not able to be on the same helicopter. I was upset about that, but I understand. They want to keep us safe, and flying in high heat can be dangerous. But, what I don’t appreciate is the way Keith handled the situation. Repeating statements like “This number is WAY over the estimate given to us.” is nothing short of an emotional punch in the face to anyone who has ever struggled with weight issues. <br /><br />So, in the end, the stars I give are for the pilots. They are truly the 5 star champs of this company. But, my experience with Keith’s lack of sensitivity at the front desk quite literally ruined the experience for both of us. So, I would recommend that management coordinate some much needed sensitivity training for Keith. It would be a great improvement for your customer service.","","0","","Written June 19, 2021","This review is the subjective opinion of a Tripadvisor member and not of Tripadvisor LLC."
"Kent","https://www.tripadvisor.com/Profile/kentlmcneil","https://media-cdn.tripadvisor.com/media/photo-o/1a/f6/e8/24/default-avatar-2020-60.jpg","Austin, TX","5","","Amazing ","I don’t care for helicopters and my wife is afraid of heights but we wanted our kids to have an amazing experience.  This blew us away…I will go back anytime…it was amazing.<br /><br />Highly recommend.<br /><br />","","0","","Written June 8, 2021","This review is the subjective opinion of a Tripadvisor member and not of Tripadvisor LLC."
"Moe214","https://www.tripadvisor.com/Profile/Moe214","https://media-cdn.tripadvisor.com/media/photo-f/01/2e/70/9a/avatar026.jpg","McKinney, TX","5","Jun 2021","A Great Tour!","This was a great experience from beginning to end! The people that checked us in were very professional. Once our pilot arrived, he called the names for the people on our flight and we headed out to the helo. While the helo could accommodate 7 people, our flight was limited to 5 which I appreciated. Matt did an outstanding job flying, providing information about what we see outside the helo and keeping us overall entertained. Matt was a great tour guide. Also, the helo was air conditioned which was highly appreciated on a hot AZ day. The flight over the Grand Canyon was awe inspiring and this tour is highly recommended!","","0","https://media-cdn.tripadvisor.com/media/photo-m/1280/1d/15/e6/f5/grand-canyon.jpg","Written June 4, 2021","This review is the subjective opinion of a Tripadvisor member and not of Tripadvisor LLC."
"Biahop","https://www.tripadvisor.com/Profile/Biahop","https://media-cdn.tripadvisor.com/media/photo-o/1a/f6/df/99/default-avatar-2020-40.jpg","Watkinsville, GA","5","","Completely different experience from the air","So glad we did this tour. If you have never seen the Grand Canyon from the air, this is a must do! The flight was smooth and comfortable and our pilot was very knowledgeable about the area. The views are spectacular and you get a sense of the grandeur of the canyon unlike anywhere else! Our teens loved it!","","0","","Written June 3, 2021","This review is the subjective opinion of a Tripadvisor member and not of Tripadvisor LLC."
"RoxanneW","https://www.tripadvisor.com/Profile/rlwood3","https://media-cdn.tripadvisor.com/media/photo-f/01/2e/70/a1/avatar072.jpg","","5","May 2021 • Family","Spectacular Grand Canyon Helicopter Views","Was absolutely spectacular!  The entire process was easy.  Everyone was extremely friendly.  Great pilot narration the entire time.  You will see areas you will never see from the ground.  Just do it.  Worth every penny!","Family","0","https://media-cdn.tripadvisor.com/media/photo-m/1280/1d/0b/cc/61/45-minute-helicopter.jpg
https://media-cdn.tripadvisor.com/media/photo-m/1280/1d/0b/cc/60/45-minute-helicopter.jpg","Written May 28, 2021","This review is the subjective opinion of a Tripadvisor member and not of Tripadvisor LLC."
"Caitlind W","https://www.tripadvisor.com/Profile/caitlindw22","https://media-cdn.tripadvisor.com/media/photo-f/01/2e/70/85/avatar006.jpg","","5","May 2021 • Friends","Great flight!","Jesse, our pilot, was excellent! His flying was extremely smooth, and he told us interesting facts throughout the flight. The helicopter flight was also the best way to see the Grand Canyon fully. Would definitely recommend this experience!","Friends","0","","Written May 27, 2021","This review is the subjective opinion of a Tripadvisor member and not of Tripadvisor LLC."
"Aditya N","https://www.tripadvisor.com/Profile/AdityaN47","https://media-cdn.tripadvisor.com/media/photo-o/1a/f6/f0/48/default-avatar-2020-15.jpg","","5","May 2021","No better way to see The Grand Canyon!!!","Despite having seen the Grand Canyon in several pictures, movies, etc., the grandness of the Grand Canyon becomes truly apparent only when witnessed from above. The spectacular views of the layers of rocks eroded over millions of years and the beautiful Colorado River snaking through the Canyon cannot be described in words.<br /><br />The helicopter ride over Grand Canyon is an incredible experience, made even more special by our pilot Matt, who was fun and had several interesting facts to share.","","0","https://media-cdn.tripadvisor.com/media/photo-m/1280/1d/05/0e/ac/shipwreck.jpg
https://media-cdn.tripadvisor.com/media/photo-m/1280/1d/05/0e/88/helicopter-ride-over.jpg
https://media-cdn.tripadvisor.com/media/photo-w/1d/05/0e/87/helicopter-ride-over.jpg","Written May 23, 2021","This review is the subjective opinion of a Tripadvisor member and not of Tripadvisor LLC."
"Mark D","https://www.tripadvisor.com/Profile/U5287MVmarkd","https://media-cdn.tripadvisor.com/media/photo-f/01/2e/70/60/avatar038.jpg","","5","May 2021 • Couples","Dream come through","Professional pilot with a lot information Just perfect timing to get all exitement Different angles helps relize how huge is area around","Couples","0","https://media-cdn.tripadvisor.com/media/photo-m/1280/1c/fc/02/4b/45-minute-helicopter.jpg","Written May 16, 2021","This review is the subjective opinion of a Tripadvisor member and not of Tripadvisor LLC."
"Shumbaz","https://www.tripadvisor.com/Profile/Shumbaz","https://media-cdn.tripadvisor.com/media/photo-o/1a/f6/e2/11/default-avatar-2020-41.jpg","Austin, TX","5","","Great tour to see the Grand Canyon","If you are considering this tour DO IT! What an amazing experience to see the Grand Canyon & Colorado River from a helicopter. Our helicopter had large windows, almost like being in a large clear bubble. Our pilot was informative & friendly. Making reservations online was easy. Front desk staff were friendly. Large comfortable waiting area. Our pilot was Jeff and we had 4 people in our helicopter.  I would do the tour again. This is our 3rd time using<br /> Maverick Helicopters. They always do a consistently excellent job.","","0","","Written May 15, 2021","This review is the subjective opinion of a Tripadvisor member and not of Tripadvisor LLC."
"810Baker","https://www.tripadvisor.com/Profile/810Baker","https://media-cdn.tripadvisor.com/media/photo-o/1a/f6/f2/b8/default-avatar-2020-26.jpg","Saint Cloud, FL","5","May 2021 • Couples","Amazing Canyon Views","So glad we decided to take this tour!  AMAZING views in the canyon. Our pilot, Vern, was knowledgeable about everything related to the Grand Canyon. Add this to your to-do list!","Couples","0","","Written May 9, 2021","This review is the subjective opinion of a Tripadvisor member and not of Tripadvisor LLC."
"Vicki S","https://www.tripadvisor.com/Profile/204vickis","","","5","May 2021","Great Views","We had a great flight! This was my first time in a helicopter and I would do it again. This was definitely worth the money. Jesse, our pilot, was professional and informative. Check in was easy. You are weighed and seat assignments are based on that. Very comfortable flight.","","0","","Written May 9, 2021","This review is the subjective opinion of a Tripadvisor member and not of Tripadvisor LLC."
"Mary M","https://www.tripadvisor.com/Profile/marymR9001EW","https://media-cdn.tripadvisor.com/media/photo-o/1a/f6/e9/bb/default-avatar-2020-65.jpg","Huntersville, NC","5","","Outstanding and professional","Jeff provided a great narrated tour of the flight. Provided all of us with outstanding views and photo ops. Highly recommend!","","0","","Written May 5, 2021","This review is the subjective opinion of a Tripadvisor member and not of Tripadvisor LLC."
"mimiruthie","https://www.tripadvisor.com/Profile/mimiruthie","https://media-cdn.tripadvisor.com/media/photo-o/1c/16/52/6d/mimiruthie.jpg","Richardson, TX","4","Apr 2021","Great way to see the Grand Canyon","We had a great flight. Check in and loading was easy. Our pilot was friendly and gave us a great tour with lots of information. The views were amazing! Unfortunately everyone doesn't get a window seat. The back row has four seats so seeing is limited.","","0","","Written April 23, 2021","This review is the subjective opinion of a Tripadvisor member and not of Tripadvisor LLC."
"Rebecca D","https://www.tripadvisor.com/Profile/bwdmusic","https://media-cdn.tripadvisor.com/media/photo-o/0d/4b/7f/e4/rebecca-d.jpg","Cuenca, Ecuador","5","Apr 2021","The Highlight of the Grand Canyon Experience","This was an aMazing tour! My first time in a helicopter and we were blessed to get the front seats. Jeff, our pilot, was knowledgeable about the Grand Canyon, very entertaining and a great pilot as well! We felt completely safe at all times and got amazing videos with our iPhones. I would recommend this tour highly. Nothing like hovering over the forest one minute and then flying out over the rim of the canyon. What a trip!! Thanks, Maverick!","","0","","Written April 23, 2021","This review is the subjective opinion of a Tripadvisor member and not of Tripadvisor LLC."
"Harvey","https://www.tripadvisor.com/Profile/Aussiehouse2","https://media-cdn.tripadvisor.com/media/photo-o/1a/f6/f2/eb/default-avatar-2020-27.jpg","","1","Apr 2021","Booked seats they did not have!! So disappointing to completely miss out on this!","Got a call a couple days before our flight saying we'd booked through a third party and our seats were actually not available.  WRONG.  We booked directly on Mavericks website and paid the retail price exactly so this would not happen, even scheduled at the very beginning of our 2 day trip in case something happened and a reschedule was necessary.  Well, after checking the lady confirmed indeed we had booked directly thru Maverick, but alas SORRY our seats are still were not available  and the only seating option was three days later AFTER we leave.  We set aside this relatively big chunk of money as the big special thing we were doing at the Grand Canyon.  Never got to even experience it.  So disappointing when you travel far from home...","","0","","Written April 22, 2021","This review is the subjective opinion of a Tripadvisor member and not of Tripadvisor LLC."
"lara k","https://www.tripadvisor.com/Profile/larak274","https://media-cdn.tripadvisor.com/media/photo-o/1a/f6/f3/23/default-avatar-2020-28.jpg","Grove City, OH","5","","Amazing trip!","Just got finished a 45 minute helicopter of Grand Canyon.  We had the flight for yesterday but it was snowing on the northern rim so they offered us the 25 minute or come the next day for the 45 minute ride .  So glad we waited.   Well worth it!  Forest was our pilot .  Tons of experience and very knowledgeable of the canyon.   Highly recommend.  ","","0","","Written April 18, 2021","This review is the subjective opinion of a Tripadvisor member and not of Tripadvisor LLC."
"Robin G","https://www.tripadvisor.com/Profile/robingA2033VC","","","5","Apr 2021 • Couples","What an experience","It was amazing. See the Grand Canyon from above is something else. I've never experienced anything like it.","Couples","0","","Written April 14, 2021","This review is the subjective opinion of a Tripadvisor member and not of Tripadvisor LLC."
"88lizt","https://www.tripadvisor.com/Profile/88lizt","https://media-cdn.tripadvisor.com/media/photo-m/1280/28/8d/f8/97/caption.jpg","Seattle, WA","5","","Checked off the bucket list!","It was truly an amazing experience! Seeing the Grand Canyon from high above is even more awe inspiring than just seeing it from the ground, and our pilot Matt was very knowledgeable and fun! ","","0","","Written April 13, 2021","This review is the subjective opinion of a Tripadvisor member and not of Tripadvisor LLC."
"Brad B","https://www.tripadvisor.com/Profile/O9704UNbradb","https://media-cdn.tripadvisor.com/media/photo-o/1a/f6/e2/11/default-avatar-2020-41.jpg","","5","Apr 2021 • Couples","Breathtaking experience!","This helicopter tour of the Grand Canyon was professional and incredible! The pilot was very experienced, the helicopter was solid and had large clean windows to take in the sights. It was definitely worth the price paid!","Couples","0","","Written April 6, 2021","This review is the subjective opinion of a Tripadvisor member and not of Tripadvisor LLC."
"thetrishter","https://www.tripadvisor.com/Profile/thetrishter","https://media-cdn.tripadvisor.com/media/photo-o/1a/f6/ec/3d/default-avatar-2020-1.jpg","Goshen, IN","5","","Beautiful views","We thoroughly enjoyed our experience! The views were incredible and the pilot professional and knowledgeable. Loved every second!","","0","","Written April 6, 2021","This review is the subjective opinion of a Tripadvisor member and not of Tripadvisor LLC."
"Michelle H","https://www.tripadvisor.com/Profile/Dh1b","https://media-cdn.tripadvisor.com/media/photo-o/1a/f6/f2/11/default-avatar-2020-23.jpg","","5","Apr 2021 • Family","Experience of A lifetime- you must do this!!!","What an amazing experience!  Shawn was our pilot and he was wonderful!  I was grateful that he shared that he was a pilot in the Army  flying black hawk helicopters- we were confident we were in great hands.  We went with three boys and three moms.  When we approached the Grand Canyon it was so majestic- I got choked up because it truly is Gods creation.  We then traveled to Sedona for dinner.  We all agreed that it was truly an experience of a lifetime!  Life is too short-  we will hold on to this experience with our boys forever!!!","Family","0","","Written April 6, 2021","This review is the subjective opinion of a Tripadvisor member and not of Tripadvisor LLC."
"Brenda","https://www.tripadvisor.com/Profile/Sahrow_Artist","https://media-cdn.tripadvisor.com/media/photo-m/1280/17/fd/87/55/sahrow-artist.jpg","","5","Mar 2021","Great tour!","This was well worth the cost! This is a great tour. The helicopter vantage is one that is impressive. The view was breathtaking.  ","","0","","Written April 5, 2021","This review is the subjective opinion of a Tripadvisor member and not of Tripadvisor LLC."
"Like2travel-eat","https://www.tripadvisor.com/Profile/Like2travel-eat","https://media-cdn.tripadvisor.com/media/photo-o/1c/d1/0e/b5/caption.jpg","Sacramento, CA","4","","Amazing Helicopter Flight with Papillon Grand Canyon Helicopter Tours at Tusayan ","We had a good experience. It could have been more informational and valuable if our pilot was more interactive. ","","0","","Written April 3, 2021","This review is the subjective opinion of a Tripadvisor member and not of Tripadvisor LLC."
"seedmpt","https://www.tripadvisor.com/Profile/seedmpt","https://media-cdn.tripadvisor.com/media/photo-o/1a/f6/e7/3d/default-avatar-2020-55.jpg","Philadelphia, PA","5","Apr 2021 • Family","Flying over the Grand Canyon","Our pilot was very nice and he explained everything when we were going over the canyon. We got to see a lot of cool things that other people could not see because the north rim was closed.","Family","0","https://media-cdn.tripadvisor.com/media/photo-w/1c/d0/f0/48/45-minute-helicopter.jpg
https://media-cdn.tripadvisor.com/media/photo-m/1280/1c/d0/f0/47/45-minute-helicopter.jpg
https://media-cdn.tripadvisor.com/media/photo-w/1c/d0/f0/41/45-minute-helicopter.jpg","Written April 3, 2021","This review is the subjective opinion of a Tripadvisor member and not of Tripadvisor LLC."
"JohnnyHHHHH","https://www.tripadvisor.com/Profile/JohnnyHHHHH","https://media-cdn.tripadvisor.com/media/photo-m/1280/17/9b/04/e6/johnnyhhhhh.jpg","Traverse City, MI","5","","Best experience ever","Worth every penny. Bucket list type of outing. By all means, do this trip if you are able.  It was an amazing experience. ","","0","","Written March 28, 2021","This review is the subjective opinion of a Tripadvisor member and not of Tripadvisor LLC."
"Barbara S","https://www.tripadvisor.com/Profile/barbarasE3045SC","https://media-cdn.tripadvisor.com/media/photo-o/1a/f6/eb/e3/default-avatar-2020-59.jpg","Benicia, CA","5","Mar 2021 • Couples","Amazing worth the money","The views are something you can't get from viewpoints on the ground. Our pilot was great at pointing out all the areas we were flying over. Only bummer because of covid we couldn't use the.microphone to asks questions and we could not talk to each other.","Couples","0","https://media-cdn.tripadvisor.com/media/photo-m/1280/1c/c8/1c/88/45-minute-helicopter.jpg
https://media-cdn.tripadvisor.com/media/photo-w/1c/c8/1c/87/45-minute-helicopter.jpg","Written March 25, 2021","This review is the subjective opinion of a Tripadvisor member and not of Tripadvisor LLC."
"T J T 1","https://www.tripadvisor.com/Profile/Trail810339","https://media-cdn.tripadvisor.com/media/photo-l/01/2a/fd/9f/avatar.jpg","Little Falls, MN","5","Mar 2021 • Couples","Very happy","Great,  more than I thought it would be. <br />Beautiful scenery.  I was back left. Was a good seat.........","Couples","0","","Written March 17, 2021","This review is the subjective opinion of a Tripadvisor member and not of Tripadvisor LLC."
"Valerie S","https://www.tripadvisor.com/Profile/valeriesF2472KV","https://media-cdn.tripadvisor.com/media/photo-l/01/2a/fd/a0/avatar.jpg","","5","Mar 2021 • Friends","Add this to your bucket list!","It was amazing and worth every penny. Words are insufficient! I would recommend this to anyone wanting to see the Canyon from a bird's eye view!","Friends","0","https://media-cdn.tripadvisor.com/media/photo-m/1280/1c/bc/26/68/45-minute-helicopter.jpg
https://media-cdn.tripadvisor.com/media/photo-s/1c/bc/26/5c/45-minute-helicopter.jpg
https://media-cdn.tripadvisor.com/media/photo-s/1c/bc/26/5b/45-minute-helicopter.jpg
https://media-cdn.tripadvisor.com/media/photo-s/1c/bc/26/31/45-minute-helicopter.jpg","Written March 12, 2021","This review is the subjective opinion of a Tripadvisor member and not of Tripadvisor LLC."
"Rachel Armstrong","https://www.tripadvisor.com/Profile/Q6379DUrachelp","https://media-cdn.tripadvisor.com/media/photo-o/1a/f6/e8/5b/default-avatar-2020-61.jpg","","5","","Worth the money","Wow! What a beautiful experience! We had the most amazing views, we felt safe! Our pilot was thorough and informative! Seeing the Grand Canyon from the sky is far more breath taking than from the rim trails! ","","0","","Written March 5, 2021","This review is the subjective opinion of a Tripadvisor member and not of Tripadvisor LLC."
"Darla K","https://www.tripadvisor.com/Profile/266darlak","","","5","Dec 2020","Worth every penny.","Maverick helicopters was a very professional organization and COVID friendly. I hate to fly, but enjoyed this tour so much. Unbeatable views of the Grand Canyon.","","0","","Written January 9, 2021","This review is the subjective opinion of a Tripadvisor member and not of Tripadvisor LLC."
"ehornady","https://www.tripadvisor.com/Profile/ehornady","https://media-cdn.tripadvisor.com/media/photo-o/1a/f6/ef/73/default-avatar-2020-13.jpg","Grand Island, NE","5","Dec 2020","Awesome experience","We had a great experience!  I had done this trip before but the other 5 in our group had not.  A couple of them were nervous about it but ended up loving it.  It is an amazing way to see the Grand Canyon.","","0","","Written January 4, 2021","This review is the subjective opinion of a Tripadvisor member and not of Tripadvisor LLC."
"Glenn W","https://www.tripadvisor.com/Profile/GDWarr","https://media-cdn.tripadvisor.com/media/photo-o/1a/f6/ef/32/default-avatar-2020-12.jpg","St. Petersburg, FL","4","Nov 2020 • Couples","Incredible experience, great way to see the whole Grand Canyon!","The flight was incredible with great narration and awesome sights! Well worth it. <br /><br />What detracted from the experience was the lack of information up front, even when I called 1 day prior to the trip to confirm. I was staying at Bright Angel lodge (18 minute drive from the airport), no-one told me that there was no transportation to the airport, no bus, taxi, or Uber. I had to pay a private person $100 each way to get to the airport and back, the only option was not to do the flight after I paid for it.","Couples","0","https://media-cdn.tripadvisor.com/media/photo-m/1280/1c/77/4f/de/45-minute-helicopter.jpg
https://media-cdn.tripadvisor.com/media/photo-m/1280/1c/77/4f/dd/45-minute-helicopter.jpg
https://media-cdn.tripadvisor.com/media/photo-w/1c/77/4f/d9/45-minute-helicopter.jpg
https://media-cdn.tripadvisor.com/media/photo-w/1c/77/4f/d8/45-minute-helicopter.jpg","Written December 27, 2020","This review is the subjective opinion of a Tripadvisor member and not of Tripadvisor LLC."
"Bryant A","https://www.tripadvisor.com/Profile/321bryanta","https://media-cdn.tripadvisor.com/media/photo-s/0d/85/27/4a/bryant-a.jpg","Sedona, AZ","5","","Honeymoon Flight","Wasn’t sure where to go for our honeymoon during Covid. Decided on Grand Canyon Village.  The Maverick helicopter tours turned out to be a great choice for things to do.  The People were so friendly and the helicopter itself was spectacular.  They have huge windows wrapping around the top and bottom.  You definitely need to see this perspective of the Grand Canyon once in your life.  Strongly recommend Maverick tours! ","","0","https://media-cdn.tripadvisor.com/media/photo-m/1280/1c/74/73/c2/photo1jpg.jpg
https://media-cdn.tripadvisor.com/media/photo-m/1280/1c/74/73/c1/photo0jpg.jpg","Written December 23, 2020","This review is the subjective opinion of a Tripadvisor member and not of Tripadvisor LLC."
"max s","https://www.tripadvisor.com/Profile/maxsK7389ZI","https://media-cdn.tripadvisor.com/media/photo-o/17/16/be/03/caption.jpg","","5","Dec 2020 • Family","I wasn’t going to because it is pricey... but I will forever be glad we did <br />If you get the opportunity... take it!","I wasn’t going to because it is pricey... but I will forever be glad we did. This is the ONLY way to be able to appreciate the vast, breathtaking beauty of the Grand Canyon. The fields of ponderosa trees are awe inspiring but once you fly over the edge and the pilot says “welcome to the Grand Canyon” you will hold your breath for the next 30 mins. We took the flight from the southern rim. Now, don’t get me wrong, the viewpoints from the southern rim are gorgeous but to see the entire canyon from above. There is nothing like it. To be able to see the Colorado river winding through the huge canyon, is just indescribable. I’m not a poet but I wish I were. Maybe then I could explain it better. Just do it. You won’t regret it. And the pilots are very knowledgeable and explain to you what you are seeing.  You just won’t regret it. Just do it. Enjoy!!","Family","0","https://media-cdn.tripadvisor.com/media/photo-m/1280/1c/70/2c/0f/45-minute-helicopter.jpg
https://media-cdn.tripadvisor.com/media/photo-m/1280/1c/70/2c/0e/45-minute-helicopter.jpg
https://media-cdn.tripadvisor.com/media/photo-m/1280/1c/70/2c/0d/45-minute-helicopter.jpg
https://media-cdn.tripadvisor.com/media/photo-m/1280/1c/70/2c/0c/45-minute-helicopter.jpg
https://media-cdn.tripadvisor.com/media/photo-m/1280/1c/70/2c/0b/45-minute-helicopter.jpg","Written December 18, 2020","This review is the subjective opinion of a Tripadvisor member and not of Tripadvisor LLC."
"Tom G","https://www.tripadvisor.com/Profile/tomgV7382UG","https://media-cdn.tripadvisor.com/media/photo-o/1a/f6/f3/e4/default-avatar-2020-30.jpg","","5","","Helicopter trip","Viewing the Grand Canyon from helicopter is the best way to see this marvel of nature. Our pilot was awesome. Our group of 5 had the trip to ourselves. I’d definitely do this trip again. I’d read reviews about Maverick having helicopters with larger windows for viewing and I’m happy we booked with them. ","","0","","Written December 7, 2020","This review is the subjective opinion of a Tripadvisor member and not of Tripadvisor LLC."
"Brandi S","https://www.tripadvisor.com/Profile/778brandis","https://media-cdn.tripadvisor.com/media/photo-o/1a/f6/ea/74/default-avatar-2020-68.jpg","","5","Nov 2020","The Best Way to See the Grand Canyon!","Amazing way to see the Grand Canyon.  The helicopters have windows everywhere and are really nice.  The company clearly prioritizes safety (including COVID safety).  The pilot provided lots of information about the canyon during the trip.  Worth the money!","","0","","Written November 29, 2020","This review is the subjective opinion of a Tripadvisor member and not of Tripadvisor LLC."
"leighleighthatsme","https://www.tripadvisor.com/Profile/leighleighthatsme","https://media-cdn.tripadvisor.com/media/photo-o/06/43/8b/f5/leighleighthatsme.jpg","Lafayette, LA","5","Nov 2020 • Family","The ONLY way to experience the GC!","I highly recommend this activity for everyone at least once in your lifetime!!!! The ONLY way to completely experience the wonder & vastness of the Grand Canyon.  We felt safe & comfortable during this exhilarating & exciting trip😊.","Family","0","","Written November 27, 2020","This review is the subjective opinion of a Tripadvisor member and not of Tripadvisor LLC."
"John L","https://www.tripadvisor.com/Profile/F9156UJjohnl","https://media-cdn.tripadvisor.com/media/photo-o/1a/f6/f4/5d/default-avatar-2020-32.jpg","","5","Nov 2020 • Family","Epic trip","Great experience, great group. One of the epic experiences in life! Easy to get there, all professionals.","Family","0","https://media-cdn.tripadvisor.com/media/photo-m/1280/1c/5d/c5/d5/45-minute-helicopter.jpg","Written November 26, 2020","This review is the subjective opinion of a Tripadvisor member and not of Tripadvisor LLC."
"Jake742","https://www.tripadvisor.com/Profile/Jake742","https://media-cdn.tripadvisor.com/media/photo-o/1a/f6/df/2b/default-avatar-2020-39.jpg","Kiln, MS","5","","Only Way","The views of the Grand Canyon along the stop offs are spectacular.  We did some hiking into the canyon which was awesome too. But the helicopter ride over the Grand Canyon is overwhelming!  I can empathize with people who say they cried at the first sight of it. The colors are spectacular!  The Little Colorado looked like Caribbean ocean running through the canyon. I highly recommend this tour. My six year old son cannot stop talking about it. ","","0","https://media-cdn.tripadvisor.com/media/photo-w/1c/5b/dd/9b/photo2jpg.jpg
https://media-cdn.tripadvisor.com/media/photo-w/1c/5b/dd/9a/photo1jpg.jpg
https://media-cdn.tripadvisor.com/media/photo-m/1280/1c/5b/dd/99/photo0jpg.jpg","Written November 25, 2020","This review is the subjective opinion of a Tripadvisor member and not of Tripadvisor LLC."
"David V","https://www.tripadvisor.com/Profile/davidandlisa97","https://media-cdn.tripadvisor.com/media/photo-o/1a/f6/de/0a/default-avatar-2020-35.jpg","","5","Nov 2020 • Family","Absolutely loved the tour!!","It is absolutely one of the beat ways to see some of the Grand Canyon! The flight was amazing and our pilot was full of fantastic information about the area and canyon. We surprised our boys with the trip and they loved it!! The four of us have the ride to our family only and it made the adventure even more special. I definitely would recommend doing this adventure!!","Family","0","https://media-cdn.tripadvisor.com/media/photo-m/1280/1c/59/80/5f/45-minute-helicopter.jpg
https://media-cdn.tripadvisor.com/media/photo-m/1280/1c/59/80/54/45-minute-helicopter.jpg","Written November 22, 2020","This review is the subjective opinion of a Tripadvisor member and not of Tripadvisor LLC."
"asiatraveler1964","https://www.tripadvisor.com/Profile/asiatraveler1964","https://media-cdn.tripadvisor.com/media/photo-s/01/42/6e/0b/asiatraveler1964.jpg","San Francisco, CA","5","","Fantastic","Very professional experience. Excellent pilot with Superb knowledge of the area. Great helicopters. The check in was smooth and the facility very clean and pleasant. We definitely saw the best of the Canyon. We will definitely come back to Maverick. ","","0","https://media-cdn.tripadvisor.com/media/photo-w/1c/55/fc/41/photo3jpg.jpg
https://media-cdn.tripadvisor.com/media/photo-w/1c/55/fc/40/photo2jpg.jpg
https://media-cdn.tripadvisor.com/media/photo-w/1c/55/fc/3f/photo1jpg.jpg
https://media-cdn.tripadvisor.com/media/photo-m/1280/1c/55/fc/3e/photo0jpg.jpg","Written November 18, 2020","This review is the subjective opinion of a Tripadvisor member and not of Tripadvisor LLC."
"Tanya B","https://www.tripadvisor.com/Profile/tanyab94","https://media-cdn.tripadvisor.com/media/photo-s/14/02/05/fc/tanya-w.jpg","Tulsa, OK","5","Nov 2020 • Couples","Exceptional","This ride was exceptional! I would do it again! It was not as scary as I thought it might be. The ride was smooth and the pilot was informative, I felt safe and enjoyed the entire experience!","Couples","0","https://media-cdn.tripadvisor.com/media/photo-m/1280/1c/48/1d/80/45-minute-helicopter.jpg
https://media-cdn.tripadvisor.com/media/photo-m/1280/1c/48/1d/7f/45-minute-helicopter.jpg","Written November 5, 2020","This review is the subjective opinion of a Tripadvisor member and not of Tripadvisor LLC."
"Daniel J","https://www.tripadvisor.com/Profile/I4165BDdanielj","https://media-cdn.tripadvisor.com/media/photo-o/1a/f6/e3/6a/default-avatar-2020-47.jpg","Monroe, GA","5","","Best way to see the Canyon","The flight was amazing!!  Our pilot Jeff did a great job of telling us about all the things we were seeing.  He also let us know when the air was going to get a bit choppy which was helpful as well.  Overall the flight was very smooth with spectacular views!!!","","0","","Written November 4, 2020","This review is the subjective opinion of a Tripadvisor member and not of Tripadvisor LLC."
"Mike W","https://www.tripadvisor.com/Profile/W819KDmikew","https://media-cdn.tripadvisor.com/media/photo-o/1a/f6/eb/a3/default-avatar-2020-38.jpg","","5","Oct 2020","Incredible!","Our son just graduated from AIT (ARMY training) in Ft. Huachuca AZ. He asked us to drive half way across the country to pick him up so of course it was a no-brainer. We really wanted to surprise him with something special for this once in a life time occasion, and what better than a helicopter tour over the Grand Canyon!<br /><br />We spent about $300 each for the 3 of us and it was worth EVERY PENNY. Don't think about it, just do it. It was incredible. The pilot was wonderful and the ride was a lot smoother than I was anticipating. My wife is afraid of heights and she was comfortable the whole time. <br /><br />Extra shout out that the pilot shuffled us around of the preselected seating assignments (based on our weight) after I asked if he could let my son sit in the ""good seat"" (front right with the best view - although it was great from the back seat too) because of the special occasion of picking him up for ARMY training.","","0","https://media-cdn.tripadvisor.com/media/photo-m/1280/1c/44/59/58/amazing-views-the-entire.jpg
https://media-cdn.tripadvisor.com/media/photo-m/1280/1c/44/59/57/one-of-my-favorite-parts.jpg
https://media-cdn.tripadvisor.com/media/photo-m/1280/1c/44/59/56/crazy-to-think-that-those.jpg
https://media-cdn.tripadvisor.com/media/photo-m/1280/1c/44/59/55/nice-and-clean-comfortable.jpg","Written November 2, 2020","This review is the subjective opinion of a Tripadvisor member and not of Tripadvisor LLC."
"kerry h","https://www.tripadvisor.com/Profile/415kerryh","https://media-cdn.tripadvisor.com/media/photo-o/1a/f6/e5/2b/default-avatar-2020-52.jpg","Fort Payne, AL","5","","Best way to experience the Canyon!","We have always wanted to see more of the Grand Canyon but my wife has mobility issues,  so hiking down into the Canyon is no longer an option.  Opted to splurge a little and take the helicopter tour,  as we probably won't ever make it back out there.  Fortunately,  the tour didn't cancel due to covid concerns and we were able to go on the tour.  Chose Maverick due to positive reviews online,  also liked the model of the chopper, which provided good views even if sitting in rear seats. The tour happened on time. All staff were very friendly and courteous.  Our pilot was an Army vet who handled the bird with great skill. He also provided a very informative narrative to let us know what we were seeing.  I would absolutely recommend Maverick ","","0","","Written November 1, 2020","This review is the subjective opinion of a Tripadvisor member and not of Tripadvisor LLC."
"k9swine","https://www.tripadvisor.com/Profile/k9swine","https://media-cdn.tripadvisor.com/media/photo-s/01/f1/60/d9/k9swine.jpg","San Francisco, CA","5","Oct 2020","Can't get the smile off my face!","If you want to see more remote parts of the Canyon, this is the way to go. Our Maverick pilot was not only experienced and skilled, but a great tour guide. The entire Maverick staff was extremely professional and friendly, and we couldn't have had a better experience. Well worth the money.","","0","","Written October 31, 2020","This review is the subjective opinion of a Tripadvisor member and not of Tripadvisor LLC."
"Ynna","https://www.tripadvisor.com/Profile/YnnaC","https://media-cdn.tripadvisor.com/media/photo-o/1a/f6/f2/eb/default-avatar-2020-27.jpg","Seattle, WA","5","Oct 2020","Amazing views of both the South Rim and the North Rim","I loved the helicopter tour. I highly recommend it, especially if you're not heading out to the North Rim. You get great views of it during the flight, and it definitely has a different feel to it than the South Rim. Jeff was our pilot and did a great job of guiding us through the journey.<br /><br />There's the opportunity to purchase a recording of the flight after the tour. Compared to photos/recordings of other activities I've previously done, the pricing felt very reasonable. We definitely appreciated the option, since there's a lot to take in and see during the flight, and the time in the air goes by quickly.<br /><br />On a side note, we felt really comfortable with the company's COVID precautions.","","0","","Written October 28, 2020","This review is the subjective opinion of a Tripadvisor member and not of Tripadvisor LLC."
"Lisa C","https://www.tripadvisor.com/Profile/lisacG8609HF","","","5","Oct 2020 • Couples","Excellent!!!","Totally the NEATEST way to see the Grand Canyon! Wonderful info about what we were seeing and surprised how 45 min was perfect!","Couples","0","https://media-cdn.tripadvisor.com/media/photo-m/1280/1c/3b/fa/ff/45-minute-helicopter.jpg","Written October 25, 2020","This review is the subjective opinion of a Tripadvisor member and not of Tripadvisor LLC."
"lehhcd","https://www.tripadvisor.com/Profile/lehhcd","https://media-cdn.tripadvisor.com/media/photo-o/1a/f6/f2/eb/default-avatar-2020-27.jpg","Saint Louis, MO","5","Oct 2020 • Couples","Amazing","Absolutely breathtaking. Professional and knowledgeable. 100% worth the cost.no regrets about booking with this provider.","Couples","0","","Written October 17, 2020","This review is the subjective opinion of a Tripadvisor member and not of Tripadvisor LLC."
"Katie D","https://www.tripadvisor.com/Profile/192katied","https://media-cdn.tripadvisor.com/media/photo-o/1a/f6/e7/99/default-avatar-2020-57.jpg","Tampa, FL","5","Oct 2020 • Family","The Canyon from Above","Seeing the Canyon from above gives a unique perspective on the expanse of the Grand Canyon. Maverick has a professional team and provides a safe and fascinating experience. It is worth every penny!","Family","0","","Written October 16, 2020","This review is the subjective opinion of a Tripadvisor member and not of Tripadvisor LLC."
"Lisa","https://www.tripadvisor.com/Profile/vigilants2020","https://media-cdn.tripadvisor.com/media/photo-o/1a/f6/de/e7/default-avatar-2020-37.jpg","Minneapolis, MN","5","Oct 2020","Great tour!","Our first helicopter tour!  The flight was smooth and very scenic.  Our pilot, Gim was friendly and informative.  Definitely worth it to see the most spectacular scenery in the world.","","0","","Written October 9, 2020","This review is the subjective opinion of a Tripadvisor member and not of Tripadvisor LLC."
"J H","https://www.tripadvisor.com/Profile/S2776AHjh","https://media-cdn.tripadvisor.com/media/photo-o/07/e5/37/cf/j-h.jpg","San Diego, CA","5","Oct 2020","Well-run company with highly experience pilots","Maverick Helicopters came highly recommended and now I understand why. It is organized and well-run. From initial contact to make the reservation until the flight was over, we were given clear instructions, efficient time schedules, and professional interaction. Our pilot had decades of flight experience, both military and civilian, so we knew we were in good hands. As a business owner, I'm very impressed with the company and the way they treat their guests.","","0","","Written October 9, 2020","This review is the subjective opinion of a Tripadvisor member and not of Tripadvisor LLC."
"Brian","https://www.tripadvisor.com/Profile/KikiandRomy","https://media-cdn.tripadvisor.com/media/photo-f/01/2e/70/5e/avatar036.jpg","","5","Oct 2020 • Couples","Maverick helicopter tour over Grand Canyon","This was an amazing experience for me and my wife on our anniversary. When you fly over the forest and cross over the south rim for the first time It was awesome! You see everything, the rapids in the Colorado river, marble canyon, lava flows from Mt Humphrey and a fault line. The whole time the pilot is pointing out all of these and much more and giving some history about the Canyon as well. The tour also included the north rim as well. All the scenery just makes you go, “wow”, in awe of it all. This was my second time to the Canyon and won’t be my last. I don’t have anything I didn’t like about the tour. If you haven’t been in a helicopter you do feel some vibration but nothing excessive. There is no weightlessness feeling when taking off or landing like a plane. Maverick’s staff was very professional and provided the best service. The pilot was very professional, friendly, and knowledgeable. He made the flight more fun and interesting. I will fly again with Maverick in the future because of their customer service and staff. Thank you so much for an awesome experience!!!","Couples","0","https://media-cdn.tripadvisor.com/media/photo-w/1c/25/22/1b/45-minute-helicopter.jpg
https://media-cdn.tripadvisor.com/media/photo-m/1280/1c/25/22/1a/45-minute-helicopter.jpg
https://media-cdn.tripadvisor.com/media/photo-m/1280/1c/25/22/16/45-minute-helicopter.jpg
https://media-cdn.tripadvisor.com/media/photo-w/1c/25/22/14/45-minute-helicopter.jpg","Written October 8, 2020","This review is the subjective opinion of a Tripadvisor member and not of Tripadvisor LLC."
"Jean Paul I","https://www.tripadvisor.com/Profile/jpinfant","https://media-cdn.tripadvisor.com/media/photo-o/1a/f6/f2/11/default-avatar-2020-23.jpg","Arlington, TX","5","Sep 2020","Excellent Service","Maverick Helicopters were amazing, we arrived early and we were able to leave early for our tour. Being a pilot my self, I was allowed to bring my personal headsets, that way I could talk back to the pilot, due to Covid guest headsets have their microphone disabled. Captain Vern was very knowledgeable of the Canyon and did an awesome job pointing out all the sites of interest. A Canyon helicopter tour gives you a broader perspective of the Canyon, that you do not get from looking at it from the Rim. Thanks Maverick Helicopters for an amazing experience.","","0","","Written September 30, 2020","This review is the subjective opinion of a Tripadvisor member and not of Tripadvisor LLC."
"Tera G","https://www.tripadvisor.com/Profile/408terag","https://media-cdn.tripadvisor.com/media/photo-f/01/2e/70/6e/avatar051.jpg","","5","Aug 2020 • Family","Helicopter tour highlight of our trip","This helicopter trip was the highlight of our trip to GC. I appreciated the safety protocols that they took to keep us all safe (temps, masks, screening). The pilot was informative about the different rock formations - we saw bison which was super cool! Would highly recommend!","Family","0","","Written September 25, 2020","This review is the subjective opinion of a Tripadvisor member and not of Tripadvisor LLC."
"Charles","https://www.tripadvisor.com/Profile/chastaino","https://media-cdn.tripadvisor.com/media/photo-o/1a/f6/ea/74/default-avatar-2020-68.jpg","","1","Sep 2020","THE FIRM LACKS INTEGRITY AND FOLLOW UP","Never book with these people....  I made a reservation for September 30 and they said it was confirmed for Sept 23rd.  They never sent a confirmation, never got one and they called me to confirm on the same day a few minutes before the take off and are not going to change my reservation according to them....  If you have not read the other reviews you should do so, this place lacks follow up - lacks the desentcy of calling up and confirming.  I don t arrive to Las Vegas till Sept 27 --- Thus impossible to make the reservation on the 23rd.  DO NOT BOOK WITH THEM -----  DONT.... there are other better options.","","0","","Written September 23, 2020","This review is the subjective opinion of a Tripadvisor member and not of Tripadvisor LLC."
"Cécile L","https://www.tripadvisor.com/Profile/456c_cilel","https://media-cdn.tripadvisor.com/media/photo-o/1a/f6/f2/7a/default-avatar-2020-25.jpg","","5","Sep 2020 • Couples","Incredible way to experience the Grand Canyon","I’m so glad my husband and I took this tour as a honeymoon gift. What an amazing way to see the beauty of the Grand Canyon and its immediate surroundings. It was our first time in an helicopter and we were a bit nervous. The pilot made all guests very comfortable. We were 6 in total.  He also shared valuable information about the canyon. The flight was very stable and the views left me speechless. I would def do it again.","Couples","0","https://media-cdn.tripadvisor.com/media/photo-w/1c/0c/77/08/45-minute-helicopter.jpg","Written September 21, 2020","This review is the subjective opinion of a Tripadvisor member and not of Tripadvisor LLC."
"Richard","https://www.tripadvisor.com/Profile/richardl06720YL","https://media-cdn.tripadvisor.com/media/photo-o/1a/f6/de/5a/default-avatar-2020-36.jpg","","5","","Room with a view","In the age of Covid, the National Park system is open for business; however, it's not business as usual as many parts of the parks are closed. Given the closures, we decided to take a helicopter ride with Maverick Helicopters to see the Grand Canyon from an angle most people will never enjoy. Vern, our pilot and guide, provided educational and interesting commentary during our 45 minute flight. As you might imagine, the views of the already beautiful canyon are absolutely SPECTACULAR from above!<br /> <br />Would I do it again? Yes<br />Do I recommend it? Absolutely!","","0","","Written September 16, 2020","This review is the subjective opinion of a Tripadvisor member and not of Tripadvisor LLC."
"Roberta G","https://www.tripadvisor.com/Profile/M9936VCrobertag","https://media-cdn.tripadvisor.com/media/photo-f/01/2e/70/7e/avatar065.jpg","","5","Sep 2020","Breathe taking experience","Just seeing the amazing views from the helicopter was awesome.  It was breath taking and almost overwhelming.  The natural beauty of it all was fascinating.<br />I think the helicopter tour is the only way to see the grand canyon in its entirety.<br /><br />If I was going to comment on one thing, it would be that it was hard to hear the pilot.  I tried turning up my earphones but that didn't work, although he did have a mask on, therefore he should of spoke louder.","","0","","Written September 13, 2020","This review is the subjective opinion of a Tripadvisor member and not of Tripadvisor LLC."
"Barry B","https://www.tripadvisor.com/Profile/B6456YFbarryb","https://media-cdn.tripadvisor.com/media/photo-o/1a/f6/ed/00/default-avatar-2020-4.jpg","Orlando, FL","5","Sep 2020 • Couples","WOW!","Jesse was a great pilot and the experience is unforgettable!  A must do!  The whole staff was incredible!","Couples","0","","Written September 6, 2020","This review is the subjective opinion of a Tripadvisor member and not of Tripadvisor LLC."
"John A","https://www.tripadvisor.com/Profile/johnaM936WN","https://media-cdn.tripadvisor.com/media/photo-o/1a/f6/de/5a/default-avatar-2020-36.jpg","","5","Jun 2020","Ariel Awesomeness!","It was a jaw dropping experience.  What an incredible way to see the Grand Canyon.  Did this as a gift to my Wife while we were on vacation, and it's the best money I spent the entire time.  Memories (and the video), to last a lifetime!","","0","https://media-cdn.tripadvisor.com/media/photo-w/1b/c3/9c/4c/ready-for-our-flight.jpg","Written August 13, 2020","This review is the subjective opinion of a Tripadvisor member and not of Tripadvisor LLC."
"Helene P","https://www.tripadvisor.com/Profile/HelenCT19","https://media-cdn.tripadvisor.com/media/photo-s/1c/28/2a/97/helene-p.jpg","Cape Town, South Africa","5","Aug 2020","Worth every cent!","What an absolute treat to be able to experience the vastness and scale of the Grand Canyon. We loved our experience with Maverick Helicopters from the moment of booking to seeing the videos of our flight. A very special thank you to Traci Henderson in customer service and Jeff our very informative and reassuring pilot. I would highly recommend this tour to anyone coming to see the Grand Canyon!","","0","","Written August 5, 2020","This review is the subjective opinion of a Tripadvisor member and not of Tripadvisor LLC."
"Katja-Tristan","https://www.tripadvisor.com/Profile/Katja-Tristan","https://media-cdn.tripadvisor.com/media/photo-o/1a/f6/f4/d0/default-avatar-2020-33.jpg","Halle (Saale), Germany","5","Sep 2019","Tolles Erlebnis mit tollem Piloten","Nach der Anmeldung durften wir uns im bequemen Wartebereich hinsetzen und Warten. Die Gruppen wurden dann vom Piloten aufgerufen. Die Hubschrauber wurden nicht bis auf den letzten Platz vollgeknallt, was es sehr angenehm machte. <br />Es wurden Bilder von uns vor dem Helikopter geschossen, welche man aber nicht kaufen musste. Man wurde dazu auch nicht gedrängt.<br />Wir konnten nach dem Flug selber noch Bilder mit uns, dem Piloten und dem Hubschrauber machen. Wir haben schnell mit den anderen Mitfliegenden die Kameras getauscht, sodass jeder sich gleich auf seiner Kamera hatte. <br />Es war eine sehr schöne und entspannte Tour und eines unserer Grand Canyon Highlights.","","0","https://media-cdn.tripadvisor.com/media/photo-m/1280/1b/ad/5e/aa/grand-canyon.jpg
https://media-cdn.tripadvisor.com/media/photo-m/1280/1b/ad/5e/5f/grand-canyon.jpg","Written August 2, 2020","This review is the subjective opinion of a Tripadvisor member and not of Tripadvisor LLC."
"Dana G","https://www.tripadvisor.com/Profile/810danag","https://media-cdn.tripadvisor.com/media/photo-o/06/43/b7/53/dana-g.jpg","Burke, VA","5","Jul 2020 • Family","Perfect morning adventure","My daughter and I enjoyed the 9AM tour - it was the perfect amount of time and the pilot was informative and shared interesting info about the landscape of the canyon. The flight was comfortable.","Family","0","","Written July 26, 2020","This review is the subjective opinion of a Tripadvisor member and not of Tripadvisor LLC."
"Ronda S","https://www.tripadvisor.com/Profile/rondas736","https://media-cdn.tripadvisor.com/media/photo-o/1a/f6/e9/bb/default-avatar-2020-65.jpg","Midlothian, VA","5","Jul 2020 • Friends","Absolute best way to see the canyon","Our pilot was an exceptional host and provided many facts in history of the area. I can't imagine not having done this excursion.","Friends","0","https://media-cdn.tripadvisor.com/media/photo-w/1b/8c/7f/41/45-minute-helicopter.jpg","Written July 13, 2020","This review is the subjective opinion of a Tripadvisor member and not of Tripadvisor LLC."
"grandymitchell","https://www.tripadvisor.com/Profile/grandymitchell","https://media-cdn.tripadvisor.com/media/photo-o/1a/f6/ee/68/default-avatar-2020-9.jpg","Georgetown, TX","5","Jul 2020","Thrilling experience of the Grand Canyon.","My wife and I went on this helicopter tour this morning. Wow! It was spectacular. Our pilot Jeff was great and the entire experience was thrilling. This is the way to see the Grand Canyon. It was awe-inspiring when we went over the rim, the bottom dropped out, and we were above the Canyon. This was our first ever helicopter tour, and we'll be doing them some more!","","0","","Written July 12, 2020","This review is the subjective opinion of a Tripadvisor member and not of Tripadvisor LLC."
"TravelingCoco","https://www.tripadvisor.com/Profile/The1Coco","https://media-cdn.tripadvisor.com/media/photo-o/1a/f6/ee/10/default-avatar-2020-8.jpg","Arlington, VA","5","Jun 2020 • Friends","First Helicopter Tour - 5 Star Service","I’ve never been on a helicopter tour and I was debating if this would be worth it - especially given the price. It is absolutely worth every penny! Our guide Jesse was fantastic and everyone was very friendly. Great tour. Highly recommend.","Friends","0","","Written June 28, 2020","This review is the subjective opinion of a Tripadvisor member and not of Tripadvisor LLC."
"Carsten Kjær J","https://www.tripadvisor.com/Profile/Relax431179","https://media-cdn.tripadvisor.com/media/photo-o/1a/f6/e2/e6/default-avatar-2020-45.jpg","Korsoer, Denmark","5","Sep 2019","Gran Canyon from above","Take this trip by Helicopter; see the largest Pinewood in the World before you have the World’s greatest Canyon below you with the wild water in the Colorado River. Continue the flight and see the spectaculars sceneries of this amazing place including the wild Buffaloes seeking shade for the sun.","","0","","Written March 6, 2020","This review is the subjective opinion of a Tripadvisor member and not of Tripadvisor LLC."
"CCB","https://www.tripadvisor.com/Profile/cherylbU6511NQ","","Atwater, CA","5","Feb 2020 • Couples","Grand Canyon","Our pilot was provided a gentle ride with incredible views. Many of the sights could not have been from the rim. He was knowledgeable about the formations and history. I would definitely recommend this company","Couples","0","https://media-cdn.tripadvisor.com/media/photo-o/1b/12/a6/0c/45-minute-helicopter.jpg","Written March 3, 2020","This review is the subjective opinion of a Tripadvisor member and not of Tripadvisor LLC."
"Neal C","https://www.tripadvisor.com/Profile/271nealc","https://media-cdn.tripadvisor.com/media/photo-o/1a/f6/e8/ea/default-avatar-2020-63.jpg","Mansfield Woodhouse, UK","5","Mar 2019","detours grand canyon","Detours was the name of the mini coach company which drove us from Phoenix to the grand canyon and back. Of course the Maveric helcopter tour of the canyon was an amazing highlight of the day, but the 500 mile round trip there and back showed us lots more. Our guide had a great knowledge of everwhere we went from Sedona to Flagstaff and back through the Indian reservation. Our visit was may 2014, so a while ago but unforgettable.","","0","https://media-cdn.tripadvisor.com/media/photo-o/1b/04/19/8b/just-landed-after-45.jpg","Written February 26, 2020","This review is the subjective opinion of a Tripadvisor member and not of Tripadvisor LLC."
"Koen D","https://www.tripadvisor.com/Profile/KoenD1805","https://media-cdn.tripadvisor.com/media/photo-o/1a/f6/77/ae/default-avatar-2020-2.jpg","Dilbeek, Belgium","5","Jul 2019","Fantastic views!!","We had a fantastic flight in a very comfortable helicopter. My wife tends to feel not that well in a heli, yet here, no problem! The pilot gives a lot of information about what you see. The music you hear is just great when flying over the canyon. We loved it, so did our kids, euh, young adults! <br /><br />Not cheap, agreed, yet worthwhile - an experience you'll never forget!<br /><br />I recommend this trip to other families!","","0","","Written February 9, 2020","This review is the subjective opinion of a Tripadvisor member and not of Tripadvisor LLC."
"pjsdm","https://www.tripadvisor.com/Profile/pjsdm","https://media-cdn.tripadvisor.com/media/photo-o/06/0c/33/53/jeanpierreplouf.jpg","La Trinite-sur-Mer, France","5","","DIFFICILE DE REVENIR SUR TERRE","Le grand canyon c'est déjà top, faire de l'hélicoptère aussi, vous combinez les deux et là c'est énorme. Nous en sortons, ça va être difficile de faire quelque chose de supérieure maintenant. 3/4 d'heure effectif d'hélico pour 299 dollars ça les vaut amplement. Organisation et pilote au top, respect des horaires, super musique à bord, rien a dire. Si vous pouvez faites le.","","0","https://media-cdn.tripadvisor.com/media/photo-o/1a/d3/f3/d6/20200207-115520-largejpg.jpg
https://media-cdn.tripadvisor.com/media/photo-o/1a/d3/f3/d5/20200207-120130-largejpg.jpg","Written February 7, 2020","This review is the subjective opinion of a Tripadvisor member and not of Tripadvisor LLC."
"Kate T","https://www.tripadvisor.com/Profile/wanderlustful_katie","https://media-cdn.tripadvisor.com/media/photo-m/1280/1a/ac/1b/2c/899katet.jpg","Campbelltown, Australia","5","Jan 2020","Maverick Helicopters, the only way to see and experience the Grand Canyon!","My father and I booked Maverick Helicopters quite eagerly, knowing very well that whilst it may be a bit expensive, that it would be the best way to see the Grand Canyon - and boy, it did not disappoint! Our pilot was very kind and friendly, ensuring every passenger had a turn to sit in the front and marvel at the wonderful views the Canyon had to offer! He provided fun facts along the way about different spots of the Canyon, dropping our group off so that we may explore part of the Canyon by foot. Travelling with Maverick Helicopters was an amazing decision, and by far the best and most safest way to explore and see the Canyon!! You really do see so much more than you would, have you had travelled by bus or car. I can promise, it WILL NOT disappoint!","","0","","Written January 22, 2020","This review is the subjective opinion of a Tripadvisor member and not of Tripadvisor LLC."
"francois c","https://www.tripadvisor.com/Profile/S5405BYfrancoisc","","Annemasse, France","5","Dec 2019","magnifique","un seul mot ""genial"" il faut absolument pas louper cela  ,c'etatit fantastique et le pilote au top ,pour les commentaires  selon quoi si nous sommes poas aux fenêtres nous ne voyons rien ,c est absolument faut  ,j'étais pour ma part derriere et au milieu et j en ai quand même pris plein les yeux ,c est  cher mais ca vaut le coup.<br /><br />merci encore à l'équipe de maverick  hélicoptère","","0","","Written January 6, 2020","This review is the subjective opinion of a Tripadvisor member and not of Tripadvisor LLC."
"Émilie","https://www.tripadvisor.com/Profile/emilieparis_75","https://media-cdn.tripadvisor.com/media/photo-o/1a/f6/f4/d0/default-avatar-2020-33.jpg","Paris, France","1","","Si vous n’avez pas de siège fenêtre - aucun intérêt ","Les prix sont assez élevés et pas de garantie d’un siège près de la fenêtre et donc peu de visibilité durant le vol. <br /><br />Pas de flexibilité - impossible s’annule si votre place dans l’hélicoptère ne vous convient pas : exemple vous vous retrouvez au milieu de l’hélicoptère entre deux personnes donc pas de vues direct.<br /><br />6 passagers maximum<br />5 sièges sur 6 ont une visibilité fenêtre <br />Les sièges sont attribué par un ordinateur en fonction des poids et tailles de tout le monde <br /><br />Notre avis : si vous n’avez pas de siège fenêtre le tour n’a aucun intérêt. ","","0","","Written January 4, 2020","This review is the subjective opinion of a Tripadvisor member and not of Tripadvisor LLC."
"J of Banbury","https://www.tripadvisor.com/Profile/U2322BMjamess","","Middleton Cheney, UK","5","","Best way to experience the grandeur ","We um'ed and ah'ed about booking this due to the cost but were so glad that we did.<br /><br />We were staying at Yavapai lodge just 25-30mins away at took the 10am flight.<br /><br />It was a fresh -6 so we wrapped up warm and were treated to a great flight and some information by the pilot as we took 45mins to fly over various features of the Grand Canyon and take it all in.<br /><br />Well worth every penny.","","0","https://media-cdn.tripadvisor.com/media/photo-m/1280/1a/77/4a/2f/20191231-195210-largejpg.jpg
https://media-cdn.tripadvisor.com/media/photo-m/1280/1a/77/4a/2e/20191231-195306-largejpg.jpg
https://media-cdn.tripadvisor.com/media/photo-m/1280/1a/77/4a/2d/20191231-195416-largejpg.jpg
https://media-cdn.tripadvisor.com/media/photo-m/1280/1a/77/4a/2c/20191231-195504-largejpg.jpg","Written January 2, 2020","This review is the subjective opinion of a Tripadvisor member and not of Tripadvisor LLC."
"Avishai S","https://www.tripadvisor.com/Profile/399avishais","https://media-cdn.tripadvisor.com/media/photo-o/1a/f6/e8/5b/default-avatar-2020-61.jpg","NYC","5","Dec 2019","Great experience and way to view the grand canyon","They picked us from our Hotel in LV, took us to the airport and from there we started our journey - great experience","","0","","Written December 27, 2019","This review is the subjective opinion of a Tripadvisor member and not of Tripadvisor LLC."
"Lucasvb","https://www.tripadvisor.com/Profile/Lucasvb","https://media-cdn.tripadvisor.com/media/photo-o/04/99/3b/e1/lucasvb.jpg","Niteroi, RJ","5","Nov 2019","Passeio único!","Fiz o passeio de 45 min com minha esposa e meu pai, todos nós adoramos. O valor investido não é pequeno, mas vale muito o passeio. Se conhecer o Grand Canyon através dos mirantes e diferentes pontos de vista do parque já é fantástico, sobrevoar e ""mergulhar"" no canyon dentro de um helicoptero é uma experiencia indescritível.","","0","","Written December 18, 2019","This review is the subjective opinion of a Tripadvisor member and not of Tripadvisor LLC."
"Patricia R","https://www.tripadvisor.com/Profile/patricia9252","https://media-cdn.tripadvisor.com/media/photo-o/1a/f6/df/2b/default-avatar-2020-39.jpg","Hunt Valley, MD","5","Nov 2019","Helicopter Tour- Grand Canyon Nov 16, 2019","The best part of our trip!  Daniel our pilot was awesome.  His music was spot on and he provided a lot of information about the Canyon.  It was an unforgettable experience - highly recommend.","","0","","Written November 24, 2019","This review is the subjective opinion of a Tripadvisor member and not of Tripadvisor LLC."
"CERNJ","https://www.tripadvisor.com/Profile/CERNJ","https://media-cdn.tripadvisor.com/media/photo-o/1a/f6/eb/e3/default-avatar-2020-59.jpg","Atlantic City, NJ","5","Nov 2019","Don't miss the opportunity!","If you may never get to the Grand Canyon again, don't miss the opportunity to see it from the air. The trip with Maverick was well worth the money. The moment you clear the Ponderosa Pines and drop into the canyon you know that you made the right decision. The Majesty of the Grand Canyon is just breathtaking and seeing by air adds another dimension to the experience. Our experience with maverick, from the booking to the post flight photos was very well handled and professional.  Our pilot Jeff was a great host and made this once in a lifetime experience just that much better.","","0","https://media-cdn.tripadvisor.com/media/photo-m/1280/1a/14/8e/7d/ready-for-takeoff.jpg
https://media-cdn.tripadvisor.com/media/photo-w/1a/14/8e/6f/beautiful-vistas.jpg","Written November 19, 2019","This review is the subjective opinion of a Tripadvisor member and not of Tripadvisor LLC."
"Sandra P","https://www.tripadvisor.com/Profile/sandrapW9875HM","https://media-cdn.tripadvisor.com/media/photo-o/1a/f6/ec/3d/default-avatar-2020-1.jpg","Alexandria, VA","5","Nov 2019 • Couples","Amazing ride!","Our pilot, the gorgeous weather, and the breathtaking canyon, made this an unforgettable experience. If you are in the area, I would highly recommend this tour.","Couples","0","https://media-cdn.tripadvisor.com/media/photo-m/1280/19/fd/fc/3f/45-minute-helicopter.jpg","Written November 10, 2019","This review is the subjective opinion of a Tripadvisor member and not of Tripadvisor LLC."
"Rachel C","https://www.tripadvisor.com/Profile/K1754DOrachelc","https://media-cdn.tripadvisor.com/media/photo-o/1a/f6/f2/b8/default-avatar-2020-26.jpg","London, UK","5","Oct 2019","Only way to see the Grand Canyon","We've been in a helicopter tour before (over Iguazu Falls) so had high expectations, and were not disappointed.  You can't appreciate the full extent and beauty of the Grand Canyon unless you see it from above.  The Maverick service was excellent from start to finish.  Would love to do this tour again one day.  It's really special.","","0","","Written November 8, 2019","This review is the subjective opinion of a Tripadvisor member and not of Tripadvisor LLC."
"SERVANDO A","https://www.tripadvisor.com/Profile/servandoa515","https://media-cdn.tripadvisor.com/media/photo-o/1a/f6/ec/a2/default-avatar-2020-3.jpg","Madrid, Spain","5","Dec 2018","EXPERIENCIA INOLVIDABLE","Una de las mejores experiencias de mi vida. Viajé en Agosto de 2018 con mi pareja y su hijo. Una de las mejores decisiones que tomamos, fuer hacer el vuelo en helicóptero sobre el Gran Cañón. Indescriptible!. Una experiencia totalmente recomendable y que recordaremos toda la vida.","","0","","Written November 7, 2019","This review is the subjective opinion of a Tripadvisor member and not of Tripadvisor LLC."
"D C","https://www.tripadvisor.com/Profile/David2444","https://media-cdn.tripadvisor.com/media/photo-o/1a/f6/f4/20/default-avatar-2020-31.jpg","Saint Ignatius, MT","5","Nov 2019","Bucket List","Lifetime experience. First helicopter ride and was a little nervous but the professional group was great. The pilot was very reassuring and very informative.<br />You fly over and through the Canyon and see many things that you can not appreciate on the ground.","","0","","Written November 6, 2019","This review is the subjective opinion of a Tripadvisor member and not of Tripadvisor LLC."
"Lucia I","https://www.tripadvisor.com/Profile/Coastal140626","https://media-cdn.tripadvisor.com/media/photo-o/1a/f6/e9/60/default-avatar-2020-64.jpg","","5","Oct 2019 • Couples","Surreal -a must item on your bucket list!","My husband and I did this tour something we’ve wanted to do and are so happy we did it! The helicopter tour out of the Grand Canyon national park airport is the way to go. The views were breathtaking..It was an incredible experience and if you can do this in your life time you should! Our pilot was great and entertaining.","Couples","0","","Written November 6, 2019","This review is the subjective opinion of a Tripadvisor member and not of Tripadvisor LLC."
"Terri B","https://www.tripadvisor.com/Profile/tpcard","","","5","Oct 2019","Amazing","Had a tip from a local that this was the trip to take.  We will never forget the flight and amazing views.  This is definitely the company to take it with!","","0","","Written November 5, 2019","This review is the subjective opinion of a Tripadvisor member and not of Tripadvisor LLC."
"thehippo22","https://www.tripadvisor.com/Profile/thehippo22","https://media-cdn.tripadvisor.com/media/photo-o/07/a1/08/db/thehippo22.jpg","Swindon, UK","5","Oct 2019","Worth every penny for a once in a lifetime trip","We were in 2 minds whether to spend so much on a trip but it was worth it.  Our pilot was great and the trip brought tears to our eyes.  Definitely worth going for the 45 mins, as you get to go all the way from the south rim to the north","","0","https://media-cdn.tripadvisor.com/media/photo-m/1280/19/e9/4d/6a/grand-canyon.jpg
https://media-cdn.tripadvisor.com/media/photo-m/1280/19/e9/4d/57/grand-canyon.jpg
https://media-cdn.tripadvisor.com/media/photo-w/19/e9/4d/46/grand-canyon-the-colorado.jpg","Written November 3, 2019","This review is the subjective opinion of a Tripadvisor member and not of Tripadvisor LLC."
"travworld112","https://www.tripadvisor.com/Profile/travworld112","https://media-cdn.tripadvisor.com/media/photo-o/1a/f6/ea/74/default-avatar-2020-68.jpg","Seattle, WA","5","Jul 2019","Amazing tour and great service","Staff here were so well organized and helpful after we tried another activity which we were very disappointed with their lack of service. Maverick fitted us in last minute on a busy weekend and our pilot was awesome and made the experience for us. Really recommend it as a treat, worth it when you go all the way there to see the Grand Canyon from the air. Go with Maverick over other activities, we felt like we went with a trusted safe company who valued their customers.","","0","","Written October 30, 2019","This review is the subjective opinion of a Tripadvisor member and not of Tripadvisor LLC."
"Olaf P","https://www.tripadvisor.com/Profile/658olafp","https://media-cdn.tripadvisor.com/media/photo-o/1a/f6/e9/bb/default-avatar-2020-65.jpg","","5","Oct 2019","Highlight des Urlaubs","Die Abwicklung war total entspannt und familiär. Der Pilot war super. Insgesamt ein unvergessliches Erlebnis.","","0","","Written October 30, 2019","This review is the subjective opinion of a Tripadvisor member and not of Tripadvisor LLC."
"Wander748585","https://www.tripadvisor.com/Profile/Wander748585","https://media-cdn.tripadvisor.com/media/photo-o/1a/f6/f2/eb/default-avatar-2020-27.jpg","","5","Oct 2019 • Family","Helicopter tour","We had a great time! Our son got to sit in the front seat and had a blast!  We were in the back and had some difficulty getting pictures but still managed to get some good shots.","Family","0","","Written October 26, 2019","This review is the subjective opinion of a Tripadvisor member and not of Tripadvisor LLC."
"Melanie H","https://www.tripadvisor.com/Profile/melaniehN8901AH","https://media-cdn.tripadvisor.com/media/photo-o/1a/f6/f2/59/default-avatar-2020-24.jpg","","5","Oct 2019","Amazing excursion","My sisters and I took the helicopter tour over the Grand Canyon, and it lets you get a <br />Great appreciation for the amazing Canyon you do not get just from seeing it on the lookout points.<br />Very fun and great opportunity. Well worth the money.<br />Our guide and pilot Daniel was very good","","0","","Written October 24, 2019","This review is the subjective opinion of a Tripadvisor member and not of Tripadvisor LLC."
"Ian J","https://www.tripadvisor.com/Profile/ianjP6194JM","https://media-cdn.tripadvisor.com/media/photo-o/1a/f6/e8/5b/default-avatar-2020-61.jpg","","5","Oct 2019 • Couples","Grand Canyon 2019","Awesome flight with a great pilot.  Would definitely recommend Maverick. Arnie the manager was a deadset legend.","Couples","0","","Written October 23, 2019","This review is the subjective opinion of a Tripadvisor member and not of Tripadvisor LLC."
"Jeanette N","https://www.tripadvisor.com/Profile/851jeanetten","https://media-cdn.tripadvisor.com/media/photo-o/1a/f6/eb/e3/default-avatar-2020-59.jpg","","5","Oct 2019 • Couples","Helicopter flight over Grand Canyon","Verne was our pilot and took us on a fantastic trip over the grand canyon and surrounding area. He was very informative and the scenery was breath taking. I would go again in a heart beat!!","Couples","0","","Written October 23, 2019","This review is the subjective opinion of a Tripadvisor member and not of Tripadvisor LLC."
"Karen D","https://www.tripadvisor.com/Profile/karendN3064UG","","","3","Oct 2019 • Couples","Helicopter was good but we didn’t get time booked","Turned up for our helicopter flight to be told that they had gone back to Trip advisor to say the time we booked wasn’t available - we were not advised of this. Luckily the chaps at maverick sorted us going on another flight - later than we wanted because of sun glare but at least we still got to go. 5/5 for the helicopter tour 3/5 for the booking process","Couples","0","","Written October 23, 2019","This review is the subjective opinion of a Tripadvisor member and not of Tripadvisor LLC."
"Olga A","https://www.tripadvisor.com/Profile/11olgaa","https://media-cdn.tripadvisor.com/media/photo-s/0c/a2/c3/0d/olya-a.jpg","Frankfurt, Germany","5","Oct 2019 • Couples","Highlight of the US trip","On my birthday we happened to be in the US this year so I decided to make it as exciting as possible. We started off with the helicopter trip over the Grand Canyon in AZ and it was awesome! There was noise at all in the cabin, taking off and landing went as smoothly as possible meaning we didn’t feel any bumping at all. The views are breathtaking and incomparable with the hiking (which we did right after the flight). I wish the flight took longer: somehow 45 mins does not feel long enough to see the beauty of the canyon. Maverick does a really good job!","Couples","0","https://media-cdn.tripadvisor.com/media/photo-m/1280/19/c7/7b/57/45-minute-helicopter.jpg
https://media-cdn.tripadvisor.com/media/photo-m/1280/19/c7/7b/54/45-minute-helicopter.jpg
https://media-cdn.tripadvisor.com/media/photo-w/19/c7/7b/53/45-minute-helicopter.jpg
https://media-cdn.tripadvisor.com/media/photo-m/1280/19/c7/7b/52/45-minute-helicopter.jpg
https://media-cdn.tripadvisor.com/media/photo-m/1280/19/c7/7b/51/45-minute-helicopter.jpg
https://media-cdn.tripadvisor.com/media/photo-m/1280/19/c7/7b/4e/45-minute-helicopter.jpg
https://media-cdn.tripadvisor.com/media/photo-w/19/c7/7b/4d/45-minute-helicopter.jpg
https://media-cdn.tripadvisor.com/media/photo-m/1280/19/c7/7b/44/45-minute-helicopter.jpg
https://media-cdn.tripadvisor.com/media/photo-o/19/c7/7b/3d/45-minute-helicopter.jpg","Written October 22, 2019","This review is the subjective opinion of a Tripadvisor member and not of Tripadvisor LLC."
"MatsL","https://www.tripadvisor.com/Profile/MatsLanderup","https://media-cdn.tripadvisor.com/media/photo-o/1a/f6/ef/73/default-avatar-2020-13.jpg","","5","Sep 2019","Otrolig upplevelse","Förväntade oss en makalös upplevelse, och den överträffades utan tvekan, vyerna var sagolika och piloten mycket skicklig och trevlig, tog väl hand om oss och var mycket informativ, kan bara rekommendera denna tur med Maverick å det varmaste, tack för upplevelsen!","","0","","Written October 20, 2019","This review is the subjective opinion of a Tripadvisor member and not of Tripadvisor LLC."
"Elena G","https://www.tripadvisor.com/Profile/elena468","https://media-cdn.tripadvisor.com/media/photo-o/1a/f6/f4/5d/default-avatar-2020-32.jpg","San Sebastian - Donostia, Spain","5","Apr 2019","Experiencia inolvidable","Merece la pena disfrutar del Gran Cañón desde el aire, y el viaje en helicóptero es el medio ideal, no hay mejor manera de apreciar la majestuosidad de la naturaleza, sus dimensiones, la profundidad del cañón, los colores del agua....<br />El personal de Maverick muy atento y profesional, la simpatía del piloto nos hizo el viaje aún más agradable.","","0","","Written October 18, 2019","This review is the subjective opinion of a Tripadvisor member and not of Tripadvisor LLC."
"wendyoliver","https://www.tripadvisor.com/Profile/wendyoliver","https://media-cdn.tripadvisor.com/media/photo-o/1a/f6/f4/d0/default-avatar-2020-33.jpg","Okehampton, UK","5","Oct 2019","Amazing Grand Canyon flight with spectacular views","This was worth every penny (or dollar even!) Check in was very straightforward. The flight took off spot on time and there was ample room to see. You get allocated seating depending on weight for safe loading so be prepared. There are 6 passenger seats with Maverick. 2 are front seats so even sat in the middle front you have a full view. There are 2 rear window seats and 2 middle rear.  Even the rear middle have good views and are not that obstructed.  The flight was ever so smooth and for those afraid of flying then the music helped calm the nerves.","","0","","Written October 10, 2019","This review is the subjective opinion of a Tripadvisor member and not of Tripadvisor LLC."
"wishwasbackthere","https://www.tripadvisor.com/Profile/wishwasbackthere","https://media-cdn.tripadvisor.com/media/photo-o/1a/f6/f2/59/default-avatar-2020-24.jpg","Wigan, UK","5","Oct 2019 • Family","Breathtaking","You have to do this - worth every penny. Well organised, Pilot well informed and very professional. Cannot recommend highly enough.","Family","0","","Written October 10, 2019","This review is the subjective opinion of a Tripadvisor member and not of Tripadvisor LLC."
"Coolwet","https://www.tripadvisor.com/Profile/Coolwet1","","","4","Oct 2019 • Friends","Absolument top '' ready for lift up''","Top, super top.. surtout si vous êtes assis sur 1 des 3 sièges de devant: place 1,2 ou 3 mais..pas de négociation possible ces 3 places sont assignées aux plus légers des 7 passagers. Donc pour les plus lourds du groupe c'est le 2eme rang : places 4,5 6 et 7 et là,il faut dire que se voir attribuer une des 2 places centrales 5 et 6 est extrêmement frustrant puisqu'on ne voit RIEN du show. Ahhh vous aurez quand même le droit dans un casque high tech à la musique, bien choisie,  pour accompagner les plongées dans le canjon avec les commentaires en français. Une petite consolation. Bon vol.<br />Coolwet from the top.","Friends","0","https://media-cdn.tripadvisor.com/media/photo-m/1280/19/8d/ac/77/vol-en-helicoptere-de.jpg","Written October 10, 2019","This review is the subjective opinion of a Tripadvisor member and not of Tripadvisor LLC."
"talvino","https://www.tripadvisor.com/Profile/talvino","https://media-cdn.tripadvisor.com/media/photo-o/1a/f6/e5/2b/default-avatar-2020-52.jpg","Vienna, Austria","5","Oct 2019","Einmaliges Erlebnis","Der Flug hat uns richtig gut gefallen, für uns war das wirklich einmalig, mit einem Hubschrauber über den Grand Canyon zu fliegen. Der lange Flug ist es für 30 Euro mehr wirklich wert. Wir haben auch vor Ort gefragt, ob es möglich wäre, in der ersten Reihe zu sitzen, und man konnte Wünsche äußern und wenn es vom Gewicht her irgendwie geht, bekommt man dann auch die erste Reihe!","","0","","Written October 10, 2019","This review is the subjective opinion of a Tripadvisor member and not of Tripadvisor LLC."
"Atlast33","https://www.tripadvisor.com/Profile/Atlast33","https://media-cdn.tripadvisor.com/media/photo-m/1280/19/8c/ef/8e/atlast33.jpg","","5","Oct 2019 • Couples","Exhilarating and one of the best experiences of my life !","It’s been on my bucket list to see Grand Canyon for many years, however, seeing the Canyon in a helicopter has exceeded all my expectations!  It was the best experience I have ever had, Russell the pilot was knowledgeable, professional and a highly skilled pilot.   I was concerned as on occasion I struggle with heights, however I had no need to worry, Russell prepared those on board with good sound information that enabled me to enjoy the experience without feeling any concerns with height or vertigo issues.   I loved it and the Canyon was at its best.   Please definitely consider doing a helicopter ride with Maverick Helicopters.   If your lucky enough to have Russell as your pilot, feel comfortable knowing you have a highly skilled and trained pilot who you will feel totally comfortable with and have an experience of a lifetime!!!   Grand Canyon did not disappoint it has been ticked off my bucket list, however, I’d love to come back and experience it again soon!","Couples","0","https://media-cdn.tripadvisor.com/media/photo-m/1280/19/80/15/d3/breathtaking.jpg","Written October 5, 2019","This review is the subjective opinion of a Tripadvisor member and not of Tripadvisor LLC."
"dawn s","https://www.tripadvisor.com/Profile/T9009QOdawns","https://media-cdn.tripadvisor.com/media/photo-o/2d/a1/de/c4/dawn-s.jpg","","5","Oct 2019","-","Fun and awe inspiring experience...highly recommend. Another item checked off my bucket list  Great views of the canyon and surrounding rim.","","0","","Written October 5, 2019","This review is the subjective opinion of a Tripadvisor member and not of Tripadvisor LLC."
"Erin","https://www.tripadvisor.com/Profile/S6860XBerinw","https://media-cdn.tripadvisor.com/media/photo-o/19/7a/90/23/erin-w.jpg","Tasmania, Australia","5","Sep 2019 • Couples","Grand Canyon highlight","My husband and I from Australia visited the Grand Canyon for the first time mid September. We booked a 45 minute helicopter flight with maverick. This was one of the highlights of our trip. Good yet brief safety information, lovely pilot and must see views over the canyon. Couldn’t fault it.","Couples","0","https://media-cdn.tripadvisor.com/media/photo-m/1280/19/7a/8e/74/45-minute-helicopter.jpg
https://media-cdn.tripadvisor.com/media/photo-m/1280/19/7a/8e/28/45-minute-helicopter.jpg
https://media-cdn.tripadvisor.com/media/photo-m/1280/19/7a/8e/20/45-minute-helicopter.jpg","Written October 3, 2019","This review is the subjective opinion of a Tripadvisor member and not of Tripadvisor LLC."
"Scott N","https://www.tripadvisor.com/Profile/scottn730","https://media-cdn.tripadvisor.com/media/photo-o/1a/f6/e7/3d/default-avatar-2020-55.jpg","Littleton, CO","5","Oct 2019","Great trip!","Fabulous views. The ride was pretty smooth considering we had 20 mph winds. The pilot was very knowledgeable and accommodating.  Well worth it!","","0","","Written October 2, 2019","This review is the subjective opinion of a Tripadvisor member and not of Tripadvisor LLC."
"OnAir50459435612","https://www.tripadvisor.com/Profile/OnAir50459435612","https://media-cdn.tripadvisor.com/media/photo-o/1a/f6/f6/0d/default-avatar-2020-34.jpg","Houilles, France","5","Jun 2019","Spectaculaire","Pour la deuxième fois en trois ans, un grand choc dès que se découvre le Grand Canyon après l'approche au dessus de la forêt. Le souffle en a, encore une fois été coupé, Magnifique et accueil très sympathique et professionnel.<br />A refaire au cours d'un voyage prochain...<br />","","0","","Written October 2, 2019","This review is the subjective opinion of a Tripadvisor member and not of Tripadvisor LLC."
"Zoe F","https://www.tripadvisor.com/Profile/492zoef","https://media-cdn.tripadvisor.com/media/photo-o/1a/f6/df/99/default-avatar-2020-40.jpg","","5","Oct 2019 • Solo","Exhilarating and breathtaking","The pilot Joe, took our small group on an experience of a lifetime. I knew it would be amazing, it’s one of the wonders of the world, but seeing it from the sky and the brilliant commentary just made this trip top notch. Check in/check out was simple, photos and video permitted the whole way and the gift shop has lots of options for souvenirs. Access is easy off the highway and plenty of parking <br />Thanks Maverick for an awesome adventure for an Aussie.","Solo","0","https://media-cdn.tripadvisor.com/media/photo-w/19/74/95/bc/45-minute-helicopter.jpg
https://media-cdn.tripadvisor.com/media/photo-m/1280/19/74/95/bb/45-minute-helicopter.jpg","Written October 1, 2019","This review is the subjective opinion of a Tripadvisor member and not of Tripadvisor LLC."
"Brenda R","https://www.tripadvisor.com/Profile/993brendar","https://media-cdn.tripadvisor.com/media/photo-o/1a/f6/f3/23/default-avatar-2020-28.jpg","Fairhope, AL","5","Sep 2019","Flying over the canyon","Our pilot was Vern and he was very smooth and safe. He took us over the canyon pointing out things of interest with information about what we were seeing. He took us over some buffalo also that were sunning in an open area. Good experience to see the canyon up close.","","0","","Written September 29, 2019","This review is the subjective opinion of a Tripadvisor member and not of Tripadvisor LLC."
"daniel l","https://www.tripadvisor.com/Profile/ghost840","https://media-cdn.tripadvisor.com/media/photo-o/04/99/8f/70/ghost840.jpg","Saint Saturnin les Avignon, France","5","Jul 2019 • Couples","Magnifique survol en hélicoptère","Nous avons fait ce survol avec la compagnie papillon. Expérience très intéressante et impressionnante surtout au moment de quitter la falaise et de se retrouver au dessus du grand canyon. Magnifique si on a la chance d'être assis à côté du pilote.","Couples","0","","Written September 29, 2019","This review is the subjective opinion of a Tripadvisor member and not of Tripadvisor LLC."
"Bob M","https://www.tripadvisor.com/Profile/I7110PJbobm","https://media-cdn.tripadvisor.com/media/photo-o/1a/f6/e2/e6/default-avatar-2020-45.jpg","Londonderry, NH","5","Sep 2019","Grand Canyon flight","Awesome experience and view.  Quincy provided an excellent and informative narration!  Would do it again in a minute.","","0","","Written September 28, 2019","This review is the subjective opinion of a Tripadvisor member and not of Tripadvisor LLC."
"sdh","https://www.tripadvisor.com/Profile/worldtraveler8448","https://media-cdn.tripadvisor.com/media/photo-o/1a/f6/f1/b8/default-avatar-2020-22.jpg","","5","Sep 2019","45 minute Helicopter flight over Grand Canyon","The most amazing experience of my life.  I would suggest anyone that has $150-$200 skip a fancy dinner or two and do this.  You won't regret it. Everyone at the facility was great and our pilot, Jessie, gave a great narrative as we flew through.  Thank you Jessie and everyone at Maverick.","","0","","Written September 26, 2019","This review is the subjective opinion of a Tripadvisor member and not of Tripadvisor LLC."
"Charlotte H","https://www.tripadvisor.com/Profile/hornback_charlotte","https://media-cdn.tripadvisor.com/media/photo-o/1a/f6/f1/42/default-avatar-2020-20.jpg","Summerfield, Florida","4","Jun 2019","Amazing View","Couldn't have seen so much of Grand Canyon any other way.  Beautiful colors and amazing details as we flew over the canyon.","","0","","Written September 24, 2019","This review is the subjective opinion of a Tripadvisor member and not of Tripadvisor LLC."
"Ulrich M","https://www.tripadvisor.com/Profile/37ulrichm","https://media-cdn.tripadvisor.com/media/photo-o/1a/f6/f0/48/default-avatar-2020-15.jpg","","5","Sep 2019 • Couples","Einfach toll!!!","Wunderschön, unbedingt zu empfehlen, es lohnt sich jeder Dollar!<br />Maverick Helicopters waren hervorragend, top organisiert, sehr freundlich. Unser Pilot David genial: Good Luck, David, for your spear fishing and diving! Have a good time! Best regards family Miller from germany","Couples","0","","Written September 22, 2019","This review is the subjective opinion of a Tripadvisor member and not of Tripadvisor LLC."
"Lisa A","https://www.tripadvisor.com/Profile/G7369BSlisaa","https://media-cdn.tripadvisor.com/media/photo-o/1a/f6/f0/48/default-avatar-2020-15.jpg","","5","Sep 2019","Awesome flight above the Grand Canyon","Despite my daughter’s hesitation to go on a helicopter ride, she was pleasantly surprised with the incredible ride we took over the Grand Canyon . The sites from the air so much more inclusive of the magnificent beauty of the canyon . Our pilot Alex provided us a safe and memorable experience that we will never forget ! We highly recommend this tour","","0","","Written September 19, 2019","This review is the subjective opinion of a Tripadvisor member and not of Tripadvisor LLC."
"MrsT19882014","https://www.tripadvisor.com/Profile/MrsT19882014","https://media-cdn.tripadvisor.com/media/photo-o/1a/f6/f1/b8/default-avatar-2020-22.jpg","Shropshire, UK","5","Sep 2019","Amazing Amazing","Decided at the last minute to do the helicopter ride along with 2 friends.Big thanks to the staff who managed to do some rearranging so we could all be on the same flight(all within about 30 minutes).<br />It was most definitely one of the most amazing experiences ever,words don’t do it justice I would urge anyone to go you will not be disappointed.<br />Incredible views that can only be seen by helicopter as someone said bucket list stuff!","","0","","Written September 15, 2019","This review is the subjective opinion of a Tripadvisor member and not of Tripadvisor LLC."
"Lena B","https://www.tripadvisor.com/Profile/lenab625","https://media-cdn.tripadvisor.com/media/photo-o/1a/f6/f4/d0/default-avatar-2020-33.jpg","","5","","Tolles Erlebnis ","Der Flug war super! Es hat alles super geklappt - von der Buchung bis zur Landung. Pilot war sehr nett, hat während dem Flug viel erklärt und erzählt. Es lief ansonsten im Hintergrund passende Musik, was die Stimmung irgendwie nochmal besonders machte. Die Ausblicke waren einfach nur toll, wir hatten super Sitzplätze und sind auch nur zu viert geflogen. Der Flug wurde auf Video aufgezeichnet, mit der Möglichkeit, dieses dann für 39 Dollar zu kaufen- haben wir auch gemacht und das Video auf einem USB Stick in Form eines Hubschraubers bekommen. Das Erlebnis war wirklich toll und zu empfehlen. ","","0","","Written September 11, 2019","This review is the subjective opinion of a Tripadvisor member and not of Tripadvisor LLC."
"ChristianeW123","https://www.tripadvisor.com/Profile/ChristianeW123","https://media-cdn.tripadvisor.com/media/photo-o/1a/f6/f2/b8/default-avatar-2020-26.jpg","Luxembourg City, Luxembourg","5","Aug 2019","Super Erlebnis","Hat alles einwandfrei geklappt, von der Buchung bis zum Helikopterflug! Sehr netter Pilot und wahnsinnige Aussichten auf den Grand Canyon!!","","0","","Written September 11, 2019","This review is the subjective opinion of a Tripadvisor member and not of Tripadvisor LLC."
"hacki66","https://www.tripadvisor.com/Profile/hacki66","https://media-cdn.tripadvisor.com/media/photo-s/01/a9/c3/89/hacki66.jpg","Schönaich","5","Aug 2019","Tolles Erlebnis mit Maverick-Helicopter","Wir haben morgens um 10 Uhr bei strahlend blauem Himmel den 45 Minuten-Flug über den Grand Canyon gemacht-Wahnsinn! Keinen Dollar vom Preis haben wir bereut, sowas macht man ja nicht alle Tage und es ist ein Erlebnis wo man sich lange und gerne dran erinnert. Herrliche Aussichten von oben auf den Canyon und Colorado River. Danke an Maverick-Helicopter für eine perfekte und freundliche Abwicklung- von der Buchung über Check In bis zum Flug mit unserem freundlichen Piloten.<br />Kann man nur weiterempfehlen.","","0","","Written September 9, 2019","This review is the subjective opinion of a Tripadvisor member and not of Tripadvisor LLC."
"Jeff Y","https://www.tripadvisor.com/Profile/706jeffy","https://media-cdn.tripadvisor.com/media/photo-o/1a/f6/de/e7/default-avatar-2020-37.jpg","Fenton, MI","5","Sep 2019 • Couples","Amazing","This is tour is for sure a bucket list item. It was truly amazing. Our pilot was very knowledgeable about the Grand Canyon and it’s history.<br /><br />Highly recommend","Couples","0","","Written September 9, 2019","This review is the subjective opinion of a Tripadvisor member and not of Tripadvisor LLC."
"Explore694115","https://www.tripadvisor.com/Profile/Explore694115","https://media-cdn.tripadvisor.com/media/photo-o/1a/f6/e2/a7/default-avatar-2020-44.jpg","Wickham Bishops, UK","5","Jul 2019","""Up is the best place to be""","We took the extended trip with Maverick,  Andrew our pilot was most knowledgeable a very personable employee and an asset to the company. What can you say its the Canyon 277 miles of shier pleasure.","","0","","Written September 9, 2019","This review is the subjective opinion of a Tripadvisor member and not of Tripadvisor LLC."
"Compass37N122W","https://www.tripadvisor.com/Profile/Compass37N122W","https://media-cdn.tripadvisor.com/media/photo-o/1a/f6/e7/3d/default-avatar-2020-55.jpg","Munich, Germany","4","Aug 2019","Toller Rundflug über den Grand Canyon","Ein tolles Erlebnis. Der Blick von oben in den Canyon und auf den Colorado River ist echt beeindruckend. Wir waren zu viert (2 Erw., 2 Kinder), insgesamt waren 6 Passagiere und der Pilot an Bord. Wir sind von Tusayan aus gestartet. Der Pilot gibt während des Flugs noch ein paar hilfreiche Infos zum GC und der Umgebung. Auch wenn man vom hinteren Sitz (Mitte) nicht den perfekten Blick nach vorne hat (zur Seite ist ohnehin wichtiger), hat sich der Flug auf alle Fälle gelohnt. <br />Sehr zu empfehlen!!!","","0","https://media-cdn.tripadvisor.com/media/photo-w/19/13/a3/49/der-colorado-heute-eher.jpg","Written September 1, 2019","This review is the subjective opinion of a Tripadvisor member and not of Tripadvisor LLC."
"Govert Schouten","https://www.tripadvisor.com/Profile/GovertSchouten","https://media-cdn.tripadvisor.com/media/photo-o/22/3a/f7/f9/govertschouten.jpg","Leiderdorp, The Netherlands","5","Aug 2019 • Family","Grand Canyon in vogelvlucht","Geweldige manier om Grand Canyon te bekijken. Tijdens de vlucht gaf piloot duidelijk uitleg over de rotsformaties. Ook een prima manier om groot wild te spotten, oa bizons.","Family","0","","Written August 31, 2019","This review is the subjective opinion of a Tripadvisor member and not of Tripadvisor LLC."
"Jos en Nico v","https://www.tripadvisor.com/Profile/josennicov","https://media-cdn.tripadvisor.com/media/photo-o/1a/f6/e8/91/default-avatar-2020-62.jpg","The Woodlands, TX","5","Aug 2019","Wat een ervaring!","Makkelijk te boeken, bij aankomst snel en deskundig geholpen. De piloot was vriendelijk en nam alle tijd om vragen te beantwoorden. De vlucht was geweldig, echt een aanrader om de Grand Canyon van boven af te zien. Na afloop was er nog tijd om foto’s te maken bij de helicopter.","","0","","Written August 28, 2019","This review is the subjective opinion of a Tripadvisor member and not of Tripadvisor LLC."
"db0729","https://www.tripadvisor.com/Profile/db0729","https://media-cdn.tripadvisor.com/media/photo-o/06/28/57/a5/tinysoapstealer.jpg","Westford, MA","5","Aug 2019","Just WOW - An Experience Like No Other!","My family of 4 did this tour last week and were beyond impressed.  We opted for Maverick because of their fleet of newer helicopters with ample windows spanning down to the floor in the front.  Navigation to the airport and check in was so easy, with a relaxing space and gift shop to wait prior to the flight.  We chose the 45 minute flight because I don't know when my next opportunity will arise to take a helicopter tour, and I didn't regret this small upgrade in price.  We saw so much yet 45 minutes passed by quite quickly.  We travelled with our 7 and 10 year old children and were placed in a private tour with no others, which was wonderful and we all had a fantastic view, I was in front with the two kids and my husband was behind the pilot next to the window.  Our pilot Mark was phenomenal; very skilled in flying, knowledgeable on the geography of the Grand Canyon, and entertaining.  At no point were we nervous, even my 7 year old son, it was a very calm and amazing experience.  I was actually more nervous just walking on the trails into the canyon later that day rather than flying high over the canyon itself.  We never would have seen the Colorado River and some of the formations without taking this tour.  The only thing I would have prepped my kids with prior is that we were assigned seats once we got outside to the helicopter (they were happy and luckily we had no issues) and that once we're flying, we had to talk via the headsets.  I could tell my son started getting a little frustrated because he couldn't follow all of the pilot's information pointed out, but I was able to tell him to just relax and enjoy, there is no quiz afterwards, and he was much better after that just soaking in the sights.  You can't see the Grand Canyon like this any other way, it's such a unique experience and was well worth it.  It is an experience my family will remember forever.","","0","","Written August 28, 2019","This review is the subjective opinion of a Tripadvisor member and not of Tripadvisor LLC."
"AlexandreF475","https://www.tripadvisor.com/Profile/AlexandreF475","","Paris, France","5","Aug 2019 • Couples","Amazing flight","Great friendly staff! Flights was right on time, Helicopter with very large windows, enough for everyone to see outside easily. The pilot really explained a lot about the Grand Canyon and we all felt very unique. Smooth ride too","Couples","0","https://media-cdn.tripadvisor.com/media/photo-w/18/fa/7f/6d/from-the-back-seat.jpg","Written August 27, 2019","This review is the subjective opinion of a Tripadvisor member and not of Tripadvisor LLC."
"Curiosity15341","https://www.tripadvisor.com/Profile/Curiosity15341","https://media-cdn.tripadvisor.com/media/photo-o/1a/f6/e5/2b/default-avatar-2020-52.jpg","East Horsley, UK","5","Aug 2019 • Family","Perfect!","New and good condition aircraft, smooth flight and expert pilot commentary. I don't hesitate to recommend...","Family","0","","Written August 27, 2019","This review is the subjective opinion of a Tripadvisor member and not of Tripadvisor LLC."
"fabien V","https://www.tripadvisor.com/Profile/534fabienv","https://media-cdn.tripadvisor.com/media/photo-o/10/5b/7e/29/fabien-v.jpg","Sens, France","5","","Magique","Balade de 45 min en hélicoptère (jusqu’à 7 passagers) avec commentaires et musique au dessus du grand canyon. On en prends pleins les yeux, c’est époustouflant et merveilleux. Peu de secousses on ne sent rien dans l’helico et les pilotes sont très prévenants. A faire impérativement malgré le budget conséquent pour découvrir réellement le grand canyon.","","0","https://media-cdn.tripadvisor.com/media/photo-m/1280/18/f1/ca/80/photo2jpg.jpg
https://media-cdn.tripadvisor.com/media/photo-m/1280/18/f1/ca/7f/photo1jpg.jpg
https://media-cdn.tripadvisor.com/media/photo-m/1280/18/f1/ca/7d/photo0jpg.jpg","Written August 25, 2019","This review is the subjective opinion of a Tripadvisor member and not of Tripadvisor LLC."
"Martina W","https://www.tripadvisor.com/Profile/491martinaw","","Sausalito, CA","5","Aug 2019 • Family","Einfach nur sensationell","Ein Erlebnis ohne Gleichen. Aufgrund der guten Rezensionen habe ich bei Maverick gebucht und wurde nicht enttäuscht. Super professionelle Abwicklung, alles hat geklappt wie es sollte. Das Team bei Maverick ist sehr nett und hilfsbereit.","Family","0","","Written August 25, 2019","This review is the subjective opinion of a Tripadvisor member and not of Tripadvisor LLC."
"Traveler Summer 2019","https://www.tripadvisor.com/Profile/TravelerSummer19","https://media-cdn.tripadvisor.com/media/photo-o/1a/f6/de/e7/default-avatar-2020-37.jpg","","1","Aug 2019","Seating  makes it pointless","The computer generates where you sit by your weights and so it is fair and the helicopters are not always full so they are not cramming you in just to make money: therefore I am a bit confused as to , why they have middle back seats.<br />If you are seated in a middle back seat - and you won't know till you board - the ride will be pointless - sat behind 3 people and with someone at each back window seat looking out, you see very little. When you get to that first reveal moment you will enjoy the  back of people's heads and their Ooos and Aaas.<br /><br />There should be info telling you this may happen or a discount for this  type of seat. I wouldn't want anyone to spend that much money without knowing this was a possibility - I really felt my ride was pointless and it was quite sad really. Having a disabilty I was unable  to hike the canyon  so this was an opportunity to see it up close. When I contacted Maverick they didn't respond. Like I said they aren't cramming you on just to make the money, some helicopters fly with 5 or less so I don't know why they do this.","","0","","Written August 25, 2019","This review is the subjective opinion of a Tripadvisor member and not of Tripadvisor LLC."
"Niasso","https://www.tripadvisor.com/Profile/Niasso","https://media-cdn.tripadvisor.com/media/photo-l/01/2a/fd/9f/avatar.jpg","Lasne, Belgium","5","","Époustouflant!!!","C’est l’activité à faire absolument pour voir le Grand Canyon vu son immensité!!<br />L’activité a son prix mais il faut l’inclure dans le budget! <br />Préparez vos yeux (vos appareils photos et caméras!!)<br />Sensations garanties!!!","","0","","Written August 24, 2019","This review is the subjective opinion of a Tripadvisor member and not of Tripadvisor LLC."
"KlausR1962","https://www.tripadvisor.com/Profile/KlausR1962","","Las Vegas, NV","4","Aug 2019 • Family","Schönes Intro für den Grand Canyon","Wir haben über TripAdvisor gebucht. Ca 50$ günstiger als vor Ort. Der Flughafen liegt in Tusayan, es gibt reichlich Parkplätze, Check-in ca. 45 Min vor Abflug. Unser Flug ging um 10:15. Das nächste Mal würde ich eine frühere (sunrise) oder spätere (Sunset) Zeit nehmen. Die besten Plätze sind vorn (3) oder links hinten. Die Personenverteilung wird allerdings nach Gewicht per Computer ermittelt. Der Rundflug ist schon sehr beeindruckend, man bekommt eine Ahnung, wie groß der Canyon ist, freilich geht der Heli nicht in die Tiefe, was ich gedacht hatte, sondern bleibt auf Randhöhe.","Family","0","","Written August 17, 2019","This review is the subjective opinion of a Tripadvisor member and not of Tripadvisor LLC."
"Laura H","https://www.tripadvisor.com/Profile/T8937EQlaurah","https://media-cdn.tripadvisor.com/media/photo-o/1a/f6/f4/d0/default-avatar-2020-33.jpg","","5","Aug 2019","Absolutely amazing once-in-a-lifetime experience","I would highly recommend this trip to anyone considering it. The views are absolutely amazing - you wouldn't be able to see even half as much from ground level. The pilot acts as a tour guide, pointing out parts of the GC like the fault lines, the river, the Native American section etc.<br /><br />Check-in process is simple and straight-forward - you need to arrive around 45 minutes in advance of the flight to check-in. There's a comfortable waiting area. You can't take any bags etc with you (you are able to take phones, cameras, water), but they check the bags in behind the front desk for you for no extra fee.<br /><br />If you book through Trip Advisor they will need to see a 'payment voucher'. My email confirmation from TA sufficed.<br /><br />Worth mentioning that you don't find out where you are sitting until you are there. We were lucky and ended up with front row seats. There are three front-row passenger seats, then four back-row passenger seats (two of which are window seats). I imagine this changes how much you are able to see. Our flight only had five people on it which we were told is the norm (it was peak time 12:45 in August).","","0","","Written August 17, 2019","This review is the subjective opinion of a Tripadvisor member and not of Tripadvisor LLC."
"Jan D","https://www.tripadvisor.com/Profile/jandO9177GV","https://media-cdn.tripadvisor.com/media/photo-f/01/2e/70/8a/avatar011.jpg","Clinton, MS","5","Aug 2019 • Couples","Great views of Grand Canyon","Hovering over the Grand Canyon and experiencing the grandeur and splendor of its beauty is undefinable but our helicopter trip was great and gave us views that we couldn’t have experienced in any other method.  Highly recommend this experience.","Couples","0","","Written August 16, 2019","This review is the subjective opinion of a Tripadvisor member and not of Tripadvisor LLC."
"globalbob2016","https://www.tripadvisor.com/Profile/globalbob2016","https://media-cdn.tripadvisor.com/media/photo-m/1280/18/f4/93/ed/globalbob2016.jpg","Luxembourg City, Luxembourg","5","Aug 2019","First time ride on a helicopter","Not scared at all due to the professional pilot. The views were indescribable, great experience. Monsoon rain and fog had us postponed our date, company was flexible, no problem in accommodating us on another date. Once-in-a-lifetime experience.","","0","","Written August 16, 2019","This review is the subjective opinion of a Tripadvisor member and not of Tripadvisor LLC."
"Julia B","https://www.tripadvisor.com/Profile/I1030QUjuliab","https://media-cdn.tripadvisor.com/media/photo-o/1a/f6/eb/6d/default-avatar-2020-19.jpg","","5","Aug 2019 • Family","Toller Flug","Wir haben den 45 min Rundflug vormittags gemacht. Absolut beeindruckend! Tolle Strecke. Sehr gute Infos vom Pilot Jesse zum Gran Canyon.  Nicht billig, aber definitiv das Geld wert. <br />Die Größe des Canyons erschließt sich erst aus der Luft!","Family","0","https://media-cdn.tripadvisor.com/media/photo-w/18/cc/ea/a1/45-minutiger-hubschrauberrundf.jpg","Written August 15, 2019","This review is the subjective opinion of a Tripadvisor member and not of Tripadvisor LLC."
"RP-Netherlands","https://www.tripadvisor.com/Profile/RP-Netherlands","https://media-cdn.tripadvisor.com/media/photo-s/02/63/d2/a2/rp-netherlands.jpg","Leidschendam, The Netherlands","5","Jun 2019","tick on my Bucket list","We had something to celebrate on our trip to the US. In orde rto make it a memorable occasion, I booked the 45 min helicopter tour with Maverick. Tusayan is conveniently located just minutes from Grand Canyon NP. and the airport is well signposted. When we got to Maverick, we weer weighed in and then waited for the crowd to gather until the pilots called out the names of their passengers. The helicopters are pretty big (8-seaters). In the from there are 3 seats next tot he pilot, and 4 in the back. In our helicopter, there were only 4 passengers, 3 of whom sat in the front. I was one of them and I must say the views are amazing. The views from the rim are spectacular, but there is nothing like a bir's eye view of the Grand Canyon. Our pilot was very knowledgeable. Besides knowing how to fly the chopper he was also a very good tour guide. The whole setup at Maverick is very professional, from the moment you arrive until the moment you leave the airport, everything is well taken care of. A fabulous experience. Not the cheapest trip ever, but money wll spent.","","0","https://media-cdn.tripadvisor.com/media/photo-m/1280/18/b7/bc/e9/the-helicopters.jpg
https://media-cdn.tripadvisor.com/media/photo-m/1280/18/b7/bc/b5/maverick-helicopters.jpg
https://media-cdn.tripadvisor.com/media/photo-m/1280/18/b7/bc/ab/colorado-river-from-the.jpg","Written August 10, 2019","This review is the subjective opinion of a Tripadvisor member and not of Tripadvisor LLC."
"Cristina Veroni... B","https://www.tripadvisor.com/Profile/cristinaveronicab","https://media-cdn.tripadvisor.com/media/photo-o/1a/f6/e4/2d/default-avatar-2020-48.jpg","","5","Aug 2019 • Couples","Inolvidable","Es una experiencia inolvidable, sobrevolar el Gran Cañón y estar suspendido en esa inmensidad con sus cambio de colores, formaciones y la profundidad del cañon..... toda una experiencia, muy recomendable!!! La empresa es muy formal y el piloto va narrando durante el viaje.","Couples","0","","Written August 8, 2019","This review is the subjective opinion of a Tripadvisor member and not of Tripadvisor LLC."
"Dana S.H.","https://www.tripadvisor.com/Profile/dana_smilko","https://media-cdn.tripadvisor.com/media/photo-o/18/a6/64/5a/caption.jpg","","5","","Experience of a Lifetime ","This helicopter ride is an experience of a lifetime. It shows spectacular views of the Grand Canyon. The company was great to work with. You not only get to see the South Rim, but the North Rim as well. You really get a to see the vastness of the Grand Canyon. It was truly an experience I will always remember. ","","0","https://media-cdn.tripadvisor.com/media/photo-m/1280/18/ab/e2/44/photo0jpg.jpg","Written August 7, 2019","This review is the subjective opinion of a Tripadvisor member and not of Tripadvisor LLC."
"Déborah P","https://www.tripadvisor.com/Profile/d_borahp2","https://media-cdn.tripadvisor.com/media/photo-o/1a/f6/eb/a3/default-avatar-2020-38.jpg","paris","5","Jul 2019 • Family","Époustouflant !","Le survol du Grand Canyon en hélicoptère est certes coûteux mais c’est une expérience à couper le souffle !!! Si vous ajouter 50 dollars... il y a une possibilité d’être assis à l’avant","Family","0","https://media-cdn.tripadvisor.com/media/photo-w/18/ab/4e/e3/vol-en-helicoptere-de.jpg
https://media-cdn.tripadvisor.com/media/photo-w/18/ab/4e/de/vol-en-helicoptere-de.jpg
https://media-cdn.tripadvisor.com/media/photo-w/18/ab/4e/bc/vol-en-helicoptere-de.jpg
https://media-cdn.tripadvisor.com/media/photo-w/18/ab/4e/ba/vol-en-helicoptere-de.jpg","Written August 6, 2019","This review is the subjective opinion of a Tripadvisor member and not of Tripadvisor LLC."
"Blondin2014","https://www.tripadvisor.com/Profile/Blondin2014","","Mondorf-les-Bains, Luxembourg","5","","Unforgettable ","Nothing to say.  Just exceptional and unforgettable experience to share with family or friends.  Impossible to regret.","","0","","Written August 5, 2019","This review is the subjective opinion of a Tripadvisor member and not of Tripadvisor LLC."
"WhoDatTravelers","https://www.tripadvisor.com/Profile/WhoDatTravelers","","Dallas, TX","5","Aug 2019 • Couples","Must See From the Air","Highly recommend Maverick. Modern facility.  Good check in process.  Very professional.  Best in class aircraft.  Confident pilot. Safety at every step. On time.  Grand Canyon is fantastic from the air.  Would do the same tour again.","Couples","0","","Written August 4, 2019","This review is the subjective opinion of a Tripadvisor member and not of Tripadvisor LLC."
"Leonakenbates","https://www.tripadvisor.com/Profile/Leonakenbates","https://media-cdn.tripadvisor.com/media/photo-o/1a/f6/f4/5d/default-avatar-2020-32.jpg","Kent, UK","5","Aug 2019 • Family","Utterly brilliant","I can’t praise this flight enough with Maverick. Well organised, easy to find location at the Grand Canyon airport, and professional pilot. To view the canyon in this way was truly breath-taking. Our 12 year old was in awe. We all agreed this was the highlight of our fantastic California road trip. We flew at 8 in the morning which was calm and beautiful.","Family","0","https://media-cdn.tripadvisor.com/media/photo-w/18/a2/24/b2/a-view-from-the-helicopter.jpg","Written August 4, 2019","This review is the subjective opinion of a Tripadvisor member and not of Tripadvisor LLC."
"LUVDLR","https://www.tripadvisor.com/Profile/LUVDLR","https://media-cdn.tripadvisor.com/media/photo-o/1a/f6/e9/ef/default-avatar-2020-66.jpg","Calgary, AB","5","Aug 2019 • Family","What a ride!","We took an 8am 45-min flight on August 1, 2019. What an amazing experience that was worth every penny and more! Our pilot (Joe?) was awesome! If you have the chance, book a flight. Experiencing the Grand Canyon from the air is not something you can describe, you have to experience it!<br /><br />The helicopters seats 7 people so you will likely be grouped with another party and seats are assigned based on weight. We were fortunate to have the helicopter to ourselves (maybe because of the early booking) so we all had great seats - 3 in front and one in the back in a window seat. <br /><br />Will definitely do this again one day!","Family","0","","Written August 3, 2019","This review is the subjective opinion of a Tripadvisor member and not of Tripadvisor LLC."
"Leyla M","https://www.tripadvisor.com/Profile/LeylaM3011","","Nuth, The Netherlands","5","Jul 2019 • Family","Grand Canyon","A super experience, so beautiful to see!  You can't get a better view of the Grand Canyon.  Pilot explains everything well, really a super flight.  Thanks","Family","0","https://media-cdn.tripadvisor.com/media/photo-m/1280/18/96/6a/6c/helikoptervlucht-van.jpg
https://media-cdn.tripadvisor.com/media/photo-w/18/96/6a/6a/helikoptervlucht-van.jpg
https://media-cdn.tripadvisor.com/media/photo-w/18/96/6a/4c/helikoptervlucht-van.jpg","Written July 31, 2019","This review is the subjective opinion of a Tripadvisor member and not of Tripadvisor LLC."
"Jan G","https://www.tripadvisor.com/Profile/Fenjan","https://media-cdn.tripadvisor.com/media/photo-o/1a/f6/e7/99/default-avatar-2020-57.jpg","Buderim, Australia","5","Jul 2019 • Couples","Highlight of our trip to the Canyon","Nothing can prepare you for the unreal magnificence of the Canyon, but even less for seeing it from a helicopter!  Maverick were a great company to fly with, the pilot was knowledgeable and very pleasant, and the customer service of Dennise on the booking desk was second to none.  You cannot see the Canyon rims and depth in any other way.","Couples","0","","Written July 31, 2019","This review is the subjective opinion of a Tripadvisor member and not of Tripadvisor LLC."
"Jannik N","https://www.tripadvisor.com/Profile/219jannikn","https://media-cdn.tripadvisor.com/media/photo-o/1a/f6/e9/bb/default-avatar-2020-65.jpg","","5","Jul 2019 • Family","Unglaubliches Erlebnis","Ein unglaubliches Erlebnis was wir nur wärmstens empfehlen können .<br />Wir waren als Familie mit drei Teenagern Unterwegs und der Rindflug  für 5 Personen trotzdem jeden Euro wert. 45 Minuten unglaubliche Bilder 👍👍👍","Family","0","","Written July 28, 2019","This review is the subjective opinion of a Tripadvisor member and not of Tripadvisor LLC."
"Linnythetraveler","https://www.tripadvisor.com/Profile/Linnythetraveler","https://media-cdn.tripadvisor.com/media/photo-o/1a/f6/f2/b8/default-avatar-2020-26.jpg","","5","Jul 2019 • Couples","Amazing Experience!","To celebrate our 10th Anniversary, my husband and I took a road trip to the southwest, spending a couple of days at the Grand Canyon, of course. While there we booked the 45-minute Canyon Spirit helicopter tour through Maverick helicopters and it did not disappoint! We were able to see so much more of the canyon in such a small time frame. Our pilot was very well versed in what we were looking at and he provided a narrated tour in addition to a wonderfully smooth flight. We even encountered some rain along the way. It was our first helicopter ride and we were hesitant about paying so much for a 45-minute activity but I would do it again in a heart beat.  It was excellent and very highly recommended.","Couples","0","","Written July 26, 2019","This review is the subjective opinion of a Tripadvisor member and not of Tripadvisor LLC."
"Linda B","https://www.tripadvisor.com/Profile/Z9548YGlindab","https://media-cdn.tripadvisor.com/media/photo-o/1a/f6/ef/73/default-avatar-2020-13.jpg","","5","Jul 2019 • Family","Grand Canyon helicopter ride.  45 min.","Wonderful experience.  Great pilot.  Comfortable and incredible views of canyon and north rim that one could never see otherwise.   Worth every penny.","Family","0","","Written July 25, 2019","This review is the subjective opinion of a Tripadvisor member and not of Tripadvisor LLC."
"Martha Murray","https://www.tripadvisor.com/Profile/Robertsrock","https://media-cdn.tripadvisor.com/media/photo-o/1a/f6/f4/d0/default-avatar-2020-33.jpg","Sharbot Lake, Canada","5","Jul 2019 • Couples","Grand Canyon Tour","We had a fantastic flight. Sean was an excellent pilot and was very interesting with all his itinerary details of the Grand Canyon. He made the flight super and we learned a great deal. We could see so much closer. Would recommend it to everyone.","Couples","0","","Written July 24, 2019","This review is the subjective opinion of a Tripadvisor member and not of Tripadvisor LLC."
"Chris H","https://www.tripadvisor.com/Profile/Y9943NFchrish","https://media-cdn.tripadvisor.com/media/photo-o/1a/f6/e7/99/default-avatar-2020-57.jpg","","5","Jul 2019 • Family","Fly over the Grand Canyon","What an outstanding experience.  Nothing can quite prepare you for going from 100 feet over the tree tops to 4,000 feet in about 3 seconds.  It was both exhilarating and terrifying.  A once in a lifetime experience.","Family","0","","Written July 18, 2019","This review is the subjective opinion of a Tripadvisor member and not of Tripadvisor LLC."
"Elaine W","https://www.tripadvisor.com/Profile/P2127RIelainew","https://media-cdn.tripadvisor.com/media/photo-o/1a/f6/ef/32/default-avatar-2020-12.jpg","","5","Jul 2019 • Couples","Great way to see the Grand Canyon.","My first visit to the Grand Canyon and my first helicopter ride.  Phenomenal combination.  Pricey but well worth it.  Our pilot Nathan was wonderful.  Highly recommend.","Couples","0","","Written July 14, 2019","This review is the subjective opinion of a Tripadvisor member and not of Tripadvisor LLC."
"Nordman","https://www.tripadvisor.com/Profile/Nordman2019","https://media-cdn.tripadvisor.com/media/photo-o/1a/f6/77/ae/default-avatar-2020-2.jpg","","1","Jul 2019 • Family","Große Enttäuschung","Wer hier mitfliegt, muss auch damit rechnen hinten in der Mitte zu sitzen (2 Plätze). Dann hat man nichts vom Flug. Man kann nicht runter schauen. Man sieht nicht, was gerade vom Pilot erklärt wird. Der Blick ist dann so, wie von einem Parkplatz an der Canyon Kante mit viel Sitzlehne vor einem. <br />Wir hatten leider dieses Pech. Kostet aber das gleiche.","Family","0","https://media-cdn.tripadvisor.com/media/photo-m/1280/18/40/c5/f3/45-minutiger-hubschrauberrundf.jpg
https://media-cdn.tripadvisor.com/media/photo-m/1280/18/40/c5/dd/45-minutiger-hubschrauberrundf.jpg","Written July 9, 2019","This review is the subjective opinion of a Tripadvisor member and not of Tripadvisor LLC."
"Sarah G","https://www.tripadvisor.com/Profile/SarahG-AVLLit","https://media-cdn.tripadvisor.com/media/photo-o/16/3f/b8/38/sarahg-avllit.jpg","Asheville, NC","5","Jul 2019 • Friends","Helicopter tour and touchdown on the grand canyon floor","For my sister's 30th, all she wanted to do was take a helicopter tour of the Grand Canyon. We could not have had a better experience! Pilot Tyler flew us ""first-timers"" out into the canyon and we touched down a couple hundred feet above the riverside. We were able to get out, walk around, and take photos before flying back to the real world. Extra fees to touch down on Hualapai land were very much worth it. Safe, and very professional. Would definitely go again!","Friends","0","https://media-cdn.tripadvisor.com/media/photo-o/18/40/1c/22/in-front-of-the-helicopter.jpg
https://media-cdn.tripadvisor.com/media/photo-o/18/40/1c/1f/view-from-touchdown-inside.jpg","Written July 9, 2019","This review is the subjective opinion of a Tripadvisor member and not of Tripadvisor LLC."
"Brian W","https://www.tripadvisor.com/Profile/brianwQ2858VT","https://media-cdn.tripadvisor.com/media/photo-o/1a/f6/de/e7/default-avatar-2020-37.jpg","","5","Jul 2019 • Couples","Wow!","Amazing! Can't even put into words the views when your hundreds of feet above the canyon rim. You hear about the vastness of the Grand Canyon,  but seeing it up close from the air really puts it into perspective. The gift shop is well appointed and reasonably priced. Jeff was our pilot, and he was awesome! Let us know throughout the flight what to expect and what to look for. We even got to see a herd of Buffalo.","Couples","0","https://media-cdn.tripadvisor.com/media/photo-w/18/3d/59/59/45-minute-helicopter.jpg
https://media-cdn.tripadvisor.com/media/photo-m/1280/18/3d/59/56/45-minute-helicopter.jpg
https://media-cdn.tripadvisor.com/media/photo-w/18/3d/59/54/45-minute-helicopter.jpg
https://media-cdn.tripadvisor.com/media/photo-m/1280/18/3d/59/2d/45-minute-helicopter.jpg
https://media-cdn.tripadvisor.com/media/photo-w/18/3d/59/1e/45-minute-helicopter.jpg
https://media-cdn.tripadvisor.com/media/photo-w/18/3d/58/fb/45-minute-helicopter.jpg
https://media-cdn.tripadvisor.com/media/photo-w/18/3d/58/bf/45-minute-helicopter.jpg
https://media-cdn.tripadvisor.com/media/photo-w/18/3d/58/a6/45-minute-helicopter.jpg
https://media-cdn.tripadvisor.com/media/photo-w/18/3d/58/5e/45-minute-helicopter.jpg
https://media-cdn.tripadvisor.com/media/photo-m/1280/18/3d/58/39/45-minute-helicopter.jpg","Written July 8, 2019","This review is the subjective opinion of a Tripadvisor member and not of Tripadvisor LLC."
"Reuben S","https://www.tripadvisor.com/Profile/444reubens","https://media-cdn.tripadvisor.com/media/photo-o/1a/f6/e2/e6/default-avatar-2020-45.jpg","San Diego, CA","5","Jul 2019 • Family","Helicopter tour with two elementary school age kids","Fantastic helicopter tour over the Grand Canyon with my 6 year old and 8 year old.  Pilot Scott put them at ease and we had a great conversation amongst those on our copter.  Totally smooth ride, less scary to them than a carnival ride.  Amazing views of the canyon and surrounding areas you cannot get any other way.  Perfect way to end our trip to Grand Canyon.  Highly recommend!","Family","0","","Written July 7, 2019","This review is the subjective opinion of a Tripadvisor member and not of Tripadvisor LLC."
"Cothy08","https://www.tripadvisor.com/Profile/Cothy08","https://media-cdn.tripadvisor.com/media/photo-o/1a/f6/e2/4a/default-avatar-2020-42.jpg","Grenoble, France","5","Jul 2019 • Family","Superbe expérience","Absolument parfait malgré un prix un peu élevé, ça en vaut la peine et notre pilote, David, était très agréable.","Family","0","","Written July 5, 2019","This review is the subjective opinion of a Tripadvisor member and not of Tripadvisor LLC."
"Fellow Oregon Traveler","https://www.tripadvisor.com/Profile/FellowOregonTraveler","https://media-cdn.tripadvisor.com/media/photo-o/1a/f6/ed/00/default-avatar-2020-4.jpg","","5","Jun 2019 • Couples","45 minute helicopter tour of the Grand Canyon.","You have to do this!  It was amazing. My wife and I loved it.  Our pilot was knowledgeable and friendly. You have not seen the Grand Canyon until you experience this.","Couples","0","","Written June 30, 2019","This review is the subjective opinion of a Tripadvisor member and not of Tripadvisor LLC."
"Lizbeth M","https://www.tripadvisor.com/Profile/leobardoc2019","https://media-cdn.tripadvisor.com/media/photo-o/1a/f6/e9/ef/default-avatar-2020-66.jpg","","5","Jun 2019 • Couples","Best way to see the canyon!","This was our first time on a helicopter and our pilot Jesse was excellent! He was a great tour guide, played great music, and provided a smooth ride the entire time. This was the best way to see the Grand Canyon for the first time too, this place is packed with people year around so we got to see it in a more intimate way and it was worth it! One of the best experiences I’ve had in my life.","Couples","0","https://media-cdn.tripadvisor.com/media/photo-w/18/10/69/23/45-minute-helicopter.jpg
https://media-cdn.tripadvisor.com/media/photo-m/1280/18/10/68/b5/45-minute-helicopter.jpg
https://media-cdn.tripadvisor.com/media/photo-w/18/10/68/8a/45-minute-helicopter.jpg","Written June 25, 2019","This review is the subjective opinion of a Tripadvisor member and not of Tripadvisor LLC."
"Ute","https://www.tripadvisor.com/Profile/540utea","https://media-cdn.tripadvisor.com/media/photo-o/1a/f6/f1/06/default-avatar-2020-18.jpg","","5","","Ohne den Flug ist der NP nur die Hälfte wert","Wir haben mit Maverick diese Tour gemacht und es war das viele Geld wert. Das Unternehmen ist 100% professionell. Wir zehren jetzt noch von der Erinnerung, wenn der Heli über den Bäumen in den Canyon reinschwebt. Beim Ticket Kauf mal bei Viator vorbeischauen. Erste Buchung gab 10% Rabatt. Lohnt sich bei den Preisen","","0","","Written June 25, 2019","This review is the subjective opinion of a Tripadvisor member and not of Tripadvisor LLC."
"jaysreview","https://www.tripadvisor.com/Profile/jaysreview","https://media-cdn.tripadvisor.com/media/photo-o/1a/f6/e3/6a/default-avatar-2020-47.jpg","Springfield, MO","5","May 2019 • Family","Take this tour if you can!","Took the tour during the last week of May with my two adult sons.  Excellent operation from reservations to landing. Felt very safe and enjoyed spectacular views. Fantastic memory for the rest of my life.","Family","0","","Written June 23, 2019","This review is the subjective opinion of a Tripadvisor member and not of Tripadvisor LLC."
"Caroline E","https://www.tripadvisor.com/Profile/carolinehZ8285DT","https://media-cdn.tripadvisor.com/media/photo-o/1a/f6/ed/00/default-avatar-2020-4.jpg","Sollentuna, Sweden","5","","Helicopter over Grand Canyon ","Excellent experience with the helicopter tour. Information before the trip was very good. All info we needed we had on time. Once there the pilot was very knowledgeable and let us know all we were flying over. It was absolutely so impressive the whole experience. We were 5 plus the pilot meaning all of us had a top view.<br />Had we been 2 more they would have been sitting in the middle in the back not seeing as much as we did. Very expensive since our currency for the moment is vey week but the trip was worth every cent!","","0","","Written June 22, 2019","This review is the subjective opinion of a Tripadvisor member and not of Tripadvisor LLC."
"rdh794","https://www.tripadvisor.com/Profile/rdh794","https://media-cdn.tripadvisor.com/media/photo-o/1a/f6/f2/b8/default-avatar-2020-26.jpg","Indianapolis, IN","5","Jun 2019 • Family","Great Tour!!!","We took our grandchildren on the 45 minute helicopter tour of the Grand Canyon.  This is the second time my husband and I have used Maverick and have been very pleased with them.  They do a wonderful job!  The kiddos were absolutely thrilled with the experience!  It gave them a great overall perspective of the size and grandeur of the Grand Canyon before embarking on hiking.  Maverick was professional, informative and did a wonderful job in all aspects or our ride; we could not have been more pleased!!!  They thought of everything we could need or want; it was a wonderful experience!!!","Family","0","","Written June 19, 2019","This review is the subjective opinion of a Tripadvisor member and not of Tripadvisor LLC."
"Belinda F","https://www.tripadvisor.com/Profile/708belindaf","https://media-cdn.tripadvisor.com/media/photo-o/1a/f6/eb/6d/default-avatar-2020-19.jpg","Dayton, OH","5","","Great Tour!!","This trip is a must for anyone wanting to see the Grand Canyon in an exciting way!!  I had no desire to go in a helicopter but my daughter really wanted to do it.  It was exhilarating!!  Our pilot, Jesse, was very informative and made me feel extremely comfortable.  Everyone at Maverick was great!  Highly recommend!!","","0","","Written June 9, 2019","This review is the subjective opinion of a Tripadvisor member and not of Tripadvisor LLC."
"rick g","https://www.tripadvisor.com/Profile/rickgU903UO","https://media-cdn.tripadvisor.com/media/photo-o/1a/f6/f2/7a/default-avatar-2020-25.jpg","Idaho Falls, ID","5","","G.C.N.P. 45-minute tour ","If you are traveling to Grand Canyon this is a must see.  It is worth every penny.  Think of it as a once in a lifetime opportunity.  Would you stop 100 feet short of the summit on Everest?  Maverick Helecopter did an excellent job and our pilot Alex was knowledgeable, fun and provided a great flight tour.  ","","0","https://media-cdn.tripadvisor.com/media/photo-m/1280/17/dc/27/18/2019060595150006-largejpg.jpg","Written June 9, 2019","This review is the subjective opinion of a Tripadvisor member and not of Tripadvisor LLC."
"Dirk S","https://www.tripadvisor.com/Profile/F6378GAdirks","https://media-cdn.tripadvisor.com/media/photo-s/14/70/6f/09/dirk-s.jpg","","5","","Toller Flug über den GC! Daumen hoch für Maverick","Super Empfehlung für Maverick Helikopter. Toller Pilot, neuer Helikopter und wunderbarer Flug.  <br />Es sind um 8 Uhr 7 Touren gestartet und alle Helikopter waren  nur mit 4-5 Passagieren besetzt, obwohl 7 Sitze pro Maschine vorhanden sind. Es wurde also nicht am falschen Ende gespart, sondern allen Gästen die beste Erfahrung ermöglicht. <br /><br />Toll!","","0","https://media-cdn.tripadvisor.com/media/photo-w/17/d9/e9/28/photo1jpg.jpg
https://media-cdn.tripadvisor.com/media/photo-m/1280/17/d9/e9/27/photo0jpg.jpg","Written June 8, 2019","This review is the subjective opinion of a Tripadvisor member and not of Tripadvisor LLC."
"Merkin","https://www.tripadvisor.com/Profile/Merkin","https://media-cdn.tripadvisor.com/media/photo-o/1a/f6/f2/eb/default-avatar-2020-27.jpg","Colchester, UK","5","Mar 2019 • Family","Fantastic Experience","We were very impressed by the professionalism of the company, the heliport is a comfortable place to wait.  We chose Maverick for their safety record & the excellent reviews from previous travellers.  Yes, for five of us it was expensive but it was so worth it for a once in a lifetime experience.  Thank you.","Family","0","","Written June 8, 2019","This review is the subjective opinion of a Tripadvisor member and not of Tripadvisor LLC."
"Frank&Norah","https://www.tripadvisor.com/Profile/Departure809848","https://media-cdn.tripadvisor.com/media/photo-o/1a/f6/f2/59/default-avatar-2020-24.jpg","Oakland, CA","5","","Excellent splurge","Fantastic ride and tour.  A great way to experience the size and diversity of the canyon.  Go for it.  Friendly, efficient, professional people. ","","0","","Written June 8, 2019","This review is the subjective opinion of a Tripadvisor member and not of Tripadvisor LLC."
"conrodz","https://www.tripadvisor.com/Profile/conrodz","https://media-cdn.tripadvisor.com/media/photo-o/0e/73/c4/1e/conrodz.jpg","Dallas, TX","5","May 2019 • Couples","Phenomenal Experience","This a must do, seeing the Grand Canyon from above is an amazing experience. I loved every moment of it, it was well worth it.  The ride is pretty safe and staff makes everything very easy to follow through. I would definitely try this again!","Couples","0","","Written June 5, 2019","This review is the subjective opinion of a Tripadvisor member and not of Tripadvisor LLC."
"Gaby Bischof","https://www.tripadvisor.com/Profile/koeln1965","https://media-cdn.tripadvisor.com/media/photo-o/1a/f6/ee/db/default-avatar-2020-10.jpg","","5","May 2019 • Family","Grandioses Erlebnis","Nur aus dieser Perspektive bekommt man einen richtigen Eindruck vom Grand Canyon.<br />Das Gefühl, wenn der Hubschrauber über die Wälder dahin gleitet und dann über den Rand des Canyon hinaus fliegt ist unbeschreiblich. Wir hatten Glück, dass nur 5 Personen außer dem Piloten im Hubschrauber mit geflogen sind, so musste keiner hinten in der Mitte sitzen.<br />Der Pilot hat einige Informationen zum Canyon gegeben und besondere Gesteinsformationen gezeigt, sehr informativ,<br />Auch wenn das Vergnügen nicht ganz billig ist, ist es jeden Dollar wert.","Family","0","https://media-cdn.tripadvisor.com/media/photo-m/1280/17/bd/fb/45/unbeschreiblich.jpg
https://media-cdn.tripadvisor.com/media/photo-m/1280/17/bd/fa/5d/unbeschreiblich.jpg
https://media-cdn.tripadvisor.com/media/photo-m/1280/17/bd/f9/85/unbeschreiblich.jpg
https://media-cdn.tripadvisor.com/media/photo-m/1280/17/bd/f8/da/unbeschreiblich.jpg
https://media-cdn.tripadvisor.com/media/photo-m/1280/17/bd/f7/fc/unbeschreiblich.jpg
https://media-cdn.tripadvisor.com/media/photo-m/1280/17/bd/f7/51/der-pilot.jpg
https://media-cdn.tripadvisor.com/media/photo-m/1280/17/bd/f7/36/gleich-geht-es-los.jpg","Written May 31, 2019","This review is the subjective opinion of a Tripadvisor member and not of Tripadvisor LLC."
"Butch H","https://www.tripadvisor.com/Profile/58butchh","https://media-cdn.tripadvisor.com/media/photo-o/1a/f6/f3/e4/default-avatar-2020-30.jpg","Abingdon, VA","5","May 2019 • Friends","If Trip Advisor would let me give them 10 stars, I would!!","It’s Memorial Day weekend.  The line to get in the main gate at the Grand Canyon visitor center was over a mile long.  So on a lark we decided to investigate the helicopter tours.  Am I glad we did!!  Maverick was super friendly, has a great facility, and the 45 minute tour was well (way more than) worth the price.  Pilot Joe was great, and provided some great narration the whole way, answering questions as we went.  The scenery was, well, it’s the Grand Canyon!  You get views you can’t get any other way, period.  Jaw dropping from start to finish.  Ten thumbs way up!","Friends","0","https://media-cdn.tripadvisor.com/media/photo-m/1280/17/aa/07/64/the-airbus-helicopters.jpg
https://media-cdn.tripadvisor.com/media/photo-m/1280/17/aa/07/5b/one-of-the-dozens-of.jpg","Written May 25, 2019","This review is the subjective opinion of a Tripadvisor member and not of Tripadvisor LLC."
"allen c","https://www.tripadvisor.com/Profile/125allenc","","Fort Worth, TX","5","May 2019 • Couples","Awesome","I highly recommend this trip. It truly was the most memorable part of our visit to the Grand Canyon. The Grand Canyon was a bucket list trip for me & this Maverick helicopter tour was the best part of the trip. Just incredible!!  Take the longer ride because it goes by so fast. It was a bargain!! We went mid-May & are thankful we took this ride. The staff were very professional & Nathan, our pilot, was exceptional.  Just do it, you will be glad you did.","Couples","0","","Written May 20, 2019","This review is the subjective opinion of a Tripadvisor member and not of Tripadvisor LLC."
"Ana-batistine","https://www.tripadvisor.com/Profile/Ana-batistine","https://media-cdn.tripadvisor.com/media/photo-o/1a/f6/f2/11/default-avatar-2020-23.jpg","Saint-Chaptes, France","5","Jun 2018 • Family","Inoubliable","Je recommande cette sortie même si c’est un budget important car la découverte du grand canyon vue du ciel est époustouflante surtout que pour nous c’était une première nous avions réservés les places à l avant avec supplément mais aucun regret une version en français pour les explications genial","Family","0","https://media-cdn.tripadvisor.com/media/photo-w/17/91/fe/1b/vol-en-helicoptere-de.jpg
https://media-cdn.tripadvisor.com/media/photo-w/17/91/fe/16/vol-en-helicoptere-de.jpg
https://media-cdn.tripadvisor.com/media/photo-w/17/91/fe/08/vol-en-helicoptere-de.jpg
https://media-cdn.tripadvisor.com/media/photo-w/17/91/fd/ed/vol-en-helicoptere-de.jpg","Written May 18, 2019","This review is the subjective opinion of a Tripadvisor member and not of Tripadvisor LLC."
"Chuckies1girl","https://www.tripadvisor.com/Profile/Chuckies1girl","https://media-cdn.tripadvisor.com/media/photo-o/1a/f6/e2/11/default-avatar-2020-41.jpg","Mesa, AZ","5","Apr 2019 • Couples","""Heavenly.""","I was afraid that it would be too high up to appreciate the Grand Canyon, boy was I wrong! The flight was amazing and so was our pilot/guide Daniel.  He was informative and answered all of our questions. It was a true adventure and I would do it again!!","Couples","0","","Written May 17, 2019","This review is the subjective opinion of a Tripadvisor member and not of Tripadvisor LLC."
"Guide705933","https://www.tripadvisor.com/Profile/Guide705933","https://media-cdn.tripadvisor.com/media/photo-o/1a/f6/f6/0d/default-avatar-2020-34.jpg","","5","May 2019 • Couples","Awesome views and flight","We had a great time taking the heli flight with maverick . Very professional operation with great staff. Was absolutely the best way to see the canyon and the pilot provided excellent commentary and insights .","Couples","0","https://media-cdn.tripadvisor.com/media/photo-m/1280/17/89/5c/b0/45-minute-helicopter.jpg","Written May 15, 2019","This review is the subjective opinion of a Tripadvisor member and not of Tripadvisor LLC."
"shanyrooCalgary","https://www.tripadvisor.com/Profile/shanyrooCalgary","https://media-cdn.tripadvisor.com/media/photo-o/1a/f6/ea/2e/default-avatar-2020-67.jpg","Calgary, Canada","5","Apr 2019 • Couples","Amazing views","My husband and I did the 45 minute tour at the end of April. Yes, the computer chooses the seats for you but rest assured even if you're in the middle back seat (where my husband was) the views will still be amazing. Our pilot was great and the staff at Mavericks were very professional and took safety very seriously. <br /><br />The ride may not be for the faint of heart or for those with fears of heights (which I realized I am one of after we took off) but the payoff is worth it. A fellow passenger was fulfilling her life long dream of seeing the Canyon and she kept saying ""I can die happy now"". <br /><br />Too soon, Helen.","Couples","0","https://media-cdn.tripadvisor.com/media/photo-o/17/80/f2/c3/little-colorado-river.jpg
https://media-cdn.tripadvisor.com/media/photo-o/17/80/f2/c2/colorado-river.jpg
https://media-cdn.tripadvisor.com/media/photo-o/17/80/f2/c1/helicopter.jpg","Written May 13, 2019","This review is the subjective opinion of a Tripadvisor member and not of Tripadvisor LLC."
"Ncarinci","https://www.tripadvisor.com/Profile/Ncarinci","https://media-cdn.tripadvisor.com/media/photo-o/17/56/25/fe/ncarinci.jpg","Charlotte, NC","5","","Best way to see The Grand Canyon - period!","Took our 9 and 11 year old girls on the tour and loved every minute of the adventure!  Our pilot was wonderful and had great information about the portions of the canyon that we were seeing.  This is hands down the best way to see the Grand Canyon!  I highly recommend!  <br /><br />On a side note, the helicopters that Maverick had were very clean and looked new.  We drove past another aviation place and those aircraft looked old!  Glad we didn’t book with that company!!  ","","0","https://media-cdn.tripadvisor.com/media/photo-m/1280/17/76/73/48/photo5jpg.jpg
https://media-cdn.tripadvisor.com/media/photo-m/1280/17/76/73/47/photo4jpg.jpg
https://media-cdn.tripadvisor.com/media/photo-w/17/76/73/46/photo3jpg.jpg
https://media-cdn.tripadvisor.com/media/photo-m/1280/17/76/73/45/photo2jpg.jpg
https://media-cdn.tripadvisor.com/media/photo-w/17/76/73/44/photo1jpg.jpg
https://media-cdn.tripadvisor.com/media/photo-m/1280/17/76/73/43/photo0jpg.jpg","Written May 9, 2019","This review is the subjective opinion of a Tripadvisor member and not of Tripadvisor LLC."
"kcfriedberg","https://www.tripadvisor.com/Profile/kpfriedberg","https://media-cdn.tripadvisor.com/media/photo-o/1a/f6/e9/ef/default-avatar-2020-66.jpg","New York City, NY","1","Apr 2019 • Family","HORRIFIC post tour service","the actual tour and pilot were great.  But then it all went downhill.  We purchased the photo/DVD package.  Two days after the tour, we got home and I popped the DVD into the player - NO DATA - they didn't actually process the DVD, gave us a blank.  I called immediately, spoke to ""Carlos"", who apologized and said he would send out OUR DVD immediately.  Two weeks later, still no DVD.  Call again.  Carlos answers, apologizes, says he doesn't know what happened, will send out another one.  A week later, still nothing.  Get a call from ""Keith"", who apologizes, and says the ""DVD was returned by the post office"", despite the address being correct.  Then says, 'well if you want why don't you go onto YouTube...."".  I say, why would i want a video of some other family and think that's acceptable?  He then proceeds to claim they were NEVER going to actually send us OUR video, that they don't keep them even for a day, so its lost.  I say, why did Carlos tell me otherwise?  Crickets.  At least they are now, after I demanded it, refunding my money for the video (we shall see if they actually do).  <br /><br />These trips are once in a lifetime events, and they completely f'd it up and now we have no video for the memory.","Family","0","","Written May 8, 2019","This review is the subjective opinion of a Tripadvisor member and not of Tripadvisor LLC."
"B V","https://www.tripadvisor.com/Profile/524bv","https://media-cdn.tripadvisor.com/media/photo-o/1a/f6/e5/66/default-avatar-2020-53.jpg","The Netherlands","5","May 2019 • Couples","One of the greatest experiences in my life!","It’s not cheap, but really worth it! It’s a once in a life time experience. Friendly staff and very friendly and informative pilot. And you see a lot in 45 minutes! Many different aspects of the area, but most of all: the Grand Canyon and the Colorado river. .A really amazing place!!!!","Couples","0","","Written May 8, 2019","This review is the subjective opinion of a Tripadvisor member and not of Tripadvisor LLC."
"Margi S","https://www.tripadvisor.com/Profile/884margis","https://media-cdn.tripadvisor.com/media/photo-o/1a/f6/e2/4a/default-avatar-2020-42.jpg","","5","","WOW!","This ride was wonderful!  Daniel our pilot was knowledgeable and willing to answer questions.  The entire staff was courtious and most helpful. The 45 minutes was not long enough!!!  I cannot recommend this company enough.  There seemed to be lots of other flights to choose from but everything was as promised staff polite and knowledgeable.  We had a great time.<br /><br />","","0","","Written May 6, 2019","This review is the subjective opinion of a Tripadvisor member and not of Tripadvisor LLC."
"PatrickConnealy","https://www.tripadvisor.com/Profile/PatrickConnealy","https://media-cdn.tripadvisor.com/media/photo-o/1a/f6/ef/9c/default-avatar-2020-14.jpg","Columbia, MD","5","Apr 2019","Awesome Trip","Beautiful flight.  Competent pilot and he narrated well pointing out interesting things.  Easy and quick check in process.  I highly recommend this","","0","","Written May 2, 2019","This review is the subjective opinion of a Tripadvisor member and not of Tripadvisor LLC."
"Inspiration546371","https://www.tripadvisor.com/Profile/Inspiration546371","https://media-cdn.tripadvisor.com/media/photo-o/1a/f6/e5/66/default-avatar-2020-53.jpg","Sidney, OH","5","","Amazing trip ","I flew with a very professional pilot. I sat next to the window as I was by myself. It was breathtaking. A very smooth flight. <br />A wonderful way to see the Grand Canyon. <br />","","0","","Written April 27, 2019","This review is the subjective opinion of a Tripadvisor member and not of Tripadvisor LLC."
"hans2706","https://www.tripadvisor.com/Profile/hans2706","https://media-cdn.tripadvisor.com/media/photo-o/1a/f6/e4/2d/default-avatar-2020-48.jpg","Wassenaar, The Netherlands","5","","Maverick Helicopters","Bewust gekozen voor het kleinere bedrijf Maverick en dat was ook de juiste keuze. Een heel persoonlijke benadering door alle mensen van dit bedrijf. Echt een fantastische ervaring met duidelijke uitleg door de piloot onderweg. ","","0","https://media-cdn.tripadvisor.com/media/photo-w/17/4f/80/b9/photo0jpg.jpg","Written April 27, 2019","This review is the subjective opinion of a Tripadvisor member and not of Tripadvisor LLC."
"Peter G","https://www.tripadvisor.com/Profile/K4447MUpeterg","https://media-cdn.tripadvisor.com/media/photo-o/1a/f6/f3/e4/default-avatar-2020-30.jpg","","5","Apr 2019 • Solo","North Rim Helicopter Grand Canyon Detours","Justin picked me up right on time from the airport. I forgot to book a lunch and he explained how important time would be so he called it in for me. Saved me an hour of waiting in line later. Spoke about the flora and fauna intelligently in the interim drive to Williams Route 66 and the Par entrance. <br /><br />Great job all together. After being with me for 13 hours, Justin was still pleasant and accommodating. Thanks for a great trip to the Canyon. I know I’m not your 100th tour, but you gave 100%! Nice job, clean and organized and played appropriate music to keep the atmosphere light during both trips. If you haven’t flown over the Canyon, DO IT WITH DETOURS!","Solo","0","https://media-cdn.tripadvisor.com/media/photo-w/17/43/59/d1/45-minute-helicopter.jpg
https://media-cdn.tripadvisor.com/media/photo-m/1280/17/43/59/42/45-minute-helicopter.jpg","Written April 23, 2019","This review is the subjective opinion of a Tripadvisor member and not of Tripadvisor LLC."
"Pam J","https://www.tripadvisor.com/Profile/4pamj","https://media-cdn.tripadvisor.com/media/photo-o/1a/f6/f1/06/default-avatar-2020-18.jpg","","5","","Grand Canyon helicopter flight","Quincey did a great job with our tour!!  This is worth ever penny!!  Best thing I have ever experienced!!  Will do it again. First helicopter trip!!  Can’t say enough!!!","","0","","Written April 22, 2019","This review is the subjective opinion of a Tripadvisor member and not of Tripadvisor LLC."
"Todd F","https://www.tripadvisor.com/Profile/Tfieldstadt","","Lake Ronkonkoma, NY","5","Apr 2019 • Couples","'High'light of our Grand Canyon trip!","Views breathtaking! Pilot awesome! Overall experience with Maverick was great. After flight guy at counter asked us how it was... i couldn't answer...started crying from unexplainable emotions.","Couples","0","https://media-cdn.tripadvisor.com/media/photo-m/1280/17/40/a6/3c/my-wife-and-i-couldn.jpg","Written April 22, 2019","This review is the subjective opinion of a Tripadvisor member and not of Tripadvisor LLC."
"SCF314","https://www.tripadvisor.com/Profile/SCF314","https://media-cdn.tripadvisor.com/media/photo-o/1a/f6/e6/ea/default-avatar-2020-54.jpg","Boston, MA","5","Apr 2019 • Family","Amazing Experience","We had never been on a helicopter ride before, it was recommended by a friend who had done it.  From the minute we lifted off, it was so cool! It was me, my two teen child, and another couple we didn’t know.  We all could see as 3 were up front with the pilot and my daughter and I were in the back seat but on opposite sides of the helicopter.  The views you have of the Canyon are amazing and beautiful.  You get to see parts of the Canyon you cannot get to org wise.  Our pilot was great, very nice, knowledgeable, experienced pilot.  I highly recommend this activity!  (I would attach photos but the TripAdvisor app is saying my file size is too big!)","Family","0","https://media-cdn.tripadvisor.com/media/photo-m/1280/17/3c/b6/c6/wow.jpg
https://media-cdn.tripadvisor.com/media/photo-m/1280/17/3c/b5/9a/amazing-views.jpg","Written April 21, 2019","This review is the subjective opinion of a Tripadvisor member and not of Tripadvisor LLC."
"bacardibabyManitoba","https://www.tripadvisor.com/Profile/bacardibabyManitoba","https://media-cdn.tripadvisor.com/media/photo-f/01/2e/70/84/avatar005.jpg","manitoba","5","Apr 2019 • Couples","Grand canyon tour","What an awesome experience. First time for all 4 of us in a helicopter. Expert pilot Dave flew us safely down into the canyon and what great views. Staff all professional and courteous. A must do if you can splurge for the cash.","Couples","0","","Written April 14, 2019","This review is the subjective opinion of a Tripadvisor member and not of Tripadvisor LLC."
"k b","https://www.tripadvisor.com/Profile/Z1389AHkellyb","https://media-cdn.tripadvisor.com/media/photo-o/1a/f6/ee/68/default-avatar-2020-9.jpg","","5","Mar 2019 • Family","Breathtaking Experience!","The helicopter trip over the Grand Canyon was truly the unanimous highlight of our trip! Maverick was an excellent company - the pilot was exceptional and the aircraft was well-maintained and conducive to all the passengers being able to see the sights. I would highly recommend the 45-minute trip and Maverick.","Family","0","","Written April 13, 2019","This review is the subjective opinion of a Tripadvisor member and not of Tripadvisor LLC."
"Jennifer","https://www.tripadvisor.com/Profile/Gajk125","https://media-cdn.tripadvisor.com/media/photo-o/1a/f6/e9/ef/default-avatar-2020-66.jpg","Georgia","5","Nov 2018 • Couples","Best way to see Grand Canyon","The Grand Canyon is SO Vast, it's the fastest, best way to see the whole thing.  It was hard to take it all in... so much to look at.  We saw Bison grazing in field, saw many formations that Vern told us about, and their names & he answered any questions we had while in flight with our mic/headsets on each person. (we had 3 women, 3 men w pilot Vern)  This was always on my bucket list, I loved it, a great investment in a great experience.  The only time I was a bit scared was coming up to the crest of a butte, the wind was strong in Nov. and pushed us around a bit, but we were fine.  <br />There were wild horses at the airport too!","Couples","0","https://media-cdn.tripadvisor.com/media/photo-w/17/1d/06/e2/maverick-helicopter-tours.jpg
https://media-cdn.tripadvisor.com/media/photo-m/1280/17/1d/06/b6/maverick-helicopter-tours.jpg
https://media-cdn.tripadvisor.com/media/photo-m/1280/17/1d/06/93/maverick-helicopter-tours.jpg
https://media-cdn.tripadvisor.com/media/photo-m/1280/17/1d/06/6d/maverick-helicopter-tours.jpg","Written April 10, 2019","This review is the subjective opinion of a Tripadvisor member and not of Tripadvisor LLC."
"John K","https://www.tripadvisor.com/Profile/johnkJ7072PC","https://media-cdn.tripadvisor.com/media/photo-o/1a/f6/e2/e6/default-avatar-2020-45.jpg","Schaumburg, IL","5","Mar 2019 • Couples","Truly awesome","We had a great time on our flight over the Grand Canyon. The sightseeing was terrific. The pilot took us down low just before we entered the canyon and it looked like we were going over a cliff. The sudden transition was breathtaking.  My wife was in the front seat and took a couple hundred  pictures.  The seats were comfortable and there wasn't a bad view from anywhere in the chopper. I hadn't been in a helicopter since Viet Nam in 1969. Glad there wasn't a door gunner and I didn't have to sit on my helmet. The internal noise was a lot more quiet than the military choppers. We had a blast.","Couples","0","","Written April 8, 2019","This review is the subjective opinion of a Tripadvisor member and not of Tripadvisor LLC."
"William D","https://www.tripadvisor.com/Profile/406williamd","https://media-cdn.tripadvisor.com/media/photo-o/1a/f6/ef/9c/default-avatar-2020-14.jpg","Uniontown, OH","5","","Simply Awesome ","This tour was awesome. Bucket list just became a little smaller! Money well spent. I’d say once in a lifetime experience. Pilot was great and service excellent! No hard sell for extras after the trip ! ","","0","https://media-cdn.tripadvisor.com/media/photo-w/17/12/83/b3/photo1jpg.jpg
https://media-cdn.tripadvisor.com/media/photo-m/1280/17/12/83/b2/photo0jpg.jpg","Written April 6, 2019","This review is the subjective opinion of a Tripadvisor member and not of Tripadvisor LLC."
"Jason S","https://www.tripadvisor.com/Profile/O1554AIjasons","https://media-cdn.tripadvisor.com/media/photo-o/1a/f6/f1/79/default-avatar-2020-21.jpg","","5","","Awesome flight great staff worth every penny. ","Although any helicopter flight is expensive, this one did not disappoint. The pilot was a great tour guide and interacted awesome with my 10yo daughter. Not usually one to spend this kind of money for a site seeing tour. I was convinced to try it, and it is a view of the canyon that few get to see. Worth every dime!! The helicopter was top notch and perfect for site seeing. Nice job Maverick staff!!!","","0","","Written April 4, 2019","This review is the subjective opinion of a Tripadvisor member and not of Tripadvisor LLC."
"Paul S","https://www.tripadvisor.com/Profile/G4153QFpauls","https://media-cdn.tripadvisor.com/media/photo-o/1a/f6/de/5a/default-avatar-2020-36.jpg","Perth, Australia","5","Apr 2019 • Couples","Forget what it costs and enjoy it","Yep, it costs a lot. Unless you are a hiker who lives accessible  the park this is probably a once in a lifetime trip so make the most of it.<br />This gives you such a different view of the canyon, a knowledgable pilot, a real sense of scale and the thrill of beingei in a helicopter (best ever mode of transport in my opinion)<br />We couldn’t decide whether or not to do this as the exchange rate for our currency (Australian $) isn’t great and made it an expensive 45mins but we are so glad we did and don’t regret the decision at all.","Couples","0","","Written April 3, 2019","This review is the subjective opinion of a Tripadvisor member and not of Tripadvisor LLC."
"Cincitraveler48","https://www.tripadvisor.com/Profile/cincitraveler48","https://media-cdn.tripadvisor.com/media/photo-o/1a/f6/f4/d0/default-avatar-2020-33.jpg","Cincinnati, OH","5","Mar 2019 • Family","So worth the cost!","Our entire family loved this excursion, which left from Tusayan near the south rim of the Grand Canyon. It is worth every penny. The operation was very efficient, and the views were breathtaking. Tip: We booked a 4 pm helicopter ride (that was about 2.5 hours before sunset when we took the tour in March), and the light was perfect for pictures.","Family","0","https://media-cdn.tripadvisor.com/media/photo-m/1280/17/06/78/04/view-from-the-sky.jpg
https://media-cdn.tripadvisor.com/media/photo-w/17/06/77/ed/view-from-the-sky.jpg
https://media-cdn.tripadvisor.com/media/photo-m/1280/17/06/77/d0/view-from-the-sky.jpg","Written April 2, 2019","This review is the subjective opinion of a Tripadvisor member and not of Tripadvisor LLC."
"sidharthpatel","https://www.tripadvisor.com/Profile/sidharthpatel","https://media-cdn.tripadvisor.com/media/photo-o/1a/f6/e8/91/default-avatar-2020-62.jpg","Stow, MA","5","","Just amazing ","It’s really the only way to see the GC! Our pilot was so nice, safe and informative. It’s worth every penny. Do the 45 min tour so you can see most of the canyon. ","","0","https://media-cdn.tripadvisor.com/media/photo-w/17/01/d4/61/photo6jpg.jpg
https://media-cdn.tripadvisor.com/media/photo-w/17/01/d4/60/photo5jpg.jpg
https://media-cdn.tripadvisor.com/media/photo-m/1280/17/01/d4/5f/photo4jpg.jpg
https://media-cdn.tripadvisor.com/media/photo-m/1280/17/01/d4/5e/photo3jpg.jpg
https://media-cdn.tripadvisor.com/media/photo-w/17/01/d4/5d/photo2jpg.jpg
https://media-cdn.tripadvisor.com/media/photo-w/17/01/d4/5c/photo1jpg.jpg
https://media-cdn.tripadvisor.com/media/photo-m/1280/17/01/d4/5b/photo0jpg.jpg","Written March 31, 2019","This review is the subjective opinion of a Tripadvisor member and not of Tripadvisor LLC."
"Marianne P","https://www.tripadvisor.com/Profile/Expedition660537","https://media-cdn.tripadvisor.com/media/photo-o/1a/f6/de/0a/default-avatar-2020-35.jpg","","5","Mar 2019 • Family","Great time!","Glen was a great pilot and we had a beautiful trip in the air and over the grand canyon. Glen was knowledgeable and kind but more importantly he kept us all safe. We really loved this trip and would highly recommend using Maverick!","Family","0","https://media-cdn.tripadvisor.com/media/photo-m/1280/16/f6/61/c8/my-son-on-the-flight.jpg","Written March 27, 2019","This review is the subjective opinion of a Tripadvisor member and not of Tripadvisor LLC."
"Escape647503","https://www.tripadvisor.com/Profile/Escape647503","https://media-cdn.tripadvisor.com/media/photo-o/1a/f6/f1/42/default-avatar-2020-20.jpg","","5","Mar 2019 • Couples","The best way to experience the Canyon","Myf irst time in a helicopter. I was nrevous. Our pilot, Quincy, allayed all my fears with his quiet confidence and then very obvious expertise, <br />It was a truly wonderful experience, absolutely te best way to experience the Canyon. It all passed too quickly.<br />I thoroughly recommend it","Couples","0","","Written March 26, 2019","This review is the subjective opinion of a Tripadvisor member and not of Tripadvisor LLC."
"Txninok","https://www.tripadvisor.com/Profile/Txninok","https://media-cdn.tripadvisor.com/media/photo-o/1a/f6/ef/32/default-avatar-2020-12.jpg","Oklahoma City, OK","5","Mar 2019 • Couples","Awesome experience","First time in a helicopter and it was awesome. The views are spectacular! Thankfully we were in the front seats and could see everything.","Couples","0","","Written March 19, 2019","This review is the subjective opinion of a Tripadvisor member and not of Tripadvisor LLC."
"entboy2013","https://www.tripadvisor.com/Profile/entboy2013","https://media-cdn.tripadvisor.com/media/photo-o/0b/59/df/68/entboy2013.jpg","Sacramento, CA","5","Mar 2019","Spectacular views and first rate outfit","We too the tour in the late afternoon.  The team at Papillion was punctual and the helicopter was clean .  The pilot was great and the route he took us on was amazing.  Try and get the front seat as it allows an amazing view of the canyon.  Very smooth ride.  Only downside was receptionist at Papillion who checked us in had a poor attitude and could use some customer training.  ","","0","","Written March 19, 2019","This review is the subjective opinion of a Tripadvisor member and not of Tripadvisor LLC."
"Lawrence P","https://www.tripadvisor.com/Profile/lawrencep206","https://media-cdn.tripadvisor.com/media/photo-o/1a/f6/f2/b8/default-avatar-2020-26.jpg","Lynchburg, VA","5","Mar 2019 • Family","Helicopter over Grand Canyon","Great experience.  Went with my wife and two daughters.  It is a great way to see the canyon and surrounding area.  Maverick staff very professional.","Family","0","","Written March 14, 2019","This review is the subjective opinion of a Tripadvisor member and not of Tripadvisor LLC."
"545shar","https://www.tripadvisor.com/Profile/545shar","https://media-cdn.tripadvisor.com/media/photo-o/1a/f6/ec/3d/default-avatar-2020-1.jpg","bournemouth","5","Mar 2019 • Couples","Got there in the end","Having booked for the Friday we had an expected telephone call to say the flight had been cancelled as a great big snowstorm had hit as far as Vegas . We re arranged for Sunday. We turned up on time. Very friendly staff who said that they thought conditions were not good enough for the full flight as we would be disappointed but could do a shorter one if we wanted or go in a few hours. The staff especially Daryn who  went out of his way to help us, arranged another flight for us as there were limited spaces and helicopters. The flight and pilot were fantastic with great views, commentary and comfort . Wouldn't highly recommend these people. They could have taken our money taken us on a flight and we wouldn't have seen much due to the low visibility in the canyon . Instead they were honest from the outset and we had the best outcome .","Couples","0","","Written March 7, 2019","This review is the subjective opinion of a Tripadvisor member and not of Tripadvisor LLC."
"LoJo68","https://www.tripadvisor.com/Profile/LoJo68","https://media-cdn.tripadvisor.com/media/photo-o/1a/f6/e8/ea/default-avatar-2020-63.jpg","Lexington, KY","5","Feb 2019 • Family","Perfect!","I did this with my 19 and 22 year old kids.  We absolutely loved it.  The pilot was great and he went slowly over the canyon and quickly on the way over the forest.  Definitely go with Maverick!","Family","0","","Written February 24, 2019","This review is the subjective opinion of a Tripadvisor member and not of Tripadvisor LLC."
"Donald C","https://www.tripadvisor.com/Profile/kainay","https://media-cdn.tripadvisor.com/media/photo-s/01/73/f1/a0/kainay.jpg","Muskegon, MI","5","Sep 2018","Great exclamation point to our trip!","If you are not up to trekking to the bottom, this is how you can get the best view of the canyon's many features.  Our pilot was a combat veteran chopper pilot.  Very safe and professional.  Do it!  You only live once.","","0","","Written January 25, 2019","This review is the subjective opinion of a Tripadvisor member and not of Tripadvisor LLC."
"tamaradunne","https://www.tripadvisor.com/Profile/tamaradunne","https://media-cdn.tripadvisor.com/media/photo-o/1a/f6/f3/e4/default-avatar-2020-30.jpg","","5","Dec 2018 • Family","Definitely a one-time must-do!","Took a 9am flight out from AZ on Saturday the 29th 2018. Scheduling was not ideal, as we wanted a later flight time and they offered to split up my family of four. We sucked it up and made the early morning drive. Turns out it was the first morning the sky was clear enough to fly that early, and it was really quite lovely. My son and I got to sit in the front and the view was spectacular! Our pilot was awesome (even leaning down to get out of scenery photos) and we got a full hour flight.","Family","0","","Written January 11, 2019","This review is the subjective opinion of a Tripadvisor member and not of Tripadvisor LLC."
"Shelby W","https://www.tripadvisor.com/Profile/995shelbyw","","","5","","A check on the bucket list","Seeing the Grand Canyon from the air in a helicopter was absolutely amazing!  We were able to see so much and Daniel was a great pilot and tour guide. ","","0","","Written December 29, 2018","This review is the subjective opinion of a Tripadvisor member and not of Tripadvisor LLC."
"atravellerobserved","https://www.tripadvisor.com/Profile/atravellerobserved","https://media-cdn.tripadvisor.com/media/photo-o/12/64/04/c5/claire-s.jpg","Brockworth, UK","5","Sep 2018 • Couples","A.M.A.Z.I.N.G!","My husband and I booked the Canyon Spirit, 45-50min tour with Maverick Helicopters as part of a 3 week tour around the west of America. We booked it online a month before we went through the chat option on their website, where they gave us a bit of a discount and all the information we needed.<br />We were told to book in advance because it gets so busy and booked up and we were really glad we did. We did a lot of research on the different options of people to fly with and it paid off because there's nothing we'd change about the one we did. It cost $544 for both of us, which is a lot of money but we'd totally recommend it.<br /><br />We flew at 8am on Thursday September 15, 2018. It was a perfect time and day. The weather was amazing and it was all perfect for the flight. You have to get there about 30 mins before the flight and you're weighed so they can allocate you in the helicopter according to weight, to spread it out. You can't choose or request a specific seat. Fortunately my husband and I got to sit in the front and it was spectacular. The helicopter is largely glass and from the front you can see right down to take in the view. However, there is a great view from every seat and I really wouldn't worry about where you sit.<br /><br />Each helicopter took 6 passengers, plus the pilot. <br /><br />Everyone has headphones and a microphone so you can all communicate with one another during the flight and ask questions. We were fascinated by the number of helicopters that took off at similar times but yet once you're in the air and going over the canyon you can't see any at all. It felt like you were the only one in the air and it's very difficult to take in the sheer scale of the canyon even when you can see a lot of it.<br /><br />There wasn't anything scary about it or unnerving, we absolutely loved our first trip in a helicopter. <br /><br />We would thoroughly recommend this trip.","Couples","0","https://media-cdn.tripadvisor.com/media/photo-m/1280/15/b9/0e/65/our-helicopter.jpg
https://media-cdn.tripadvisor.com/media/photo-m/1280/15/b9/0e/22/view-from-helicopter.jpg
https://media-cdn.tripadvisor.com/media/photo-m/1280/15/b9/0d/dc/view-by-our-feet-in-the.jpg
https://media-cdn.tripadvisor.com/media/photo-m/1280/15/b9/0d/0e/pilot.jpg
https://media-cdn.tripadvisor.com/media/photo-m/1280/15/b9/0c/9c/front-row-in-helicopter.jpg
https://media-cdn.tripadvisor.com/media/photo-m/1280/15/b9/0c/72/view-from-helicopter.jpg
https://media-cdn.tripadvisor.com/media/photo-m/1280/15/b9/0c/17/inside-the-helicopter.jpg","Written December 14, 2018","This review is the subjective opinion of a Tripadvisor member and not of Tripadvisor LLC."
"KeLarson","https://www.tripadvisor.com/Profile/KeLarson","https://media-cdn.tripadvisor.com/media/photo-o/1a/f6/f2/11/default-avatar-2020-23.jpg","Lake Forest, IL","5","Mar 2018","Fabulous way to see the majesty of the canyon","I am so happy I chose this tour. There is no better way to see and understand the grandeur or majesty of the canyon than by air.  The guide talked about the history and different parts for the entire flight.  Very knowledgeable.  Flight itself was exciting and smooth.  We traveled all the way to the north rim which is closed in winter and it is easy to see how much higher in altitude it is than the south side.  I would definitely take this tour again.","","0","","Written December 11, 2018","This review is the subjective opinion of a Tripadvisor member and not of Tripadvisor LLC."
"Martee H","https://www.tripadvisor.com/Profile/marteeh2014","https://media-cdn.tripadvisor.com/media/photo-o/1a/f6/f1/06/default-avatar-2020-18.jpg","Old Hickory, TN","5","","Spectacular!","It was so worth the expense to see the Grand Canyon this way!  Our pilot, Vern, was fantastic.  The views were spectacular!  Highly recommended!!","","0","https://media-cdn.tripadvisor.com/media/photo-m/1280/15/ae/7a/ba/photo2jpg.jpg
https://media-cdn.tripadvisor.com/media/photo-m/1280/15/ae/7a/b8/photo1jpg.jpg
https://media-cdn.tripadvisor.com/media/photo-m/1280/15/ae/7a/b6/photo0jpg.jpg","Written December 10, 2018","This review is the subjective opinion of a Tripadvisor member and not of Tripadvisor LLC."
"gonzobignose","https://www.tripadvisor.com/Profile/gonzobignose","https://media-cdn.tripadvisor.com/media/photo-s/02/e5/b3/8d/gonzobignose.jpg","Worcester, UK","5","Nov 2018 • Couples","If you do nothing else, do this","We had a morning flight and it was the clearest of days, our pilot was brilliant and very informative. Me and the wife had a window seat each in the back. The views are stunning and you can get to see how amazing the Grand Canyon is. A well organised and great run company, easy to find, nice lounge area while you wait. A must for anyone visiting the south rim.","Couples","0","https://media-cdn.tripadvisor.com/media/photo-w/15/a1/9e/1a/great-photos.jpg
https://media-cdn.tripadvisor.com/media/photo-m/1280/15/a1/9d/a7/maverick-taking-off.jpg
https://media-cdn.tripadvisor.com/media/photo-m/1280/15/a1/9d/1d/looking-out-opposite.jpg","Written December 6, 2018","This review is the subjective opinion of a Tripadvisor member and not of Tripadvisor LLC."
"dan_pub","https://www.tripadvisor.com/Profile/dan_pub","https://media-cdn.tripadvisor.com/media/photo-o/1a/f6/e6/ea/default-avatar-2020-54.jpg","Dania Beach, FL","5","Nov 2018 • Couples","Experience not to be missed!","We took the 10:00am tour and were lucky to each have a window seat. (middle seats in the back would not be as enjoyable, but on our flight they were left empty)<br /><br />The EC-130 helo gives a very smooth ride and is very stable. our pilot was very pro. It was the first time for my wife but the positive safe environment helped her not be nervous.  <br /><br />The view of the Canyon itself is fantastic, and the flight affords sights not possible otherwise. Beyond the canyon, the friendly and informative pilot showed us buffalos at a water hole on the north rim wilderness, and many other interesting things.<br /><br />Do not miss this experience if you visit the park.","Couples","0","","Written December 6, 2018","This review is the subjective opinion of a Tripadvisor member and not of Tripadvisor LLC."
"Allfitzgood","https://www.tripadvisor.com/Profile/Allfitzgood","https://media-cdn.tripadvisor.com/media/photo-o/1a/f6/e7/7b/default-avatar-2020-56.jpg","Ballynahinch, United Kingdom","5","Oct 2018 • Couples","Wonderful Experience.....","Fantastic experience with an excellent company Maverick Helicopters. Very professional, friendly and informative from start to finish.<br />We were collected at nominated pick up point and then lifted other passengers on the bus who were also booked on a flight. We arrived at the heliport and were processed through and given a safety briefing and we were on our way... We chose the trip which flew over The Hoover Dam and then on to the Grand Canyon where we landed and had a Champagne Picnic.. Totally wonderful experience from start to finish... We were 3 couples and was great as all 3 couples got front seat experience as we rotated from take off to picnic to refuelling stop and then back home.... Highly recommended indeed...Well worth the money....","Couples","0","","Written November 28, 2018","This review is the subjective opinion of a Tripadvisor member and not of Tripadvisor LLC."
"Edward S","https://www.tripadvisor.com/Profile/EdS759","https://media-cdn.tripadvisor.com/media/photo-o/1a/f6/de/0a/default-avatar-2020-35.jpg","Centreville, VA","5","Nov 2018 • Family","The only way to fly!","This was my first visit to the Grand Canyon and taking this tour is worth every penny!  The team at Maverick are the best and made the experience just that much better.   Seeing the Canyon from the air is an experience my family and I will never forget.","Family","0","https://media-cdn.tripadvisor.com/media/photo-w/15/7f/5c/1e/south-rim-tour-with-maverick.jpg","Written November 24, 2018","This review is the subjective opinion of a Tripadvisor member and not of Tripadvisor LLC."
"Craeay","https://www.tripadvisor.com/Profile/Craeay","https://media-cdn.tripadvisor.com/media/photo-o/1a/f6/eb/a3/default-avatar-2020-38.jpg","Sequim, WA","5","","45 min helicopter tour","Fabulous!  Simply FABULOUS!<br /><br />Nathan was a wonderful pilot/guide, pointing out all of the highlights of our tour!  Incredibly memorable and an excellent time!  Nate was extremely patient with our questions and provided a very safe and motion-sick-free ride!  Headphones had nice music. Thank you!","","0","https://media-cdn.tripadvisor.com/media/photo-m/1280/15/7c/62/4a/photo1jpg.jpg
https://media-cdn.tripadvisor.com/media/photo-m/1280/15/7c/62/49/photo0jpg.jpg","Written November 23, 2018","This review is the subjective opinion of a Tripadvisor member and not of Tripadvisor LLC."
"CardiffMaddie","https://www.tripadvisor.com/Profile/CardiffMaddie","https://media-cdn.tripadvisor.com/media/photo-s/03/1e/d9/39/cardiffmaddie.jpg","Cardiff, UK","5","","Wow, wow, wow.... ","We decided to book this with Maverick as it had been recommended and the reviews were good. We weren't disappointed. We had an email reminder of our flight, smooth checkin and a professional service during our flight. Our pilot provided regular commentary of points of interest (it's the GC and its all amazing!) throughout our flight. I think 45 minutes is optimal as you fly from Tusayan for about 10 minutes over the pine forest on the journey out and back, so really only have 25 minutes over the Canyon, so a shorter flight would mean less wow time! Our trip was at 10am, so if you're booked for a similar time I'd advise taking a many pictures as you can on the outward journey, as on the return journey you're flying into the sun so get a lot of reflections. Highly recommended. ","","0","https://media-cdn.tripadvisor.com/media/photo-m/1280/15/6c/e6/ce/img-20181115-100918-largejpg.jpg
https://media-cdn.tripadvisor.com/media/photo-m/1280/15/6c/e6/cd/img-20181115-101427-largejpg.jpg
https://media-cdn.tripadvisor.com/media/photo-m/1280/15/6c/e6/cc/img-20181115-102323-largejpg.jpg","Written November 18, 2018","This review is the subjective opinion of a Tripadvisor member and not of Tripadvisor LLC."
"Christoph B","https://www.tripadvisor.com/Profile/967christophb","https://media-cdn.tripadvisor.com/media/photo-o/1a/f6/e9/ef/default-avatar-2020-66.jpg","","5","Oct 2018 • Couples","Einfach genial","Für 2 Personen ist das kein Schnäppchen. Aber die Eindrücke dieses Fluges sind unbezahlbar und jede Minute/Euro wert. Jederzeit wieder. <br />Flug, Pilot, Dauer, Sicht, Platzangebot, Sicherheitsgefühl, ... sehr gut.<br />45 Minuten die man in diese Perspektiven investieren muß!!!","Couples","0","","Written November 14, 2018","This review is the subjective opinion of a Tripadvisor member and not of Tripadvisor LLC."
"Terry S","https://www.tripadvisor.com/Profile/terrys818","https://media-cdn.tripadvisor.com/media/photo-o/05/72/1e/f1/terry-s.jpg","Wollongong, Australia","5","Jan 2018 • Couples","This Should be on Your Bucket List","A very professionally run tourist operation, and a wonderfully informed and expansive pilot who managed the dual tasks of successfully keeping us aloft while deciphering and answering our inane and long-winded questions. <br />And coping with our infantile exclamations. <br />Yes, we were excited. <br />All of us. <br />My partner and I, and the 3 other passengers - a generational trio of grandmother, mother and daughter, all on their first helicopter flight. <br />We had a beautiful  blue sky crisp winter morning for our tour.<br />That moment the chopper passed from the forested plateau over the rim of the canyon was, alone, worth the cost of the flight. <br />My mind was then scrambled by the sheer vastness of the canyon below and around us - the northern side is evidently higher than the southern side - and the breathtaking beauty of the canyon walls and formations, the colours, the light and the shadows. <br />And the teal green of the serpentine Colorado way down at the very bottom. <br />Time evaporated as we snaked along the river, rose above then flew over the northern rim - where we saw a herd of bison in a snow covered landscape - then re-entered the canyon further westward. I couldn't believe that we had been flying for as long as we had when we gently settled back on to the tarmac back at Maverick central.<br />Sensational, and a video of the flight available just in case you want to relive it.","Couples","0","https://media-cdn.tripadvisor.com/media/photo-m/1280/15/48/b3/a3/rapids-on-the-colorado.jpg","Written November 7, 2018","This review is the subjective opinion of a Tripadvisor member and not of Tripadvisor LLC."
"ChicagoTraveler1616","https://www.tripadvisor.com/Profile/ChicagoTraveler1616","https://media-cdn.tripadvisor.com/media/photo-o/1a/f6/f1/b8/default-avatar-2020-22.jpg","Chicago, IL","5","Oct 2018 • Family","best way to see the Grand Canyon","2 of us booked the 45 minute Grand Canyon tour that departs from the local airport.  Easy to book, easy to check in.  Each helicopter has 2 rows with 4 seats each.  I had the unfortunate luck to draw one of the middle seats in the back row, but the views were still fantastic. Pilot was great with the tour and answered any questions we had.  Yes, it's pricy, but I thought it was totally worth it!","Family","0","https://media-cdn.tripadvisor.com/media/photo-w/15/38/6c/0d/south-rim.jpg
https://media-cdn.tripadvisor.com/media/photo-m/1280/15/38/6c/0b/colorado-river-south.jpg
https://media-cdn.tripadvisor.com/media/photo-w/15/38/6c/06/over-the-canyon.jpg","Written November 1, 2018","This review is the subjective opinion of a Tripadvisor member and not of Tripadvisor LLC."
"Marcel L","https://www.tripadvisor.com/Profile/634marcell","https://media-cdn.tripadvisor.com/media/photo-s/14/92/5d/a5/marcel-l.jpg","","4","Oct 2018 • Couples","La chance d'être devant...","Pas de commentaires en Français... dommage quand on ne comprend pas bien l'anglais.<br />Sinon sensations garanties","Couples","0","","Written October 30, 2018","This review is the subjective opinion of a Tripadvisor member and not of Tripadvisor LLC."
"CJBADB","https://www.tripadvisor.com/Profile/CJBADB","https://media-cdn.tripadvisor.com/media/photo-o/1a/f6/e3/6a/default-avatar-2020-47.jpg","Derby, UK","2","Oct 2018 • Couples","Grand Canyon Helicopter Flight","The Grand Canyon scenery was absolutely spectacular from the ground so we were expecting even better views from the helicopter flight over the Grand Canyon. However, unfortunately we were allocated middle back row seats and the views out of the windows were severely restricted. Those fortunate enough to have been allocated front row seats had unrestricted views. Seat allocation is determined by helicopter weight and balance requirements so you don’t get a choice where you are seated but you pay the same price.<br />In summary we did not consider back row middle seats were value for money and wished we had not bothered with the Helicopter Flight and spent more time enjoying the spectacular scenery on the ground.","Couples","0","","Written October 27, 2018","This review is the subjective opinion of a Tripadvisor member and not of Tripadvisor LLC."
"Carol A","https://www.tripadvisor.com/Profile/CarolA247","https://media-cdn.tripadvisor.com/media/photo-o/1a/f6/e9/60/default-avatar-2020-64.jpg","Amarillo, TX","3","Oct 2018 • Couples","Very disappointing experience on first ever helicopter tour.","Maverick is a pro at the helicopter tour so it feels pretty regimented. The weather had been rainy so they were not allowed to fly this route over the canyon. They offered the shorter 20 minute flight and a $30 per person refund or our money back. We decided to go. Be aware this flight uses a small helicopter that they cram the pilot and SIX passengers into. It is just a straight shot across the deepest part of the canyon. They have no control over the weather but I have learned not to book these kinds of things until you are on the ground and can see the conditions. The refund was tiny for the disappointment.","Couples","0","","Written October 22, 2018","This review is the subjective opinion of a Tripadvisor member and not of Tripadvisor LLC."
"Joey_M_B","https://www.tripadvisor.com/Profile/Joey_M_B","https://media-cdn.tripadvisor.com/media/photo-o/1a/f6/ed/00/default-avatar-2020-4.jpg","","3","Oct 2018 • Friends","Nice flight, nothing special, expensive","Due to bad weather we could not go for the booked 45 minute flight, but got downgraded for a shorter one. They said about 30 minutes, but it were barely 20 min. We got a refund of 33 USD for the shorter one, a tour that I couldn't see on their homepage. So all in all we paid about 245 USD for a 20 minute flight. As I remember there are some alternatives which do not charge that much for such a short trip. Flight was okay, but nothing extraordinary.","Friends","0","","Written October 20, 2018","This review is the subjective opinion of a Tripadvisor member and not of Tripadvisor LLC."
"Gert K","https://www.tripadvisor.com/Profile/576gertk","https://media-cdn.tripadvisor.com/media/photo-m/1280/26/60/fa/7b/576gertk.jpg","New York City, NY","5","Oct 2018 • Couples","Helt overkligt!","Mest häftigast vi varit med om, vår andra helikoptertur blev en fantastisk upplevelse. Duktig, säker och kunnig pilot samt en sagolik natur som måste upplevas i verkligheten gjorde den här turen till ett minne för livet.<br />Rekommenderas !","Couples","0","","Written October 15, 2018","This review is the subjective opinion of a Tripadvisor member and not of Tripadvisor LLC."
"A Tripadvisor Member","","","","5","Oct 2018 • Friends","Two thumbs up","我们在大峡谷停留了两个晚上，第二天下午安排了Maverick’s的Canyon Spirit。整体飞行时间大概是45分钟，登机前工作人员给予了比较充分的安全须知说明，包括在柜台时客服还给了我们详细的中文清单须知。因为直升机的空间有限，同时受重量影响，一般任何小包（包括双肩包或手提包）都是不能带的，随身可带手机、照相机和钱包。<br /><br />直升机里挺干净的，座位也挺舒服。我们的飞行员是一个叫BJ的帅锅，人很nice，对我们七个女的特别有耐心，他有超过八年的驾驶经验，之前是驾驶学校里的教官，据说还追过龙卷风呢。除了直升机刚爬升时有点担心，整个过程BJ都开得非常稳，一点不像飞在空中，很安全。<br /><br />直升机之旅价格是高的，但绝对物有所值，可以说是我们15天美西之旅的亮睛之笔，大家都非常满意，我的朋友甚至提出要不多给点钱再飞久一点。<br /><br />来大峡谷玩的朋友，千万不要错过这个精彩的节目。","Friends","0","","Written October 15, 2018","This review is the subjective opinion of a Tripadvisor member and not of Tripadvisor LLC."
"Klawe60","https://www.tripadvisor.com/Profile/Klawe60","https://media-cdn.tripadvisor.com/media/photo-o/1a/f6/f1/42/default-avatar-2020-20.jpg","Sulz am Neckar, Germany","5","Sep 2018 • Couples","Einfach Super","Einfach super! Gerne wieder. Wir waren zum Glück nur zu fünft an Bord und somit hatte jeder eine tolle Sicht! Zu sechst sitzt in der hinteren Reihe eine Person in der Mitte mit etwas weniger guter Sicht.","Couples","0","","Written October 14, 2018","This review is the subjective opinion of a Tripadvisor member and not of Tripadvisor LLC."
"Vicki M","https://www.tripadvisor.com/Profile/808vickim","https://media-cdn.tripadvisor.com/media/photo-o/1a/f6/f1/79/default-avatar-2020-21.jpg","","5","","David and Vicki from Australia ","Excellent experience. With our pilot Vern, his knowledge and experience was amazing.  Thanks for a memorable and exciting experience. ","","0","","Written October 11, 2018","This review is the subjective opinion of a Tripadvisor member and not of Tripadvisor LLC."
"Dusty6","https://www.tripadvisor.com/Profile/Dusty6","https://media-cdn.tripadvisor.com/media/photo-o/1a/f6/77/ae/default-avatar-2020-2.jpg","Hertfordshire, England","5","Sep 2018","Not to be missed experience","This is a stunning way to see Grand Canyon.  Our 45 minute flight went too quickly and we appreciated the way our Pilot (Alex), put us at ease and guided us through the trip, with his informative, interesting and entertaining commentary.  The views from the helicopter were truly awe inspiring.  The whole operation was very efficient, slick and professional and they certainly went out of their way to make the experience special for us. We would very highly recommend this experience.","","0","","Written October 9, 2018","This review is the subjective opinion of a Tripadvisor member and not of Tripadvisor LLC."
"MikeRedmond2911","https://www.tripadvisor.com/Profile/MikeRedmond2911","https://media-cdn.tripadvisor.com/media/photo-o/1a/f6/ef/73/default-avatar-2020-13.jpg","Washington DC, DC","5","Oct 2018 • Couples","Awesome Experience","This was a once in a lifetime experience.  The pilot was very knowledgeable concerning the Grand Canyon and the views were amazing.  The best part is when the helicopter goes over the rim and you go from about 200 feet above the trees to a 6000 foot drop.  It was my wife's first time in a helicopter and she loved it.","Couples","0","","Written October 9, 2018","This review is the subjective opinion of a Tripadvisor member and not of Tripadvisor LLC."
"trad 92","https://www.tripadvisor.com/Profile/trad92","https://media-cdn.tripadvisor.com/media/photo-o/1a/f6/ee/db/default-avatar-2020-10.jpg","Paris","5","Sep 2018 • Family","EXTRAORDINAIRE !","Waouh ! Quelle belle expérience en famille ! Accueil tout à fait sympathique, pilote très sympa également. S'est donné du mal pour parler un peu en français. Tour très bien organisé : la musique est super bien choisie selon que l'on est au-dessus de la forêt, du canyon, qu'on arrive au bord du canyon. Explications dans le casque en anglais et en français. Nous nous sommes offert le tour de 50 minutes avec l'hélicoptère Ecostar chez ""Papillon"". On reconnait les sentiers foulés les jours précédents. A l'inverse on reconnaitra ensuite certains pics vus en hélicoptère. On a même vu des bisons. Quelle chance d'avoir pu s'offrir ce tour merveilleux !","Family","0","","Written October 8, 2018","This review is the subjective opinion of a Tripadvisor member and not of Tripadvisor LLC."
"Maggie255118","https://www.tripadvisor.com/Profile/Maggie255118","https://media-cdn.tripadvisor.com/media/photo-o/1a/f6/ed/00/default-avatar-2020-4.jpg","Christchurch, New Zealand","5","Sep 2018 • Couples","Top of our Bucket List achieved!","Maverick are a responsible, professional group with safety as their top priority.  We had an awesome pilot/guide taking us through the spectacular Grand Canyon in September'18.  Will recommend Maverick to all our friends.","Couples","0","","Written October 5, 2018","This review is the subjective opinion of a Tripadvisor member and not of Tripadvisor LLC."
"pipilotta","https://www.tripadvisor.com/Profile/pipilotta111","https://media-cdn.tripadvisor.com/media/photo-o/1a/f6/f2/59/default-avatar-2020-24.jpg","Eckernforde, Germany","5","","Immer wieder","Super geniales Erlebnis....einfach Hammer toll....hat alles wunderbar geklappt und war jeden cent bzw Euro wert.<br />Würde es jederzeit wieder machen.man sieht dadurch vom Grand Canyon einfach mehr und hat mal nen Eindruck wie groß er wirklich ist","","0","","Written October 3, 2018","This review is the subjective opinion of a Tripadvisor member and not of Tripadvisor LLC."
"632caterinac","https://www.tripadvisor.com/Profile/632caterinac","https://media-cdn.tripadvisor.com/media/photo-o/1a/f6/ee/db/default-avatar-2020-10.jpg","Seriate, Italy","5","Aug 2018","Volando libera","Esperienza spettacolare ed emozionante , mi sono sentita il cuore battere da una forte e bellissima sensazione di libertà!! consiglio vivamente questa esperienza a tutti","","0","","Written October 3, 2018","This review is the subjective opinion of a Tripadvisor member and not of Tripadvisor LLC."
"Jamie S","https://www.tripadvisor.com/Profile/V9607DQjamies","https://media-cdn.tripadvisor.com/media/photo-o/1a/f6/de/0a/default-avatar-2020-35.jpg","Glasgow, UK","5","Sep 2018 • Couples","More than i expected it to be","We travelled from Scotland to the USA to ride down the famous Route 66. One of my most anticipated stops was to see the Grand Canyon. But it was also one of my most dreaded... perhaps the hype was all just hype... what if it was an anti-climax? What if it was a complete let down... <br /><br />Let me tell you it was much much more than I expected. From the ride north from Williams to the heliport, the treatment we received by Maverick Helicopters, the pilots attitude, the general experience and the Canyon itself... Wow. It wasn't a once in a lifetime, because I will go back again. And I will use Maverick Helicopters again. <br /><br />Our pilot (apologies as his name escapes me... possibly Pete??), set us at ease with his relaxed but professional demeanor, his interactions with his passengers and the revelation that he used to fly Black Hawk Helicopters... so we're in good hands then. Aaaand relax. I regularly use helicopters for my work offshore, but I know my wife was incredibly nervous, and the revelation of his flying experience really helped her to enjoy the flight. It also helped to lift off to the Top Gun soundtrack, followed by a quality ""mix tape"" of classic rock gently pumped into our headsets as we soared over the landscape. The pilots knowledge of the area and delivery of the facts was as enjoyable as the ride itself. Outdone only by the views we experienced... I have never in all my days seen a landscape so beautiful. <br /><br />Thank you Maverick Helicopters. <br /><br />Jamie and Lee-Ann","Couples","0","https://media-cdn.tripadvisor.com/media/photo-s/14/e7/4b/16/45-minute-helicopter.jpg
https://media-cdn.tripadvisor.com/media/photo-o/14/e7/4b/11/45-minute-helicopter.jpg","Written October 1, 2018","This review is the subjective opinion of a Tripadvisor member and not of Tripadvisor LLC."
"Caro M","https://www.tripadvisor.com/Profile/229carom","https://media-cdn.tripadvisor.com/media/photo-o/1a/f6/ef/9c/default-avatar-2020-14.jpg","","5","","Breathtaking","We took the 45-minute canyon flight in the morning. It was a great experience all around. Our pilot, BJ, was easy-going and extremely capable and the flight was super smooth, no jerks or drops, it was like sitting on the couch at home, enjoying the fantastic panorama that unfolded once we cleared the canyon rim. We were a true 45+ minutes in the air. This flight was a birthday gift for an 85th birthday, and the recipient could not have been happier.","","0","","Written October 1, 2018","This review is the subjective opinion of a Tripadvisor member and not of Tripadvisor LLC."
"BeanNZ","https://www.tripadvisor.com/Profile/BeanNZ","https://media-cdn.tripadvisor.com/media/photo-o/1a/f6/e9/60/default-avatar-2020-64.jpg","Auckland Central, New Zealand","3","","Amazing flight over Grand Canyon, terrible service from office staff","Booked weeks in advance qhe wecwere at home on New Zealand. Acidently bookex yhe wrong mouth. Booked August 19 instead of September 19. Was not in US o  August 19. No refund from Maverick and rhus eas a sream trip. I could not disappoint my partner so rebooked and paid full price twice. Not impressed  at all with Maverick and their handling of this situation. Money hungry corporate.","","0","","Written September 29, 2018","This review is the subjective opinion of a Tripadvisor member and not of Tripadvisor LLC."
"LesleyJD","https://www.tripadvisor.com/Profile/LesleyJD","","Bracknell, UK","5","Sep 2018 • Couples","Fantastic trip","We debated on whether or not to do this trip as it was quite expensive but we were so pleased that we did.  A fantastic trip of a lifetime and a brilliant way to see the canyon.  Joel, our pilot, was great and told us lots about the canyon and surrounding area.  This is a trip that we will never forget.","Couples","0","https://media-cdn.tripadvisor.com/media/photo-w/14/d9/4f/19/45-minute-helicopter.jpg","Written September 28, 2018","This review is the subjective opinion of a Tripadvisor member and not of Tripadvisor LLC."
"jesjor","https://www.tripadvisor.com/Profile/jesjor","https://media-cdn.tripadvisor.com/media/photo-o/1a/f6/f4/20/default-avatar-2020-31.jpg","Denmark","5","Sep 2018 • Friends","Super helikopter tus med maverick","Det er en super helikopter tur. Havde en tidlig tur, og alt fungerede. Kompetent pilot som gennemgik sikkerhds tjek osv. meget stilel og roligt.<br />Var så heldige at vi kun var os 4 i helikopteren. Det er helt super fantastisk flyvetur ud over grand canyon og alle pengene værd.<br />Han fortalte en masse og svarede beredvilligt på alle spørgsmål.","Friends","0","","Written September 27, 2018","This review is the subjective opinion of a Tripadvisor member and not of Tripadvisor LLC."
"Simon S","https://www.tripadvisor.com/Profile/simonjstevenson1970","","Ivybridge, UK","5","","Brilliant","A truly brilliant experience. Flew with my wife and two teenage childten. Our pilot BJ provided a great tour which was a real highlight of our family's roadtrip. Definitely recommend.","","0","","Written September 27, 2018","This review is the subjective opinion of a Tripadvisor member and not of Tripadvisor LLC."
"SaRuRo .","https://www.tripadvisor.com/Profile/saruro","https://media-cdn.tripadvisor.com/media/photo-s/0b/e4/d7/8a/saruro.jpg","Arinsal, Andorra","5","","Excellent!","At least once in a lifetime you need to do a helicopter flight over the Grand Canyon! Stunning views and a lot of fun!","","0","","Written September 23, 2018","This review is the subjective opinion of a Tripadvisor member and not of Tripadvisor LLC."
"daniyell","https://www.tripadvisor.com/Profile/daniyell","https://media-cdn.tripadvisor.com/media/photo-o/14/bd/f3/64/daniyell.jpg","Massachusetts","5","Sep 2018 • Couples","Best tour ever!!!!","Having  taken a helicopter tour of Grand Canyon  and Jeep tour before I can base this review on past experience. This time we have chosen Maverick for the combo helicopter tour and sunset Jeep tour! We are so thrilled we did! Our pilot BJ was fantastic....entertaining, funny, knowledgeable and gave us the thrill of a life time! This experience exceeded our expectations! If we ever do it again and every time we recommend to friends/family we tell them call maverick and ask for BJ they will not be disappointed.","Couples","0","https://media-cdn.tripadvisor.com/media/photo-m/1280/14/be/01/6c/views-and-excitement.jpg","Written September 21, 2018","This review is the subjective opinion of a Tripadvisor member and not of Tripadvisor LLC."
"Veronique JS","https://www.tripadvisor.com/Profile/veroniquejeannot18","https://media-cdn.tripadvisor.com/media/photo-o/1b/a2/f6/54/caption.jpg","Nice, France","5","Jul 2018 • Family","GRANDIOSE","Un professionnalisme parfait<br />Un accueil parfait<br />Chris le pilote avait choisit la musique de ""top gun"" pendant le vol ce qui rajoutait une touche d'émotion<br />Le survol du Grand Canyon se fait après un survol de la forêt car il n'y a pas d'autres moyens d'y arrive depuis Tusayan. Mais cela vaut vraiment le coup ! C'est ma meilleure expérience (et j'ai visité 43 pays)<br />On survol la forêt et d'un coup le Grand Canyon se déroule à vos pieds<br />C'est fantastique","Family","0","","Written September 14, 2018","This review is the subjective opinion of a Tripadvisor member and not of Tripadvisor LLC."
"David N","https://www.tripadvisor.com/Profile/601DavidN601","https://media-cdn.tripadvisor.com/media/photo-o/1a/f6/e5/2b/default-avatar-2020-52.jpg","Roswell, Georgia, United States","5","","Grand Canyon Helicopter Tour","I have been to the Grand Canyon five times.  This was the first time we did a helicopter tour, and this was absolutely the best visit because of the helicopter ride. It provides such a different visual experience with this magnificent view of the Canyon.  Viewing the Canyon after this experience was still great, but not the same. The helicopter was a Eurocopter built specifically for tours. It sits 8, very quiet, built with very good visibility.  The helicopter ride made our trip to Vegas, the Canyon & Sedona. ","","0","","Written September 13, 2018","This review is the subjective opinion of a Tripadvisor member and not of Tripadvisor LLC."
"Sleepingnoah","https://www.tripadvisor.com/Profile/Sleepingnoah","https://media-cdn.tripadvisor.com/media/photo-o/1a/f6/f1/79/default-avatar-2020-21.jpg","Houston, TX","5","Sep 2018 • Couples","Simply Majestic","The whole operation was professional from start to finish.  The pilot made the trip awesome.  You cannot ask for specific seating because it's based on the weight of each person (they balance the vehicle).  You have to stand on a scale when you check in but don't worry - no one sees the reading!","Couples","0","","Written September 8, 2018","This review is the subjective opinion of a Tripadvisor member and not of Tripadvisor LLC."
"Beth F","https://www.tripadvisor.com/Profile/NaniFox1","https://media-cdn.tripadvisor.com/media/photo-o/02/9f/6c/85/beth-f.jpg","Nevada, MO","5","Sep 2018 • Couples","Awesome","First off I hate flying. I did this for my husband. This tour was conducted by a well organized company. The check in people were great. One note people...the fires out west and weather are not controllable. The helicopter we were in gave me my first ever awesomely safe, stable flight. Our pilot, Chris was experienced and a lot of fun. He gave me permission to cuss if I needed too :-) This is the a great way to start your Grand Canyon trip. You see it all. There were my husband and I, a great couple from Ireland and a gentleman from France. We had a perfect group. The views were awesome. Chris shared alot of personal stories and history of the park and the geology. We were very fortunate to see Biden and elk AND black bear/cows ( they were really cows but I won't tell)  All in all Maverick Helicopters is the company to use. They made my first helicopter ride a great one. The rides need to be longer 45 minutes went too fast. ","Couples","0","https://media-cdn.tripadvisor.com/media/photo-o/14/79/56/ab/20180904-103548-largejpg.jpg
https://media-cdn.tripadvisor.com/media/photo-o/14/79/56/aa/20180904-104844-largejpg.jpg
https://media-cdn.tripadvisor.com/media/photo-o/14/79/56/a9/20180904-101908-largejpg.jpg
https://media-cdn.tripadvisor.com/media/photo-o/14/79/56/a7/20180904-105630-largejpg.jpg
https://media-cdn.tripadvisor.com/media/photo-m/1280/14/79/56/a6/resized-20180904-111214.jpg","Written September 5, 2018","This review is the subjective opinion of a Tripadvisor member and not of Tripadvisor LLC."
"Rae R","https://www.tripadvisor.com/Profile/RaeR934","https://media-cdn.tripadvisor.com/media/photo-o/1a/f6/eb/6d/default-avatar-2020-19.jpg","Melbourne, Australia","5","","Spectacular","We had the best trip - the whole setup is professional, safe, efficient and friendly. I would recommend a helicopter over the Grand Canyon to anyone who wants a real perspective of its beauty, scale and diversity. Maverick seems to be the best operator in the area for sure.","","0","","Written September 2, 2018","This review is the subjective opinion of a Tripadvisor member and not of Tripadvisor LLC."
"David C","https://www.tripadvisor.com/Profile/davidcK1994OY","https://media-cdn.tripadvisor.com/media/photo-s/0e/3a/59/57/david-j-c.jpg","Jacksonville, FL","5","Aug 2018 • Family","Something everyone must do.","This was the best thing we did at the Grand Canyon!  Everyone should do this.  Worth every penny!!  The sights were amazing. Words can't describe it.","Family","0","","Written August 31, 2018","This review is the subjective opinion of a Tripadvisor member and not of Tripadvisor LLC."
"ronald d","https://www.tripadvisor.com/Profile/ronaldd1988","https://media-cdn.tripadvisor.com/media/photo-o/1a/f6/df/99/default-avatar-2020-40.jpg","Rotterdam, The Netherlands","5","Jul 2018 • Family","Bucketlist","We saw the Grand Canyon from the Park, magnificent and breathtaking. Later we saw the Grand Canyon from the air, even more magnificent and breathtaking. We advise you to make a helicopterfligth over the Grand Canyon if possible. The fligth was very stable so I can imagine that people who are a little bit airsick can enjoy the fligth as well. We did sit in the back near the windows and had a good visibility. We were told that you can see big game like bison and mountainlion as well  from the air you are lucky. We did not see any wildlife but it did not matter, the fligth over the Grand Canyon was a one in a livetime experience. I can remove this item from my bucketlist with a big smile on my face.","Family","0","","Written August 29, 2018","This review is the subjective opinion of a Tripadvisor member and not of Tripadvisor LLC."
"chrisb91","https://www.tripadvisor.com/Profile/chrisb91","https://media-cdn.tripadvisor.com/media/photo-o/1a/f6/f4/d0/default-avatar-2020-33.jpg","Orsay, France","5","Aug 2018","Inoubliable 45min au dessus du GRAND très grand canyon","Le tarif peut en rebuter bcp. Mais, quel moment inoubliable à offirir à votre famille si vous pouvez. L'hélicoptère est très récent et vous donne un panorama exceptionnel. Le pilote, très agréable, survole et traverse les canyons en décrivant les noms donnés à bcp de pitons rocheux. A l'issue du vol, vous pourrez acquérir la vidéo de VOTRE vol et la photo souvenir pour ~45$. Le moment magique : le Grand Canyon qui s'ouvre après avoir survolé les pins au départ. Waouh","","0","","Written August 28, 2018","This review is the subjective opinion of a Tripadvisor member and not of Tripadvisor LLC."
"Bassil Y","https://www.tripadvisor.com/Profile/BassilY","https://media-cdn.tripadvisor.com/media/photo-o/1a/f6/e2/11/default-avatar-2020-41.jpg","New York City, NY","1","Aug 2018 • Couples","Dishonted. Unapologetic. I feel like i got scammed. Poor customer service.","-Yes, the back seats have poor visibility when you are in the helicopter. The computer selects where everyone sits based on everyone's weights. If you are in front, you are lucky. If you are in the back, tough luck. <br /><br />-I am very disappointed by the staff's response and unapologetic behavior. I specifically called to confirm our reservation of the 45 min tour the morning of. They confirmed that all is fine. When we got to the reception after a 3 hours drive, we were told that there is smoke (that's been going on for 2 weeks) in the area and that they could only offer the 25min tour which flies through a different path. Maverick helicopters: WHY DID YOU NOT INFORM US THAT THERE WAS SMOKE FOR 2 WEEKS AND THAT ALL 45 MIN FLIGHTS WERE GROUNDED ON THE CALL? <br /><br />-We were given the following options: <br />1. a full refund.<br />2. fly in the 25mins for a $30 discount. <br />3. Try our luck the next day.<br /><br />No compensation whatsoever for lost time, and a $30 discount is an insult when comparing a $300 45min flight to a $270 25 min flight. They save money on fuel like this. This is how they make money and none of the staff were apologetic. I will absolutely not recommend this company to anyone for their sheer dishonesty.  Maverick Helicopters: you expect your clients to call you 48 hours before to make a cancellation. Why can you not inform your customers in advance of any changes ? absolutely disgraceful and ruins people's plans that travel from far.<br /><br />Know what you're signing up for before you commit.","Couples","0","","Written August 27, 2018","This review is the subjective opinion of a Tripadvisor member and not of Tripadvisor LLC."
"CecB38510","https://www.tripadvisor.com/Profile/CecB38510","https://media-cdn.tripadvisor.com/media/photo-o/1a/f6/e3/1f/default-avatar-2020-46.jpg","Sermérieu, Rhone-Alpes, France","5","Aug 2018 • Family","A couper le souffle","Certes c'est un budget mais pas de regret car c'est une expérience inoubliable et incomparable. Notre pilote Daniel était fort sympathique mais je dois vous dire que je n'ai rien compris de tout son discours qui accompagne le vol. Mais ce n'est pas grave, je referai dès que possible. Accueil et organisation au top dans cette agence. Le seul bémol que je mettrai est la qualité du dvd de notre vol que nous avons acheté et qui est très décevant. Nos videos sont de bien meilleures qualités. La lumière est fade, on ne voit rien donc on aurait pu économiser quelques dollars mais surtout je me faisais une joie de découvrir la vue prise de devant et pas concluant. Sinon merci milles fois et allez y et faites le grand tour sinon trop court.","Family","0","","Written August 27, 2018","This review is the subjective opinion of a Tripadvisor member and not of Tripadvisor LLC."
"fredisalulu","https://www.tripadvisor.com/Profile/fredisalulu","https://media-cdn.tripadvisor.com/media/photo-o/1a/f6/eb/6d/default-avatar-2020-19.jpg","Thorigny-sur-Marne, France","5","Aug 2018 • Family","MAGNIFIQUE","Pilote est  super Sympa. le Paysage Magnifique est a couper le souffler.<br />A faire  sans hesiter la moindre seconde.<br />Bref Top!","Family","0","","Written August 23, 2018","This review is the subjective opinion of a Tripadvisor member and not of Tripadvisor LLC."
"Seppela","https://www.tripadvisor.com/Profile/Seppela","https://media-cdn.tripadvisor.com/media/photo-o/2c/9b/4c/26/seppela.jpg","Strasbourg, France","5","Aug 2018 • Family","Very helpful and adaptable","We booked the tour but due to the fires they had to change our booking date and conditions on site. They were very friendly and quick to reschedule de flight, and even they had to go for a shorter option they made sure we have the best experience possible. And we are being refunded of the difference, thank you.","Family","0","https://media-cdn.tripadvisor.com/media/photo-m/1280/14/46/08/9c/grand-canyon-south-rim.jpg","Written August 23, 2018","This review is the subjective opinion of a Tripadvisor member and not of Tripadvisor LLC."
"Morgan","https://www.tripadvisor.com/Profile/MorganXin","https://media-cdn.tripadvisor.com/media/photo-o/1a/f6/7c/01/default-avatar-2020-5.jpg","","5","Aug 2018","Do take the Helicopter when visiting the Grand Canyon","I have visited the Grand Canyon many years ago, but not with a helicopter. This time I decided to take the helicopter to see the difference. I saw the huge difference! You can see the canyons of the Canyon, with the national forest and the desert. You can never be able to see these without a helicopter.  ","","0","","Written August 23, 2018","This review is the subjective opinion of a Tripadvisor member and not of Tripadvisor LLC."
"DavH94","https://www.tripadvisor.com/Profile/DavH94","https://media-cdn.tripadvisor.com/media/photo-o/1a/f6/ef/73/default-avatar-2020-13.jpg","","5","Jul 2018 • Couples","Super, époustouflant","C'est à faire impérativement, que de souvenirs, wouaw !!<br />L’accueuil est très sympatique, on vous pèse, et oui important pour l’hélico, on vous passe un film pour vous présenter les mesures de sécurité. On vous attache votre gilet de sauvetage et en route pour l’hélico par groupe de 8 Max, pilote compris. Grâce au casque vous entendrez les commentaires et la musique.<br /><br />Au départ nous survolons la forêt, puis musique d’Indiana Jones et le vide arrive, l’émerveillement... des roches ocres, orangées, grisâtres et le Colorado dessous. <br />Un super souvenir de notre trip.<br />Ça peut paraître cher mais ça vaut vraiment le coût.","Couples","0","","Written August 20, 2018","This review is the subjective opinion of a Tripadvisor member and not of Tripadvisor LLC."
"Pierre S","https://www.tripadvisor.com/Profile/82pierres","https://media-cdn.tripadvisor.com/media/photo-s/05/80/5a/95/pierre-s.jpg","Saint-Maur-des-Fosses, France","5","Aug 2018 • Family","A ne rater sous aucun prétexte","C'est un moment magique à faire impérativement.<br />Tout le personnel est très sympatique et vous aide à fixer vos ceintures et casques.<br />Le pilote (Chris) vous donne toutes les indications et vous met en confiance.<br />Au départ l'hélicoptère survole la forêt à vive allure, puis d'un seul coup, vous vous trouvez à 1.800 m au-dessus de la rivière Colorado, tandis que la musique deTop Gun résonne dans vos oreilles. Puis l'hélicoptère survole le Grand Canyon jusqu'à la rive nord (un peu plus élevée), tout en suivant des vallées encaissées. C'est magique. Un vrai émerveillement.<br />On aimerait que ça ne finisse jamais.","Family","0","","Written August 19, 2018","This review is the subjective opinion of a Tripadvisor member and not of Tripadvisor LLC."
"Sebastian T","https://www.tripadvisor.com/Profile/123sebastiant","https://media-cdn.tripadvisor.com/media/photo-o/1a/f6/f0/9f/default-avatar-2020-16.jpg","Bielefeld, Germany","5","","Absolut Empfehlenswert & Beeindruckend!","Wir haben uns für den 45-50 minütigen Rundflug entschieden, der rund 50€ teuerer ist als der 25 Minuten Rundflug. Gelohnt hat sich jede einzelne Sekunde. <br /><br />Aus der Luft bekommt man eine ganz neue Perspektive über die Weiten und Tiefen das Canyons. Unser Pilot hat uns während des Fluges immer interessante Informationen über den Canyon gegeben. Zum Abschluss gab es ein kostenloses Foto (normal wird ein Foto gemacht was im Store für 20 Dollar gekauft werden kann, jedoch entschied unser Pilot sich dafür, am Ende mit der Kamera des Reisenden ein Foto zu machen).<br /><br />Wer den Grand Canyon richtig erleben möchte, sollte sich dieses Erlebnis unbedingt nicht entgehen lassen!","","0","","Written August 18, 2018","This review is the subjective opinion of a Tripadvisor member and not of Tripadvisor LLC."
"Ian C","https://www.tripadvisor.com/Profile/iancX9917GT","https://media-cdn.tripadvisor.com/media/photo-o/1a/f6/ef/9c/default-avatar-2020-14.jpg","","5","","Amazing tour of grand canypn","The pilot was friendly and really cool :) we had such a great time flying with this company! <br /><br />Great conversation and sights! Really recommend!","","0","https://media-cdn.tripadvisor.com/media/photo-m/1280/14/34/5c/a1/photo2jpg.jpg","Written August 18, 2018","This review is the subjective opinion of a Tripadvisor member and not of Tripadvisor LLC."
"andrewsimpson2018","https://www.tripadvisor.com/Profile/andrewsimpson2018","https://media-cdn.tripadvisor.com/media/photo-o/1a/f6/ef/73/default-avatar-2020-13.jpg","Birmingham, UK","5","Aug 2018 • Family","Top Notch Experience","Maverick really spoiled us. They put my 2 boys up front so they got the best views and the pilot (Chris) was informative and entertaining. Superb value and easy to find. Previously used Papillon on a past visit, but Maverick are so much slicker. Great experience and souvenir plaque was also value for money.","Family","0","","Written August 17, 2018","This review is the subjective opinion of a Tripadvisor member and not of Tripadvisor LLC."
"legnabar","https://www.tripadvisor.com/Profile/legnabar","https://media-cdn.tripadvisor.com/media/photo-o/1a/f6/e5/66/default-avatar-2020-53.jpg","Mungia, Spain","5","","Jaw dropping experience!!","This is by far the best way to admire the Grand Canyon, is not cheap but, in my humble opinion, it is worth every dollar. The pilot will give you explanation of what you are seeing and happily answer all your questions during flight, the best moment is when the helicopter “drops” over the edge of south rim to enter the canyon, absolutely jaw dropping experience. Then the helicopter will head towards the north rim and complete a fully circular flight back over the Colorado river. After the flight we went to see the viewpoints and they were not that impressive.","","0","https://media-cdn.tripadvisor.com/media/photo-m/1280/14/2b/05/35/photo5jpg.jpg
https://media-cdn.tripadvisor.com/media/photo-m/1280/14/2b/05/34/photo4jpg.jpg
https://media-cdn.tripadvisor.com/media/photo-m/1280/14/2b/05/33/photo3jpg.jpg
https://media-cdn.tripadvisor.com/media/photo-m/1280/14/2b/05/32/photo2jpg.jpg
https://media-cdn.tripadvisor.com/media/photo-m/1280/14/2b/05/31/photo1jpg.jpg
https://media-cdn.tripadvisor.com/media/photo-m/1280/14/2b/05/30/photo0jpg.jpg","Written August 16, 2018","This review is the subjective opinion of a Tripadvisor member and not of Tripadvisor LLC."
"susantI9432CG","https://www.tripadvisor.com/Profile/susantI9432CG","https://media-cdn.tripadvisor.com/media/photo-o/1a/f6/eb/6d/default-avatar-2020-19.jpg","Wincanton, UK","5","Jul 2018 • Family","Best part of our 3 week road trip","Superb trip...well worth digging deep and paying for it.  Our family of 5 all thought it was by far the best part of our 3 week road trip of the USA.  Staff really helpful and great pilot.  Felt very safe yet exhilarated.","Family","0","","Written August 12, 2018","This review is the subjective opinion of a Tripadvisor member and not of Tripadvisor LLC."
"L_","https://www.tripadvisor.com/Profile/K579HQ","https://media-cdn.tripadvisor.com/media/photo-o/1a/f6/de/5a/default-avatar-2020-36.jpg","Vejle, Denmark","5","Aug 2018 • Family","en drøm gik i opfyldelse","Vi er en familie på 4, som besluttede at bruge de mange penge på helikopter tur ud over Grand Canyon - og det var en stor oplevelse. Vi bestilte turen dagen før og var heldige der var plads kl 11:30. Vi var 6 i en helikopter så 3 af os sad ved vinduet - og havde rigtig godt udsyn.<br />De var meget professionelle - og piloten meget kompetent og god til at fortælle.<br />Vi så også bøfler fra helikopteren.","Family","0","","Written August 10, 2018","This review is the subjective opinion of a Tripadvisor member and not of Tripadvisor LLC."
"Remco B","https://www.tripadvisor.com/Profile/remcob473","https://media-cdn.tripadvisor.com/media/photo-o/1a/f6/eb/6d/default-avatar-2020-19.jpg","","5","","In alle opzichten positieve ervaring","In alle opzichten een uitstekende ervaring die ik een ieder kan aanraden. Let op de seating, heb wel de indruk dat hierop niet valt te sturen. Bij ons pakte het goed uit conform ons verzoek (kids voorin en wij achterin waar 1 plaats leeg bleef). Wij vlogen met een ouder stel dat niet naast elkaar zat ( vrouw voorin en man aan het raam achter, zij leken het ook goed te hebben) Fotograferen vanuit het midden is idd niet goed mogelijk maar met 3 fotograferende gezinsleden geen probleem en het zicht is prima. Piloot informatief en vriendelijk met voor en na de vlucht hulp bij fotomoment.","","0","","Written August 6, 2018","This review is the subjective opinion of a Tripadvisor member and not of Tripadvisor LLC."
"Karen J","https://www.tripadvisor.com/Profile/619KarenJ","https://media-cdn.tripadvisor.com/media/photo-o/06/d5/a1/c2/karen-j.jpg","Aberdeen, UK","5","","WOW WOW WOW highlight of our US tour","6 of us were on a 2 week tour of the US and an overnight stop over in the Grand Canyon was booked. The weather had been wet on our arrival the day before our helicopter flight at 7.45 am. Luckily on the morning the sun was shining and was good to go.<br />Our Irish pilot Patrick was very informative and made me the only female with my husband and 2 male friends feel completely at ease. We were the first flight to take off that morning flying over the trees Patrick giving us commentry throughout then WOW the Canyon came into view we we're all taken aback with the beauty of what was before us. <br />Our tour took 45 min and was worth every penny. Pity my 2 female friends did not join in the experience.","","0","https://media-cdn.tripadvisor.com/media/photo-o/14/01/28/93/img-20180720-084136-largejpg.jpg
https://media-cdn.tripadvisor.com/media/photo-o/14/01/28/92/img-20180720-084106-largejpg.jpg
https://media-cdn.tripadvisor.com/media/photo-o/14/01/28/91/img-20180720-080403-largejpg.jpg","Written August 5, 2018","This review is the subjective opinion of a Tripadvisor member and not of Tripadvisor LLC."
"Reto L","https://www.tripadvisor.com/Profile/RetoL52","","","5","","Schöner Rundflug","Schöner Rundflug über den Grand Canyon. Hatten Glück. Nur 5 und nicht 7 Passagiere, so hatte jeder einen Fensterplatz.<br />Leichtere Personen Vorne, schwere Hinten. Platzzuteilung / Gewichtsverteilung erfolgt durch den Piloten. Die 2 mittleren Plätze Hinten wären nicht so toll.<br />Gute Erklärungen über die Entstehung des Canyon.","","0","","Written August 4, 2018","This review is the subjective opinion of a Tripadvisor member and not of Tripadvisor LLC."
"Carolina C","https://www.tripadvisor.com/Profile/carolinacG2154JB","https://media-cdn.tripadvisor.com/media/photo-o/1a/f6/f4/5d/default-avatar-2020-32.jpg","Sao Paulo, SP","5","Sep 2017 • Couples","Espetacular!!","Se estiver em Tusayan para visitar o Grand Canyon National Park, não deixe de fazer este passeio. O horário da manhã é o melhor para evitar neblinas ou eventuais cancelamentos em decorrência de alterações climáticas. O helicóptero é bem confortável, e o melhor: a janela é enorme!! Dentro dele cabem 6 pessoas que terão seus assentos definidos de acordo com o peso.","Couples","0","https://media-cdn.tripadvisor.com/media/photo-w/13/fa/37/00/rio-colorado-visto-da.jpg","Written August 3, 2018","This review is the subjective opinion of a Tripadvisor member and not of Tripadvisor LLC."
"Olga Petrovna","https://www.tripadvisor.com/Profile/LOlgaPetrovna","https://media-cdn.tripadvisor.com/media/photo-o/0d/66/8c/72/obernatr.jpg","Barcelona, Spain","5","Jul 2018 • Family","Maravilloso","Es impactante ver el Gran Cañón desde el aire. Los empleados, el piloto y todos los empleados muy amables. Importante es decir que no me mareé y eso es difícil pues me mareo hasta en un columpio. Se lo dije al piloto y estuvo magnífico.<br />Tener en cuenta que hay obras en el parque y a veces te paran hasta media hora, cosa que te puede hacer llegar tarde a la cita de salida. Nosotros llegamos sólo 5 minutos antes!","Family","0","https://media-cdn.tripadvisor.com/media/photo-w/13/f9/b7/ab/todas-las-fotos-son-espectacul.jpg","Written August 3, 2018","This review is the subjective opinion of a Tripadvisor member and not of Tripadvisor LLC."
"SamOBrian","https://www.tripadvisor.com/Profile/SamOBrian","https://media-cdn.tripadvisor.com/media/photo-o/1a/f6/de/5a/default-avatar-2020-36.jpg","Paderborn, Germany","5","","Großartiges Erlebnis","Wir haben unseren Rundflug gestern angetreten und waren absolut begeistert, überwältigt und sprachlos angesichts dieses tollen Erlebnisses und der fabelhaften Aussichten. Unser Pilot Joel hat uns ganz toll alle Gegebenheiten erklärt, uns die schönsten und beeindruckendsten Stellen des Grand Canyons gezeigt und währenddessen sogar passende Musik eingespielt. Die Mischung aus seinem Humor und seinem Wissen machten uns den Flug zu einem unvergesslichen Erlebnis. <br />Als Tipp: als wir in Tusayan am Vortag nachmittags ankamen, war das Wetter schlechter, es regnete, war sehr wolkig und wir dachten, unser Flug müsste ausfallen. Wie uns dann aber im Hotel erklärt wurde, ist es am GC morgens/vormittags eigentlich immer gut zum Fliegen, und tatsächlich hatten wir beste Sicht- und Luftverhältnisse! Also würde ich immer wieder Vormittags-Flüge buchen.<br />Und immer wieder bei Maverick! :-) Danke für die tolle Erfahrung!","","0","https://media-cdn.tripadvisor.com/media/photo-o/13/f9/61/53/dsc-0948-largejpg.jpg
https://media-cdn.tripadvisor.com/media/photo-o/13/f9/61/52/20180802-112209-largejpg.jpg
https://media-cdn.tripadvisor.com/media/photo-o/13/f9/61/51/20180802-113146-largejpg.jpg","Written August 3, 2018","This review is the subjective opinion of a Tripadvisor member and not of Tripadvisor LLC."
"ilsevandenbrande","https://www.tripadvisor.com/Profile/ilsevandenbrande","","Aaigem, Belgium","5","Jul 2018 • Family","Top of the bill!","We had booked a helicopter tour with Maverick and got the message that the weather conditions were not optimal. What a pity! A few hours later, we tried again and ...YES we could go! What an experience! Great guys. Professionals. Take care of your safety. Pilot gave a nice overview of the Canyon and told us enough what to see. Above our expectations! Wonderful experience! Highly recommended!","Family","0","","Written July 31, 2018","This review is the subjective opinion of a Tripadvisor member and not of Tripadvisor LLC."
"extatick","https://www.tripadvisor.com/Profile/extatick","https://media-cdn.tripadvisor.com/media/photo-o/1a/f6/f2/11/default-avatar-2020-23.jpg","Lyon, France","5","","Worth every penny","Amazing experience with a great tour of the Grand Canyon: starting from the Desert View (totally different view and feeling than the view from the cliff), to the North Rim and to Hermit Road.<br />The only way to truly appreciate the magnificence and beauty of the Grand Canyon.<br />Maverick helicopters has an Airbus-only fleet and flies at low speed (compared to Papillon). So you really have timr to enjoy the views!","","0","","Written July 30, 2018","This review is the subjective opinion of a Tripadvisor member and not of Tripadvisor LLC."
"Susanne G","https://www.tripadvisor.com/Profile/susigiering","https://media-cdn.tripadvisor.com/media/photo-o/1a/f6/f2/11/default-avatar-2020-23.jpg","Boppard, Germany","5","","Einzigartiges Erlebnis","Trotz Flugangst ein grandioses Erlebnis. Mit unserem Piloten Vernon fühlten wir uns von Anfang an sehr gut betreut und sehr sicher. Der Helikopter gleitet durch die Luft fast ohne dass man es merkt. Während des Fluges haben wir Hinweise durch Vernon  zum Grand Canyon bekommen. Auch wenn es eine Stange Geld kostet.....Es lohnt sich.<br />","","0","","Written July 30, 2018","This review is the subjective opinion of a Tripadvisor member and not of Tripadvisor LLC."
"Dr Phil BE","https://www.tripadvisor.com/Profile/DrPhil_Be","https://media-cdn.tripadvisor.com/media/photo-o/0e/6b/82/61/drphil-be.jpg","Bolland, Belgium","5","","a impérativement faire","l unique moyen de se rendre compte de l immensité du canyon. c est une des 7 merveilles naturelles du monde. la voir au ras du sol est déjà impressionnant mais ne rend pas compte de sa dimension. le vol à basse vitesse (hélicoptère) est donc à faire et représente un budget modéré comparé à votre voyage en entier : indispensable. ","","0","","Written July 29, 2018","This review is the subjective opinion of a Tripadvisor member and not of Tripadvisor LLC."
"Craig F","https://www.tripadvisor.com/Profile/798craigf","https://media-cdn.tripadvisor.com/media/photo-o/1a/f6/ea/74/default-avatar-2020-68.jpg","","5","","Experience of a life time","Fantastic experience for all the family!!<br />5 of us so cost a small fortune but worth every penny. B J our pilot was fantastic and great with the kids. Going from 50ft above the tree line to 5000ft above the Colarado in a split second took our breath away!!!<br />","","0","https://media-cdn.tripadvisor.com/media/photo-m/1280/13/e4/8f/a5/photo1jpg.jpg
https://media-cdn.tripadvisor.com/media/photo-m/1280/13/e4/8f/a4/photo0jpg.jpg","Written July 28, 2018","This review is the subjective opinion of a Tripadvisor member and not of Tripadvisor LLC."
"Gerald L","https://www.tripadvisor.com/Profile/990geraldl","https://media-cdn.tripadvisor.com/media/photo-o/1a/f6/e9/ef/default-avatar-2020-66.jpg","Utah","5","Jul 2018 • Couples","The best","We liked this flight better than the flight out of Las Vegas. Awesome pilot,  perfect weather. Maverick does a very good job.","Couples","0","","Written July 27, 2018","This review is the subjective opinion of a Tripadvisor member and not of Tripadvisor LLC."
"voliv6","https://www.tripadvisor.com/Profile/voliv6","https://media-cdn.tripadvisor.com/media/photo-s/08/7e/81/4d/voliv6.jpg","Andrezieux-Boutheon, France","5","","Expérience inoubliable au dessus du Grand Canyon","Nous sommes une famille de 4 personnes. Notre fille à 12 ans et notre fils, 10 ans. <br />Tout le monde a été émerveillé par les paysages grandioses proposés et commentés par notre pilote de Maverick. (En anglais)<br />Super pro, Appareil Airbus Helicopters récent de très grande qualité. <br />Très bonne qualité d’accueil.<br />Consignes de sécurité rassurantes.<br />Décollage et atterrissage sur doux. Vol sans perturbation.<br />En ce qui concerne le vol au dessus du Grand Canyon, c’est grandiose et ça complète parfaitement une visite vue du sol avec des points de vues incroyables sur le Colorado et la North Rim.<br />Certes c’est pas donné mais c’est inimaginable de ne pas faire cette activité lors d'un Road Trip au USA.<br />Je recommande vivement car vous ne serez pas déçu.<br /><br />Merci Maverick pour cette expérience inoubliable!","","0","https://media-cdn.tripadvisor.com/media/photo-o/13/d9/cb/aa/img-20180722-102113-largejpg.jpg
https://media-cdn.tripadvisor.com/media/photo-o/13/d9/cb/a9/img-20180722-094850-largejpg.jpg
https://media-cdn.tripadvisor.com/media/photo-o/13/d9/cb/a8/img-20180722-093205-largejpg.jpg
https://media-cdn.tripadvisor.com/media/photo-o/13/d9/cb/a7/img-20180722-092419-largejpg.jpg
https://media-cdn.tripadvisor.com/media/photo-o/13/d9/cb/a6/img-20180722-102853-largejpg.jpg
https://media-cdn.tripadvisor.com/media/photo-o/13/d9/cb/a4/img-20180722-103326-largejpg.jpg
https://media-cdn.tripadvisor.com/media/photo-o/13/d9/cb/a3/img-20180722-102532-largejpg.jpg","Written July 25, 2018","This review is the subjective opinion of a Tripadvisor member and not of Tripadvisor LLC."
"Jean Guillaume M","https://www.tripadvisor.com/Profile/935jeanguillaumem","https://media-cdn.tripadvisor.com/media/photo-o/1a/f6/f2/7a/default-avatar-2020-25.jpg","La Rosiere, France","5","","Excellent tour en hélicoptère ","45 minutes de bonheur ! Très bon accompagnement. Super hélicoptères. Vues magnifiques du Grand Canyon. Très professionnel. Une expérience unique.","","0","","Written July 25, 2018","This review is the subjective opinion of a Tripadvisor member and not of Tripadvisor LLC."
"defi77","https://www.tripadvisor.com/Profile/defi77","https://media-cdn.tripadvisor.com/media/photo-o/1a/f6/e2/11/default-avatar-2020-41.jpg","Minden, Germany","5","","Atemberaubend ","Da es mit Kindern ein paar Dollar kostet waren wir erst skeptisch, aber der Blick und die Eindrücke waren atemberaubend! David war nicht nur ein guter Pilot sondern hat uns super unterhalten und informiert !!","","0","","Written July 23, 2018","This review is the subjective opinion of a Tripadvisor member and not of Tripadvisor LLC."
"193nevilled","https://www.tripadvisor.com/Profile/193nevilled","https://media-cdn.tripadvisor.com/media/photo-o/1a/f6/eb/a3/default-avatar-2020-38.jpg","Palmerston, Australia","5","Jul 2018","Helicopter Flight","Try 45 minute helicopter flight by Maverick over the north and south rims of Grand Canyon - fantastic.<br /><br />Cost you say! Yes helicopter flights are usually pretty hey - but this 45 minute flight was on $299 and you could negotiate a discount or cheaper if you book on line.<br /><br />Service was very good at the booking counter and the pilot provided a good cometary throughout the trip.<br /><br />Video of trip also available as well as picture with pilot beforehand you leave. Very worth while trip.","","0","","Written July 22, 2018","This review is the subjective opinion of a Tripadvisor member and not of Tripadvisor LLC."
"Ron D","https://www.tripadvisor.com/Profile/ronderuiter","https://media-cdn.tripadvisor.com/media/photo-o/1a/f6/ea/b2/default-avatar-2020-69.jpg","Amstelveen, The Netherlands","5","","Waanzinnig","De ervaring is waanzinnig, mindblowing!<br />Als je naar Vegas gaat met de auto, rij dan een dagje door naar hier en boek niet de Grand Canyon heli's van Vegas. Dit gebied is vele male mooier en je krijgt veeeeel meer waar voor je geld. Maverick zelf is een hele goede keuze. Althans ik heb geen andere geprobeerd. Het zijn aardige gasten, piloot was een van oorsprong Ierse man, heel veel uitleg. Echt een super ervaring!!","","0","https://media-cdn.tripadvisor.com/media/photo-o/13/c5/4b/38/img-20180718-180639-418.jpg
https://media-cdn.tripadvisor.com/media/photo-m/1280/13/c5/4b/37/20180718-141215-largejpg.jpg
https://media-cdn.tripadvisor.com/media/photo-m/1280/13/c5/4b/36/20180718-141222-largejpg.jpg","Written July 20, 2018","This review is the subjective opinion of a Tripadvisor member and not of Tripadvisor LLC."
"Qzabr1","https://www.tripadvisor.com/Profile/Qzabr1","https://media-cdn.tripadvisor.com/media/photo-o/1a/f6/e2/4a/default-avatar-2020-42.jpg","Nashville, TN","5","Jul 2018 • Friends","Make Your Grand Canyon Visit ‘Worthwhile’!","Avoid the “Griswald - Vacation” experience and see the Grand Canyon the right way - from the air!  This was a once in a lifetime experience to see the majesty of the Grand Canyon from the bird’s eye view.  The helicopter ride allowed us to see all areas of the canyon in 40 minutes.  From the land, you cannot see the beauty that is at the bottom of each canyon like you can from the air.  <br /><br />Our guide was BJ.  He had the perfect amount of humor without trying to be funny.  He was informative and pointed out a number of interesting formations and historical facts.<br /><br />I highly recommend Maverick Helicopters!","Friends","0","","Written July 15, 2018","This review is the subjective opinion of a Tripadvisor member and not of Tripadvisor LLC."
"Hannelore B","https://www.tripadvisor.com/Profile/999habe","https://media-cdn.tripadvisor.com/media/photo-o/1a/f6/f4/d0/default-avatar-2020-33.jpg","Cologne, Germany","5","Jun 2018 • Family","Ein fantastisches Erlebnis für die ganze Familie !","Wir hatten den ersten Flug um 8.00 Uhr gebucht mit unserer Familie. Nach einer Sicherheitseinweisung,Kontrolle der Ausweise und des Gewichtes  starteten wir pünktlich mit dem Helikopter Richtung Grand Canyon.Erst einmal ging es über den Kaibab National Forest  bis plötzlich  der Grand Canyon vor uns lag.Wir flogen über die North Rim,Dragon Corridor,the Painted Desert und den Point Imperial .Wir hatten jeder Kopfhörer und über Audiogeräte erfolgte die Erklärung über die Entstehung,Entdeckung ,Geschichte und Alter des Grand Canyon bzw.die Besiedlung ......<br />Es war super Wetter,blauer Himmel,Sonne und wenig Wind,optimale Verhältnisse für einen ruhigen Helikopter Flug .","Family","0","","Written July 10, 2018","This review is the subjective opinion of a Tripadvisor member and not of Tripadvisor LLC."
"Steve G","https://www.tripadvisor.com/Profile/steveg549","https://media-cdn.tripadvisor.com/media/photo-o/1a/f6/df/2b/default-avatar-2020-39.jpg","Indian Head, MD","5","Jul 2018 • Couples","Only Way to Truely See the Grand Canyon","All I can say is Wow!!!!  I was amazed when I viewed the canyon from the South Rim, but I was blown away from what I saw on this tour.   The majesty of the canyon is brought to the forefront when viewed from this moving platform.  If you can afford it, I highly recommend.","Couples","0","https://media-cdn.tripadvisor.com/media/photo-o/13/a1/fa/0e/south-rim-of-grand-canyon.jpg
https://media-cdn.tripadvisor.com/media/photo-o/13/a1/fa/09/little-colorado-river.jpg
https://media-cdn.tripadvisor.com/media/photo-o/13/a1/fa/04/colorado-river-at-base.jpg","Written July 9, 2018","This review is the subjective opinion of a Tripadvisor member and not of Tripadvisor LLC."
"philippe A","https://www.tripadvisor.com/Profile/philippea93","https://media-cdn.tripadvisor.com/media/photo-o/1a/f6/e5/2b/default-avatar-2020-52.jpg","La Rochelle, France","4","Jun 2018 • Couples","Tout à fait bien","Le tour est très interressant , le pilote est parfait.<br />Toutefois , ayant raté le vol réservé en ligne ( il n'ont pas réussi à me joindre au téléphone ..) , j'ai du payer un nouveau billet sans qu'aucun discount ne soit possible (pas très élégant).<br />Attention les photos faites depuis l'intérieur de l'hélico sont souvent voilées par un reflet sur la vitre de la carlingue","Couples","0","https://media-cdn.tripadvisor.com/media/photo-m/1280/13/9e/dc/18/vallee-du-colorado-attention.jpg","Written July 9, 2018","This review is the subjective opinion of a Tripadvisor member and not of Tripadvisor LLC."
"Marcel1402","https://www.tripadvisor.com/Profile/Marcel1402","https://media-cdn.tripadvisor.com/media/photo-o/11/80/de/01/marcel1402.jpg","Brussels, Belgium","5","Jun 2018 • Couples","Amazing experience with unforgettable vistas","Following the reviews we read, we booked with Maverick Helicopters and had an amazing experience. They put you at ease from the very beginning, take time for the safety briefing and then: off you go. We were sitting up front and you get a stunning view of the Canyon. It's an unforgettable trip. Thanks also to the pilot, Daniel, who took his time to give further details of what we could see around us. An added bonus is that the helicopter has a camera that films the entire trip and for $40 or so you get a great reminder of this trip. A must do!","Couples","0","","Written July 6, 2018","This review is the subjective opinion of a Tripadvisor member and not of Tripadvisor LLC."
"pascalebastogne","https://www.tripadvisor.com/Profile/pascalebastogne","https://media-cdn.tripadvisor.com/media/photo-o/1a/f6/ee/68/default-avatar-2020-9.jpg","Liege, Belgium","5","May 2018 • Friends","Magique !!!","Que rêver de mieux pour fêter mes 50 printemps ...le survol du Grand Canyon à couper le souffle . Notre pilote Joel de Suède à été fantastique , d'une gentillesse extraordinaire . Il nous a donné de très bonnes d'explications et nous pouvions sentir sa passion  . Très professionnel et à l'écoute de ses passagers .Expérience magique et inoubliable . Je recommande Maverick Helicopter  pour son excellent service . Merci à toute l'équipe . You made my day ...see you soon .","Friends","0","https://media-cdn.tripadvisor.com/media/photo-o/13/88/bd/32/vue-aerienne-grand-canyon.jpg
https://media-cdn.tripadvisor.com/media/photo-o/13/88/bd/2d/notre-pilote.jpg
https://media-cdn.tripadvisor.com/media/photo-o/13/88/bd/2b/mai-2018.jpg","Written July 1, 2018","This review is the subjective opinion of a Tripadvisor member and not of Tripadvisor LLC."
"Mrs_nicolerae","https://www.tripadvisor.com/Profile/Mrs_nicolerae","https://media-cdn.tripadvisor.com/media/photo-m/1280/16/90/17/c3/mrs-nicolerae.jpg","New York City, NY","5","Feb 2018 • Couples","Wow!","Booked this tour for my fiancés 40th Birthday.  First helicopter ride for the both of us and it was an experience we will not forget.  The fact that we were able to see so much(North and South rim) in 45 minutes was worth every penny.  Great pictures and memories!  Best way to do the Grand Canyon!","Couples","0","","Written June 27, 2018","This review is the subjective opinion of a Tripadvisor member and not of Tripadvisor LLC."
"mauro p","https://www.tripadvisor.com/Profile/maurop467","https://media-cdn.tripadvisor.com/media/photo-o/1a/f6/f4/20/default-avatar-2020-31.jpg","Genoa, Italy","5","","Volo in elicottero sul Grand Canyon ","Abbiamo fatto questa esperienza con Papillon l’8 giugno ed è stato qualcosa di emozionante e meraviglioso! Un volo di 1 ora e 15 minuti prima sulla foresta e poi sul Grand Canyon con una vista mozzafiato seduti a fianco del pilota; cuffie in dotazione con esauriente spiegazione in italiano e musica; senza dubbio per noi un’esperienza bellissima e commovente! Certo ha il suo prezzo ( 500 euro in due), ma se si può una volta nella vita è da provare. Naturalmente l’organizzazione di Papillon è stata impeccabile; se non andate accontentatevi delle foto e video!!!","","0","https://media-cdn.tripadvisor.com/media/photo-m/1280/13/79/0d/f0/photo6jpg.jpg
https://media-cdn.tripadvisor.com/media/photo-m/1280/13/79/0d/ef/photo5jpg.jpg
https://media-cdn.tripadvisor.com/media/photo-m/1280/13/79/0d/ee/photo4jpg.jpg
https://media-cdn.tripadvisor.com/media/photo-m/1280/13/79/0d/ed/photo3jpg.jpg
https://media-cdn.tripadvisor.com/media/photo-m/1280/13/79/0d/ec/photo2jpg.jpg
https://media-cdn.tripadvisor.com/media/photo-m/1280/13/79/0d/ea/photo1jpg.jpg
https://media-cdn.tripadvisor.com/media/photo-m/1280/13/79/0d/e8/photo0jpg.jpg","Written June 25, 2018","This review is the subjective opinion of a Tripadvisor member and not of Tripadvisor LLC."
"Susan","https://www.tripadvisor.com/Profile/susanbY1291GW","https://media-cdn.tripadvisor.com/media/photo-m/1280/13/5c/c7/3c/susan-b.jpg","United Kingdom","5","Jun 2018 • Friends","Simply Stunning","Our ride was piloted by Tyler, who was a superb guide and pilot with years of training and flying experience.  The flight is simply awe-inspiring.  Words cannot explain the amazement of flying over the rim for the first time and seeing the canyon spread out below and around you.  Tyler gave us plenty of background information about what we were seeing and answered all our questions.  Brilliant, just brilliant.","Friends","0","","Written June 20, 2018","This review is the subjective opinion of a Tripadvisor member and not of Tripadvisor LLC."
"tonengeri","https://www.tripadvisor.com/Profile/tonengeri","https://media-cdn.tripadvisor.com/media/photo-m/1280/29/74/e8/81/ton-p.jpg","Sambeek, The Netherlands","3","Jun 2018 • Couples","Zorg dat je niet achterin in het midden zit!","Uitzichten grandioos, receptie vriendelijk en humoristisch. Piloot afstandelijk, zakelijk<br />Als je fotos wilt maken moet je voorin zitten, (plekken naast piloot) of achterin bij het raam. De 2 middelste plaatsen achterin zien wel wat maar je kunt fatsoenlijke fotos maken","Couples","0","","Written June 16, 2018","This review is the subjective opinion of a Tripadvisor member and not of Tripadvisor LLC."
"tomfrompompanobeach","https://www.tripadvisor.com/Profile/tomfrompompanobeach","https://media-cdn.tripadvisor.com/media/photo-o/1a/f6/77/ae/default-avatar-2020-2.jpg","Pompano Beach, FL","5","May 2018 • Couples","Best Part of Our Grand Canyon Trip","First class operation--smooth check-in, comfortable waiting area, the aircraft was in great condition & an experienced pilot who knew the canyon.  We did an 8 AM tour that departed on time--highly recommend an early trip. One of the most awesome ways to experience the Grand Canyon!","Couples","0","https://media-cdn.tripadvisor.com/media/photo-w/13/2e/c9/ea/maverick-tour-5-11-18.jpg","Written June 5, 2018","This review is the subjective opinion of a Tripadvisor member and not of Tripadvisor LLC."
"Platzhuepferin","https://www.tripadvisor.com/Profile/Platzhuepferin","https://media-cdn.tripadvisor.com/media/photo-o/0e/3b/aa/ee/platzhuepferin.jpg","Hesse, Germany","5","","Machen! ","Wenn man es sich leisten kann und/oder will: unbedingt machen!<br />Ich hab keinen Vergleich, man fliegt ja nicht so oft mit dem Hubschrauber, aber es war von Maverick alles super organisiert (wir hatten länger vorher von zuhause aus gebucht), der wirklich ausgedehnte Flug war ein einmaliges Erlebnis und hat auch noch richtig viel Freude gemacht! Wobei ich zugeben muss, dass ich nach dem Anflug über die Wälder, als unser Pilot Daniel nach entsprechender Ankündigung und bei perfekt passender musikalischer Untermalung aus den Kopfhörern über den Rim in den Grand Canyon flog, so dermaßen geflasht war, dass ich vor Überwältigung erstmal ein paar Tränchen vergossen habe... <br />Bei allen tollen Metropolen, in denen solche Flüge auch angeboten werden: ich kann mir für ein solches Erlebnis keinen besseren Ort als den unfassbar grandiosen Grand Canyon vorstellen! Und die Durchführung bei Maverick können wir uneingeschränkt empfehlen. ","","0","https://media-cdn.tripadvisor.com/media/photo-o/13/2b/95/24/photo0jpg.jpg","Written June 4, 2018","This review is the subjective opinion of a Tripadvisor member and not of Tripadvisor LLC."
"827denisssss","https://www.tripadvisor.com/Profile/827denisssss","https://media-cdn.tripadvisor.com/media/photo-o/11/ee/60/ca/827deniz.jpg","Madrid, Spain","5","May 2018 • Couples","10/10","Everything was great! It was a great experience and I highly recommend this company. It really worths it.","Couples","0","","Written May 28, 2018","This review is the subjective opinion of a Tripadvisor member and not of Tripadvisor LLC."
"dandeluxnz","https://www.tripadvisor.com/Profile/dandeluxnz","https://media-cdn.tripadvisor.com/media/photo-o/1a/f6/eb/6d/default-avatar-2020-19.jpg","Auckland Central, New Zealand","5","","Wow!!! ","Fantastic trip to checkout the vastness of the Grand Canyon! Great pilot, Joel looked after us well and kept us informed! Must do if you are heading to the Grand Canyon as the views are incredible! ","","0","","Written May 28, 2018","This review is the subjective opinion of a Tripadvisor member and not of Tripadvisor LLC."
"Ruth E","https://www.tripadvisor.com/Profile/ruthe612","https://media-cdn.tripadvisor.com/media/photo-m/1280/28/62/46/3d/ruthe612.jpg","Dubai, United Arab Emirates","5","","The best way to see the Canyon!","This is an unbeatable experience and an incredible way to see the Grand Canyon. Located at Tusayan (Grand Canyon) Airport close to the South Rim park entrance. <br />Our pilot Daniel was excellent - looked after our safety, gave a great tour and combined with some really good music. The computer assigns seating rather than being able to choose where you sit, but luckily I was able to sit next to my sister. <br />An experience not to be forgotten!","","0","","Written May 27, 2018","This review is the subjective opinion of a Tripadvisor member and not of Tripadvisor LLC."
"Jessica M","https://www.tripadvisor.com/Profile/Jessi_belle","https://media-cdn.tripadvisor.com/media/photo-o/1a/f6/ef/32/default-avatar-2020-12.jpg","Perth","5","May 2018 • Couples","Fantastic flight!","We had a fantastic flight today, 45mins was a great amount of time to see a big chunk of the canyon & Colorado river. We even saw some rafters. Booked through trip advisor (very easy, although I received 4 emails confirming & asking for the same details I had given). Check in was easy, our pilot was friendly & informative & made us feel at ease. Would do it again with Maverick 😁","Couples","0","","Written May 18, 2018","This review is the subjective opinion of a Tripadvisor member and not of Tripadvisor LLC."
"Boris M","https://www.tripadvisor.com/Profile/871borism","https://media-cdn.tripadvisor.com/media/photo-o/12/fc/83/bb/boris-m.jpg","Canton of Zurich, Switzerland","5","Apr 2018 • Family","Fantastisches Erlebnis","Absolut Empfehlenswert. Sehr sicher, gut organisiert. Ein unglaubliches Erlebnis über den Grans Canyon zu fliegen.","Family","0","","Written May 18, 2018","This review is the subjective opinion of a Tripadvisor member and not of Tripadvisor LLC."
"NicoLoco87","https://www.tripadvisor.com/Profile/NicoLoco87","https://media-cdn.tripadvisor.com/media/photo-s/12/eb/81/ef/nicoloco87.jpg","Liverpool, UK","5","Oct 2017 • Solo","What an amazing way to see the GC","Our tour was reduced from 60 mins to 30 due to wind but the 30 mins was definitely enough. I was in awe as we flew over the Grand Canyon and this was an experience I'll never forget, it was just beautiful. I would highly recommend others to do this, it's pricey but so worth it (once in a lifetime).","Solo","0","","Written May 11, 2018","This review is the subjective opinion of a Tripadvisor member and not of Tripadvisor LLC."
"Kristine H","https://www.tripadvisor.com/Profile/195kristineh","https://media-cdn.tripadvisor.com/media/photo-s/12/e8/76/4d/kristine-h.jpg","","5","May 2018 • Couples","Wonderful ride","This was by far the most breathtaking thing we did at they Grand Canyon. We hiked down 3 miles and did the entire rim, but to see so much of the canyon with such a knowledgeable guide was wonderful. We got our pictures taken in front of the chopper with the pilot before take off, and then climbed aboard the air conditioned craft. We each got a head set so we could listen to their perfectly timed background music while we asked questions or pointed out things below. We flew over the forest then  into the canyon, across both the Colorado and Little Colorado Rivers with our pilot telling us why they look different based on geology, then across the canyon to the North Rim with information on rock layers, names of peaks, information on rafting and the rapids, explorers, Native Americans, and more. We looped behind the visitor center of the North Rim (a no fly zone) and got to see wild bison below. Then back across the canyon towards the south rim for more breath taking views and over town to the airport. Our pilot was great and leaned forward out of my shot every time I pointed my camera at his window. He knew everything and was very friendly. I wish I had brought a polarized lens, as there was a bit of reflection in my pictures from the glare on the windows. My only complaint is that because they need to balance their chopper, I was not able to sit with my boyfriend for the 50 min ride, but could talk to him over the radio and did get a selfy with him behind me. My view in the front was much better than his in the back. The craft only fits 8 people, and we had 5 plus the pilot so we all got windows. I would love to do this again. Save up and go for it!","Couples","0","","Written May 10, 2018","This review is the subjective opinion of a Tripadvisor member and not of Tripadvisor LLC."
"andreasonohara","https://www.tripadvisor.com/Profile/andreasonohara","https://media-cdn.tripadvisor.com/media/photo-o/1a/f6/ea/b2/default-avatar-2020-69.jpg","Sao Paulo, SP","5","Apr 2018 • Friends","passeio","Pesquisei antes da viajar passeios de helicopteros pelo Grand Canyon, mas so achei os que saiam de  las vegas e que estavam alem das minhas possibilidades, e quando fomos la somente para passear me deparei com varias empresas que faziam o passeio por um preço mais acessivel(200 dolares), nao e barato, mas vale muito a pena, mas la tudo se cobra , para entrar no parque 50, que te da diretio a parada em 3 pontos, um deles o Skywalk, mas tambem se paga mais 20.","Friends","0","","Written May 10, 2018","This review is the subjective opinion of a Tripadvisor member and not of Tripadvisor LLC."
"Zalgariath","https://www.tripadvisor.com/Profile/Zalgariath","https://media-cdn.tripadvisor.com/media/photo-l/01/28/9e/8b/zalgariath.jpg","Sydney, Australia","5","Jun 2017 • Couples","A Once in a Lifetime - We Scored a Cracking Day!","Straight up, this is the single most expensive activity we did on our whole honeymoon. We debated long and hard if we could justify the cost, and researched the other operators offering similar service. We decided to go with Maverick due to their air-time and route being the most appealing we found. With all the travel we want to do around the world it is likely this would be our only visit here so we dug deep and coughed up the money as we know we'd regret if we didn't do it. We were not disappointed! <br /><br />We knew there would be a few things that would have to go right for the best possible experience including the weather and our positions in the chopper. We came up trumps with both. We had a cracking day. No wind, so a smooth ride and excellent visibility. I can see people's frustration at being in the back row of the aircraft as you definitely get a better view up front and it is easier to take photos. (Though the bubble canopy makes photos without reflections tricky regardless of where you sit.) I had the good fortune of being the exact same weight as the pilot so I got a balancing seat opposite him with the little wifey sitting in the middle. The view from the back isn't terrible, but the front definitely gives the best experience. You just have to be lucky I suppose and I'm glad we were. <br /><br />The Canyon was everything we hoped for and a chopper flight is easily the best way to experience it in a short period of time. We headed to the lookouts afterwards and there is simply no comparison. The pilot was skilled and the commentary informative. Every twist and turn unveiled a jaw-dropping panorama of river, rock and plateau. You spend the whole flight with a huge grin on your face and wondering if it is all real. The 45-minute flight felt sufficient and immersive, I think the shorter one would leave you wanting more. Due to the cost, I don't think I'd do it again, but you'll kick yourself if you don't do it once when you have the opportunity! It is truly a once-in-a-lifetime experience I don't think you can replicate anywhere else in the world. I thought our heli-flight back home over the Great Barrier Reef was amazing, this takes it to another level.","Couples","0","https://media-cdn.tripadvisor.com/media/photo-o/12/e2/c7/8d/spectacular.jpg
https://media-cdn.tripadvisor.com/media/photo-o/12/e2/c7/51/typical-reflections.jpg","Written May 8, 2018","This review is the subjective opinion of a Tripadvisor member and not of Tripadvisor LLC."
"Carroll B","https://www.tripadvisor.com/Profile/carrollb378","https://media-cdn.tripadvisor.com/media/photo-o/1a/f6/e5/66/default-avatar-2020-53.jpg","","5","","Maverick 45 Minute Tour of Grand Canyon.","Amazing, Outstanding, Excellent doesn't even accurately express how Fantastic this ride was!  A MUST!","","0","","Written May 6, 2018","This review is the subjective opinion of a Tripadvisor member and not of Tripadvisor LLC."
"Adrianne G","https://www.tripadvisor.com/Profile/67adrianneg","https://media-cdn.tripadvisor.com/media/photo-o/1a/f6/de/0a/default-avatar-2020-35.jpg","","2","","Be prepared to be disappointed ","We were so looking forward to what we expected to be one of the highlights of our Grand Canyon trip. We arrived and went through the registration process, got settled in the helicopter, only to be told that the weather had changed and our trip was cancelled. As snow was predicted for the next day, we scheduled for two days ahead at 8:00 am. The day was sunny and clear and we arrived only to be told that once again the helicopter would not fly due to clouds over the canyon. Their schedule was filled until 2:00 pm with no guarantee that if we waited all day that the helicopters would fly at that time! Truly a let down although we understood the safety precautions. Just want to let people know not to have their hearts set on this adventure.","","0","","Written May 3, 2018","This review is the subjective opinion of a Tripadvisor member and not of Tripadvisor LLC."
"Donna G","https://www.tripadvisor.com/Profile/donnagM647PN","https://media-cdn.tripadvisor.com/media/photo-o/12/d1/f7/37/donna-g.jpg","","5","Apr 2018 • Family","Bucket list item ✔️","What a wonderful way to end our week visiting several National Parks including Zion, Bryce & The Grand Canyon.  Our family of four throughly enjoyed the 45 minute flight over the Grand Canyon with our pilot, Fred.  He was entertaining and very informative and made the flight a lot of fun.  This is a “must do” when visiting the Grand Canyon.  We saw the Canyon in a totally different way.  The beauty and majesty of the area can certainly be appreciated as you explore from the air.  Fred was very accommodating and encouraged us to take photos after the flight.  We loved it and the time went too quickly!","Family","0","","Written May 1, 2018","This review is the subjective opinion of a Tripadvisor member and not of Tripadvisor LLC."
"PaulGoodwin3","https://www.tripadvisor.com/Profile/PaulGoodwin3","https://media-cdn.tripadvisor.com/media/photo-o/15/d6/db/7f/avatar.jpg","Kippen, UK","5","Apr 2018 • Family","Family visit to Grand Canyon","We  were a bit concerned given the recent crash at the Grand Canyon but with our 11 & 12 year old we decided this was one of life's experiences that we just had to take. We were delighted with the whole experience everything from the check in staff to the pilot was  exceptional and  what can you say about seeing the grand canyon this way - just amazing.<br /><br />The icing on the cake was that the staff gave us a complimentary picture and DVD as they were aware that we had the trauma of loosing our bag with all our money, phones etc earlier in the trip.","Family","0","","Written April 25, 2018","This review is the subjective opinion of a Tripadvisor member and not of Tripadvisor LLC."
"linhourihan","https://www.tripadvisor.com/Profile/linhourihan","https://media-cdn.tripadvisor.com/media/photo-o/1a/f6/ee/db/default-avatar-2020-10.jpg","Fiskdale, MA","5","Apr 2018 • Couples","Best Way To See The Grand Canyon!","First, book your helicopter flight with Pilot Jeff out of Grand Canyon, AZ on Papillion. He was wonderful, explaining everything we were seeing. This was my first helicopter ride. It was absolutely perfect. The views of the southern rim and the Colorado River were amazing. We wore headphones with calming music, when Jeff was not presenting the tour. This is one not to miss.","Couples","0","","Written April 21, 2018","This review is the subjective opinion of a Tripadvisor member and not of Tripadvisor LLC."
"Ariane","https://www.tripadvisor.com/Profile/303arianed","https://media-cdn.tripadvisor.com/media/photo-s/0d/cf/d2/47/ariane-d.jpg","Nantes, France","5","","A ne pas manquer !","C'est époustouflant ! J'en suis sortie abasourdie et muette. Cela vous paraît cher, que nenni, c'est  incontournable.","","0","https://media-cdn.tripadvisor.com/media/photo-o/12/b6/14/b0/20180421-093150-largejpg.jpg
https://media-cdn.tripadvisor.com/media/photo-o/12/b6/14/af/20180421-093403-largejpg.jpg
https://media-cdn.tripadvisor.com/media/photo-o/12/b6/14/ae/20180421-092742-largejpg.jpg
https://media-cdn.tripadvisor.com/media/photo-o/12/b6/14/ad/20180421-091811-largejpg.jpg
https://media-cdn.tripadvisor.com/media/photo-o/12/b6/14/ac/20180421-091655-largejpg.jpg","Written April 21, 2018","This review is the subjective opinion of a Tripadvisor member and not of Tripadvisor LLC."
"Sylvain M","https://www.tripadvisor.com/Profile/Sylvain92_92","https://media-cdn.tripadvisor.com/media/photo-o/1a/f6/eb/a3/default-avatar-2020-38.jpg","Sevres, France","5","","Merveilleux","Sans aucun doute la meilleure façon de découvrir le grand canyon. Impressionnant le site et le vol. Un peu inquiet à cause du vent. Le vol bien que mouvementé s'est très bien passé. La sécurité n'est bien sûr pas oubliée. Indélicat mais chacun est pesé avant le départ et les sacs doivent rester au sol ( à l'accueil si vous les avez pris).<br />Le vol de 45 minutes est assez long et permet de faire un non tour au dessus du Colorado 1500 m en dessous. Des images à couper le souffle, inoubliables. Si voys avez prévu de faire hermut road aussi, faite la avant le vol sinon vous risquez d'être déçu.<br />Bon vol<br /><br />Bon vol.","","0","","Written April 20, 2018","This review is the subjective opinion of a Tripadvisor member and not of Tripadvisor LLC."
"Hank V","https://www.tripadvisor.com/Profile/945hankv","https://media-cdn.tripadvisor.com/media/photo-f/01/2e/70/89/avatar010.jpg","","5","Apr 2018 • Family","Spectacular way to see the Grand Canyon","How do you beat your 12 year old expressing his thoughts,"" This was the best vacation of my entire life. It was amazing."" That was all of our thoughts after taking the helicopter ride with Nate over the Grand Canyon on the Maverick helicopter. Top notch people at the counter, great pilot who was knowledgeable but gave us time to talk with each other and just take in the incredible view, and feeling very safe while in the air. I would recommend the Maverick helicopter tours to everyone.","Family","0","","Written April 16, 2018","This review is the subjective opinion of a Tripadvisor member and not of Tripadvisor LLC."
"Lori C","https://www.tripadvisor.com/Profile/W2064DAloric","https://media-cdn.tripadvisor.com/media/photo-o/1a/f6/f1/b8/default-avatar-2020-22.jpg","","5","","Maverick Helicopter ","The only way to see the Grand Canyon!  My husband and I traveled with our friends for his birthday.  It was worth every penny. The views were amazing and we were able to take lots of amazing pictures.","","0","https://media-cdn.tripadvisor.com/media/photo-o/12/94/f5/1d/20180405-113551-largejpg.jpg","Written April 8, 2018","This review is the subjective opinion of a Tripadvisor member and not of Tripadvisor LLC."
"Rick S","https://www.tripadvisor.com/Profile/D7846WRricks","https://media-cdn.tripadvisor.com/media/photo-o/1a/f6/eb/6d/default-avatar-2020-19.jpg","Bedford, TX","5","","Over and above expectations ","Very nice people all around, and the pilot was very knowledgeable and friendly.   I highly recommend this!","","0","","Written April 6, 2018","This review is the subjective opinion of a Tripadvisor member and not of Tripadvisor LLC."
"Joe_in_NJ","https://www.tripadvisor.com/Profile/Joe_in_NJ","https://media-cdn.tripadvisor.com/media/photo-o/1a/f6/eb/6d/default-avatar-2020-19.jpg","Monterey, CA","5","","Awwsome","Great views of the canyon, pilot was very nice and explained a lot of the terrain. Service is very organized and well run. Highly recommend.","","0","https://media-cdn.tripadvisor.com/media/photo-o/12/8c/22/46/photo8jpg.jpg
https://media-cdn.tripadvisor.com/media/photo-o/12/8c/22/45/photo7jpg.jpg
https://media-cdn.tripadvisor.com/media/photo-o/12/8c/22/44/photo6jpg.jpg
https://media-cdn.tripadvisor.com/media/photo-o/12/8c/22/43/photo5jpg.jpg
https://media-cdn.tripadvisor.com/media/photo-o/12/8c/22/42/photo4jpg.jpg
https://media-cdn.tripadvisor.com/media/photo-o/12/8c/22/40/photo3jpg.jpg
https://media-cdn.tripadvisor.com/media/photo-o/12/8c/22/3f/photo2jpg.jpg
https://media-cdn.tripadvisor.com/media/photo-o/12/8c/22/3e/photo1jpg.jpg
https://media-cdn.tripadvisor.com/media/photo-o/12/8c/22/3d/photo0jpg.jpg","Written April 5, 2018","This review is the subjective opinion of a Tripadvisor member and not of Tripadvisor LLC."
"dondescough","https://www.tripadvisor.com/Profile/dondescough","https://media-cdn.tripadvisor.com/media/photo-o/1a/f6/eb/a3/default-avatar-2020-38.jpg","Rockford, MI","5","Apr 2018 • Couples","If you can financially plan for this- Do It!","My husband and I had not seen the Grand Canyon before and he was set on a 'copter ride. So we looked into it once we were in the Phoenix area. We actually booked it right through TripAdvisor. We chose the 45 minute tour. Our pilot was Fred, a former Marine- and incredibly personable and informative. We paid just a bit over 500 and did tip our pilot (seemed awkward, but other reviews mentioned it) The views were AMAZING!","Couples","0","","Written April 4, 2018","This review is the subjective opinion of a Tripadvisor member and not of Tripadvisor LLC."
"ericoftheeeast","https://www.tripadvisor.com/Profile/ericoftheeeast","https://media-cdn.tripadvisor.com/media/photo-f/01/2e/70/97/avatar023.jpg","Philadelphia, PA","5","Apr 2018 • Family","Check this one off bucket list!","Incredible experience.  Very quiet (for a helicopter).  Had 5-10 minute ride at about 500' off ground until you pop out over the South ride,  Pilot gave great commentary.  We launched about 15- 20 minutes late which was a bit annoying after they said be there minimum 30 minutes early.  My daughters got to sit in the front and loved it.  Pilot played music clips inbetween commentary.  ""Ride of the Valkyries"" as we approached the canyon made me think of Robert Duvall.","Family","0","","Written April 4, 2018","This review is the subjective opinion of a Tripadvisor member and not of Tripadvisor LLC."
"Michael M","https://www.tripadvisor.com/Profile/michaelmB3972XD","https://media-cdn.tripadvisor.com/media/photo-o/1a/f6/e2/a7/default-avatar-2020-44.jpg","Dayton, WA","5","Mar 2018","First class operation","Maybe a little expensive but in my opinion well worth the money. Helicopter furnished with micraphones and ear muffs so you can talk and the pilot i had was very good at controls and answered all my questions. The flight itself was awsome","","0","","Written March 26, 2018","This review is the subjective opinion of a Tripadvisor member and not of Tripadvisor LLC."
"AgaNik","https://www.tripadvisor.com/Profile/AgaNik","https://media-cdn.tripadvisor.com/media/photo-o/1a/f6/ef/9c/default-avatar-2020-14.jpg","Pescara, Italy","5","Feb 2018 • Couples","Fantastico! Wonderful!","Piccolo spassionato consiglio: se avete in programma di visitare il Grand Canyon e fare anche questo tour, fatelo proprio alla fine........ Una volta visto dal cielo, tutto il resto vi sembrerà ""noia"" (o quasi.....). E' un'esperienza unica. 45 minuti di sorvolo tra il South Rim ed il North Rim (vedasi foto ""innevate""). Non ci sono parole per descrivere l'immensità, la bellezza, l'unicità del Grand Canyon dall'alto. Dopo 7-8 minuti volando sulla Kaibab National Forest, ecco che, improvviso, si erge il Canyon, il nostro pilota rallenta e, di colpo, ci ""buttiamo"" nel Grand Canyon. Avendo le cuffie, tutti potevamo sentire le nostre voci, ho mezzo strillato ""Oh my godness"", ci siamo fatti tutti una sana risatona! Emozionante!!!","Couples","0","https://media-cdn.tripadvisor.com/media/photo-o/12/6c/52/2c/from-the-helicopter-9.jpg
https://media-cdn.tripadvisor.com/media/photo-o/12/6c/51/dd/from-the-helicopter-8.jpg
https://media-cdn.tripadvisor.com/media/photo-o/12/6c/51/97/from-the-helicopter-7.jpg
https://media-cdn.tripadvisor.com/media/photo-o/12/6c/51/43/from-the-helicopter-6.jpg
https://media-cdn.tripadvisor.com/media/photo-o/12/6c/50/e8/from-the-helicopter-5.jpg
https://media-cdn.tripadvisor.com/media/photo-o/12/6c/50/9f/from-the-helicopter-4.jpg
https://media-cdn.tripadvisor.com/media/photo-o/12/6c/50/43/from-the-helicopter-3.jpg
https://media-cdn.tripadvisor.com/media/photo-o/12/6c/4f/d2/from-the-helicopter-2.jpg
https://media-cdn.tripadvisor.com/media/photo-o/12/6c/4e/cb/from-the-helicopter.jpg","Written March 24, 2018","This review is the subjective opinion of a Tripadvisor member and not of Tripadvisor LLC."
"berndhainhain","https://www.tripadvisor.com/Profile/berndhainhain","https://media-cdn.tripadvisor.com/media/photo-o/1a/f6/ee/68/default-avatar-2020-9.jpg","Morfelden-Walldorf, Germany","5","","Sehr empfehlenswert ","Es war alles so, wie angekündigt bei der Buchung, der Abflug verspätete sich zwar etwas, was ich aber jetzt nicht störend empfand. Während des Fluges gab es immer wieder gute Erklärungen des Captains und man konnte ihm auch Fragen stellen. Alles in allem voll und ganz ok. War zu empfehlen<br />","","0","https://media-cdn.tripadvisor.com/media/photo-o/12/62/49/d1/photo3jpg.jpg
https://media-cdn.tripadvisor.com/media/photo-o/12/62/49/d0/photo2jpg.jpg
https://media-cdn.tripadvisor.com/media/photo-o/12/62/49/cf/photo1jpg.jpg
https://media-cdn.tripadvisor.com/media/photo-o/12/62/49/ce/photo0jpg.jpg","Written March 20, 2018","This review is the subjective opinion of a Tripadvisor member and not of Tripadvisor LLC."
"aimolina","https://www.tripadvisor.com/Profile/aimolina","https://media-cdn.tripadvisor.com/media/photo-o/1a/f6/f2/59/default-avatar-2020-24.jpg","Houston, TX","5","","Amazing Experience!! Highly recommend!!","We took the 45 minute tour of the south and north rim. It was spectacular! Breathtaking views and a knowledgeable pilot made the trip fun, informational, and unforgettable!<br />Well worth it! Best way to see the Grand Canyon in all its splendor!","","0","https://media-cdn.tripadvisor.com/media/photo-o/12/5d/29/d2/photo1jpg.jpg
https://media-cdn.tripadvisor.com/media/photo-o/12/5d/29/d1/photo0jpg.jpg","Written March 18, 2018","This review is the subjective opinion of a Tripadvisor member and not of Tripadvisor LLC."
"deborahbZ8193VX","https://www.tripadvisor.com/Profile/deborahbZ8193VX","https://media-cdn.tripadvisor.com/media/photo-l/01/2a/fd/9c/avatar.jpg","New London, WI","5","Mar 2018 • Couples","Bucket List Item","Always wanted to go on a helicopter ride and also see the Grand Canyon so decided to do both together and it was so worth it.  Our pilot DJ was entertaining, they play music to listen to in the headphones that fit with the ride (will always remember this trip when I hear Ride Into The Danger Zone!) and the views are spectacular.","Couples","0","","Written March 15, 2018","This review is the subjective opinion of a Tripadvisor member and not of Tripadvisor LLC."
"David L","https://www.tripadvisor.com/Profile/W4555OMdavidl","https://media-cdn.tripadvisor.com/media/photo-o/1a/f6/ee/68/default-avatar-2020-9.jpg","Houston, TX","5","Mar 2018 • Family","Breathtaking Trip","We expected this to be a spectacular experience and it did not disappoint.  The staff at Maverick were top notch.  We were able to take reservation through chat line which was very smooth.  Front desk staff were very friendly.  JC, our pilot, was awesome.  He made the trip very smooth, was super friendly especially to our children and provided great information!    Well worth the money as you really appreciate the beauty and vastness of the Canyon.<br />I heard a lot of negative reviews on how terrible or different the experience is depending on where you sit.  however I was in the back and I think I had just as great a view as anyone in the helicopter.  the only difference with being in the front row was you got to see out of some panels by your feet.   But being in the back row did NOT keep me from experiencing all that the ride had to offer.","Family","0","","Written March 14, 2018","This review is the subjective opinion of a Tripadvisor member and not of Tripadvisor LLC."
"Julie G","https://www.tripadvisor.com/Profile/julanaG925","https://media-cdn.tripadvisor.com/media/photo-o/1a/f6/f1/06/default-avatar-2020-18.jpg","Charleston, SC","5","Feb 2018 • Couples","Amazing Views of the Canyon","A helicopter ride was on my bucket list so when we decided to visit the Grand Canyon, I decided to book this tour. It was not cheap but I do believe I really got a feel for the magnitude of the canyon. We took off from the Grand Canyon airport so we were just minutes from the rim. The pilot told us when to turn our video on so we could take the shot of us going over the edge which was SO totally cool. We flew along the river, over to the North Rim (which was closed for the season) and saw a herd of bison bedding down. The pilot pointed out the various formations and gave us some history of the area. Seats in the helicopter are assigned by the computer to keep the weigh evenly distributed but there are good views from all seats. I was seated in the center front seat, next to the pilot. I had pretty good views and got some awesome photos. I felt very safe the entire time!","Couples","0","https://media-cdn.tripadvisor.com/media/photo-o/12/4c/86/b3/shout-out-to-ohio.jpg
https://media-cdn.tripadvisor.com/media/photo-o/12/4c/86/aa/the-north-rim.jpg
https://media-cdn.tripadvisor.com/media/photo-o/12/4c/86/97/another-great-shot.jpg
https://media-cdn.tripadvisor.com/media/photo-o/12/4c/86/71/following-the-river.jpg
https://media-cdn.tripadvisor.com/media/photo-o/12/4c/86/4e/gorgeous-views.jpg
https://media-cdn.tripadvisor.com/media/photo-o/12/4c/86/47/our-pilot.jpg","Written March 11, 2018","This review is the subjective opinion of a Tripadvisor member and not of Tripadvisor LLC."
"audreyjchen","https://www.tripadvisor.com/Profile/audreyjchen","https://media-cdn.tripadvisor.com/media/photo-o/1a/f6/ec/3d/default-avatar-2020-1.jpg","Maplewood, NJ","5","Mar 2018 • Solo","Great experience!","This was my first time at the Grand Canyon and I was there for less than 24 hours. Taking this helicopter tour was the perfect way to see more of the Grand Canyon in a short amount of time.  Amazing views!  I had chosen Maverick Helicopters because they had a very good reputation and I have to say that for my very first helicopter ride, I had a great experience. Our pilot, Sean, was experienced and very knowledgeable.  Thank you for a great ride!","Solo","0","","Written March 7, 2018","This review is the subjective opinion of a Tripadvisor member and not of Tripadvisor LLC."
"lovetoski5","https://www.tripadvisor.com/Profile/lovetoski5","","Brownwood, TX","5","Mar 2018 • Couples","Awesome flight","Fred, our pilot was just the nicest.  He make sure the temperature in the helicopter was comfortable.  The background music that played as we approached the rim of the canyon added to the excitement.  It was the best and shortest 45 minutes we have ever spent.  Mark one off the bucket list, it is a must do experience.","Couples","0","","Written March 5, 2018","This review is the subjective opinion of a Tripadvisor member and not of Tripadvisor LLC."
"Bruce P","https://www.tripadvisor.com/Profile/BruceP1438","https://media-cdn.tripadvisor.com/media/photo-o/1a/f6/e8/ea/default-avatar-2020-63.jpg","","5","Feb 2018 • Couples","Wonderful experience","Very happy with our flight over the Grand Canyon with Maverick Helicopters. The view was spectacular and the pilot gave a good commentary.","Couples","0","","Written February 22, 2018","This review is the subjective opinion of a Tripadvisor member and not of Tripadvisor LLC."
"CARRIBTRAVELER","https://www.tripadvisor.com/Profile/CARRIBTRAVELER","https://media-cdn.tripadvisor.com/media/photo-o/1a/f6/eb/a3/default-avatar-2020-38.jpg","MASS.","5","Feb 2018 • Couples","Amazing flight.","First time for my wife in a helicopter. She loved it. Seeing the canyon from up there was just wonderful. The pilot was very informative. He tried to show us a little of everything. But the wildlife did not cooperate. The flight itself was very smooth. Flying out over the edge of the canyon for the first time was absolutely spectacular.","Couples","0","","Written February 14, 2018","This review is the subjective opinion of a Tripadvisor member and not of Tripadvisor LLC."
"TCKnowles","https://www.tripadvisor.com/Profile/TCKnowles","https://media-cdn.tripadvisor.com/media/photo-f/01/2e/70/a6/avatar077.jpg","Bass Lake, CA","5","","Limo ride with rotor blades","In late Jan I took my wife on this tour for her BD. While I’ve spent numerous hours (military’s & law enforcement) aboard helicopters, she had never experienced it...<br />nor had she ever been to the Grand Canyon. Our pilot BJ, was to say the least ‘spectacular’!!! The informative info he passed along about the Canyon, combined with the visual scenery made this a trip my wife, or I will ever forget. BJ’s handeling of the aircraft was so professional that on my return home I joked with some law enforcement pilot friends that they needed to consider lessons from him (😱😆). Yes, a limo ride with rotor blades it was !! As another review mentioned, it is expensive BUT, it is truly well worth the cost. The sights of the Canyon that you will see will burn a picture in your mind for a lifetime. <br />While we just heard the tragic news of a copter crash in the Canyon, 2 points to ponder; #1) when a car crashes you don’t stop driving, #2) when you consider the number of flights vs the number of accidents, your much safer in the air, especially with Maverick Air where everyone, not just the pilots, went out of their way to ensure we enjoyed our moment. 5 thumbs up to all of them!!<br />","","0","https://media-cdn.tripadvisor.com/media/photo-o/12/0b/2a/66/photo1jpg.jpg
https://media-cdn.tripadvisor.com/media/photo-o/12/0b/2a/65/photo0jpg.jpg","Written February 13, 2018","This review is the subjective opinion of a Tripadvisor member and not of Tripadvisor LLC."
"RickHodges44","https://www.tripadvisor.com/Profile/RickHodges44","https://media-cdn.tripadvisor.com/media/photo-o/1a/f6/de/0a/default-avatar-2020-35.jpg","Port Macquarie, Australia","5","Jan 2018 • Couples","Absolutely Spectacular","One of the highlights of our 3 week US holiday. Our Helicopter flight/tour the “Canyon Spirit -<br />Grand Canyon Helicopter Tour”,  departed from Tusayan airport just 5 minutes from our hotel and about 5 minutes flight from the south rim of the canyon.<br />We had visited the Grand Canyon(south rim) back in April 1983. Back then the highlight was our 4hr walk along one of the trails down into the canyon. More recently we have been on several helicopter flights in outback Australia so our expectations were high. As spectacular as Australia’s outback is, nothing prepared us for this wonderful 45-50minute flight over the Grand Canyon. The views were absolutely spectacular, the flight was just wonderful although a little bumpy due to strong winds. Our pilot gave us a fascinating commentary. I would recommend this flight no matter how much it challenges you budget. The US$299 cost us approximately AUS$390 each and we are pensioners.","Couples","0","","Written January 22, 2018","This review is the subjective opinion of a Tripadvisor member and not of Tripadvisor LLC."
"Dean B","https://www.tripadvisor.com/Profile/DeanB745","https://media-cdn.tripadvisor.com/media/photo-o/1a/53/51/9e/avatar.jpg","Brisbane, Australia","5","","Spectacular and great service!","I booked the tour from Australia and even used the online chat. Very friendly service and managed to book the right tour at the right time. We were coming from Vegas too. Made it on time and even got on the earlier flight...had the chopper all to ourselves. It was the first chopper flight for my sons (12&14). They both sat in the front.  Pilot was young, professional and had a great  play list.<br />We loved every second and the landing in the canyon.<br />Trip of a lifetime! Thanks Maverick for the experience! Would recommend to all.","","0","https://media-cdn.tripadvisor.com/media/photo-o/11/d4/4a/84/20171208-114730-largejpg.jpg
https://media-cdn.tripadvisor.com/media/photo-o/11/d4/4a/83/20171208-111903-largejpg.jpg
https://media-cdn.tripadvisor.com/media/photo-o/11/d4/4a/82/20171208-111341-largejpg.jpg
https://media-cdn.tripadvisor.com/media/photo-o/11/d4/4a/81/20171208-111817-largejpg.jpg","Written January 21, 2018","This review is the subjective opinion of a Tripadvisor member and not of Tripadvisor LLC."
"Sherry G","https://www.tripadvisor.com/Profile/SherryG487","https://media-cdn.tripadvisor.com/media/photo-m/1280/2a/60/54/81/sherry-g.jpg","Los Angeles, CA","5","Jan 2018 • Family","family that flies together, stays together","was truly the highlight of our Grand Canyon experience. While the kids were getting to the point of just one more view of spectacular Grand Canyon. From the helicopter it took on so much more meaning. Worth every penny you spend to see the areas of the Grand Canyon that the rim sightseers are not getting to take advantage of.","Family","0","","Written January 10, 2018","This review is the subjective opinion of a Tripadvisor member and not of Tripadvisor LLC."
"ladyjacket832000","https://www.tripadvisor.com/Profile/ladyjacket832000","https://media-cdn.tripadvisor.com/media/photo-o/1a/f6/e8/ea/default-avatar-2020-63.jpg","Tallahassee","5","","Bucket list worthy- check- done","Even on an overcast day, the views were stunning. My hubby said I couldn't stop smiling. I was mesmerized. My first helicopter ride and it was fantastic. Pilot Shawn was just informative and felt completely at ease/safe since he spent 8 yrs in service of country flying Apaches.<br />It's a spurge, but oh so worth it!!!","","0","https://media-cdn.tripadvisor.com/media/photo-o/11/b8/b3/0e/img-20180108-103001816.jpg
https://media-cdn.tripadvisor.com/media/photo-o/11/b8/b3/0c/img-20180108-103359937.jpg
https://media-cdn.tripadvisor.com/media/photo-o/11/b8/b3/0b/img-20180108-103732857.jpg
https://media-cdn.tripadvisor.com/media/photo-o/11/b8/b3/0a/img-20180108-103414775.jpg","Written January 8, 2018","This review is the subjective opinion of a Tripadvisor member and not of Tripadvisor LLC."
"conleung","https://www.tripadvisor.com/Profile/conleung","https://media-cdn.tripadvisor.com/media/photo-s/07/a1/04/ae/constance-l.jpg","","5","","Go for it - worth the price!","As a family of five, and having done helicopter tours before in New Zealand, we were initially hesitant to take the 45-minute tour, as it was the only option available since we were booking last minute. However, at only $20 more per person, we went for it and am so glad we did it! I don’t think the shorter tour would have done it justice. After the morning trek along the South Rim Trail in the Park, the helicopter tour really helped put the expanse of the park into perspective. Our teenagers and 10yo loved the tour and BJ, the pilot, provided great narrative and music along the way. Lots of photo and video opportunities before, during, and after the helicopter ride. The helicopter was new and comfortable, and all of us got great views. Thanks for a memorable experience!","","0","","Written January 5, 2018","This review is the subjective opinion of a Tripadvisor member and not of Tripadvisor LLC."
"bharper1012018","https://www.tripadvisor.com/Profile/bharper1012018","https://media-cdn.tripadvisor.com/media/photo-o/1a/f6/e6/ea/default-avatar-2020-54.jpg","Helensburgh, UK","4","Sep 2017 • Couples","Trip of a lifetime","We stayed in Best Western at Tusayan and headed out early for our 45 min trip. Stopped at first Helicopter place we saw. Went inside and it was chaos. Luckily it was the wrong place, Maverick was a wee bit further on along the road. Much better waiting area and the staff, although very busy, were helpful and polite. The trip itself was brilliant, shame someone chose a bright red and white top which reflected off the glass and spoilt a lot of photos, not Mavericks fault. We were both nervous beforehand as both of us are claustaphobic  ? and not keen on hights but had no problems. Would recommend this trip to anyone.  Brian and Val Harper. Scotland.","Couples","0","","Written January 4, 2018","This review is the subjective opinion of a Tripadvisor member and not of Tripadvisor LLC."
"StorytellerGal","https://www.tripadvisor.com/Profile/StorytellerGal","https://media-cdn.tripadvisor.com/media/photo-o/21/d6/c5/00/kimberley-o.jpg","Houston, TX","5","Dec 2017 • Family","Don't even need to visit the South Rim after this","Flying above the Grand Canyon is really the only way to appreciate the size and scope of this natural wonder. We flew it before we drove up to the South Rim to view it and I can honestly say that we could have just done the flight and been done. It was just so much more impressive to see from above.<br /><br />The flight was smooth and covered a distance that spanned from the South Rim to the North Rim. My only complaint is that I wished the flight would have been longer. Between getting loaded up and flying over the forest to get to the canyon, you only spend about 30 minutes over the canyon itself. The thrill from flying over the edge of the land to the drop off of the canyon below is a heart pounder. It was worth every penny.","Family","0","https://media-cdn.tripadvisor.com/media/photo-o/11/a2/ef/0a/grand-canyon.jpg
https://media-cdn.tripadvisor.com/media/photo-o/11/a2/ee/fd/grand-canyon.jpg
https://media-cdn.tripadvisor.com/media/photo-o/11/a2/ee/e7/colorado-river.jpg","Written December 30, 2017","This review is the subjective opinion of a Tripadvisor member and not of Tripadvisor LLC."
"Camille31270","https://www.tripadvisor.com/Profile/Camille31270","https://media-cdn.tripadvisor.com/media/photo-o/14/05/c0/ed/camille31270.jpg","Pechbonnieu, France","5","Oct 2017 • Family","Impressionnant","45min impressionnante!!<br />Après des avis mitigés sur le concurrent Papillon on a sélectionné Maverick et on regrette pas!!!<br />Service client top, très pro et agréable en même temps.<br />Boutique sympa pour patienter<br />Vol super sympa<br />Un super souvenir.","Family","0","","Written December 18, 2017","This review is the subjective opinion of a Tripadvisor member and not of Tripadvisor LLC."
"travelmom71717","https://www.tripadvisor.com/Profile/travelmom71717","https://media-cdn.tripadvisor.com/media/photo-o/06/43/f6/47/travelmom71717.jpg","Birmingham, AL","5","Dec 2017 • Friends","The highlight of our trip!  I will never forget this experience!","Never having flown in a helicopter, I was apprehensive but determined to take this tour!  The pilot was amazing, couldn't have asked for better.  Once we took off, I never felt any fear at all, It was a thrilling experience to fly over the canyon, to see views up close that you cannot see anywhere else.  That moment when you leave the trees below, and fly out over the edge!  Incredible!  Once in a lifetime experience - worth every penny!  What was the best part of our whole Arizona trip?  This helicopter ride!","Friends","0","","Written December 14, 2017","This review is the subjective opinion of a Tripadvisor member and not of Tripadvisor LLC."
"dan1255","https://www.tripadvisor.com/Profile/dan1255","https://media-cdn.tripadvisor.com/media/photo-o/06/5d/a1/fb/dan1255.jpg","Sydney, Australia","5","Aug 2017 • Couples","Do it! Do it! do it!","This is simply the ONLY way to experience the Grand Canyon.<br />The team at Maverick are extremely professional.<br />I informed them that my Wife did not like heights, but wanted to experience the GC from the air. They very considerately placed her in the middle of the aircraft & this was very much appreciated.<br />The aircraft themselves are large. They seat 8 adults and are very comfortable (as far as helicopters go).<br />The 45 minutes was closer to 55min's and I loved every minute.<br /><br />It is extremely difficult to wrap your head around the scale of the Grand Canyon. This tour helps to bring it all into perspective.<br /><br />Well worth the investment.<br />You will not remember the financial outlay in the future, but the experience will stay with you forever.<br /><br />Do it !","Couples","0","https://media-cdn.tripadvisor.com/media/photo-o/11/7f/80/ef/45-minute-helicopter.jpg
https://media-cdn.tripadvisor.com/media/photo-o/11/7f/80/e8/45-minute-helicopter.jpg
https://media-cdn.tripadvisor.com/media/photo-o/11/7f/80/e0/45-minute-helicopter.jpg
https://media-cdn.tripadvisor.com/media/photo-o/11/7f/80/d4/45-minute-helicopter.jpg
https://media-cdn.tripadvisor.com/media/photo-o/11/7f/80/c1/45-minute-helicopter.jpg
https://media-cdn.tripadvisor.com/media/photo-o/11/7f/80/b4/45-minute-helicopter.jpg","Written December 12, 2017","This review is the subjective opinion of a Tripadvisor member and not of Tripadvisor LLC."
"mzlaura1","https://www.tripadvisor.com/Profile/mzlaura1","https://media-cdn.tripadvisor.com/media/photo-o/08/74/b9/c2/ms-laurashepherd.jpg","Sydney, Australia","5","Nov 2017 • Solo","Worth every Penny","Not everyone can afford to take a helicopter ride, this is a must save for activity. Its a once in a lifetime experience and I loved every minute of it. my flight was not bumpy so I was lucky as I don't like flight turbulence. Our pilot had a good sense of humour and answered everyone's questions. Took some great pics and footage & I still managed to take it all in and not just live through the lens. It was nice to be able to get pics of you and the helicopter after the flight. You also have the opportunity to purchase their picture and have it on a placard.","Solo","0","https://media-cdn.tripadvisor.com/media/photo-o/11/7d/8c/a1/amazing.jpg
https://media-cdn.tripadvisor.com/media/photo-o/11/7d/8c/9a/canyon-view.jpg
https://media-cdn.tripadvisor.com/media/photo-o/11/7d/8c/52/canyon-view.jpg","Written December 10, 2017","This review is the subjective opinion of a Tripadvisor member and not of Tripadvisor LLC."
"AmyandRoy","https://www.tripadvisor.com/Profile/AmyandRoy","https://media-cdn.tripadvisor.com/media/photo-o/03/9b/2a/a6/amyandroy.jpg","Waitsfield, VT","5","Nov 2017 • Couples","Great experience--not to be missed","Had a great time with Maverick.  Pilot was friendly and informative.  Our trip to the GC would have been lacking without the view from the air.","Couples","0","","Written December 8, 2017","This review is the subjective opinion of a Tripadvisor member and not of Tripadvisor LLC."
"Steve K","https://www.tripadvisor.com/Profile/R1831PUstevek","","","5","","Magnificent!","Our family selected this flight as an option on our G Adventures tour. The experience in he helicopter was, literally, the experience of a lifetime. Absolutely breathtaking! Our pilot BJ was absolutely wonderful, getting us all involved and pointing out lots of interesting aspects. He even shared his favourite playlist with us. The experience on the ground was fantastic as well, with a great setup and very friendly and helpful staff. I could not fault the experience and would highly recommend to anyone visiting the Grand Canyon. ","","0","","Written December 6, 2017","This review is the subjective opinion of a Tripadvisor member and not of Tripadvisor LLC."
"Karoline D","https://www.tripadvisor.com/Profile/karolined441","https://media-cdn.tripadvisor.com/media/photo-s/11/5a/3e/fb/karoline-d.jpg","","5","Oct 2017 • Friends","Helikoptertur over Grand Canyon","Anbefalelsesværdig helikoptertur over Grand Canyon. Fin tur hvor man flyver rundt over Grand Canyon, og guide der fortæller samtidig.","Friends","0","","Written November 24, 2017","This review is the subjective opinion of a Tripadvisor member and not of Tripadvisor LLC."
"minman14","https://www.tripadvisor.com/Profile/minman14","https://media-cdn.tripadvisor.com/media/photo-o/11/57/8b/a1/avatar.jpg","Keene, NH","5","Nov 2017 • Couples","Fantastic","This was a trip that my wife and I had been looking forward to for years. I am a former Army Helicopter Pilot who flew in Vietnam. The staff made sure that our pilot was Sean, another former Army pilot who flew helicopters in Afghanistan. We were fortunate to be seated in the front, which brought back memories for me and allowed my wife to experience the flight from my former point of view. The flight over the Canyon was breathtaking to put it mildly. Sean was very competent and professional and provided good commentary during the flight. Our thanks to Maverick for an experience we will never forget.","Couples","0","","Written November 22, 2017","This review is the subjective opinion of a Tripadvisor member and not of Tripadvisor LLC."
"Zzia","https://www.tripadvisor.com/Profile/Zzia","https://media-cdn.tripadvisor.com/media/photo-o/1a/f6/df/2b/default-avatar-2020-39.jpg","Texas","5","Nov 2017 • Couples","Absolutely the best way to appreciate the Grand Canyon","Flew with BJ over the Grand Canyon. Unfortunately we were only able to do the bad weather route, but this still gave a great appreciation for the vastness of the Canyon. Booking process was smooth, waiting area was comfortable, flights were on time, pilot was extremely personable and entertaining and the flight should not be missed!","Couples","0","","Written November 21, 2017","This review is the subjective opinion of a Tripadvisor member and not of Tripadvisor LLC."
"Navni M","https://www.tripadvisor.com/Profile/navnim2017","https://media-cdn.tripadvisor.com/media/photo-o/1a/f6/f2/11/default-avatar-2020-23.jpg","Somerset, NJ","5","Oct 2017 • Couples","Amazing experience!","I was recommended to Maverick by my co worker and I have to say it definitely lived up to its review. From booking a tour online to the easy check in and straight forward requirements made planning very hassle free. Our pilot was great and the entire experience is unbelievable. We were speechless as the floor dropped beneath us and we had a breath taking view of the canyon. This is a must do if you are visiting Grand Canyon. I highly recommend it!","Couples","0","","Written November 17, 2017","This review is the subjective opinion of a Tripadvisor member and not of Tripadvisor LLC."
"Diane D","https://www.tripadvisor.com/Profile/dianedI4525DH","https://media-cdn.tripadvisor.com/media/photo-s/0b/16/29/8d/diane-d.jpg","","5","Nov 2017 • Friends","45 minute Grand Canyon","At the spur of the moment, my friend and I️ decided to take a helicopter tour of the Grand Canyon with Maverick Helicopters. While on a day tour, with Detours of Phoenix, to Sedona and the GC the option to view the canyon was offered (for an additional fee) and we jumped at the chance. Having never flown in a helicopter, and always fearful, I️ decided “I️ only live once, so why not?!” <br /><br />WOW!!! What a ride! We couldn’t have asked for a better view of this beautiful natural wonder. Sean, our pilot, is professional, friendly, and reassuring. He is a former military helicopter pilot, which in my book is big deal in terms of skill (and Sean, thank you for your service). Before taking off, Sean told us about the helicopter, went over safety procedures. The ground crew assisted us in buckling up and with our headphones.  Sean is quite knowledgeable of the Grand Canyon’s animal life, history and it’s many special sites, answered all our questions as we flew. <br /><br />The helicopter itself is top-notch. We were told that Mavericks fleet is the youngest in the area flying the Grand Canyon. Seats are comfortable. Large viewing areas to give the best views possible. We were fortunate to have had two of the front seats, and were able to take some great shots. <br /><br />The flight is 45 minutes in duration and we loved every minute of it! Thank you to Maverick and Sean for a great experience. <br /><br />(A side note... I️ really enjoyed the flights playlist - Top Gun’s theme song was among some of the tunes played as we flew. Nice touch!)<br /><br />Diane and Lynne","Friends","0","","Written November 11, 2017","This review is the subjective opinion of a Tripadvisor member and not of Tripadvisor LLC."
"Nigel K","https://www.tripadvisor.com/Profile/54nigelk","https://media-cdn.tripadvisor.com/media/photo-o/1a/f6/e3/6a/default-avatar-2020-47.jpg","","1","Oct 2017 • Couples","Very disappointed","If you are in the front you get a panoramic view of the canyon but in the back you get a panoramic view of the front passengers. Its very unfair that Maverick charge the same price whether you are in the front or the back of this helicopter. Very frustrating when three of the passengers are whooping with joy as they board..... As several reviewers have pointed out, if you are an average male you should expect to be in the rear seat and if you are in the middle dont expect to capture any decent photos. Sorry Maverick, but this is grossly unfair.","Couples","0","","Written November 8, 2017","This review is the subjective opinion of a Tripadvisor member and not of Tripadvisor LLC."
"Steve G","https://www.tripadvisor.com/Profile/stevegM7500CY","https://media-cdn.tripadvisor.com/media/photo-s/0e/a8/c5/22/steve-g.jpg","Carmel, IN","5","Oct 2017 • Couples","Worth every cent!","This was my first helicopter flight, and it truly set the standard for all others that may follow. Our pilot, Chris, while extremely professional, was as friendly and informative as he could be. When ""the bottom dropped out"" as we cleared the mesa at the rim of the Grand Canyon, it was the most exhilarating experience of my life to date (and I've had a number of them, happily). It. Just. Takes. Your. Breath. Away. We saw so much (even wildlife ""bathing"" in a small pond on a mesa on our way back in)! Chris and Maverick made it incredibly memorable for our party. This experience will be tough to top. We will be back!","Couples","0","","Written November 6, 2017","This review is the subjective opinion of a Tripadvisor member and not of Tripadvisor LLC."
"graymar6","https://www.tripadvisor.com/Profile/graymar6","https://media-cdn.tripadvisor.com/media/photo-s/01/c4/9b/e6/graymar6.jpg","Naples, FL","5","Oct 2017 • Family","Great experience!","I have to admit, I was more than a little wary of getting into a helicopter and flying over the Grand Canyon!  I made the mistake of googling previous accidents! However, we awoke to beautiful blue skies and little wind so I took the plunge (not literally)!  The ride was exhilarating!  It truly is the best way to see the canyon in all its beauty.","Family","0","","Written November 5, 2017","This review is the subjective opinion of a Tripadvisor member and not of Tripadvisor LLC."
"SopkoLegiecclan","https://www.tripadvisor.com/Profile/SopkoLegiecclan","https://media-cdn.tripadvisor.com/media/photo-o/23/5c/d7/6b/sopkolegiecclan.jpg","Roxbury, NJ","5","Oct 2017 • Couples","Best way to see the Canyon!","While I was a little apprehensive, our pilot was very reassuring before we took off.  They take your picture before you take off that you can buy but the best part was that they created a DVD for your trip so you can hear the people that you travel with during the trip.  Our pilot created a fantastic soundtrack to go with the trip which is on the DVD. This is great so you don't have to watch the trip from your camera. <br /><br />I can't say enough about how great it is to see the canyon from this point of view.  It's so vast that seeing it from land is just not the same.  Our 45 minute trip felt like 15 minutes.  Highly recommend!!!!","Couples","0","","Written October 29, 2017","This review is the subjective opinion of a Tripadvisor member and not of Tripadvisor LLC."
"Liz5617","https://www.tripadvisor.com/Profile/Liz5617","https://media-cdn.tripadvisor.com/media/photo-o/1a/f6/f2/b8/default-avatar-2020-26.jpg","Marlborough, UK","5","Oct 2017 • Couples","The only way to see the Grand Canyon","Wow! Absolutely brilliant experience from start to finish. <br />The team at Maverick couldn't have been more helpful and friendly . From checking in, where the staff explained everything very clearly & were very reassuring, to meeting our lovely pilot, Patrick. He too was very reassuring, humorous, highly knowledgeable of the Canyon & an excellent pilot!  For me, experiencing a helicopter flight for the first time was  very special & although I started off a little apprehensive, it wasn't long before I was enjoying the flight & seeing the amazing, incredible Grand Canyon from a bird'e eye view.<br />I would thoroughly recommend Maverick Helicopters at the Grand Canyon.","Couples","0","","Written October 29, 2017","This review is the subjective opinion of a Tripadvisor member and not of Tripadvisor LLC."
"Arn E","https://www.tripadvisor.com/Profile/ArnE645","https://media-cdn.tripadvisor.com/media/photo-s/09/5e/4e/85/arn-e.jpg","Stockholm, Sweden","5","Oct 2017 • Couples","You need the bird's eye view, too","This is money well spent to enhance your experience of Grand Canyon. It is not instead of visiting the Canyon - the helicopter tour complements what you see when you visit the South Rim. Don't be afraid. It is awesome to fly there in the helicopter, and the pilots make you feel in safe hands.","Couples","0","https://media-cdn.tripadvisor.com/media/photo-o/11/0c/d9/9b/over-grand-canyon-and.jpg","Written October 22, 2017","This review is the subjective opinion of a Tripadvisor member and not of Tripadvisor LLC."
"Alan L","https://www.tripadvisor.com/Profile/AlanTheWalkingMan","https://media-cdn.tripadvisor.com/media/photo-o/1a/f6/df/2b/default-avatar-2020-39.jpg","Worcester, UK","5","Sep 2017 • Friends","A must do","When you travel there are so many things to do, see and enjoy, but this Helicopter ride is a must. Yes it is not cheap and is not to long but WOW it is fantastic. You will soon forget the cost but never forget this flight over this modern wonder of the world. Timeless scenery below and a brilliant commentary throughout from our pilot BJ, whose knowledge of the canyon was 1st class. There are so many words to use in praise of this ride, no regrets, absolutely fantastic.","Friends","0","https://media-cdn.tripadvisor.com/media/photo-o/11/0b/89/b5/bj-joelle-and-crew.jpg","Written October 22, 2017","This review is the subjective opinion of a Tripadvisor member and not of Tripadvisor LLC."
"JudyandBillG","https://www.tripadvisor.com/Profile/JudyandBillG","https://media-cdn.tripadvisor.com/media/photo-o/1a/f6/ef/73/default-avatar-2020-13.jpg","Wangaratta, Australia","5","Oct 2017 • Friends","Do not consider the cost.  Just do it or you will miss out.","Went for the first ride of the day and there were many many WOW moments.   This was well worth thedollars.   If you want a good seat lose weight as the seats area allocated by weight.  Cannot recommend this highly enough.","Friends","0","","Written October 18, 2017","This review is the subjective opinion of a Tripadvisor member and not of Tripadvisor LLC."
"Lancashirelad1964","https://www.tripadvisor.com/Profile/Lancashirelad1964","https://media-cdn.tripadvisor.com/media/photo-o/1a/f6/f0/48/default-avatar-2020-15.jpg","Lancashire","5","Oct 2017 • Couples","Stupendous","Simply the best tourist activity I have ever undertaken. From the smart base just off the road before Tusayan, this was throughout a very slick, personal and professional operation. Nate, the pilot, welcomed each passenger to the flight by name, shook hands, took a few photos and settled everyone in. With easy chat and a fabulous sound track, we took off. Like other reviewers, the fact that I am a bit iffy when it comes to heights, the magic of the flight was that being 5,000 ft up in a tin can did not cause me any great concerns.  The little burst of Top Gun as the helicopter took off just about put the tin lid on things.  Impossible to stress how good this whole experience was.","Couples","0","","Written October 18, 2017","This review is the subjective opinion of a Tripadvisor member and not of Tripadvisor LLC."
"brian j","https://www.tripadvisor.com/Profile/brianjU4418KT","https://media-cdn.tripadvisor.com/media/photo-o/1a/f6/e5/2b/default-avatar-2020-52.jpg","Melbourne, Australia","5","Sep 2017 • Couples","Just do it ! you wont be disappointed !","So many people recommended the Maverick helicopter tour to me and they were 100 % right.This is a must do regardless of whatever cost.Our pilot Barclay ,was knowledgeable,friendly and explained so much history about the Canyon.<br />There are not enough words to describe the stunning view...Don't procrastinate.just do it,it is so worthwhile.","Couples","0","","Written October 16, 2017","This review is the subjective opinion of a Tripadvisor member and not of Tripadvisor LLC."
"BrisBarry","https://www.tripadvisor.com/Profile/BrisBarry","https://media-cdn.tripadvisor.com/media/photo-o/07/d4/f4/fc/brisbarry.jpg","Brisbane, Australia","5","Sep 2017 • Couples","Excellent ","Some places look pretty much like you see them in photos or in magazines or in a movie, but the Grand Canyon is so much more impressive when you actually see it for yourself. The Maverick helicopter tour was really good. The helicopter was nice and clean and comfortable, the pilot, Spencer, was friendly and chatted with everyone onboard. It seats 6 passengers, 2 up front with the pilot and 4 across the back but we only had 5 aboard so we had a bit more room in the back. The flight lasted about 45 to 50 minutes and we covered a lot the Canyon. The “drop off” when you fly over the edge into the Canyon is amazing! The Canyon is huge, but you fly pretty close to certain parts so you get a good look. The pilot tells you about the various places as you fly over them and it was pretty interesting to hear about it. Although it cost us $299 USD each for my wife and me we both agreed that it was worth it. If we go back to the Grand Canyon we would probably do it again. ","Couples","0","","Written October 15, 2017","This review is the subjective opinion of a Tripadvisor member and not of Tripadvisor LLC."
"Bridstow","https://www.tripadvisor.com/Profile/Bridstow","https://media-cdn.tripadvisor.com/media/photo-o/28/77/7b/66/caption.jpg","Peterborough, UK","5","Sep 2017 • Couples","Do it, don't regret not doing so!","When arranging our trip to the Grand Canyon we considered the options for add ons. Ultimately the only one we organised in advance was a helicopter flight. We did so because it was our first visit to the Grand Canyon and possibly the only one given all of the other places we have on our list to visit.<br /><br />Having done our research we decided on Maverick Helicopters and chose the Canyon Spirit flight. Although a little more expensive than some flights (there are shorter flights) the time in the air was approximately 45 minutes.<br /><br />It was also ideal as Maverick have a base at Grand Canyon Airport, Hwy 64, Grand Canyon just 5 minutes from where we were staying at the Best Western Grand Canyon enabling us to make best use of every minute of or trip.<br /><br />When first booking we were advised by our travel company that a flight time couldn't be guaranteed. Despite that we expressed a preference for an early flight to hopefully capture the views in a good light and to enable the rest of the day for other exploration of the area. Nearer our departure we made contact with Maverick and learned that weather and all else permitting our flight would be the first of the day at 08:00 am and that we needed to be there 30 minutes before. We also phoned as requested the day before our flight to check in.<br /><br />We arrived early on the day at 07:20 am and checked in. We were weighed as part of the process and then waited with anticipation.<br /><br />Shortly before our flight our pilot Daniel, called or name out along with the remaining passenger - 6 in total leaving one seat empty. We were escorted out onto the tarmac where we had our photographs taken by Maverick in our individual family groups with the pilot before being allocated our seats and given a safety briefing. We assume seats were allocated on the basis of balancing the weight of the group but it avoided a free for all over who would sit where.<br /><br />The ECO-Star (EC130) helicopter made by Airbus Helicopters was a eight seater - the pilot plus six passengers i.e. two rows of four.<br /><br />My wife sat in the front next to the pilot and me behind him next to the window. That said every seat had a great view. As wearing headphones is necessary in order to communicate we were all able to interact with the pilot who gave a great commentary. The whole flight including audio was recorded using a camera mounted on the front of the helicopter meaning that those of us who wanted to could purchase a copy along with a nice plaque including the pre-flight photograph.<br /><br />Following take off we departed from the Grand Canyon South Rim over the Kaibab National Forest before reaching the rim of the Canyon that dropped away before us ....... this really was a spectacular view and incredible feeling. Flying over the Canyon we could see for miles. The North rim and eastern edge then cam into view something that many visitors don't see and nor would we if it hadn't been for the flight. We then followed the Colorado River and were able to see the water flowing at the foot of the Canyon. Flying through the widest and deepest part of the Canyon we were able to take as many photographs as we liked and in my case GoPro footage of almost the entire flight.<br /><br />Crossing the Colorado River we left the Grand Canyon and returned to base.<br /><br />On landing and once it was safe to alight we were able to take our own photographs around the helicopter including with our pilot.<br /><br />We then returned to the terminal building where those of us who wanted could purchase a DVD recording of the flight and or plaque with our pre-flight photograph as a memento. We don't ordinarily purchase such things but this was a very special experience so we can now relive it with friends and family.<br /><br />We have some amazing memories and great photographs. It was an incredible, beautiful and absolutely awesome experience that we would highly recommend.<br /> <br />If you want to do this don't wait until it's too late plan ahead to be sure you can get a flight.<br /><br />Special thanks go to Daniel our pilot for making our experience so good.","Couples","0","https://media-cdn.tripadvisor.com/media/photo-o/10/d8/8e/a0/awesome-canyon-spirit.jpg
https://media-cdn.tripadvisor.com/media/photo-o/10/d8/8e/7c/maverick-tours-located.jpg
https://media-cdn.tripadvisor.com/media/photo-o/10/d8/8e/4e/enjoy-your-tour-in-a.jpg","Written September 28, 2017","This review is the subjective opinion of a Tripadvisor member and not of Tripadvisor LLC."
"detruitt","https://www.tripadvisor.com/Profile/detruitt","https://media-cdn.tripadvisor.com/media/photo-o/1a/f6/f6/0d/default-avatar-2020-34.jpg","Cypress, TX","5","Sep 2017 • Couples","Great view of Grand Canyon!","We really enjoyed our flight over the Grand Canyon!  We did the 45 minute tour and loved everything about it!  Never been in a helicopter before but we felt totally at ease!  Our guide Alex was great! Lots of information and plenty of great photos and videos! Highly recommended!!","Couples","0","","Written September 21, 2017","This review is the subjective opinion of a Tripadvisor member and not of Tripadvisor LLC."
"WImom","https://www.tripadvisor.com/Profile/WImom","https://media-cdn.tripadvisor.com/media/photo-f/01/2e/70/61/avatar039.jpg","Fond du Lac, WI","5","Sep 2017 • Couples","Absolutely wonderful!","Nathan was our pilot for the 45 minute helicopter flight over the Grand Canyon from Tusayan, just south of the Grand Canyon southern entrance. He was very calm, reassuring, and exhibited great expertise with his flying ability. Nathan narrated during the flight, pointing out the highlights as well as interesting tidbits. This is as one of the highlights that I will always remember for the rest of my life. I took so many amazing photos! Check-in was 45 minutes before the flight was to take off. We also needed to confirm the flight by phone 24-48 hours in advance. Once, we checked into the hotel, we also had to call to give our room number of our hotel, even though we were driving ourselves to the airport at 107 Corsair Drive, Tusayan. All staff was very friendly on the phone and in-person. Passengers were seated according to weight by the computer to help balance the weight in the helicopter. When we booked, we were asked our weight. When we arrived at Maverick Helicopters, we had a blind weigh-in. By that, I mean that you stepped on a scale but only the person behind the counter could see the actual weight. Even though that the helicopter ride was pricey, it was well worth it. I booked this ride through viator.com which gave us a discount. I would highly recommend Maverick Helicopters, not only for their amazing staff but also for having the top of the line helicopters!","Couples","0","","Written September 3, 2017","This review is the subjective opinion of a Tripadvisor member and not of Tripadvisor LLC."
"Tahlea","https://www.tripadvisor.com/Profile/TahleaP","https://media-cdn.tripadvisor.com/media/photo-o/0c/1c/99/44/tahlea-p.jpg","Australia","5","Jul 2017 • Friends","Best way to see the Grand Canyon","If you are only able to visit the Grand Canyon once in your lifetime, make sure you book a tour through Maverick Helicopters! This was my first time in a helicopter and the flight was very smooth. I will never forget flying across the forest and suddenly seeing the spectacular rock formations below. A 45 minute flight was costly, but definitely worth the money.","Friends","0","","Written August 13, 2017","This review is the subjective opinion of a Tripadvisor member and not of Tripadvisor LLC."
"Stefania S","https://www.tripadvisor.com/Profile/Ste_Dan09","https://media-cdn.tripadvisor.com/media/photo-o/05/d1/1c/21/ste-dan09.jpg","New York City, NY","5","Jun 2017 • Couples","Breathtaking!","I was hesitant to book the 45 minute flight, both because of the price and the fact that I'm scared of flying, but I knew my husband would love it and now I'm so glad we did it! We spent a few days hiking above and below the south rim, but having the possibility to see the Grand Canyon from above is an amazing, unique experience. The moment in which you fly off the rim and the canyon opens below you will take your breath away! Our pilot was very nice and professional. Very comfortable helicopter and, thanks to the lack of wind, we had an incredibly smooth flight. Highly recommended!","Couples","0","","Written June 29, 2017","This review is the subjective opinion of a Tripadvisor member and not of Tripadvisor LLC."
"Tim R","https://www.tripadvisor.com/Profile/S8380EFtimr","https://media-cdn.tripadvisor.com/media/photo-o/1a/f6/7c/01/default-avatar-2020-5.jpg","","5","May 2017 • Couples","Best decision!","My wife and I took the Grand Canyon train into the Grand Canyon village for a 2 night stay on the south rim. After having taken a bus tour, I would recommend to anyone to take the time and money to take a helicopter tour with the Maverick Helicopter company! We selected the 45 minute tour that took us into the Canyon for a majority of the time. I'll also attest to the skill and friendly nature of the staff. Specifically Arnie and Daniel! Arnie greeted us as soon as we walked in the front door helping with both the experience at the airport and advice for the village after the tour.  Daniel (the pilot), was both informative and professional creating a relaxed and safe environment on flight! Which is important to us as first time helicopter passengers. Excellent choice for a tour if you want to be able to fully soak in the Canyons grandeur!","Couples","0","https://media-cdn.tripadvisor.com/media/photo-o/0f/45/47/c3/perfect-anniversary-trip.jpg
https://media-cdn.tripadvisor.com/media/photo-o/0f/45/47/c1/perfect-anniversary-trip.jpg","Written May 14, 2017","This review is the subjective opinion of a Tripadvisor member and not of Tripadvisor LLC."
"Allan S","https://www.tripadvisor.com/Profile/allans41","https://media-cdn.tripadvisor.com/media/photo-o/1a/f6/de/e7/default-avatar-2020-37.jpg","Pevensey, UK","5","May 2016 • Couples","Highly Recommended Once In A Lifetime Experience!","We pre-booked, online, an early morning “Canyon Spirit” flight from the Grand Canyon Airport.<br />We stayed overnight nearby in Tusayan and arrived at the airport at about 07:15 am for our “weigh in” and allocation to our helicopter and pilot.<br />Our pilot Ben gave us a flight safety briefing before allocating us to our seats and, as there were only five people on our flight, we were all lucky to have window seats! <br />We took off at about 07:50 am and flew over the Kaibab National Forest for about seven minutes before the ground dropped away and we flew off the edge above the Grand Canyon.<br />The views were stunning and the Grand Canyon was so vast it now felt that the helicopter was hovering!  We flew over to the Eastern Side, along the North Rim then back to the Bright Angel/South Rim before returning to the airport about one hour later.<br />We had an excellent flight with a very interesting, knowledgeable and amusing commentary, from our pilot Ben, throughout our flight.  We were very lucky to have excellent conditions with a bright blue sky, no wind, lots of sun and a very steady flight with no turbulence.<br />On arrival back we had time for a photo opportunity posing with Ben in front of our helicopter.<br />It was quite an expensive trip but it was worth it to be flown safely, on this once in a lifetime opportunity, by such a professional and efficient organisation.<br />Highly Recommended!","Couples","0","","Written April 27, 2017","This review is the subjective opinion of a Tripadvisor member and not of Tripadvisor LLC."
"Evan B","https://www.tripadvisor.com/Profile/EvanB419","https://media-cdn.tripadvisor.com/media/photo-s/03/ff/9b/12/evan-b.jpg","Franklin, Tennessee, United States","5","Jan 2017 • Couples","Just Pay the Money and DO IT!","I brought my wife out to see the Grand Canyon during a business trip since she had never been before.  We drove the rim the previous day and it was, of course, spectacular.  But after the fifth or sixth pull stop off the road it began to seem the same.  The next morning we got to Maverick and had reserved the 45 minute flight (which was a surprise to her.)  Our pilot, Fred, was great, the ride was smooth-just a bit of turbulence while we were flying over the treetops on the way to the canyon.  Words can't describe the range of emotions at that first shot over the canyon rim and coming to a hover in the middle.  So totally different experience from driving along the roads.  Great narration and music throughout the flight, great visibility from the helicopter, plenty warm (we went in winter) - the entire experience was first rate.  I am a bit of a tightwad when it comes to things like this normally, but I bit the bullet because you never know when you'll come back.  It was worth EVERY PENNY!  I would do it again in a heart beat if we go out at a different time of year.  You will not regret doing it, even if you have to stay in a cheaper hotel a couple of nights to make it work.  Only thing I would say is do the 45 minute trip.  The marginal cost difference is minimal and you will wish you could stay in the air longer if you do the short one.  Really had a fantastic time.","Couples","0","","Written February 1, 2017","This review is the subjective opinion of a Tripadvisor member and not of Tripadvisor LLC."
"Ron26067","https://www.tripadvisor.com/Profile/Ron26067","https://media-cdn.tripadvisor.com/media/photo-o/1a/f6/77/ae/default-avatar-2020-2.jpg","Dearborn Heights, MI","5","Oct 2016 • Couples","Worth The Price of Admission","We decided on the Maverick Helicopter Tour as it seemed that they had newer equipment than the other tour companies in the area. You meet at the Tusayan Airport which is outside of the Grand Canyon National Park (It is just outside of Tusayan). They have a large parking lot and guest services building with a gift shop, vending machines and restrooms. Check-in is fast and easy. They do take your weight (no lying about your weight, as you actually stand on a scale) which they use to assign your seating on the helicopter to balance the weight. You can request a front seat but they cannot guarantee specific seating but will give you preference if you ask in advance. Once everyone is checked in the pilot will call out your name and give you a seat assignment. You are provided with a life preserver that you wear around your waist and are assisted in getting in the helicopter. Once in, you put on your headphones and get a quick safety check. (you should wear dark clothing without prints so that you don't get a reflection off the inside of the glass when you take photos). The flight is about 45 minutes and there are no restrooms on the helicopter and no stops until you get back to the airport (as my Mother always told me, go now or forever hold your pees). The seats are very comfortable (seating for 7 including the pilot) and the helicopter is surprisingly quiet from others I have flown in. The weather was clear and the flight very calm and smooth.<br /><br />Once everyone is secure the pilot takes off and introduces himself and finds out a little bit about you. You initially fly over the pine forests and listen to a play list and commentary through your headphones. Then you fly out over the Canyon itself. The view is spectacular as the trees and land immediately end and fall away from view and you are now hovering 4,000 feet above the Canyon Floor! The pilot forewarned us just before we cleared the trees and got our first panoramic view of the Canyon but it is still breathtaking! The pilot describes the various areas of the Canyon and sights and flies along both the South and North Rims as well as along the Colorado River. You can ask questions through your headsets and the pilot is more than happy to respond and elaborate on his narration. Although we viewed the Canyon from the South Rim, the Rim Trails, the Bright Angel Trail and the West Rim, this is a unique ""not to miss"" way to see the Canyon if your budget allows.<br /><br />After about 45 minutes we landed back at the airport and they took pictures of us by the helicopter (with or without the pilot) and using their camera and ours. Although not required or requested, we did give a small gratuity to the pilot which I'm sure he appreciated. When we got back into the gift shop they had photos on the wall that you could purchase as well as a dvd of your specific flight made during the actual flight. Unfortunately the camera on our helicopter malfunctioned on our flight so we couldn't purchase the dvd of our flight but because we had asked to buy the dvd they gave us a complimentary copy of their generic dvd of the helicopter flight (very considerate and professional). <br /><br />The price for the helicopter flight was about $300 per person for about 45 minutes but was well worth it. If you want to get a different perspective of the Grand Canyon, this is definitely not a tour to miss! I would highly recommend both the helicopter flight and Maverick Helicopters as the tour provider.","Couples","0","","Written December 31, 2016","This review is the subjective opinion of a Tripadvisor member and not of Tripadvisor LLC."
"Mark Q","https://www.tripadvisor.com/Profile/MarkQ462","","Lakeview, OH","5","Jun 2016 • Solo","First Helicopter Ride During First Visit to Grand Canyon","This was my first ever ride in a helicopter and the best location to take the ride! I was fortunate to get a window seat where I made lots of pictures. Most of the pictures turned out great. The flight lasted 45 minutes and was well worth the time and $300 cost. <br /><br />This helicopter tour occurred during my first visit to Grand Canyon National Park. This tour was not included in Grand Canyon Railway Hotel ""Rails to the Rim Plus"" package and was purchased separately. If you're staying inside the park, keep in mind the heliport is located outside the park. Make sure you have your railway tickets (or other documentation) on hand so you can get back into the park without having to pay the entrance fee. <br /><br />Finally, when you make a reservation, you will be asked for your body weight. When you check in at the heliport, the agent will require you to ""weigh in.""","Solo","0","https://media-cdn.tripadvisor.com/media/photo-o/0d/ef/f9/21/one-of-countless-spectacular.jpg
https://media-cdn.tripadvisor.com/media/photo-o/0d/ef/f8/de/this-is-where-the-little.jpg
https://media-cdn.tripadvisor.com/media/photo-o/0d/ef/f8/ae/i-was-fortunate-to-get.jpg
https://media-cdn.tripadvisor.com/media/photo-o/0d/ef/f8/88/this-photo-was-taken.jpg","Written December 22, 2016","This review is the subjective opinion of a Tripadvisor member and not of Tripadvisor LLC."
"leklekblue","https://www.tripadvisor.com/Profile/leklekblue","https://media-cdn.tripadvisor.com/media/photo-s/01/b1/94/91/leklekblue.jpg","Westchester County, NY","5","Nov 2016 • Couples","A must-do for lovers of views and vistas!","My husband and I, along with two other unrelated couples, had an excellent Grand Canyon Maverick Helicopters tour on Thanksgiving Day at noon, leaving from the Tusayan airport near the south rim. Our copter held 7 guests, so we had one extra space, which was nice. The seating arrangement is done by weight, so you may not get your optimum seat. (I would have picked next to the pilot looking ahead, but got a side window in the back row, which was fine. We didn't land again until the end, so no opportunity to change seats.) Our pilot, B.J., was calm, experienced, and personable. During the flight, he told us just the right amount of factoids about the canyon and the surrounding park while an apropos soft rock soundtrack, curated by B.J., played through our headphones, changing for each phase of the flight. The gray leather seats were comfortable (although not rotating) and there were excellent views available, both near and far as we flew in different directions over the sunny south rim and the snowy north rim and (mostly) in between them, looking down at the cliffs and Colorado River far below us. The 30+-minute canyon tour was a good length for appreciating the scope and grandeur of the canyon, although I could have spent all day out there gliding over those views! The take-off and landing couldn't have been smoother, and the spacious Maverick waiting room (with fireplace & restrooms) and gift-store are top notch. They took photos of us at the beginning and end standing by the copter, and then as we were leaving offered us an official photo and DVD to commemorate our flight. A memorable Thanksgiving Day, that's for sure! (One photo tip: Wear black if you don't want to see yourself reflected in the windows as you shoot your photos.)","Couples","0","https://media-cdn.tripadvisor.com/media/photo-o/0d/c2/64/f4/flying-back-to-tusayan.jpg
https://media-cdn.tripadvisor.com/media/photo-o/0d/c2/64/f1/flying-over-the-snowy.jpg
https://media-cdn.tripadvisor.com/media/photo-o/0d/c2/64/ee/one-of-many-great-views.jpg
https://media-cdn.tripadvisor.com/media/photo-o/0d/c2/64/e5/i-took-way-too-many-photos.jpg
https://media-cdn.tripadvisor.com/media/photo-o/0d/c2/64/dc/our-pilot-shares-some.jpg
https://media-cdn.tripadvisor.com/media/photo-o/0d/c2/64/d8/a-fellow-passenger-took.jpg
https://media-cdn.tripadvisor.com/media/photo-o/0d/c2/64/d4/a-view-from-my-window.jpg
https://media-cdn.tripadvisor.com/media/photo-o/0d/c2/64/d0/photo-opp-in-front-of.jpg
https://media-cdn.tripadvisor.com/media/photo-o/0d/c2/64/ce/the-very-nice-maverick.jpg","Written November 29, 2016","This review is the subjective opinion of a Tripadvisor member and not of Tripadvisor LLC."
"Ron D","https://www.tripadvisor.com/Profile/rond859","https://media-cdn.tripadvisor.com/media/photo-o/0a/f8/db/3a/ron-d.jpg","Herne Bay, UK","5","Oct 2016 • Couples","Practice your ""Wow""'s coz you're going to need them!","OK. let's admit before we start that the 40-45 minute trip along the Grand Canyon is not a cheap trip. In our case, the 20% drop in the value of the £ did not help!<br /><br />However, this could be the best $299 per person that you ever spend. I have always wanted to see the Grand Canyon. In fact, it is the only piece of travel on my ""bucket list"". Believe me, the Grand Canyon from a helicopter will not disappoint! This is one of those once-in-a-lifetime experiences that you will never, ever forget. Our pilot (Marshall) was excellent and pointed out  all sort of features along the Canyon.<br /><br />What I did like was that they took photos of everyone before they got on the helicopter and did the usual superimposed pictures for you to buy at the end of the trip. However, they also allowed everyone to take their own pictures using their own cameras and even took the pictures for you. We didn't buy any of their pictures but they do a DVD of a flight which is of considerably better quality that I managed on my camcorder and for $40 I think that this is well worth buying.<br /><br />If you don't do anything else during your visit to the Grand Canyon you must do this trip!","Couples","0","","Written November 5, 2016","This review is the subjective opinion of a Tripadvisor member and not of Tripadvisor LLC."
"NewBrightonGuy","https://www.tripadvisor.com/Profile/NewBrightonGuy","https://media-cdn.tripadvisor.com/media/photo-o/1a/f6/df/99/default-avatar-2020-40.jpg","New Brighton, UK","5","Oct 2016 • Solo","Bucket List Item - Check!","What a great experience! Words can't really explain just how amazing the feeling is of the helicopter taking off, flying for a few minutes and then the whole world just drops away from you as you fly over the edge of the rim into the canyon itself! The flight lasted around 45 minutes, but the time just disappears in a flash. There is a narration of points of interest by the pilot as you fly, but to be honest, it doesn't register as you just take in the full majesty of the setting. I had visiting the Grand Canyon and taking a helicopter flight on my bucket list, so it was great being able to do both together. If you get a chance to do this, don't hesitate, it's truly life affirming, and worth every penny!","Solo","0","","Written October 22, 2016","This review is the subjective opinion of a Tripadvisor member and not of Tripadvisor LLC."
"CWlovesthebeach","https://www.tripadvisor.com/Profile/CWlovesthebeach","https://media-cdn.tripadvisor.com/media/photo-s/15/b9/af/60/caption.jpg","Lynchburg, TN","5","Sep 2016","Awesome must do at Grand Canyon!","Took my Mom to the Grand Canyon as part of her milestone birthday celebration and this 45 minute helicopter flight from Tusayan, Arizona over and through the Grand Canyon was a definite highlight of our trip!  The flight began over a pine forrest and then a dramatic entry into the canyon with choreographed music through the headset!!!  The flight took us all the way to the north rim and back through the ""dragon's corridor"".  Our pilot was very experienced and informative too, with a great personality!  The helicopter was completely covered with windows, so the view was great from every seat.  The pilot was very accommodating and turned the helicopter towards the scenery that was being described, so each person could have the same viewing experience!  Towards the end of our flight we flew over a clearing in a pine forrest and saw a herd of Buffalo!  This was an experience we will never forget!  Thank you for making my Mother's milestone birthday extra special!!!","","0","","Written September 24, 2016","This review is the subjective opinion of a Tripadvisor member and not of Tripadvisor LLC."
"memnad48","https://www.tripadvisor.com/Profile/memnad48","https://media-cdn.tripadvisor.com/media/photo-o/1a/f6/e2/a7/default-avatar-2020-44.jpg","Mansfield, CT","5","Sep 2016 • Couples","Bucket list vacation","First time at Grand Canyon and we wanted to see it all. Well this tour didn't disappoint. Booking agent was very cordial and professional as was every one involved. Took the longer tour to see the north rim, 45-50 minutes, the 8am flight. Clear skies, minimal turbulence thanks to the pilots skill I'm sure. Marc was a wonderful guide and very reassuring to first time helicopter riders. The views were breath taking and worth the cost. All seats face the front unlike other tours. Highly recommend this company .","Couples","0","","Written September 11, 2016","This review is the subjective opinion of a Tripadvisor member and not of Tripadvisor LLC."
"Robyn R","https://www.tripadvisor.com/Profile/RobynR17","https://media-cdn.tripadvisor.com/media/photo-m/1280/19/be/c5/cb/robynr17.jpg","Sydney, Australia","5","Aug 2016 • Couples","Maverick for sky ride over Grand Canyon","What a brilliant experience today on our 45 minute helicopter flight over the Grand Canyon, getting personal with extraordinary rock formations. Maverick is a superlative, professional outfit: organisation, safety features and great pilot. All seats face forward and have great,views. I was fortunate to be front seat with the canyon in my face. Felixstowe was a great pilot and delivered great information on the formation of the formation of the canyon and its special features without speaking too much. Just perfect!","Couples","0","","Written August 23, 2016","This review is the subjective opinion of a Tripadvisor member and not of Tripadvisor LLC."
"Kimberly H","https://www.tripadvisor.com/Profile/KSH213","https://media-cdn.tripadvisor.com/media/photo-o/1a/f6/f1/42/default-avatar-2020-20.jpg","Chicago, IL","5","May 2016 • Couples","Whole New Perspective","Highly recommend seeing the Grand Canyon from the air.  There are a couple of helicopter tours that leave out of the Tusayan airport.  Maverick is on the back side, or the second entrance coming from the town.  We took a 45 minute tour which was a good amount of time for us.  During check in you, and anything you will be carrying on the helicopter, are weighed.  The scale reading is displayed on the computer screen, behind the counter.  The company uses this information to distribute the weight on the helicopter.  The helicopter seating arrangement is the pilot plus three people in the front; and four people across the back.  We only had the pilot plus 5 passengers, so the two center backseat chairs were empty.  Maverick says all seats have a view, but not really.  Those two seats don't have an unobstructed view in any direction. However, if you're feeling anxious about it, maybe those are the seats for you.  But, in my opinion, looking down is the reason seeing the Grand Canyon from the air is so amazing. You wear a 4 point harness.  The helicopter rotors were stopped before we got on and off.  Our pilot was okay.  My impression is that he was newer to the area and didn't have much additional information outside the script. But I guess we all start somewhere.  He was professional and our flight was smooth.  The only stomach dip was when we flew over the rim going into the canyon for the first time.  The tour we took didn't go very deeply into the canyon.  It was an incredible view.  After the flight we were able to take lots of pictures, and weren't rushed at all.  They also sell a video of your flight.","Couples","0","https://media-cdn.tripadvisor.com/media/photo-o/0c/54/6c/fd/pictures-afterward.jpg
https://media-cdn.tripadvisor.com/media/photo-o/0c/54/6c/de/coming-in-for-landing.jpg
https://media-cdn.tripadvisor.com/media/photo-o/0c/54/6c/b6/this-is-how-low-our-tour.jpg
https://media-cdn.tripadvisor.com/media/photo-o/0c/54/6c/a7/zoomed-in-view.jpg
https://media-cdn.tripadvisor.com/media/photo-o/0c/54/6c/91/front-view-from-back.jpg
https://media-cdn.tripadvisor.com/media/photo-o/0c/54/6c/77/roof-windows.jpg
https://media-cdn.tripadvisor.com/media/photo-o/0c/54/6c/4e/front-seating.jpg
https://media-cdn.tripadvisor.com/media/photo-o/0c/54/6c/41/view-from-back-end-seat.jpg
https://media-cdn.tripadvisor.com/media/photo-o/0c/54/6c/2e/zoomed-in-view.jpg
https://media-cdn.tripadvisor.com/media/photo-o/0c/54/6c/19/zoomed-in-view.jpg
https://media-cdn.tripadvisor.com/media/photo-o/0c/54/6b/f1/zoomed-in-view.jpg
https://media-cdn.tripadvisor.com/media/photo-o/0c/54/6b/df/heading-toward-the-rim.jpg
https://media-cdn.tripadvisor.com/media/photo-o/0c/54/6b/ce/main-building-from-the.jpg","Written August 1, 2016","This review is the subjective opinion of a Tripadvisor member and not of Tripadvisor LLC."
"Reeta B","https://www.tripadvisor.com/Profile/296reetab","https://media-cdn.tripadvisor.com/media/photo-o/1a/f6/e9/bb/default-avatar-2020-65.jpg","Brighton and Hove, UK","5","Jun 2016 • Couples","Amazing way of seeing the Grand Canyon","After looking at the various helicopter tours available for the South Rim of the Grand Canyon, we decided on Maverick Helicopters and were not disappointed.  The tour was 45 minutes which 'flew' by!  On the way to the South Rim we travelled over the forest and the pilot said we were travelling at 150mph, it seemed as if you were travelling by car at less than 30mph.  The first view over the rim was out of this world.  The pilot (Tom?) was informative and passengers could ask questions through the headset.  I think we were very luck with the weather as we did not experience any bumps during the flight.  The whole experience was very professional and we thoroughly enjoyed our tour.  We also enjoyed Tom's choice of music!","Couples","0","","Written June 29, 2016","This review is the subjective opinion of a Tripadvisor member and not of Tripadvisor LLC."
"Melissa V","https://www.tripadvisor.com/Profile/melissav625","https://media-cdn.tripadvisor.com/media/photo-o/1a/f6/77/ae/default-avatar-2020-2.jpg","Moorhead, MN","5","Mar 2016 • Family","WOW!  WHAT A WAY TO EXPERIENCE GRAND CANYON!!!","We took our family of 4 on the 45-minute helicopter tour of the Grand Canyon and it was nothing short of amazing!  We would highly recommend it!  Our children, ages 9 & 4 loved it too!  This is an amazing way to get a true glimpse of how massively huge the Grand Canyon is!  Our tour guide was awesome and we were so glad that we made the decision to book this tour!  <br />We even bought the dvd of the flight...it's very neat how it captures the sounds and voices from inside the helicopter throughout the tour!  However, we were a little disappointed with the video/color quality and the fact that there was some mud or something on the camera lens, so it's on the screen through the entire video. :-(<br />Overall, this was a 5-star, 2 thumbs up experience!!!  Highly recommend!!!","Family","0","","Written March 11, 2016","This review is the subjective opinion of a Tripadvisor member and not of Tripadvisor LLC."
"Grant S","https://www.tripadvisor.com/Profile/GrantS670","https://media-cdn.tripadvisor.com/media/photo-s/02/6b/04/97/avatar.jpg","Exeter, Australia","5","Sep 2015 • Family","Way better than Excellent 10 dots +","We have walked the Cinque Terre absolutely spectacular, the NY skyline wow, stayed on Santorini the colour of the water breathtaking but none of these have anything on dropping over the South Rim into the Grand Canyon.<br />This is just the most wonderful adventure. Our two teenagers loved it, it was just so exciting.<br />Check in was easy we arrived 45 minutes before our flight, checked in and weighed in. Our name was called and we went out to our helicopter. <br />Photos taken on the outside, we jumped in. <br />Up and away and within three minutes we were dipping over the edge into the Canyon. We spent 30 minutes flying over the Canyon from South Rim to North Rim. The shear size of the Canyon made it feel as if the helicopter was not moving. <br />45 minute flight three minutes to get to the Canyon and seven minutes back meant we had a full 35 minutes flying over the Canyon.<br />No not cheap but the memories, videos and photos we will have forever and were worth every cent.","Family","0","","Written November 8, 2015","This review is the subjective opinion of a Tripadvisor member and not of Tripadvisor LLC."
"Greg O","https://www.tripadvisor.com/Profile/GregO969","https://media-cdn.tripadvisor.com/media/photo-o/1a/b5/fa/bf/grego969.jpg","Tampa, FL","5","Aug 2015 • Couples","Great Value with awesome views","We took the 45-50 minute flight over the grand canyon. We booked direct with maverick helicopters about a week before our visit. Even though our flight was full I think everyone got a good view. The flight thru the canyon was amazing. They offer a dvd of your actual flight afterwards which we purchased. On our prior helicopter flight in Alaska I spent a majority of the time doing video. This time did all photos. We did an early flight. The afternoons can get a little iffy on weather. Overall a nice time and our pilot Greg did a good job. Very happy we took the tour. Recommend to anyone visiting the south rim.","Couples","0","","Written August 28, 2015","This review is the subjective opinion of a Tripadvisor member and not of Tripadvisor LLC."
"Mark B","https://www.tripadvisor.com/Profile/MAB_Royton","https://media-cdn.tripadvisor.com/media/photo-s/01/43/42/53/roytonbrowns.jpg","Greater Manchester, UK","5","Jul 2015 • Family","A genuine highlight, but not stress free! - July 11th 2015","Sorry - this is a long review, but there is some constructive feedback at the end which needs reading. <br /><br />Having booked with Maverick airlines last year to fly from Vegas to the South Rim on a small plane tour, one regret was not taking up the option of a helicopter flight. This year my wife, daughter and I had planned another road trip but coming at the Canyon from a different direction - on the train from Williams.<br /><br />My first interaction with Maverick was by live chat on their website in February '15. Spoke to a lady called Elaine who was helpful and informative. My big question: the train arrives at 11:45am and leaves at 3.15pm - what would be the best option for a 40 minute Canyon Spirit tour? She suggested the 12:45 flight, with 12:15 check in. It would be 20 minutes in a cab from the train depot so plenty of time. No they don't have their own transport but cabs would be readily available and she gave me the number to call one in advance.<br /><br />I wanted more time to think it through before booking and it was May before I felt confident to reserve 3 seats on Saturday the 11th July at 12:45. Maverick advised me that we were the only 3 on the flight and that they'd need at least 3 more before they'd fly. Same instruction as last year - call the day before to check in and confirm the flight.<br /><br />Our holiday itinerary meant we'd be on the road a lot during office hours. I called Maverick from San Diego 2 days before to confirm and they told me they had still not sold any other seats but not to worry, they usually do. 12 hours later we were in Williams with the train the next morning. Called again - yes they had enough seats sold so the flight would go ahead.<br /><br />At this point I started worrying about the taxi. I called the phone number to book one. Unobtainable. I googled cabs in the Grand Canyon, but only Flagstaff numbers came up. Just have to wing it then.<br /><br />Arrived at Grand Canyon depot at 11:45 - no cabs. Asked a park ranger who gave me a number for Xanterra who arrange cabs, but no service on the mobile. 20 minutes passed and we were panicking. We ran into the El Tovar and asked the concierge for help - she called Xanterra who said it would be 45 minutes…+ 20 to the airport = flight missed. She called Maverick for us and I spoke to a guy…he left me on hold a while and came back to tell me a car would be there in 9 minutes. <br /><br />We arrived at the airport at 12:35, sweating! From that point we relaxed. We got weighed and bags stored. Our pilot for the day was BJ, who took us out to the helicopter for quick introductions. <br /><br />There were 6 people on the flight, organised by weight. The helicopter has 2 banks of seats, with 3 available in front and 4 in rear. My wife and daughter were in the front row and I was rear left.  Views were exceptional in the front seats and excellent for me in the back. Not so sure how people in the middle of rear would have found it. But it's luck of the draw. If you are light and slim, you will likely be in the front. <br /><br />BJ was an entertaining and informative host and kept us all interested and engaged throughout the flight. The first 5 minutes of the flight took us over trees and scrub, towards the lip of the canyon. Then jaws literally dropped as BJ took us over the edge. Imagine sitting on  a rollercoaster as it attempts its vertical drop…now imagine that drop is 6,000 feet down! What a feeling! There was significant clutching going on as fingernails gripped seats.<br /><br />For the rest of the flight we navigated from south to north and back. The colours, the lines of evolution, the difference in vegetation - its not something you can easily see just walking around the rim, but up in the air the stunning vista opens up magically. <br /><br />On return we found that Maverick had organised for us to share a cab back to the South Rim so we could get our return train. In summary, Maverick provided us with a genuine highlight of our holiday, rescued us from potential disaster and stopped up when they needed to. for that, it was a 5* experience.<br /><br />However, I have some constructive criticism to make re the booking process:<br /><br />Shuttle transport should be available to get clients from the South Rim to the airport. If you book as a package with the train company, or with Maverick airlines as part of a tour you do. As an independent booking you don't. It would take away the stress completely to know that you would be picked up and dropped off at the right time. Both trips cost us $22 + tip. I'd be happy to see this included in the overall price, just for peace of mind.<br /><br />The on-line live chat team should be aware of the cab limitations from the train depot at GCSR. We were told that cabs would be readily available but on Saturday at peak time, only 3 cabs were running at one time. For the volume of visitors this seems destined for disaster. As the entire cab (and it's really a mini-bus) operation is operated by Xanterra there are no alternative options.<br /><br />We highly recommend the Canyon Spirit Tour on Maverick helicopters. It gave us a fresh experience of the canyon. However, I would make sure you book either a package or have transport arranged for you before you arrive at the park.","Family","0","","Written July 29, 2015","This review is the subjective opinion of a Tripadvisor member and not of Tripadvisor LLC."
"spmSisters","https://www.tripadvisor.com/Profile/spmSisters","https://media-cdn.tripadvisor.com/media/photo-s/01/89/75/90/spmsisters.jpg","Sisters, OR","5","Jun 2015 • Couples","One of the top 5 best experiences of my life!","We drove to Grand Canyon, South Rim, in mid-July. Was looking forward to the pre-planned helicopter trip, but had no idea how AMAZING it was going to be. We opted for the 45-minute trip as one of our ""splurges"" - it was worth every penny. Justin, our pilot and guide, was perfect, just the right amount of info and background, wonderful ride (he said it might be a bit bumpy because of air gusts, honestly I didn't notice that at all - ). Having the double props stabilizes the flight, he said. The ""wrap-around"" views were incredible, didn't know which way to look first. And for once in my life, I was speechless in wonder. Before we landed I was trying to figure out how to stow away so I could stay on the bird! Had to take a pic of my ""painted toes over the painted canyon"" of course, with the Colorado River 6,000 or so feet below. GO. You will remember it forever.","Couples","0","https://media-cdn.tripadvisor.com/media/photo-o/08/63/d7/b3/mavericks-helicopter.jpg","Written July 17, 2015","This review is the subjective opinion of a Tripadvisor member and not of Tripadvisor LLC."
"Thrumyi","https://www.tripadvisor.com/Profile/Thrumyi","https://media-cdn.tripadvisor.com/media/photo-o/1c/ce/9a/7a/avatar.jpg","San Antonio, TX","5","Jun 2015 • Couples","Unforgettable experience flying over the Grand Canyon like a condor.","Mavericks Helicopter Tours was an incredible way to really get a sense of the vastness and beauty of the Grand Canyon.  We went for our tour on Weds. morning and were not able to fly due to bad weather.  The tour staff helped us determine the next available date and time that would increase the probability for good flying weather.  We came back on Friday of the same week and we are so glad we did.  Ben the pilot was professional, informative, and fun.  I had never flown in a helicopter before and was a bit apprehensive but Ben's great piloting skills and the top notch helicopter quickly eased my fears.   The pilots are also able to choose the music that we listen to as we fly. Ben did a great job on his music selections.  My husband and I got the chills as we started are flight and really got a rush when we came to the edge of the forest and into the Grand Canyon.  WOW!!! It was awesome. Because we wanted to savor our memories of this special occasion, we also purchased the DVD of our experience for a reasonable charge.  Highly Recommend this tour company and the 45 minute tour.","Couples","0","https://media-cdn.tripadvisor.com/media/photo-o/08/27/f8/72/mavericks-helicopter.jpg","Written June 22, 2015","This review is the subjective opinion of a Tripadvisor member and not of Tripadvisor LLC."
"Jennifer S","https://www.tripadvisor.com/Profile/370JenniferS","https://media-cdn.tripadvisor.com/media/photo-o/1a/f6/f4/20/default-avatar-2020-31.jpg","Tampa, Florida, United States","5","Jun 2015 • Couples","Well worth every penny spent","We booked with Mavericks Helicopters the the Canyon Dancer tour.  It is a 45 minute helicopter tour of the canyon.  <br />When we first arrived, we were at the wrong part of the airport.  We ended up in a building that belonged to another helicopter tour company.  There were SO many people and  it was utter chaos.  <br />When we arrived at the Mavericks facility, it was calm, clean, and so peaceful.  We were checked in by the super friendly and very helpful staff.  Our pilot was ready for us right on time for our flight.  We were lucky enough to have Vern as our pilot.  He was a great pilot and so personable.  He kept us updated on the entire journey of the helicopter and our beautiful surroundings.<br />The helicopter seats 7 plus the pilot.  No matter where you sit on the flight, you will still have a great view.  Whats to say about the view, but majestic and spectacular.  Words cannot describe.  The pilot told us about each part of the canyon we were viewing as we flew over. <br />We were in the air between 45-55 minutes.  <br />After landing, the pilot offered to take our photos in front of the helicopter.  This was well above and beyond because prior to take off, a photographer comes and takes your photo that you can purchase upon return.  <br />Whatever this tour costs, I would HIGHLY recommend it when visiting the Grand Canyon and I would STRONGLY recommend going with Mavericks.","Couples","0","","Written June 9, 2015","This review is the subjective opinion of a Tripadvisor member and not of Tripadvisor LLC."
"Wayfarer909","https://www.tripadvisor.com/Profile/Wayfarer909","https://media-cdn.tripadvisor.com/media/photo-o/06/ad/1f/92/wayfarer909.jpg","New York City, NY","5","May 2015 • Family","Best hour of my life","""Best hour of my life""--or at least that's how my daughter (not a little kid, but rather a highly accomplished and well travelled professional) described it.  While I trust her exclamation was hyperbolic, I certainly understand her sentiments, even if I don't share her newly acquired ambition to purchase a helicopter.  The Grand Canyon is vast, some 277 miles long.  Short of a couple of weeks on a raft on the Colorado river, or a very very long hike, it is impossible to appreciate fully the majesty and expanse of this natural wonder other than by air.  I'm a confirmed believer in enjoying landscapes slowly and under my own power and don't usually go in for this sort of thing, but the Maverick tour leaving from Tusayan left me breathless and  was worth every penny (and it takes a lot of pennies to fly with Maverick).  Maverick uses aircraft explicitly designed for sightseeing, which means extra glass, stadium seating, all seats facing forward and somewhat less noise and vibration (although you will certainly still need to wear the supplied noise cancelling headphones).  Other companies do not necessarily use these specially purposed copters. Since all companies follow the same route, your choice basically depends on the kind of aircraft they fly and the quality of the pilot.  Our pilot was tremendously knowledgeable, mixed a good deal of information with a bit of humor and made every effort to insure a pleasant and relaxed experience for all.  We happened to have the great good fortune to sit in the front row of seats which undoubtedly offer a superior experience--you can request the front row, but ultimately seating is determined by the need to distribute passenger weight.  We took the longer 45 minute tour (which actually lasted closer to an hour); there isn't much difference in price compared to shorter flights from Tusayan, and I can see no reason why anyone would opt for less time over the canyon, short of a fear of heights in which case they don't belong on this trip anyway.  I won't attempt to describe the sights you will see, since words can not do justice to the undulating otherworldly beauty of this place.  Its as simple as this:  If you are going to the trouble of visiting the Grand Canyon and can afford the fare, take this flight!  Economize if need be on accommodations or meals (you can eat anywhere) and take this flight!  (I've spent 8 years regretting not taking a helicopter over the Na-apali coast on Kauai--avoid my folly!)<br />Oh, there is one negative:  The staff at the terminal are unhelpful, borderline rude, our flight departed 30 minutes early, we were hustled aboard and were not informed until the last minute that you can't bring pretty much anything aboard other than a camera and a bottle of water, forcing us to make some rather hurried adjustments. (Do bring your camera rather than paying the outrageous fees they will charge you for a video of your flight or a family photo).  Bottom line:  Maverick ain't great on the ground, but once airborne, its a nearly transcendental experience.","Family","0","","Written June 6, 2015","This review is the subjective opinion of a Tripadvisor member and not of Tripadvisor LLC."
"Leo C","https://www.tripadvisor.com/Profile/107leoc","https://media-cdn.tripadvisor.com/media/photo-o/1a/f6/f3/e4/default-avatar-2020-30.jpg","Newton, KS","5","Apr 2015 • Couples","Great way to see the Grand Canyon","Let me start by mentioning that I have a serious fear of heights. But it has never bothered me on airplanes where I am completely enclosed.<br /><br />The night before the flight (which was my first helicopter flight), we stayed at the Kachina Lodge in Grand Canyon National Park. As much is possible, I tried to stay about 6 feet away from the wall at the edge of the walkway. When I got closer, my acrophobia started to kick in. But in the helicopter, like in a plane, it didn't bother me at all.<br /><br />We had five passengers on our flight, and with a helicopter that seats eight, 3+ the pilot in the front row and four in the back row, the pilot put my wife and I on the outside seats in the back row, and the other passengers in the front row with him, so everyone had a window seat and a great view. The pilot was a young guy but seemed very knowledgeable about the Grand Canyon. It was both an informative and enjoyable experience. For me, it was the highlight of our trip, which included time at the Petrified Forest, Las Vegas, Zion National Park, Bryce Canyon National Park, and Arches National Park. The flight itself lasted about 40 to 45 minutes, of course with check-in (and possibly souvenir shopping) allow maybe twice that. I highly recommend it.","Couples","0","","Written June 3, 2015","This review is the subjective opinion of a Tripadvisor member and not of Tripadvisor LLC."
"WMarkR","https://www.tripadvisor.com/Profile/WMarkR","https://media-cdn.tripadvisor.com/media/photo-s/04/7b/b7/4e/wmarkr.jpg","Montreal, Canada","5","Mar 2015 • Friends","Canyon Spirit Helicopter Tour: add this to your bucket list!","Halfway through our 45-minute tour, our pilot, BJ, asked us to let him know as soon as he'd made it to the top of our ""coolest thing ever done"" list. I replied, ""You hit that the second we headed over the edge of the canyon!"" Truly, that moment 7 minutes into the flight when we shot off the plateau of Kaibab National Forest and the Grand Canyon opened up beneath us is something I'll never forget, not to mention the unbelievable views throughout the rest of the tour.<br /><br />Maverick Helicopters offers several tours in Nevada and Arizona, and reviews of different ones are combined here on TA; make sure to focus on the reviews for the specific tour you're considering taking. My review applies only to the Canyon Spirit Helicopter Tour, which departs from the South Rim Helicopter Terminal, about 6 miles south of the Grand Canyon National Park entrance, perfect for people driving themselves. <br /><br />BJ was the ideal pilot: wicked sense of humour, very proactive about sharing interesting facts about the geology of the canyon, and able to answer every question thrown at him. I noted that he was also simply amazing at taking away the nervousness of the two little girls who, along with their dad, had the front seats, and he kept them engaged with jokes and questions throughout the flight.<br /><br />My father and I were fortunate to each get window seats in the back row. A window seat is a must if you plan to take decent photos (a major goal for me) as you need to put your camera right against the glass to avoid reflections. Anyone stuck in a middle rear seat would not only miss photo ops but also have quite a restricted view. Currently, Maverick offers no way to reserve a specific seat position in advance, so you pays your money and you takes your chance. Since many of the negative reviews on TA reflect unhappiness with seat assignments, I'll bet that Maverick would find plenty of takers for special flights with reduced passenger numbers that avoid the need to stick anyone in a rear middle seat—I'd certainly have paid a lot more for that guarantee. This would still allow the pilot to assign the prime seating as needed to balance weight.<br /><br />Be aware too that the pilots play music throughout the flight, and since musical tastes differ, you may not be keen on their choice. I wasn't (hard rock's not my scene), but honestly the Grand Canyon was so mind-blowing that BJ could have played an album of Inuit throat singing and I probably wouldn't have minded. I'll bet you find the same.<br /><br />As mementos, you can purchase a photo of yourself with the pilot taken by a Maverick staff member at the start of the flight, and a DVD of your specific tour taken by the video camera mounted underneath the chopper, which includes the audio of all cockpit conversations and the background music. You are free to take photos to your heart's content during the flight (don't forget to pack extra memory cards), but not on the ground on the helipad, for legitimate safety reasons.<br /><br />Check-in was quick and friendly. They need to weigh you for weight distribution on the chopper, but this is painless as the scale is built into the floor at the check-in desk; don't worry if you're not proud of your stats, as they don't broadcast your number to the room or even mention it to you. Note that you're not allowed to bring a backpack or handbag on board, so plan accordingly. I had my camera on a shoulder strap, and that was no problem.<br /><br />My 80-year-old dad was grinning ear-to-ear throughout the flight, and hasn't stopped raving about it since. This tour is absolutely worth the $274 per person charge; I give it my highest recommendation. Heartfelt thanks to BJ and the Maverick ground crew for a priceless memory.","Friends","0","","Written April 6, 2015","This review is the subjective opinion of a Tripadvisor member and not of Tripadvisor LLC."
"BoothEmma","https://www.tripadvisor.com/Profile/BoothEmma","https://media-cdn.tripadvisor.com/media/photo-o/07/29/44/00/boothemma.jpg","Nottingham, UK","5","Nov 2014 • Couples","Truly amazing","If you're thinking of visiting the Grand Canyon this is not to be missed. I'm a nervous flyer so I was a little apprehensive about booking a helicopter flight but there was nothing to worry about. The initial part of the flight is over a woodland between the airport and the south rim, during this part of the flight the helicopter stays quite low to the ground which gives you time to get used to the idea of being in a helicopter before you get to the canyon edge and the once you get to the canyon there is so much to look at there isn't time to be nervous! There was also music on in the helicopter which really helped to calm my nerves. The pilot we had was named BJ and he was very chatty and helpful throughout the flight telling facts about the canyon and answering any questions we had. We took the 45 minute flight from the south rim and it was definitely a once in a lifetime experience, I don't believe there would be any better way of seeing the canyon! <br /><br />Just something to remember - Arizona is an hour in front of Nevada!  I know this is probably obvious to most people but being from a country which is all within 1 time zone we didn't think to check and it nearly caused us to miss our flight!","Couples","0","","Written January 9, 2015","This review is the subjective opinion of a Tripadvisor member and not of Tripadvisor LLC."
"Janne W","https://www.tripadvisor.com/Profile/JanneW440","https://media-cdn.tripadvisor.com/media/photo-o/04/a0/2d/1a/janne-w.jpg","Copenhagen, Denmark","5","Sep 2014 • Couples","Most awesome helicopter flight","The 45 minutes flight was worth every dollar ! <br />It was the most fantastic experience to view Grand Canyon from the helicopter.","Couples","0","","Written September 20, 2014","This review is the subjective opinion of a Tripadvisor member and not of Tripadvisor LLC."
"Mark2052014","https://www.tripadvisor.com/Profile/Mark2052014","","Guernsey, UK","5","Jul 2014 • Friends","Absolutely Brilliant!","The flight over the Grand Canyon is one of the most amazing things I have ever done and it something that I will remember for a very long time. It is ABSOLUTLEY BRILLIANT and I would highly recommend it to anyone. If there were a list of things that you simply must do before you die, this would have to be somewhere in the top ten. Seeing the Grand Canyon from the air enables you to appreciate it in a way which is just not possible from the ground. The pilot was extremely friendly and enthusiastic, ensuring that all the passengers were eager and excited before we have even taken off,  and his commentary and overall professionalism during the flight made the experience all the more enjoyable.<br /><br />I took my flight from Maverick Helicopter’s base at Grand Canyon Airport, near Tusayan. They offer a pleasant waiting area and sell refreshments, t-shirts and souvenirs. The flight itself is recorded, and you have the option afterwards of buying a souvenir DVD of your own actual flight, together with a photograph of yourself standing next to the helicopter before take-off.<br /><br />If you have previously taken a helicopter ride over a city, it is possible that you may have thought that it was good but not great, or that it was a lot of money to pay for quite a short experience and perhaps not worth the cost. If this is the case, do not let that put you off. Having also taken helicopter rides over cities, I can say that the Grand Canyon experience is in a completely different league, and whilst on a city flight you may get only around 15 or 20 minutes, here you get a good 40 minutes or more in the air. <br /><br />The flight currently costs $275 per person (plus tip, plus cost of souvenir photo, DVD, T-shirt etc.!) A common response I had in the days immediately afterwards when raving about the trip to other people and trying to persuade them to do it was “But it is very expensive”.  It is of course perfectly reasonable that any rational person will be apprehensive about spending such a large amount of money and question whether it is wise.<br /><br />When it comes to this experience, my advice is this: Don’t dwell on it; if you possibly can, say to yourself ‘never mind the cost’, and just do it. Whether this is your first time in a helicopter or you have flown in one many times before, you are in for an amazing time and you will not regret it.","Friends","0","https://media-cdn.tripadvisor.com/media/photo-o/06/60/0d/f8/the-grand-canyon.jpg","Written August 13, 2014","This review is the subjective opinion of a Tripadvisor member and not of Tripadvisor LLC."
"Keith D","https://www.tripadvisor.com/Profile/805keithd","https://media-cdn.tripadvisor.com/media/photo-m/1280/19/50/4e/b0/keith-d.jpg","Cambridge, UK","5","Oct 2013 • Couples","One of the highlights of my holiday","We had booked this 45 minutes flight from the south rim before we left the UK. I am so glad that we did as the National Park was shut when we arrived there due to the Government shutdown.<br />The airport is easy to find, being on the main highway, and there is plenty of parking on arrival. The reception area is nice and large with a gift shop and plenty of seating area. We found the staff very friendly and helpful. What was a nice touch is that the pilot comes and calls you when he is ready to start loading the helicopter. This provides an opportunity for a chat and breaks the ice a bit. Following a brief safety chat you are taken outside to the helicopter where you have your photograph taken. These can be purchased at the end of the flight but there is no pressure to do so. The helicopters are very modern with good views from wherever you sit. Take note that seating is organised by weight to ensure the helicopter is balanced correctly. Once you get clearance you are ready to go!<br />The flight itself....well it was one of the most amazing trips I have ever taken. As we headed out over the National Park, the pilot pointed out all sorts of information along the way. He was witty and his commentary made the trip all the more enjoyable. Nothing any body says can prepare you for the sight of the Grand Canyon from the sky!<br />If you are worried about flying in a helicopter don't be, it is smoother than an aeroplane. A wonderful experience made all the more enjoyable by the effort made by Mavericks.","Couples","0","https://media-cdn.tripadvisor.com/media/photo-o/04/b1/06/cd/mavericks-helicopter.jpg","Written October 18, 2013","This review is the subjective opinion of a Tripadvisor member and not of Tripadvisor LLC."
"hardwil","https://www.tripadvisor.com/Profile/hardwil","https://media-cdn.tripadvisor.com/media/photo-o/09/13/16/88/hardwil.jpg","Hemel Hempstead, UK","5","Sep 2013 • Friends","Unbelievable","We booked the South Rim tour plus helicopter flight and we were so glad we did because we had the most amazing 5 hours. We were picked up right on time from MGM Grand and then a 20 minute ride to the smaller airport in Vegas. A quick check-in (you will need photo ID) then onto a small 16ish seater propeller plane with our 2 excellent crew - straight out of Top Gun !!<br />The flight to the Grand Canyon airport was about 45 minutes and all passengers were encouraged to go to the flight deck (no doors here !!) and chat to the pilots who were very happy to also take photos. After landing we were met by a small coach who took us to the canyon rim - words and photos will never do it justice - the canyon is unbelievable - and with our packed lunch (included in the price) we sat for about an hour just staring at the views. The coach then took us back to the Maverick offices close to the airport where the best was yet to come. <br />I have never been in a helicopter but there was no need for nerves as we smoothly took off and headed for the rim over the forest clad plateau. This was exhilerating enough but what followed as we flew across and around the Grand Canyon was incredible - I cannot put into words how fabulous it was and will never ever forget it. Back at base we then enjoyed another greta flight back to Vegas - a slightly different route with more amazing views and finally back to the hotel<br />If you do only 1 thing in Vegas - do this trip - worth every single cent of the price","Friends","0","","Written October 10, 2013","This review is the subjective opinion of a Tripadvisor member and not of Tripadvisor LLC."
"FRANCISCO78","https://www.tripadvisor.com/Profile/FRANCISCO7","https://media-cdn.tripadvisor.com/media/photo-o/1a/f6/ef/73/default-avatar-2020-13.jpg","Belo Horizonte, MG","3","Sep 2013 • Solo","Wind Dancer Sunset West Rim Grand Canyon","I took a Maverick helicopter tour to West Rim , called ""Wind Dancer Sunset"".<br /><br />I had been before in South Rim Grand Canyon,   by bus.It was a long full day trip beginning  early morning and arriving in Vegas at night.6-7 hours to go, 2 hours in Grand Canyon South Rim, and same time to come back.<br />But the sightseeing, the  scenery in South Rim is breathtaking.<br /><br />Now I took helicopter tour, 45 minutes flight to West Rim.Maverick is a excellent company, also pilots.<br />But problem is the place where helicopter reach, West Rim.<br />The place  is situated on the extreme edge of Grand Canyon . And the view of Grand Canyon is limited,  just gives an idea of what is Grand Canyon, but never breathtaking as South Rim.<br /><br />Conclusion:<br />Next time, if I have just one day, no bus to South Rim because is a tiring long trip and no helicopter tour to West Rim because  no possible to see all Grand Canyon greatness and beauty.<br /><br />The option for one day is take a  tour,like  Maverick tour to South Rim,with airplane and helicopter.","Solo","0","","Written October 7, 2013","This review is the subjective opinion of a Tripadvisor member and not of Tripadvisor LLC."