user_name,user_location,rating,rating_text,review_title,review_text,trip_type,helpful_votes,published_date,tour_name,has_photo,language,is_english,user_city,user_state,user_country,is_us_domestic,review_word_count,review_char_count,title_word_count,exclamation_count,uppercase_ratio,sentiment_polarity,sentiment_pos,sentiment_neg,safety_mention,helicopter_comparison,price_value_mention,coast_mention,canyon_mention,waterfall_mention,wildlife_mention,weather_mention,flight_crew_mention,ground_staff_mention,companion_mention,pilot_mention,staff_service_mention,guide_mention,pilot_service_mention,special_occasion,aircraft_type
EVLJack,"Brantford, Canada",5,Nov 2011,Awesome Grand Canyon experience,"Flying from Phoenix to the Canyon via a Cessna, and then flying into the Canyon via chopper was an awesome experience.  The boat ride (more like a float) down the Colorado river was informative and gave a totally different perspective to the Canyon (i.e. looking up). The glass Skywalk  and lunch were included in the trip. Our pilot (and ""guide"" for the day) Elijah was excellent.  His goal was to keep us ahead of any crowds so we didn't waste any time in line-ups.  This experience was money well spent.",Unknown,0,2011-11-29,34_566_attraction_review_2025-03-04,0,English,1,Brantford,,Canada,0,90,506,4,0,0.02766798418972332,0.9325,0.155,0.0,0,1,0,0,1,0,0,0,1,0,0,1,0,1,1,0,Other/Unspecified
sven847,Atlanta,5,,"Fun in the Skys over Lihue, Hi","Lihue, HI  in an Air Venture Tour of the Island.

On October 21, 2008, my wife and I took the most impressive tour of Kauai from the air.  We took the Air Venture plane from Lihue air port around the island.  The flight was awesome!  We got an up close and personal views of the grand canion, secluded beaches, waterfalls, and spactular rock outcroppings with it's vegetation.  There were no roads to what we could see from the air.  The flight was very smooth and time seemed to fly buy as our pilot pointed out all the points of interest. as we traveled.

On my openion, this is the only way to really see Kauai.",Unknown,0,2008-10-24, TripadvisorReviewScraper,0,English,1,Atlanta,,Unknown,0,115,614,7,1,0.03420195439739414,0.915,0.112,0.018,1,0,0,0,0,1,0,0,1,0,1,1,0,0,1,0,Other/Unspecified
Biggi B,"Bolzano, Italy",5,Feb 2014 • Couples,Spectacular,"This is absolutely one of the things to do when you visit Miami! We did the Miami Seaplane tour the 1st day and it was a fantastic trip! The pilot was so nice and cool, we listened lounge music during the trip, very relaxing! We loved it!",Couples,0,2014-03-24,46_376_Miami Seaplane Tours_2025-03-06,0,English,1,Bolzano,,Italy,0,47,238,1,4,0.029411764705882353,0.9618,0.312,0.0,0,0,0,0,0,0,0,0,1,0,0,1,0,0,1,0,Airplane
Jason B,"Commack, NY",5,,Sightseeing from Above = Fantastic!,"What an amazing way to see the island. Our captain Marcus did an awesome job of giving us the detailed history of Kauai as well as hitting us with loads of factoids about each and every crevice. Get to see the island from a whole different perspective. Also had various island and movie music playing through headsets during the hour long tour. Amazing views of na’pali coast, Waimea canyon, Waimea falls, coffee fields etc. the airbus was great with its bubbled windows for pictures, they even had ginger treats, cold towels and drinks on flight for those who get motion sick. Couldn’t imagine coming to Kauai and not doing this.  For those who do get motion sick - can be a little bumpy at times, but also make it really energizing and exhilarating.",Unknown,0,2018-09-01,Kauai Deluxe Sightseeing Flight,0,English,1,Commack,NY,United States,1,133,751,5,0,0.015978695073235686,0.9488,0.157,0.029,0,0,0,1,1,1,0,0,1,0,0,1,0,0,1,0,Airplane
dmporret,"Toronto, Canada",5,Jun 2017 • Couples,Absolutely amazing experience!!!,"THIS IS A MUST!!!! If you're worried about the cost or anything else, I promise you that you won't be disappointed! If you're worried about flying in a smaller plane, you won't feel a thing, it's a breeze! The pilots are exceptional at what they do, and will give you great information about areas you're flying over or near. We chose to do this at the start of our trip and couldn't stop thinking about it the entire trip. The views are indescribable, and I promise you it will be one of the most memorable and exciting things you've done in a while, or ever...",Couples,0,2017-06-19,Talkeetna Air Taxi,0,English,1,Toronto,,Canada,0,105,562,3,6,0.03202846975088968,0.9242,0.158,0.039,0,0,1,0,0,0,0,0,0,0,0,0,0,0,0,0,Airplane
Glennmcq,"Toronto, Canada",5,Dec 2013 • Family,"A ""must do"" in the Phoenix/Scottsdale area","We took the south rim tour on December 29th,2013. Westwind Air is a first class operation all of the way. The hangar and lounge area were very comfortable and complimentary coffee and snacks were offered. the check in process was fast and efficient, and then we met our pilot Chris. Chris is a great guy and wonderful pilot.  he was very happy having our kids sit in the co-pilot seat and explaining how airplanes fly. He was also a great tour guide in the air and on the ground and alsways so willing to share his knowledge and great stories.
The tour left Deer valley airport around 8:00am, we flew north over Sedona and then spent 30 minutes flying over the Grand canyon. Hard to explain the feeling you get when you first see the Grand canyon from the air for the first time, but lets just say it is breathtaking. We  landed at Grand canyon airport and quickly boarded a comfortable shuttle bus for a quick ride to Grand Canyon national park.
 We spent a few hours at three different locations exploring the canyon and facilities. After a short ride back to the airport  we boarde the plane again, and within an hour landed back in Scottsdale.
Aeesome trip, great pilot, excellent company.",Family,0,2014-01-10,34_566_attraction_review_2025-03-04,0,English,1,Toronto,,Canada,0,214,1193,7,0,0.018440905280804692,0.994,0.22,0.005,1,0,0,0,1,0,0,0,1,1,1,1,1,1,1,0,Other/Unspecified
mejack,"Leander, TX",5,Jul 2022,beautiful and unique experience,"Great experience for myself, my husband and our 18 year old son. 

We were greeted as we pulled into the parking lot. Given lays, took a few photos and given some brief instructions before loading into the small plane.

The sights we saw were breathtaking, picture postcard perfect. We all communicated via a headset and were able to ask questions and get lots of detail about so many of the sights. 

Smooth take off and landing. Smooth flight and our son had the opportunity to fly the plane - with the help of the pilot, of course. We loved that it was a private experience and our pilot explained everything we were seeing along the way, provided history and perspective. He was friendly and funny. Would definitely recommend.",Unknown,0,2022-07-22,32_2137_Maui Plane Rides_2025-03-04,1,English,1,Leander,TX,United States,1,128,730,4,0,0.0136986301369863,0.9856,0.229,0.0,1,0,0,0,0,0,0,0,1,0,1,1,0,0,1,0,Airplane
syed a,,5,Sep 2018 • Couples,Denali flyer tour with glacier landing.,"Amazing, once in a life time view. We were lucky to get a sunny bright day and the sights of the mountain range from the plane are amazing, but the tour de force is the glacier landing and time spent on the glacier (this even after we had hiked on another glacier the day before).",Couples,0,2018-09-05,23_327_Denali Flyer Flightseeing Tour from Talkeetna 2025-02-27,0,English,1,,,Unknown,0,55,280,6,0,0.007142857142857143,0.8201,0.18,0.0,1,0,0,0,0,0,0,1,1,0,0,1,0,0,1,0,Airplane
Jon K,"Philadelphia, PA",5,Jul 2022,Great trip,We had a wonderful time - amazing views of Kauai that you can't get from any other means of travel.  Our pilot was personable and knowledgeable.,Unknown,0,2022-07-18,TripadvisorReviewScraper,0,English,1,Philadelphia,PA,United States,1,26,144,2,0,0.020833333333333332,0.8176,0.254,0.0,0,0,0,0,0,0,0,0,1,0,0,1,0,0,1,0,Other/Unspecified
freitaskatia,"Sao Paulo, SP",5,Jul 2015 • Family,Inesquecível,"Passeio imperdível!!! Helicóptero super seguro, pilotos experientes e super atenciosos!!! Meu filho tem pânico de voar em aviões pequenos, mas ficou super tranquilo pela segurança que eles nos passaram!!!",Family,0,2016-04-27,10-1549_Marverick Helicopter_attraction_review_2025-02-27,0,Spanish,0,Sao Paulo,,Sp,0,29,204,1,9,0.014705882352941176,0.9309,0.34,0.0,0,0,0,0,0,0,0,0,0,0,0,0,0,0,0,0,Helicopter
Richard G,"Phoenix, AZ",5,Jun 2021,Spectacular trip,"We were scheduled to go four days earlier; however, due to the clouds we were told we could fly but not do the glacier landing.  Very upfront about the conditions.  Four days later, clear blue sky and spectacular flight.  Had plenty of time to hang out on the glacier with about six other planes.  The pilot made a point of ensuring both sides had great views.",Unknown,0,2021-07-05,K2 Aviation,0,English,1,Phoenix,AZ,United States,1,66,360,2,0,0.013888888888888888,0.9136,0.159,0.0,1,0,0,0,0,0,0,1,1,0,0,1,0,0,1,0,Other/Unspecified
pharmmomrx,"Yukon, OK",5,Jul 2018 • Family,Airplane ride,The staff here was so friendly!!! JT was our pilot and he was awesome! He knew my oldest daughter was nervous so he would go around the areas that would cause turbulence and he flew where we could see everything but not be in the middle of them. I highly recommend this if you are in the area!! Thank you JT for an awesome flight!!!!,Family,0,2018-07-13, TripadvisorReviewScraper,1,English,1,Yukon,OK,United States,1,65,333,2,10,0.024024024024024024,0.9754,0.3,0.019,1,0,0,0,0,0,0,0,1,1,1,1,1,0,1,0,Other/Unspecified
steven26111987,"Houten, The Netherlands",5,Jul 2018 • Couples,Geweldig,Wij hadden de trip van 45 minuten geboekt en dit is zeker een aanrader. Ondanks de hoge prijs hadden we het niet willen missen. Tijdens de vlucht kregen we veel informatie van de piloot en konden we veel foto's maken. Daarna ook nog met de heli op de foto,Couples,0,2018-07-06,10-1549_Marverick Helicopter_attraction_review_2025-02-27,1,English,1,Houten,,The Netherlands,0,49,255,1,0,0.01568627450980392,0.0,0.0,0.0,0,1,0,0,0,0,0,0,0,0,0,0,0,0,0,0,Helicopter
jlwmsonmd,"Peoria, IL",5,Jul 2022,Excellent!,"Very capable team and smooth ride.  very special views of the mountains, glaciers, and glacier highways",Unknown,0,2022-07-20,K2 Aviation,0,English,1,Peoria,IL,United States,1,16,103,1,0,0.009708737864077669,0.7083,0.296,0.0,1,0,0,0,0,0,0,0,0,0,0,0,0,0,0,0,Other/Unspecified
qforquest,"Cary, NC",1,Jul 2016 • Family,Overpriced and disappointing,"I had taken a family summer trip for a half hour seaplane with lake landing. The pilot had a terrible and rude attitude and was not willing to provide any conversation. He seemed to be more of the lets get it over with attitude. In addition he also seemed to be a bit racist (we are Indians) and insulting to our family.

 The tour was supposed to provide sighting of wildlife but we did not spot any. The lake landing was an added 65$ per person, but it was overcast and the pilot simply landed in a different lake than the conventional one without asking us first. The new lake hardly had any beach and the pilot did not provide us enough support to actually get to the beach from the plane without getting wet. 

In all the experience was very underwhelming with simply a take off and landing sequence. I would recommend trying some other activity since this isn't something you should rather do in Alaska. There are several other services that provide much more exciting experiences for a moderate higher cost.",Family,0,2016-07-10,38_77_Alaska Bush Float Plane Service_2025-03-04,0,English,1,Cary,NC,United States,1,183,1014,3,0,0.011834319526627219,0.7086,0.062,0.046,1,0,1,1,0,0,1,0,1,0,1,1,0,0,1,0,Airplane
MarylandCatmom,Maryland,5,Sep 2016 • Couples,Good experience,"We were picked up at our cruise ship dock by a driver with a van and taken to the take-off site.  Senior pilot Mike took us on an approximately 70 minute round-trip into the fiords, providing commentary on what we were seeing.  He set the plane down on the water and invited the passengers (the plane holds six maximum) to step out onto the airplane float.  Cameras were encouraged on the flight. The pilot was knowledgeable, friendly and willing to assist passengers into and out of the plane.  After the flight we each received a certificate attesting to our adventure.  The driver took us back to the cruise ship location.",Couples,0,2016-10-19,17-653-Taquan Air Tours_attraction_review_2025-02-27,0,English,1,,MD,United States,1,110,625,2,0,0.0128,0.7906,0.071,0.0,0,0,0,0,0,0,0,0,1,0,0,1,0,0,1,0,Airplane
stevedU8594JC,"Snellville, GA",5,May 2018 • Couples,Amazing views and smooth ride,"We have been on a small plane before and the ride has been a bit bumpy, so I was expecting about the same for this one.  Marcus was so great, the trip was smooth, the views were spectacular and we had a great time.  Totally worth doing if you want to really see Kauai.",Couples,0,2018-06-01,Wings Over Kauai Air Tour,1,English,1,Snellville,GA,United States,1,54,268,5,0,0.018656716417910446,0.9322,0.233,0.0,1,0,1,0,0,0,0,0,0,0,0,0,0,0,0,0,Airplane
tim171080,"Miami Beach, Florida",4,Mar 2011,Definitely worth it!,"I've been living in Miami for 5 years now and have done a couple regular Cessna flights myself over the Miami Beach Shoreline etc.  But the Seaplane experience tops that. Taking off and landing in the water practically anywhere makes flying so much more fun. Plus, you dont have to drive far to get to the airport, is right there 2 minutes from Brickell just over the first bridge of Rickenbacher Causeway. And you're not just flying your route A to B as you wouldbe under regular ATC conditions, but you are circling around, flying very low and all over the place! I recommend FRI-SUN afternoon for all the cruise line action.",Unknown,0,2011-03-07,46_376_Miami Seaplane Tours_2025-03-06,0,English,1,Miami Beach,FL,United States,1,112,627,3,1,0.04146730462519936,0.904,0.112,0.026,1,0,1,1,0,0,0,1,0,0,0,0,0,0,0,0,Airplane
David B,Winston Salem,5,Aug 2021,The Splendor of Denali,"My wife and I took the K2 flight as part of our Tauck Tour to Alaska and were thrilled to see these beautiful and awe inspiring mountains. We were both a bit nervous to fly over around these towering peaks in the Piper Cherokee, but our pilot, Dorothy, was the penultimate professional. She flew our group with her expertise and provided a great deal of information during the flight. We were blessed with a clear, sunny day. Dorothy did the rest. We will never forget the majesty of Denali and the sister mountains. The flight was spectacular and will be remembered for a lifetime. I highly recommend K2 for their professionalism, courtesy and most importantly vigilance for our safety.",Unknown,0,2021-08-09,K2 Aviation,0,English,1,Winston Salem,,Unknown,0,119,687,4,0,0.026200873362445413,0.9905,0.285,0.011,1,0,1,0,0,0,0,1,1,0,1,1,0,0,1,0,Other/Unspecified
happytravelersfromNJ,New Jersey USA,5,,Great day. Great weather. Great pictures. Great people.  So ... DO IT!,"This was our third trip to Hawaii, and second to Kauai. Last time here we took the helicopter tour & thought it was great. This time we decided to fly again, but wanted a better opportunity for photography. We reviewed all the brochures, but Wings Over Kauai was the only one that offered open-window capabilities. We're also very environmentally sensitive about any place we go (yes, we pick up other people's trash), and liked the idea that the plane used so much less fuel than a chopper. That settled it!  Pilot Bruce and his wife Ellen welcomed us warmly with a Plumeria flower for my hair and a Kukui nut lei. There was a cooler in the back with water and soda at no charge. My husband is the photographer in the family, so I opted for the back seat, although photo ops from that viewpoint were also possible through the open window. The Bose noise-cancelling headphones were fantastic, and we were able to talk to the pilot while in flight, asking questions all along the way. Bruce is so knowledgeable about the landscapes we were viewing, offering history, geography, geology, and agricultural tidbits that were both educational and entertaining. There was no problem with him turning the plane for certain photos, and we were lucky enough to get shots of Mt. Waialeale when it was not covered in clouds. At 5,148 feet, this mountain is the wettest spot on the planet, averaging rainfall of 460 inches per year. Waimea Canyon and the NaPali Coast were indescribably beautiful from a bird's-eye view.  Because the plane held only 4 persons (including pilot), my husband and I felt like it was our own private tour. It's windy and chilly, though, in the back seat once that window is opened, so be prepared by bringing a scarf for your head and a sweatshirt or jacket (we flew in December). The cost was very reasonable for the one-hour flight ~ and if we have one suggestion, it's that Bruce and Ellen should offer a longer tour. Before we took off, Ellen took our picture by the plane and surprised us when we landed with with a video disc with us on the cover. The video was produced by their son, Carter.  So it's truly a family business, and we were happy to support such a venture
.
Great day. Great weather. Great pictures. Great people.  So ... DO IT!   You won't be disappointed!",Unknown,0,2009-12-11,Kauai Deluxe Sightseeing Flight,1,English,1,New Jersey USA,,Unknown,0,409,2295,12,3,0.02309368191721133,0.998,0.192,0.02,0,1,1,1,1,0,0,1,1,0,1,1,0,0,1,0,Airplane
NashvilleFamily,"Nashville, TN",5,Mar 2017 • Couples,Loved our flight!,"My husband and I did the Cessna tour today with Wings Over Kauai. This is an amazing trip - we saw waterfalls, canyons, coastline and parts of the island that you can't see from the car. Marcus, our pilot, explained what we were seeing and answered questions. The highlight was Na Pali Coast - it was so incredibly beautiful that I had tears in my eyes. Total thumbs up for Wings Over Kauai - this is a must do when you're on Kauai.",Couples,0,2017-03-07,Wings Over Kauai Air Tour,0,English,1,Nashville,TN,United States,1,83,432,3,0,0.041666666666666664,0.868,0.125,0.022,0,0,0,1,1,1,0,0,1,0,1,1,0,0,1,1,Airplane
Monchichi01,,4,May 2013,"Views are great so prepare yourself to enjoy it, wven if you have to take Dramamine.","Gives you excellent views of the island that you cannot see on land and of places that you do not have access to.  

I ate right before and took Dramamine 40 mins before.  Next time, I will eat 2 hours before and take Dramamine 1.5 hours.  There was a small section where the wind gave us a few bumps at the beginning  of the tour and that set my mood for the reminder of the tour: a little sick.  However, the views were spectacular.  

If you can, this is a good deal.  Beautiful island!!  

Tour guide should tell more of the history.  Otherwise, good info of what things to do in each area of the island.",Unknown,0,2013-05-28, TripadvisorReviewScraper,0,English,1,,,Unknown,0,116,608,16,2,0.019736842105263157,0.8996,0.116,0.025,0,0,1,0,0,0,0,1,1,0,0,1,0,1,1,0,Other/Unspecified
Carolyn Lee,"San Diego, CA",5,Sep 2021,Landing on a Glacier,"The scenery was terrific, but the exciting aspect of our trip was actually landing on the glacier.  On September 8, 2021, the sun was playing tag with fluffy white clouds. When we landed on the glacier and exited the plane for a walk, we were entertained by the suns rays appearing behind huge black rock pinnacles. K2 furnished us with non-slip boots that were worn over our boots, and the footing was secure.  Our pilot was very talented and explained the terrain as we flew over varying vistas.",Unknown,0,2021-09-12,K2 Aviation,1,English,1,San Diego,CA,United States,1,88,497,4,0,0.012072434607645875,0.9649,0.22,0.027,1,0,0,0,0,0,0,1,1,0,0,1,0,0,1,0,Other/Unspecified
Richard B,Grayson,5,Jun 2016 • Couples,The highlight of our trip to Alaska,"We decided to do the glacier landing excursion at the last minute and we were glad we did. Everyone was professional from the office staff to the pilot. The pilot, Randy, appeared to be very experienced and skilled, and was a wealth of information. What an unforgettable experience. This was an excursion we will talk about for years.",Couples,0,2016-07-23,K2 Aviation,0,English,1,Grayson,,Unknown,0,58,334,7,0,0.017964071856287425,0.7351,0.101,0.0,1,0,0,0,0,0,0,0,1,1,0,1,1,0,1,1,Other/Unspecified
DH65,"Antwerp, Belgium",5,Jul 2015 • Family,Flabergasted!,"I booked the 45 min. Grand Canyon tour for our family (2 adults, 2 daughters 19 and 13).  I had to confirm the flight 48h beforehand and was reminded of things to prepare (be in time, bring your ID, etc.).  Reception was very professional and super friendly.  This company is well organized!
Our pilot Felix was super nice, gave clear instructions before take-off and was a perfect guide during the flight.  He was very understanding and kind when our youngest one got motion sick.
The 45min. flight was really 45 min. and not less as I read about other companies.  We were lucky to be just 4 in helicopter with 7 passenger seats so we all had perfect vision.  I wonder though how the vision would be for the 2 middle passengers in the back seat.
You haven't seen the Grand Canyon if you haven't done this ride!",Family,0,2015-07-17,10-1549_Marverick Helicopter_attraction_review_2025-02-27,0,English,1,Antwerp,,Belgium,0,148,811,1,2,0.02219482120838471,0.99,0.255,0.019,0,1,0,0,1,0,0,1,1,1,1,1,1,1,1,0,Helicopter
D C,"Saint Ignatius, MT",5,Nov 2019,Bucket List,"Lifetime experience. First helicopter ride and was a little nervous but the professional group was great. The pilot was very reassuring and very informative.
You fly over and through the Canyon and see many things that you can not appreciate on the ground.",Unknown,0,2019-11-06,10-1549_Marverick Helicopter_attraction_review_2025-02-27,0,English,1,Saint Ignatius,MT,United States,1,43,256,2,0,0.01953125,0.81,0.186,0.083,1,1,0,0,1,0,0,0,1,0,0,1,0,0,1,1,Helicopter
Michael D,"Riverside, CA",5,Oct 2012 • Couples,Perfect aerial tour of Kauai,"After much comparison, my wife and I chose to tour Kauai with Captain Bruce and ""Wings Over Kauai"".  Prior reviews said that ""Wings Over Kauai"" was a better value than helicopter tours based on cost and time in the air. They also said Captain Bruce was the best pilot and tour guide.  Sherry, Captain Bruce, and the whole ""Wings Over Kauai"" experience was amazing. The ""Wings Over Kauai"" experience lived up to and exceeded all of our expectations. Captain Bruce was knowledgeable, funny, personable, and experienced.  We're very pleased with our choice and would highly recommend this tour to others.",Couples,0,2012-10-15,Wings Over Kauai Air Tour,0,English,1,Riverside,CA,United States,1,100,601,5,0,0.04658901830282862,0.969,0.196,0.0,0,1,1,0,0,0,0,0,1,0,1,1,0,1,1,0,Airplane
Arindam H,"South Windsor, CT",5,Aug 2016 • Family,it was excellent,"it was excellent. really enjoyed.

my daugther made snowman in the galcier.

Denali looks beautful  from the plane. Its a must do",Family,0,2016-09-11,K2 Aviation,0,English,1,South Windsor,CT,United States,1,22,129,3,0,0.015503875968992248,0.807,0.277,0.0,0,0,0,0,0,0,0,0,0,0,0,0,0,0,0,0,Other/Unspecified
57Lulu,Florida,4,Aug 2024 • Couples,A good experience,"Unfortunately, it was cloudy and drizzling on our day of the scheduled ride and we couldn't do the glacier landing route.  I wanted to write a review and let those with potential air or car sickness, like my husband, you do not have to worry about it.  The plane is small and seats are tight but the takeoff, landing and ride itself is very smooth even with elevation changes.  We actually went through a snow squall during our flight which was interesting.  Although it was not our original plan, we were glad we decided to go up and fly over the tundra and the deepest ice in Alaska, a memory we always will have.",Couples,0,2024-09-14,Talkeetna Air Taxi,1,English,1,,FL,United States,1,114,615,3,0,0.00975609756097561,0.782,0.092,0.035,1,0,0,0,0,0,0,1,0,0,1,0,0,0,0,0,Airplane
Olly,,5,Nov 2017 • Couples,Fantastic in every way.,"We booked a private aeroplane tour for two around Kauai. It was the best. Friendly staff, great pilot, a brilliant experience for a reasonable price. This is by far the best way to see the island and I can't recommend this company enough.",Couples,0,2017-11-20,TripadvisorReviewScraper,0,English,1,,,Unknown,0,43,238,4,0,0.025210084033613446,0.9606,0.357,0.039,0,0,1,0,0,0,0,0,1,1,0,1,1,0,1,0,Other/Unspecified
Patrickintheus,"Farnham, UK",5,,"Private, perfect and stunningly picturesque","This is the first review I have made the effort to write for a vacation experience, but this trip warrants it. Bruce and Ellen organize this very well, with every minute of the experience being fun, from the pre-flight checks to final landing. Bruce does a great commentary and is an excellent pilot. We felt very safe the whole time.
You will not be disappointed with this trip, and you could almost do two trips for the price of one helicopter ride. We will certainly go again next time we are in Kauai.",Unknown,0,2009-08-05,Kauai Deluxe Sightseeing Flight,1,English,1,Farnham,,United Kingdom,0,93,505,5,0,0.01782178217821782,0.9848,0.259,0.0,1,1,1,0,0,0,0,0,1,0,0,1,0,0,1,0,Airplane
BGarbus,"Wharton, NJ",5,Mar 2019 • Couples,A Once in a Lifetime Experience........,"I cant say enough about this adventure. There is so much to be said for riding in an open cockpit with the wind in your face. Absolutely one of a kind views of the island. Harry was an excellent pilot in both ways of mastering the aircraft and also allowing us to experience our flight the way we wanted to.SO MUCH FUN. It was the high point of our trip to Kauai.The ground crew was wonderful too. An overall outstanding experience, if you are in Kauai do not pass this up. Thanks to all the staff and Harry!!!",Couples,0,2019-03-24, TripadvisorReviewScraper,0,English,1,Wharton,NJ,United States,1,98,510,6,3,0.0392156862745098,0.9788,0.223,0.0,0,0,0,0,0,0,0,1,1,1,0,1,1,0,1,0,Other/Unspecified
Jason M,,5,Apr 2023 • Couples,Amazing,"Eric was awesome, unforgettable experience me and my wife loved it such a smooth ride, Eric even let us fly lane some really pictures of us",Couples,0,2023-04-15,32_2137_Maui Plane Rides_2025-03-04,0,English,1,,,Unknown,0,26,139,1,0,0.014388489208633094,0.8402,0.258,0.0,1,0,0,0,0,0,0,0,0,0,1,0,0,0,0,0,Airplane
WendyAM,"Portsmouth, UK",5,Mar 2011,Helicopter view of Grand Canyon absolutely fantastic,"Having read some of the reviews, we were not sure whether to splash out on a helicopter tour for three of us, but we're so glad we did.  We booked a 25 minute ride with Maverick, from the little airport south of Tuseyan near the Canyon's South Rim.   We got there half an hour early.  The terminal building is bright, clean and very efficient.  We checked in and were weighed (no, they don't tell you how much you weigh - you just stand on a plate and nobody is any the wiser!).  We then waited til we were called by the pilot.  Ours was called Cory and not only was he the most handsome pilot there, he was also a really great tour guide.   

We had a thorough safety briefing and were then seated according to the plan they have, which I guess is based on the weight of each passenger to better balance the aircraft.   We donned life jackets (as we fly over the Colorado River, it's a legal requirement), our safety belts, our head phones and microphones, and then we were off.   First, we flew over the ponderosa forest toward the canyon.  My husband and I hate heights but we were absolutely fine.  My son and I were in the front and the helicopter was the type that meant we could see right down to the floor all round - great visibility.  Even in the back, the seats are higher than the front to aid visibility.   We spent about five minutes getting to the canyon and then we flew right over it.  Oh, what an amazing view!   We flew around the canyon for 15-20 minutes, over to the north rim, right over the Colorado river which looked like a stream below but which was 350 feet wide.  We could see the rapids.   Cory, the pilot, gave us great information and we were all able to ask questions - we could all hear through the headphones what everyone was saying.   He clearly has a love for the Canyon and was a really interesting guide.  He named the various peaks, talked about wildlife, pointed out the nearby 
San Francisco mountain peaks, etc.   We were very happy with the time we were over the Canyon - we'd feared we'd only fly over for 5 mnutes but we saw such alot.   We all agreed it was one of, if not THE, best experiences of our lives.  It cost quite alot but it was absolutely worth it.   If you think the view from the Rim is incredible, just fly over it - you'll be stunned.",Unknown,0,2011-03-29,10-1549_Marverick Helicopter_attraction_review_2025-02-27,0,English,1,Portsmouth,,United Kingdom,0,432,2297,7,2,0.01915542011319112,0.9976,0.18,0.034,1,1,1,0,1,0,1,1,1,0,1,1,0,1,1,0,Helicopter
ginaabyrnes,"Blue Island, IL",5,May 2017 • Business,High on a mountain top.,Seeing the mountains in full view was magnificent.  The flight made me realize just how special Alaska is.,Business,0,2017-05-17,K2 Aviation,0,English,1,Blue Island,IL,United States,1,18,106,5,0,0.02830188679245283,0.765,0.292,0.0,0,0,0,0,0,0,0,0,0,0,0,0,0,0,0,0,Other/Unspecified
Lou L,"Benidorm, Spain",5,Jun 2014 • Couples,A MUST tour if nothing else,"We had a fantastic time even thou at the beginning we were informed that the weather would not allow us to land on the glacier. But after we were introduced to our pilot, Chip, we knew we would have a great time anyhow. Safety was paramount which made us all feel at ease.
Chop narrated the whole way and made our experience fantastic. The scenery was majestic if thats a big enough word.
We loved every minute and would recommend this tour to everyone of every size and every age.",Couples,0,2014-06-02,K2 Aviation,1,English,1,Benidorm,,Spain,0,90,481,6,0,0.014553014553014554,0.9835,0.261,0.012,1,0,0,0,0,0,0,1,1,0,0,1,0,0,1,0,Other/Unspecified
Yann K,,5,May 2017 • Couples,superbe vol,"Vol de 1h dans la région de San Francisco. Survol magique du Golden Gate bridge, de Alcatraz et de downtown. Pilote et staff super sympa. Une expérience à recommander à tous.",Couples,0,2017-05-19,36_854_Seaplane Adventures_2025-03-04,1,French,0,,,Unknown,0,31,174,2,0,0.05172413793103448,0.5994,0.122,0.0,0,0,0,0,0,0,0,0,0,1,0,0,1,0,1,0,Airplane
Thomas B,,5,Jul 2015 • Couples,Fly like an Eagle,"Ein großes Dankeschön an Tony unsren super Piloten für ein spektakuläres Erlebnis hoch über Miami, Miami Beach und Key Biscane. Und weil s so schön war geht s nächste Mal nach Key West!! 
Thomas & Heike",Couples,0,2015-08-16,46_376_Miami Seaplane Tours_2025-03-06,0,German,0,,,Unknown,0,36,202,4,2,0.07920792079207921,-0.2173,0.098,0.12,0,0,0,1,0,0,0,0,0,0,0,0,0,0,0,0,Airplane
TonyL0ndon,"London, England, United Kingdom",5,Jan 2022,Do not miss!,Really excellent staff and experience.  Try to go early on in your trip in case the weather is bad.  Great way to get oriented to the island.,Unknown,0,2022-01-06,TripadvisorReviewScraper,0,English,1,London,,United Kingdom,0,27,141,3,0,0.02127659574468085,0.6801,0.227,0.098,0,0,0,0,0,0,0,1,0,1,0,0,1,0,1,0,Other/Unspecified
Shelli J,,5,,Breathtaking. Exceeded my expectations,"Beautiful, breathtaking. Knowledgeable guides. Pictures can not do it justice. I will be bringing back my husband, so that he can experience the same thing.",Unknown,0,2023-08-14,8 -690_Grand Canyon Scenic Airlines_2025-02-27,1,English,1,,,Unknown,0,25,156,4,0,0.02564102564102564,0.6278,0.225,0.09,0,0,0,0,0,0,0,0,0,0,1,0,0,0,0,0,Airplane
Weihan A,,5,May 2022 • Friends,Best flight ever!,"Amazing views, smooth flight, great experience overall. Bruce, Ellen, and Marcus (our pilot) are incredible all around. 100% recommended",Friends,0,2022-06-01,Wings Over Kauai Air Tour,1,English,1,,,Unknown,0,19,136,3,0,0.029411764705882353,0.8658,0.377,0.0,1,0,0,0,0,0,0,0,1,0,0,1,0,0,1,0,Airplane
Cesare M,"Carpi, Italy",5,Oct 2018 • Couples,Volo sul Denali e atterraggio sul ghiacciaio,"Al ritorno dal Katmai, ci aspettava una giornata con un sole splendido, e perchè non fare un giro attorno ai ghiacciai del Denali, visto che all'andata il tempo era pessimo. Così siamo partiti per questo volo fantastico, con viste mozzafiato ed infine atterraggio sul ghiacciaio con sosta sulla neve. Il volo si è completato girando attorno al Denali, cosa non sempre possibile.",Couples,0,2019-09-01,Talkeetna Air Taxi,0,Spanish,0,Carpi,,Italy,0,62,378,7,0,0.015873015873015872,0.1027,0.023,0.0,0,0,0,0,0,0,0,0,0,0,0,0,0,0,0,0,Airplane
Naveen K,,5,Jul 2024 • Family,Amazing,An amazing experience with Eric.  Highly recommend this.  My son is learning to fly and he was allowed to co pilot.  We saw views of five islands.,Family,0,2024-07-02,32_2137_Maui Plane Rides_2025-03-04,0,English,1,,,Unknown,0,27,146,1,0,0.03424657534246575,0.7645,0.209,0.0,0,0,0,0,0,0,0,0,1,0,1,1,0,0,1,0,Airplane
Eric E,"Lyon, France",3,Aug 2018 • Family,A faire pour l'expérience mais pas inoubliable,L'organisation est professionnelle. La visite est un peu courte on ne fait que traverser la rivière. En pleine journée Grand Canyon manque de couleur. Il faut visiter en fin de journée mais avec plus d'ombre,Family,0,2018-08-20,30_115_Grand Canyon Landmarks Tour by Airplane with Optional Hummer Tour2025-03-01,0,English,1,Lyon,,France,0,35,207,7,0,0.028985507246376812,0.4588,0.081,0.0,0,0,0,0,1,0,0,0,0,0,0,0,0,0,0,0,Airplane
janaseitzer,New York,5,May 2015 • Friends,Spectular views and service!,"This was the highlight of my trip in Talkeetna. The service was incredible and the views were breathtaking. Everything about our tip was perfect. We flew in to Denali National Park, got views of the the park as we flew over, and then landed in Ruth Glacier. Stunning and a bucket list item checked off.",Friends,0,2015-06-05,Talkeetna Air Taxi,0,English,1,,NY,United States,1,55,302,4,0,0.03642384105960265,0.8934,0.19,0.0,0,0,0,0,0,0,0,0,0,0,0,0,0,0,0,1,Airplane
Vlad H,,5,Jan 2020,Amazing Views,The pilot which we flew with was very knowledgable and very interesting to talk to! Had an amazing anniversary experience!,Unknown,0,2020-02-03,20-459_Envi Adventures_2025-02-27,0,English,1,,,Unknown,0,20,122,2,2,0.01639344262295082,0.8114,0.291,0.0,0,0,0,0,0,0,0,0,1,0,0,1,0,0,1,1,Other/Unspecified
Maya R,,5,Feb 2023 • Couples,Great experience,It was amazing. Great experience to see Miami. Would definitely want to do it again. The view was so nice and the pilot was so nice,Couples,0,2023-02-02,12-392_Eagles AirLine_attraction_review_2025-02-27,1,English,1,,,Unknown,0,26,131,2,0,0.03816793893129771,0.9592,0.489,0.0,0,0,0,0,0,0,0,0,1,0,0,1,0,0,1,0,Airplane
Sunshine04843000314,,5,May 2023 • Friends,Must do if you come to Miami!,Excellent flight. Pilot gave good details on facts and information of the city. Very glad me and my friends did this.,Friends,0,2023-05-30,11-_131_South Beach Miami Aerial Tour  BeachesMansions and Skyline_2025-02-27,1,English,1,,,Unknown,0,21,117,7,0,0.02564102564102564,0.9184,0.433,0.0,0,0,0,0,0,0,0,0,1,0,1,1,0,0,1,0,Other/Unspecified
Lisa S,"Watkins, MN",5,Jun 2016 • Couples,Awesome experience,"Great day on k-2. Full view of mountain, young energetic pilot. Did a great job of informing us, taking r pictures and being a gentleman. Such a great experience seen the mountain in full, beautiful day",Couples,0,2016-06-23,K2 Aviation,0,English,1,Watkins,MN,United States,1,36,202,2,0,0.019801980198019802,0.9643,0.414,0.0,0,0,0,0,0,0,0,0,1,0,0,1,0,0,1,0,Other/Unspecified
tomhoffman2017,"Kansas City, KS",5,Jun 2017 • Solo,Denali tour with glacier landing.,Great tour.  Patrick the pilot was excellent.  Plane was clearly well maintained.  Price was reasonable.  Looking forward to the video.,Solo,0,2017-07-02,K2 Aviation,0,English,1,Kansas City,KS,United States,1,20,135,5,0,0.037037037037037035,0.9118,0.441,0.0,1,0,1,0,0,0,0,0,1,0,0,1,0,0,1,0,Other/Unspecified
Alan B,"Lebanon Junction, Kentucky",5,May 2016 • Couples,Sensational!,"Highlight of our Alaska trip.  Wonderful views, recommend for all ages!  (I will be 80 in Dec).  Very nice folks too.",Couples,0,2016-08-06,Talkeetna Air Taxi,0,English,1,Lebanon Junction,KY,United States,1,21,117,1,1,0.05128205128205128,0.8997,0.413,0.0,0,0,0,0,0,0,0,0,0,0,0,0,0,0,0,1,Airplane
Jan F,"Tulsa, OK",5,Aug 2017 • Couples,Flew into Heaven,"Our flight around the Alaskan mountains including Denali was awe inspiring. The pilot, Chris, was very informative and a lot of fun. We were fortunate enough to be able to land on the Glacier and to see Denali in all it's glory. It's an adventure we will never forget.",Couples,0,2017-09-05,Talkeetna Air Taxi,0,English,1,Tulsa,OK,United States,1,49,268,3,0,0.033582089552238806,0.9378,0.282,0.0,0,0,0,0,0,0,0,0,1,0,0,1,0,0,1,0,Airplane
Charles R,"Hot Springs, AR",5,May 2016 • Couples,"Great excursion, A+ on safety",Very safety oriented and an awesome adventure. Highly recommended. I was in crutches and had a foot walking boot and had zero issues. Not recommended if you have motion sickness though. Great for ages 8 and up! Probably wouldn't take little kiddos.,Couples,0,2016-05-22,17-653-Taquan Air Tours_attraction_review_2025-02-27,1,English,1,Hot Springs,AR,United States,1,42,248,5,1,0.024193548387096774,0.9522,0.354,0.0,1,0,0,0,0,0,0,0,0,0,0,0,0,0,0,0,Airplane
jeando13,jeando13,5,Mar 2013 • Friends,Fantastic Way to See the Island,"My friends and I had been excited to check out the Napali Coast, but we knew we did not have the money for a helicopter tour.  We were talking to the concierge at our resort asking about boat tours whenshe told us about Wings over Kauai.  She explained that it would be about the same price as a boat tour and we would be able to see so much more of the island and Napali.     She was right.  It was just fantastic.   All 5 of us were impressed and glad we did it.

Breathtaking views and definitely not to be missed.

One minor warning-  I would have sworn that I don't get motion sick, but I found my stomach doing flip-flops.  The flight was pretty smooth but I think the back of the plane gets a few more bumps.   In spite of queasy stomach,  I loved the trip and could not stop taking pictures (even though I knew that just starring at the horizon would be better for my stomach than breaking up my line of vision with a camera lens).    Just an FYI.",Friends,0,2013-03-20,Kauai Deluxe Sightseeing Flight,0,English,1,jeando13,,Unknown,0,184,955,6,0,0.027225130890052355,0.9922,0.241,0.038,1,1,1,1,0,0,0,0,0,0,1,0,0,0,0,0,Airplane
Clint S,"Beebe, AR",5,,Absolutely beautiful!,This is a must do!  I have been 3 different times and would go again.  It is difficult to describe the stunning beauty of what you will see!!!,Unknown,0,2023-06-24,SeaWind Aviation,0,English,1,Beebe,AR,United States,1,28,142,2,4,0.02112676056338028,0.7243,0.236,0.078,0,0,0,0,0,0,0,0,0,0,0,0,0,0,0,0,Other/Unspecified
kimberly s,"Dallas, TX",5,Sep 2021 • Couples,Unforgettable. Just do it.,"Really very breathtaking and remarkable to witness the islands in such a manner. 

 Steve was knowledgeable, communicative and made us feel at ease.  

One of the BEST activities we completed on our vacation!",Couples,0,2021-09-01,31_745_aMaui -PRIVATE- Air Tour 5 Islands (2-5 people) SEE Even MORE!_2025-03-02,0,English,1,Dallas,TX,United States,1,33,208,4,1,0.03365384615384615,0.9447,0.351,0.0,1,0,0,0,0,0,0,0,1,0,0,1,0,0,1,0,Airplane
cforman,"San Francisco, CA",5,,Wonderful Sightseeing Flight,"Bruce and Ellen, as well as their children, are excellent hosts and run a great tour business. Bruce is a thoughtful and highly experience pilot, and - as a private pilot myself - I appreciate his concern for safety and for thoroughness. We had a wonderful circuit of the island, and Bruce and Ellen went out of their way to ensure we had a safe and enjoyable time.",Unknown,0,2010-12-26,Wings Over Kauai Air Tour,0,English,1,San Francisco,CA,United States,1,68,365,3,0,0.019178082191780823,0.9819,0.376,0.0,1,0,0,0,0,0,0,0,1,0,1,1,0,0,1,0,Airplane
Beenaky,"Lexington, KY",5,Feb 2022,By Air🥰,To really appreciate  this beautiful island you must see it from above as well as by car as well as the water. We had a great guide with the island touch of a native🥰,Unknown,0,2022-02-28, TripadvisorReviewScraper,0,English,1,Lexington,KY,United States,1,34,166,2,0,0.012048192771084338,0.9455,0.376,0.0,0,0,0,0,0,0,0,0,1,0,0,1,0,1,1,0,Other/Unspecified
Kaushik C,,5,May 2022 • Couples,Spectacular,Spectacular views. Flight was easy and comfortable. The cliffs were amazing and reminiscent of Speilbergs,Couples,0,2022-05-19,31_745_aMaui -PRIVATE- Air Tour 5 Islands (2-5 people) SEE Even MORE!_2025-03-02,0,English,1,,,Unknown,0,15,105,1,0,0.0380952380952381,0.875,0.455,0.0,1,0,0,0,0,0,0,0,0,0,0,0,0,0,0,0,Airplane
machelle80,"Ketchikan, AK",5,Jun 2018 • Couples,Misty Fjords flight-seeing,Misty Fjords was Breathtakingly beautiful and our pilot Brentwood from Taquan Air was amazing! Such a personable guy and smooth piloting. Thoroughly enjoyed this tour!,Couples,0,2018-06-13,17-653-Taquan Air Tours_attraction_review_2025-02-27,0,English,1,Ketchikan,AK,United States,1,25,167,3,2,0.04790419161676647,0.9166,0.361,0.0,1,0,0,0,0,0,0,0,1,0,0,1,0,0,1,0,Airplane
TravelingElderberry,"Salt Lake City, UT",5,Aug 2011,Unforgettable experience.,"I never really thought of flight sightseeing as an attraction. Our guides suggested TAT so we decided to do the green route and land on the Tokositna Glacier. We flew in a Twin Otter and our pilot was great. There were amazing views of Denali, the rivers, and glaciers. We flew around the summit and got closeup views of the surrounding mountains. I have never seen anything so beautiful. When we landed on the glacier there was sparking snow, and we romped around for about half an hour. The landing is really worth it. This is definitely one of my favorite activities in Alaska. DON'T MISS IT!",Unknown,0,2011-09-01,Talkeetna Air Taxi,1,English,1,Salt Lake City,UT,United States,1,107,595,2,1,0.047058823529411764,0.9778,0.214,0.0,1,0,1,0,0,0,0,0,1,0,0,1,0,0,1,0,Airplane
Yesenia C,,5,Oct 2024 • Couples,Enjoying life,Same day availability in October fantastic weather. Amazing pilot and staff. Great views we would highly recommend . Wonderful value !!!,Couples,0,2024-10-21,Kauai Deluxe Sightseeing Flight,1,English,1,,,Unknown,0,21,136,2,3,0.03676470588235294,0.9713,0.609,0.0,0,0,1,0,0,0,0,1,1,1,0,1,1,0,1,0,Airplane
James F,"Weston super Mare, UK",5,Feb 2013 • Couples,Valentines Day to remember,"Fantastic way to celebrate the special day, for both myself and my partner, we both enoyed the awesome experience, the scenery and our friendly, knowledgeable pilot... Hopefully the weather will be just as perfect when we fly with Seaplane Adventures again in the future, thank you so much guys",Couples,0,2013-02-20,36_854_Seaplane Adventures_2025-03-04,0,English,1,Weston super Mare,,United Kingdom,0,49,294,4,0,0.013605442176870748,0.981,0.417,0.0,0,0,0,0,0,0,0,1,1,0,1,1,0,0,1,1,Airplane
benoitweber,"Honolulu, HI",5,Jan 2021 • Solo,Fabulous experience from beginning to end.,"Beautiful weather, smooth ride, incredible views,  extremely friendly and knowledgeable pliot. One can even take crytal clear pictures through an open window during the flight!",Solo,0,2021-01-12,31_745_aMaui -PRIVATE- Air Tour 5 Islands (2-5 people) SEE Even MORE!_2025-03-02,0,English,1,Honolulu,HI,United States,1,25,176,6,1,0.011363636363636364,0.883,0.319,0.0,1,0,0,0,0,0,0,1,0,0,0,0,0,0,0,0,Airplane
Yanet m,,5,Dec 2022 • Couples,Nice experience,"Super nice experience, wonderful view.
We saw a beautiful sunset, good pilot and work team.
We recommend 💯",Couples,0,2022-12-10,11-_131_South Beach Miami Aerial Tour  BeachesMansions and Skyline_2025-02-27,1,English,1,,,Unknown,0,18,106,2,0,0.02830188679245283,0.9623,0.663,0.0,0,0,0,0,0,0,0,0,1,0,0,1,0,0,1,0,Other/Unspecified
Tristin F,,5,Apr 2019 • Couples,Wish it was longer! So amazing,"Loved every minute of it. Wish it was longer! Multnomah Falls was so cool to see from the airplane. Pilot did a fantastic job, made for a very smooth flight, and helped us enjoy the flight even more by pointing out cool stuff we would have otherwise missed. Easy booking online, great prices, and everyone we talked to at Envi was so nice and helpful.",Couples,0,2019-04-30,20-459_Envi Adventures_2025-02-27,0,English,1,,,Unknown,0,65,351,6,1,0.019943019943019943,0.9851,0.381,0.025,1,0,0,0,0,1,0,0,1,0,0,1,0,0,1,0,Other/Unspecified
dudesicl,"New York City, NY",5,Jul 2016 • Couples,Amazing!,"One of the coolest things I've ever done in my life! We rode in a small single engine Cessna 4 seater, which added to the fun factor!",Couples,0,2016-07-26,Talkeetna Air Taxi,0,English,1,New York City,NY,United States,1,27,133,1,2,0.03007518796992481,0.5972,0.139,0.0,0,0,0,0,0,0,0,0,0,0,0,0,0,0,0,0,Airplane
Tigerman_McCool,Tennessee,5,May 2015 • Couples,Most amazing thing I have ever done in my life...,"I know there are a lot of different options and packages available.  We did the one where it was a plane ride to the top of the grand canyon, a helicopter ride down to the bottom and then a boat ride down the Colorado river.

Everything about this was well put together.  They had someone pick us up at our resort and bring us to their hangar.  They had free water, coffee and snacks available.  We boarded a small Cessna plane and took about an hour and fifteen minute flight to the Grand Canyon.  The view is breathtaking as some of the flight is over the GC.  Our pilot got off the plane with us and guided us the rest of the day.  He took us to the helicopter place and we jumped on a chopper that took us down to the bottom of the canyon. I cannot describe how magnificent the Grand Canyon is and you can't beat viewing it from a helicopter.

Once we were at the base of the Canyon, we boarded a pontoon boat and made about a half mile ride down the Colorado River and then floated back to where we started.  We then took the helicopter back ""up top"" and hopped on a bus that took us to the SkyWalk.  Our original pilot from the plane was always there to point us to our next stop or tell us to meet back somewhere at a particular time.

The SkyWalk was awesome and a little freaky.  It's an engineering marvel and yeah it's a little scary.  There were a couple of drama queens out there just freaking out.  One little thing to note about the SkyWalk, they don't let you take your phone or camera out there so you have to buy their pictures.  They have camera guys out there that will take your picture, and you can chose what pics you want to buy for a horrendous price (you are not obligated to buy anything).  The problem was they were short staffed on camera guys and the ones that were there had some attitude problems.  I didn't buy any pictures out of spite.  You can get just as good of pictures from the area right next to the SkyWalk.

Next they took us to Guano Cafe to eat lunch.  Our guide said it best that it was more like a metal building that served food than a cafe.  The food was not good, seemed like a freezer meal that was only half way warmed up.  I think they would've been better off telling you to just pack your own lunch or eat at some of the concession stands at the SkyWalk.  However, there were a bunch of tables outside and you got to eat lunch overlooking the Grand Canyon which was pretty cool.

Guano Cafe was located at Guano Point.  There's a lot of room to walk around and see the Canyon from a bunch of different places here.  You can climb to the top of Guano Point and see a great 360 view.  If you didn't already know, Guano is bat feces.  This place is called that because there used to be a mining operation from this location that would mine bat droppings out of caves across the canyon.  Apparently, it is a rich fertilizer and used in a lot of consumer products like makeup, etc.  Anyway, you can see the old abandoned mining equipment and just marvel at the Canyon some more.

We headed back to plane and had a narrated flight back (about 1.5 hours).  Although, I don't believe it to be the fault of the pilot, I would be remiss not to mention that the flight back was really, really turbulent (the flight there was not).  My wife got sick and there were no vomit bags.  Luckily, we had some coffee cups still in there from the morning that she used.  I recommend taking some motion sickness meds before the flight back if you are affected by this type of thing as based on other reviews, this is common for the flight back.

In summary, this was a great trip and I would highly recommend it.  Everything from the Skywalk tickets to meal vouchers were included in the total price ($1,300 for two).  We will be going back and taking my parents at some point because this is really bucket list material.",Couples,0,2015-05-28,34_566_attraction_review_2025-03-04,1,English,1,,TN,United States,1,732,3854,10,0,0.020238713025428127,0.9934,0.116,0.05,0,1,1,0,1,0,0,0,1,0,1,1,0,1,1,1,Other/Unspecified
Kit_Thomson,"Washington DC, DC",5,Dec 2015 • Couples,GC Made Easy,"Westwind is great to deal with and made everything so easy.  After we showed up, we never had to do anything but enjoy ourselves and the excursion was exactly as described... Except better!  A full day of adventure at the Grand Canyon and back in time for dinner.  Note that the west rim isn't the part with the national park, it is about 100 miles to the west on an Indian reservation.  Because it is on tribal land, not all the same safety rules apply, but use common sense and hang on to your family members, and you will be fine.  Highly recommend, you will walk away thinking you should have paid them more, and at least with me that never happens!",Couples,0,2016-01-04,34_566_attraction_review_2025-03-04,0,English,1,Washington DC,DC,United States,1,122,653,3,2,0.015313935681470138,0.9837,0.212,0.0,1,0,1,0,1,0,0,0,0,0,1,0,0,0,0,0,Other/Unspecified
jsmith0803,"Midland, TX",5,Mar 2015 • Couples,WAY BETTER THAN THE HELICOPTERS !!!!!!,"We stayed at the Grand Hyatt, and the first day I saw this Red Bi-Plane fly over. We had planned on touring the island by helicopter.  With the set-up of my wife and I being able to have a private tour....that was the ultimate. My wife was a little tentative at first, but after we took off, we both were totally hooked.  The open cockpit, being able to maneuver the plane to see the best of the island and seeing the giant whales was the highlights of the trip.  Our pilot was awesome and we were even able to fly over his house and wave ALOHA to his wife.  We will do this trip again on day one when we return to Kauai.  And my wife wanted more of the Aerobatics.  Thank You so much to the entire staff at Air Ventures Hawaii.",Couples,0,2015-04-06, TripadvisorReviewScraper,0,English,1,Midland,TX,United States,1,143,728,6,0,0.03708791208791209,0.9565,0.11,0.0,0,1,0,0,0,0,1,0,1,1,1,1,1,0,1,0,Other/Unspecified
Macie,"South Royalton, VT",5,Nov 2021,Unforgettable Experience!,This tour was absolutely amazing. Our guide was knowledgeable and all of the staff were friendly. The views of the Alaska Range in winter was one of the most unforgettable experiences I've ever had. Definitely worth the money to book this experience- it was the highlight of my trip to Talkeetna!,Unknown,0,2022-09-25,Talkeetna Air Taxi,0,English,1,South Royalton,VT,United States,1,51,296,2,1,0.02702702702702703,0.9272,0.241,0.0,0,0,1,0,0,0,0,0,1,1,0,1,1,1,1,1,Airplane
jasperwebby,,5,Jul 2021 • Family,Amazing experience!,"My family and I had the privilege of landing on the Ruth Glacier. Would highly recommend a glacier landing. Patrick was our pilot he was fantastic, very knowledgeable and we had so much fun!",Family,0,2021-07-30,K2 Aviation,0,English,1,,,Unknown,0,34,190,2,1,0.031578947368421054,0.9147,0.313,0.0,1,0,0,0,0,0,0,0,1,0,1,1,0,0,1,0,Other/Unspecified
Derek M,"Pleasanton, CA",5,Jun 2015 • Couples,Excellent Adventure!,The Pilot was amazing and the  views were incredible.  The ride in the float plane was safe and comfortable.  Highly recommended!,Couples,0,2015-07-05,17-653-Taquan Air Tours_attraction_review_2025-02-27,0,English,1,Pleasanton,CA,United States,1,21,129,2,1,0.031007751937984496,0.9078,0.421,0.0,1,0,0,0,0,0,0,0,1,0,0,1,0,0,1,0,Airplane
R1557NXbenr,Hong Kong ,5,Jun 2017 • Couples,Plane tour of Kauai,"An excellent experience! Our tour was on time, hassle free and our pilot, Brian, was very friendly and knowledgable about the island.",Couples,0,2017-07-02, TripadvisorReviewScraper,0,English,1,Hong Kong,,Unknown,0,22,133,4,1,0.022556390977443608,0.8953,0.362,0.0,0,0,0,0,0,0,0,0,1,0,0,1,0,0,1,0,Other/Unspecified
Shammin101,"Manama, Bahrain",5,Jul 2017 • Family,Fantastic Company!,"Company was so accommodating. They put us in a smaller plane with big windows to help keep my three-year old entertained for the trip. They rescheduled us to accomodate our schedule and got us up with the best weather they had that week. The pilot was very good and friendly... and quirky like you'd expect from an Alaska bush pilot. He was very entertaining. The views and glacier landing were exciting and breath-taking. All in all, a wonderful experience.",Family,0,2017-08-22,Talkeetna Air Taxi,0,English,1,Manama,,Bahrain,0,79,458,2,0,0.017467248908296942,0.9761,0.269,0.0,1,0,0,0,0,0,0,1,1,0,0,1,0,0,1,0,Airplane
Alison C,"Woodstock, GA",5,Jul 2015,Cessna flight,Wings over Kauai is an awesome adventure! I am not a huge plane lover and I found this trip over Kauai to be fantastic! The views and information was perfect. We highly recommend wings to all!,Unknown,0,2015-07-09,Wings Over Kauai Air Tour,0,English,1,Woodstock,GA,United States,1,36,192,2,3,0.036458333333333336,0.9237,0.359,0.104,0,0,0,0,0,0,0,0,0,0,0,0,0,0,0,0,Airplane
Uncdentist,"Greensboro, NC",5,Jun 2019 • Family,WOW great views!,Jeff took us on the flight of our lives with up close scenes of Denali national park. Learned a lot about glaciers and their life cycle. We got lucky with a sunny day!,Family,0,2019-06-27,K2 Aviation,0,English,1,Greensboro,NC,United States,1,33,167,3,1,0.023952095808383235,0.7088,0.169,0.0,0,0,0,0,0,0,0,1,0,0,0,0,0,0,0,0,Other/Unspecified
Tom W,,5,,The 5 Islands of Maui!,"Awesome flight! Eric was very informative! As a fellow private pilot, I observed that Eric is an excellent pilot. Very safe and smooth ride!

We flew the 5 Island tour which was full of amazing views! Do this flight! Skip the helicopter tour and fly with Maui Plane Rides!!",Unknown,0,2020-12-18,31_745_aMaui -PRIVATE- Air Tour 5 Islands (2-5 people) SEE Even MORE!_2025-03-02,1,English,1,,,Unknown,0,49,273,5,7,0.047619047619047616,0.9514,0.275,0.0,1,1,0,0,0,0,0,0,1,0,0,1,0,0,1,0,Airplane
Leslie M,"San Diego, CA",5,Jun 2023 • Couples,Denali flight tour,Awesome!!! Don't debate whether or not to sign up....just do it!! Even with the clouds we saw so much and landed on the glacier. An experience of a lifetime!,Couples,0,2023-06-28,23_327_Denali Flyer Flightseeing Tour from Talkeetna 2025-02-27,1,English,1,San Diego,CA,United States,1,29,157,3,6,0.025477707006369428,0.7405,0.163,0.0,0,0,0,0,0,0,0,1,0,0,0,0,0,0,0,0,Airplane
Kent L,Chicago,5,Sep 2011 • Couples,Really good,"Go in the morning to get the best chance for good weather.  If you're the first flight, you get a free glacier landing.  Worth it.  Very memorable.

If you're the last person in the aircraft, you get to sit up front with the pilot.",Couples,0,2011-09-19,Talkeetna Air Taxi,0,English,1,Chicago,,Unknown,0,44,231,2,0,0.021645021645021644,0.9231,0.273,0.0,1,0,1,0,0,0,0,1,1,0,0,1,0,0,1,0,Airplane
Judy325,"Atlanta, GA",5,Sep 2011,Absolutely wonderful - worth every cent,I can't say enough about the wonderful trip we had with Westwind. We took the Grand Canyon tour from Phoenix that landed and toured the park. The staff was very friendly and professional. Our pilot/tour guide kept us entertained all day with so many interesting facts about the area.  This is the best way to see the Grand Canyon and well worth the cost!,Unknown,0,2011-09-29,34_566_attraction_review_2025-03-04,0,English,1,Atlanta,GA,United States,1,64,354,6,1,0.031073446327683617,0.9785,0.336,0.0,0,0,1,0,1,0,0,0,1,1,0,1,1,1,1,0,Other/Unspecified
John k,"Highland Village, TX",5,,K2 Fly over,"Dorothy, our pilot was amazing and did an amazing job flying us over the mountain. The visibility was good and we had a great view of moose tooth.",Unknown,0,2023-08-01,23_327_Denali Flyer Flightseeing Tour from Talkeetna 2025-02-27,1,English,1,Highland Village,TX,United States,1,28,146,3,0,0.0136986301369863,0.9393,0.388,0.0,0,0,0,0,0,0,0,1,1,0,0,1,0,0,1,0,Airplane
Bryce04,"St. George, UT",5,Jul 2012 • Friends,I was the co-pilot on a plane over Kauai,"I don't know how I got so lucky.  I weighed the right amount.  But I got to sit in the co-pilot seat.  My friend asked the pilot to make sure I didn't try to fly.  It looked like I could have if I had known how.  Great views over the most beautiful island in the world.  The views are just enough distant to provide good perspective.  The view I treasured the most was just before we got to Waimea Canyon.  We could see from the west into three waterfalls that fall 3,000 feet from Mt. Waialiali (sp?) the wettest place on earth.  They seemed to spill from the clouds that shroud the top of the mountain.  I had been on a helicopter tour of the island before but don't remember seeing that view.
The pilot, Harry, was wonderful, charming and informative and so helpful.  The take off and landing were soft,  not in the least scary or jarring.  Unfortunately, one of the rear passengers got sick.  It did not affect me, but the persons closer did not like that part of the trip.  Very good experience for the money.",Friends,0,2012-08-18, TripadvisorReviewScraper,0,English,1,St. George,UT,United States,1,189,1014,9,0,0.026627218934911243,0.9954,0.264,0.033,1,1,0,0,1,1,0,1,1,0,1,1,0,0,1,0,Other/Unspecified
Deja N,,5,Jul 2024 • Family,Phenomenal!,Loved all the scenery viewed. Really loved the waterfalls and all the different islands. Pilot guide did a great job through the entire flight. Highly recommend.,Family,0,2024-07-23,32_2137_Maui Plane Rides_2025-03-04,0,English,1,,,Unknown,0,26,161,1,0,0.024844720496894408,0.9431,0.416,0.0,0,0,0,0,0,1,0,0,1,0,0,1,0,1,1,0,Airplane
arleneacuna46,"Berkeley, CA",4,Aug 2019,Float Plane ride over the Misty Fjords,"Nice flight, but difficulty hearing the pilot's narration as the headphones did not work well, but the views are always breathtaking....we were fortunate for good weather.",Unknown,0,2019-10-09,17-653-Taquan Air Tours_attraction_review_2025-02-27,0,English,1,Berkeley,CA,United States,1,26,171,7,0,0.005847953216374269,0.6462,0.267,0.148,0,0,0,0,0,0,0,1,1,0,0,1,0,0,1,0,Airplane
Alice M,"Port Jefferson, NY",5,May 2022,Highlight of our Alaska trip!,The staff at K2 was awesome. The pilot was extremely informative and our trip was a bucket list experience. We had the luck of visiting on a perfect weather day too. I highly recommend!,Unknown,0,2022-06-02,K2 Aviation,0,English,1,Port Jefferson,NY,United States,1,34,185,5,1,0.02702702702702703,0.9311,0.34,0.0,0,0,0,0,0,0,0,1,1,1,0,1,1,0,1,1,Other/Unspecified
Shahriar A,,5,Aug 2017 • Couples,"5 star, go for it.",Awesome time . Pilot Eric was great and had some great knowledge of the island . He and the entire staff at Air Ventures are super friendly and nice . Would recommend them to alll . Great work guys . Eric you rock and thanks for letting me be in charge for few mins :).,Couples,0,2017-08-02, TripadvisorReviewScraper,1,English,1,,,Unknown,0,55,269,5,0,0.03345724907063197,0.9858,0.436,0.0,0,0,0,0,0,0,0,0,1,1,0,1,1,0,1,0,Other/Unspecified
Larry v,"Oklahoma City, OK",4,Jun 2017 • Family,ONCE IN A LIFETIME,The tour was awesome. it was worth it. if you have any seconds thoughts forget you will really enjoy this tour.,Family,0,2017-07-11,34_566_attraction_review_2025-03-04,0,English,1,Oklahoma City,OK,United States,1,21,111,4,0,0.009009009009009009,0.8221,0.334,0.067,0,0,1,0,0,0,0,0,0,0,0,0,0,0,0,0,Other/Unspecified
bulldurham70,"Smithville, TN",5,Jun 2011 • Couples,Float plane ride to Misty Fjords,"The flight with Steve to Misty Fjords was the greatest experience a person could ever ask for. Steve and Lesley are the most gracious host we have ever had on our many trips.
If you are planning a trip to Ketchikan,Ak I would strongly recommend SeaWind aviation for my number one adventure.",Couples,0,2012-05-30,SeaWind Aviation,0,English,1,Smithville,TN,United States,1,52,290,6,0,0.041379310344827586,0.9359,0.275,0.0,0,0,0,0,0,0,0,0,1,1,0,1,1,0,1,0,Other/Unspecified
CLT_Love_2_Travel,"Charlotte, NC",5,,Eye Candy!,The plane travels slowly so you have plenty of time to see everything. And I mean everything.  There is so much to see in Kauai and you get close up views that are breath taking.  It is safe as our trip was with a seasoned retired pilot who formerly flew 747’s for American Airlines.  Fun and informative!  Amazing value!!,Unknown,0,2022-01-28,TripadvisorReviewScraper,1,English,1,Charlotte,NC,United States,1,59,322,2,3,0.031055900621118012,0.9228,0.2,0.0,1,0,1,0,0,0,0,0,1,0,0,1,0,0,1,0,Other/Unspecified
Tom N,Orlando,5,Aug 2021,Truly Amazing,We have travelled all over the world and without a doubt this is truly one of the most amazing things we have ever done.  The scenery was incredible.  We had a group of 17 people this activity and everyone of us were in awe.  The pilots were amazing .,Unknown,0,2021-08-30,Talkeetna Air Taxi,0,English,1,Orlando,,Unknown,0,49,251,2,0,0.01593625498007968,0.9216,0.239,0.0,0,0,0,0,0,0,0,0,0,0,0,0,0,0,0,0,Airplane
Mathew L,,5,Sep 2021 • Family,Amazing,I enjoyed this was amazing highly recommended and a wonderful experience. My son flew the plane and wow,Family,0,2021-09-29,32_2137_Maui Plane Rides_2025-03-04,0,English,1,,,Unknown,0,18,103,1,0,0.019417475728155338,0.9513,0.607,0.0,0,0,0,0,0,0,0,0,0,0,1,0,0,0,0,0,Airplane
Poetpoet1,,3,Jun 2016 • Couples,Last minute changes,"We booked online long ago.
The time of the flight and the plane had been change at the last minute. They send us an email3hours before , but when you are travelling you are not on Internet all the time...
We paid 280$ for 2 and they are still expecting a tip!
The views and the tour were fantastic thought",Couples,0,2016-06-15,Kauai Deluxe Sightseeing Flight,0,English,1,,,Unknown,0,60,305,3,1,0.019672131147540985,0.7345,0.085,0.0,0,0,0,0,0,0,0,0,0,0,0,0,0,0,0,0,Airplane
Robin D,,5,Jul 2015 • Family,Brought visiting family on flight,"Unbelievable! Every set of company that comes to AK, we bring to Talkeetna and Talkeetna Air Taxi has consistently given our friends and family great flights. This time we went along and the pilot was fabulous. He created a route through the clouds to fabulous views and a great landing. Staff at check on we're great. And the booties that we borrowed, a great added touch! Thanks again! We'll be back.",Family,0,2015-07-13,Talkeetna Air Taxi,0,English,1,,,Unknown,0,71,402,5,3,0.03482587064676617,0.9871,0.369,0.0,1,0,0,0,0,0,0,1,1,1,1,1,1,0,1,0,Airplane
Meander07387301716,,4,Jul 2018 • Friends,"Great, but small plane !  Worth doing !",The plane is small and hard to get into if you on the heavy side. Hard to get a good photo without the wing struts getting into the way. Feel safe in the plane ! The pilot was friendly ! Would do again if they had a longer flight that went around the mountains ( Mt. Hood or Adams ). Teens and small kids I think would like it !,Friends,0,2019-05-19,20-459_Envi Adventures_2025-02-27,0,English,1,,,Unknown,0,70,328,8,3,0.03048780487804878,0.8904,0.171,0.039,1,0,1,0,0,0,0,0,1,0,1,1,0,0,1,0,Other/Unspecified
mkarren,Saarbrücken,5,Jun 2018 • Couples,Grand Canyon Tour,It was my second trip with Westwind to both rims of the Grand Canyon. Pilotes and guides are very friendly and absolutely know their stuff. Next time I'll do it again..,Couples,0,2018-07-12,34_566_attraction_review_2025-03-04,0,English,1,Saarbrücken,,Unknown,0,31,168,3,0,0.041666666666666664,0.7574,0.183,0.0,0,0,0,0,1,0,0,0,0,0,0,0,0,0,0,0,Other/Unspecified
R_K_Jeeva,"Charlotte, NC",5,Sep 2017 • Friends,Talkeetna Air Tours - A must experience activity,The tour was awesome and had wonderful experience. The glaciers of Denali Park was mesmerizing ones. We could not do the glacier landing as the climate was windy and cloudy. But still we were taken for some extended rounds beyond the point for which we booked.,Friends,0,2017-09-07,Talkeetna Air Taxi,0,English,1,Charlotte,NC,United States,1,46,260,8,0,0.023076923076923078,0.5994,0.1,0.0,1,0,0,0,0,0,0,1,0,0,0,0,0,0,0,0,Airplane
Tamara B,,5,Aug 2014 • Friends,pocket friendly VIP trip,"it was an absolutely amazing tour, the attitude to visitors is unbelievably friendly. This is one of the tours where a Family  business makes you feel really special. There were a couple of extra things, such as complimentary video CD branded with your picture, kukui necklace, live conversation on board of the airplane ... I absolutely enjoyed it when before taking off the captain asked ""2nd pilot"" (you) to read through a check-list before taking off. these guys definitely differentiate!",Friends,0,2014-08-16,Wings Over Kauai Air Tour,0,English,1,,,Unknown,0,80,492,4,1,0.012195121951219513,0.9641,0.223,0.0,0,0,0,0,0,0,0,0,1,0,1,1,0,0,1,0,Airplane
phogland,"Bloomington, NE",5,Aug 2021,K2 flight experience,"We had a wonderful time on our flight. Due to weather conditions, our flight had to change. We were given options, and chose to go ahead and take a shorter trip around the area. However, our pilot Patrick gave us the opportunity to see the top of Denali when there was an opening in the clouds!! We would gladly recommend that visitors take the opportunity to share in this experience. Thanks for a great visit.",Unknown,0,2021-08-14,K2 Aviation,0,English,1,Bloomington,NE,United States,1,75,411,3,2,0.019464720194647202,0.9744,0.29,0.0,0,0,0,0,0,0,0,1,1,0,0,1,0,0,1,0,Other/Unspecified
Tripster4life,"Bellevue, WA",5,Apr 2023 • Family,"Amazing service, awesome views","We booked the Canyonland and arches plane tour with red tail. They were very professional, very friendly and gave ample photo opportunities. I would highly recommend this service for a bird's eye view of the Canyonland park which you can never get on the land!!!",Family,0,2023-04-15,44_470_Retail Air Adventures_2025-03-06,0,English,1,Bellevue,WA,United States,1,45,262,4,3,0.019083969465648856,0.8757,0.2,0.0,0,0,0,0,0,0,0,0,0,0,0,0,0,0,0,0,Airplane
karol452,"Edmonton, Canada",5,Jan 2013 • Solo,Excellent tour,"Bruce was an excellent guide and very informative.  He asked the clients on the plane questions.  We also asked questions about the land.  

A great way to see the island of Kauai.

Lots of chances to take pictures.  Bruce even circled around so we could take more pictures and from a different angle.

Overall fantastic!! Highly recommend",Solo,0,2013-01-30,Wings Over Kauai Air Tour,0,English,1,Edmonton,,Canada,0,57,339,2,2,0.02654867256637168,0.9483,0.249,0.0,0,0,0,0,0,0,0,0,1,0,0,1,0,1,1,0,Airplane
Israel Maxiel,,5,Sep 2021 • Couples,Sunset plane ride,"This experience was one of the best I've ever had! Me and my partner loved it. Eric the pilot and guide was awesome and made us feel comfortable the whole time. I highly recommend this to anyone who wants to see Maui from above. The sunset, clouds, rainbow and landscape from above is something out of this world!",Couples,0,2021-09-03,32_2137_Maui Plane Rides_2025-03-04,1,English,1,,,Unknown,0,58,313,3,2,0.022364217252396165,0.9632,0.266,0.0,1,0,0,0,0,0,0,1,1,0,1,1,0,1,1,0,Airplane
Frank C,"Perth, Australia",5,Jul 2012 • Couples,Great scenery,"We had a great flight out over the Misty Fjords the  scenery was spectacular - Dave our pilot was very Knowlegable -we landed on a very scenic fjord,Dave took all our pictures then had a great flight back to base- all our group were very pleased with this operator. Recommended.",Couples,0,2012-07-19,17-653-Taquan Air Tours_attraction_review_2025-02-27,0,English,1,Perth,,Australia,0,50,278,2,0,0.025179856115107913,0.9216,0.239,0.0,0,0,0,0,0,0,0,0,1,0,0,1,0,0,1,0,Airplane
Mwar1004,"Oklahoma City, OK",5,,Highlight of my trip,"I can't speak for the helicopter tours, but this tour was in a small plane. While I noticed the other helicopters seem to get much closer to the sights, I didn't feel like I missed out on anything. I definately think that the right side of the plane sees more than the left but the seats are assigned for weight and balance purposes. I booked this tour as part of a package with holo holo boat tour and I think the value is incredible. This was the ONLY way for me to view the na Pali coast because the boats weren't able to make it out there during the winter months. My favorite parts were the jurassic park waterfalls and the cathedral cliffs. Joel was my pilot and he was very friendly and informative. This tour is highly recommended!!",Unknown,0,2011-12-04, TripadvisorReviewScraper,0,English,1,Oklahoma City,OK,United States,1,139,740,4,2,0.022972972972972974,0.9406,0.121,0.018,0,1,1,1,0,1,0,0,1,0,0,1,0,0,1,1,Other/Unspecified
Joanne F,,5,Aug 2023 • Family,Wonderful Alaska Experience,"This is a wonderful excursion. My grandson was allowed to ride ""co-pilot""(a highlight of his Alaska trip) The plane ride to the viewing area was beautiful, our naturalist guide was most definitely an ""original"": knowledgeable, independent and just plain fun. Best of all, we saw fishing bears!! We recommend it highly",Family,0,2023-11-02,SeaWind Aviation,0,English,1,,,Unknown,0,51,317,3,2,0.01892744479495268,0.9738,0.354,0.0,0,0,0,0,0,0,0,0,1,0,0,1,0,1,1,1,Other/Unspecified
Rodger B,"Chattanooga, Tennessee",5,Jun 2017 • Solo,An unforgettable adventure.,"Upon arrival, I was greeted by the ladies in the office,  They were pleasant and very helpful.  I did the Mountain Voyager tour with the glacier landing.  The pilot was knowledgeable about the area and environment.  He made sure everyone in the plane was able to get the same great views.  The glacier landing was fantastic and probably the highlight of my trip.  I would recommend this to anyone.",Solo,0,2017-07-28,Talkeetna Air Taxi,0,English,1,Chattanooga,TN,United States,1,69,397,3,0,0.02518891687657431,0.9698,0.287,0.0,1,0,0,0,0,0,0,0,1,1,0,1,1,0,1,1,Airplane
JGHawks,"Maitland, Australia",5,Sep 2015 • Family,Amazing,"We completed a lot of research into which flight we would do over Kauai as a family of 4. Wings over Kauai always came up with the best recommendations with safety and service, which is why we chose them. On arrival to our hotel, I was glad to hear our concierge also recommending them to other travellers! 
We had our deluxe tour booked, but the weather wasn't so great. Bruce and Angel were communicating with us to reschedule an appropriate time which would also improve our chances of beautiful views. We weren't disappointed. We took our tour with Josh as our pilot and he was amazing, friendly and extremely knowledgable on the island. He was so kind and tolerant of our children who asked a lot of amusing questions along the way! 
The service at WOK was excellent and Mary had already emailed us photos by the end of the day. We would recommend Wings over Kauai to anyone wanting a friendly, safe and personable service!",Family,0,2015-09-14,Kauai Deluxe Sightseeing Flight,0,English,1,Maitland,,Australia,0,166,928,1,3,0.022629310344827586,0.9953,0.288,0.027,1,0,0,0,0,0,0,1,1,0,1,1,0,0,1,0,Airplane
NewEnglandTraveler81,New England,5,Aug 2016 • Family,Great family flight!,"Booking was a breeze and front staff is very helpful right up to the day of flight with informing about weather and any changes to flight bookings because of the weather. 
Our pilot Mike was top notch. He was very friendly and a had a plethora of knowledge. We got to see the top of Denali which was awesome - but we couldn't do our glacier landing which obviously is a let down....but I felt safe the whole time with Mike and wouldn't complain at all about it. Refunds are issued for non landings. I am not sure if the company does less expensive stand by flights for those who didn't land, but if they did I would hop on that opportunity if they did. 
My advice is book flight you can afford and book the glacier landing and consider yourself lucky if you get to land!! This is a great company and I recommend to all!",Family,0,2016-08-18,Talkeetna Air Taxi,0,English,1,New England,,Unknown,0,157,819,3,3,0.017094017094017096,0.9832,0.195,0.014,1,0,1,0,0,0,0,1,1,1,1,1,1,0,1,0,Airplane
Ramya L,,5,,Mesmerizing experience,"What can i say…. Just mesmerizing and heavenly experience that everyone must experience in their lifetime. We were a party of 4 with 2 young boys under 11. 

The process of reservation was really easy with trip advisor, I just got to pick the dates and number of people and thats it. They also had a full refund policy within a certain time limit which i felt was super nice as sometime plans dont go as per schedule with young kids. 

Once the reservation is made then you just show up on time at their office in talkeetna which infact  was super clean with nice bathrooms amd front desk staff was super friendly as well.

The experience started on time, the flight took about 1 to 1.30 and laded us on the glacier and we had 15 mins to play around and click some pictures. I wish we had more time on the glacier that was the draw back i had. But anyways i was glad my boys got to experience their first small plane experience and also landing on the glacier experience at same time. Highly recommend to anyone visting Alaska to add this to their bucket list.",Unknown,0,2023-07-29,Talkeetna Air Taxi,1,English,1,,,Unknown,0,199,1060,2,0,0.011320754716981131,0.9818,0.179,0.0,1,0,0,0,0,0,0,0,0,1,1,0,1,0,1,1,Airplane
JaneM0,"Cedar Rapids, IA",5,Mar 2016 • Couples,Loved it!,"My husband is an experienced pilot with over 5000 hours. I thought he would not like being able to fly the plane on his own as another pilot from the tour must go with you.As it turned out he loved it! The tour guide pilot manned the radio while my husband flew the plane. It helped because the tour pilot knew where to go and pointed out the sites as we flew over. It was the highlight of our trip to Kauai. When and if we come back, we will be sure to do this again. 
    Since we have been back I have heard my husband talk about the trip with his pilot/students and I can tell he really enjoyed the flight",Couples,0,2016-03-28,Kauai Deluxe Sightseeing Flight,0,English,1,Cedar Rapids,IA,United States,1,122,609,2,1,0.0180623973727422,0.8853,0.097,0.016,0,0,0,0,0,0,0,0,1,0,1,1,0,1,1,1,Airplane
askauai,"Los Angeles, CA",5,Jul 2018 • Couples,Great way to see the island,"Go for the private tour if you can swing it (up to three people plus the pilot). A very relaxed way to see the beautiful island of Kauai. They do the same loop as the helicopter tours but it’s much quieter (relatively) and you get your own window. Great group of folks too (owners and pilots). Next time, we have to try their supercool biplane...",Couples,0,2018-07-22, TripadvisorReviewScraper,0,English,1,Los Angeles,CA,United States,1,65,346,6,0,0.017341040462427744,0.8846,0.145,0.0,0,1,0,0,0,0,0,0,1,0,0,1,0,0,1,0,Other/Unspecified
user12360898,"Atlanta, GA",5,Aug 2015 • Couples,Grand Denali Tour with glacier landing,"On all the reviews of this type of tour, in all the brochures I picked up about Denali at different places, it said ""on a clear day, drop everything you're doing, spend the money, and go on this tour"". I wavered between skipping it because it's expensive, skipping the glacier landing to save nearly $200, or just going for it. Well, we decided we were just going to go for it. This was one of the best decisions we've made. This tour was 100% once in a lifetime incredible. We weaved in and out of all the mountain peaks and the summit of Mount Mckinley. I didn't know how much I'd love landing on a glacier until we actually did it. Afterall, we'd already driven all the way from Seward where we had seen multiple glaciers on a day cruise, hiked up to exit glacier, and saw even more glaciers on the drive up. What's another glacier? It's completely different when you are up in these incredible mountains near the summit of Mt. Mckinley. This tour made this trip, the trip of a lifetime. Believe the reviews. If you make it that far all the way to Talkeetna, Alaska from wherever you traveled from (for us thousands of miles), don't cheap out now! Bite the bullet, eat granola bars and pbjs the rest of your trip if you have to, and do this tour!!!!!!",Couples,0,2015-08-21,Talkeetna Air Taxi,0,English,1,Atlanta,GA,United States,1,234,1254,6,7,0.019138755980861243,0.9466,0.073,0.009,1,0,1,0,0,0,0,1,0,0,0,0,0,0,0,0,Airplane
Ashok M,,5,Dec 2022 • Family,Awesome experience,I like the city and water view. It was amazing to look at the whole city and beaches from the sky. I wish it could go little lower but there might be limitations.,Family,0,2022-12-25,12-392_Eagles AirLine_attraction_review_2025-02-27,1,English,1,,,Unknown,0,33,162,2,0,0.018518518518518517,0.5494,0.174,0.042,0,0,0,0,0,0,0,0,0,0,0,0,0,0,0,0,Airplane
Jeffrey D,"Seward, AK",5,Nov 2021 • Solo,Epic hour! Must do 😎,Don’t forget to take photos! You’ll be in awe with the scenery. The best bit of my Moab outdoor adventure for sure! Flying over inaccessible parts of Canyonlands NP. Connor did an amazing job of narrating the surrounding area. The entire Redtail team is awesome.,Solo,0,2021-11-18,43_33_Canyonlands National Park Airplane Tour_2025-03-06,1,English,1,Seward,AK,United States,1,45,262,5,2,0.04198473282442748,0.9613,0.338,0.032,0,0,0,0,0,0,0,0,0,0,0,0,0,0,0,0,Airplane
Navigator64052157431,,5,Jun 2020,Excellent Tour,"Because of clouds, we knew we would have the only chance of seeing Denali was by airplane.  Our pilot was so informative and did an amazing job of making sure all of us passengers got to see everything he was pointing out;  It was incredible to see all of these huge mountains and then see Denali.  oh WOW!  Thank you for a wonderful experience!",Unknown,0,2020-07-12,Talkeetna Air Taxi,0,English,1,,,Unknown,0,64,345,2,2,0.02608695652173913,0.9671,0.279,0.0,0,0,0,0,0,0,0,1,1,0,0,1,0,0,1,0,Airplane
Daydream397281,,5,Jun 2021 • Couples,We had the experience of a lifetime!,"We were incredibly lucky. The weather conditions on the mountain were perfect for viewing. We were assigned a flight that was dropping climbers at the 7200 ft base camp. Our pilot Andy was awesome, an experienced pilot who knows and loves the mountain. After we landed on the glacier  and dropped off the climbers with their gear, we continued to get a private personalized tour of all the many features of Denali and her sister mountains, and the glaciers and rock features between them. Andy continually shared his knowledge of everything we were seeing and positioned the plane so we could see it all. An amazing once in a lifetime experience. All the office and ground crew were very friendly and extremely helpful. We give it a 20 star recommendation.",Couples,0,2021-06-07,Talkeetna Air Taxi,1,English,1,,,Unknown,0,130,756,7,0,0.01455026455026455,0.9806,0.188,0.0,0,0,0,0,0,0,0,1,1,1,1,1,1,0,1,0,Airplane
Ellie H,"Ridgeway, Canada",5,Feb 2015 • Friends,Marvelous,"Great flight. The pilot was very informative of all the area, saw several waterfalls ,which I enjoyed coffee fields,Waimea canyon( like the grand canyon)beautiful shorelines rain forests a trip I will never forget.",Friends,0,2015-02-11, TripadvisorReviewScraper,0,English,1,Ridgeway,,Canada,0,33,214,1,0,0.02336448598130841,0.9269,0.368,0.0,0,0,0,0,1,1,0,1,1,0,0,1,0,0,1,0,Other/Unspecified
Nalini57,"Basel, Switzerland",5,May 2018,Mega,"Wir hatten einen sehr beeindruckenden Flug über die Insel. Das Personal ist aussordentlich nett und die Ausführungen von Bruce sind äußerst informativ und spaßig man merkt er ist mit Herzblut bei der Sache.
Jederzeit wieder und ein must.",Unknown,0,2018-05-20,Wings Over Kauai Air Tour,1,German,0,Basel,,Switzerland,0,38,237,1,0,0.04219409282700422,-0.8316,0.0,0.178,0,0,0,0,0,0,0,0,1,0,0,1,0,0,1,0,Airplane
MichaelG5858,"Charleston, SC",5,Nov 2012 • Couples,Flight over Kauai,"The air tour was fantastic! Harry, our pilot, made you feel comfortable and shared so much about the island. The views from the airplane were breathe taking. We will never tour in a helicopter again after this. All the staff were friendly and helpful. Don't forget your camera!!!
An amazing experience!",Couples,0,2012-11-22, TripadvisorReviewScraper,0,English,1,Charleston,SC,United States,1,51,302,3,5,0.023178807947019868,0.968,0.338,0.0,1,1,0,0,0,0,0,0,1,1,0,1,1,0,1,0,Other/Unspecified
Jake G,,5,Oct 2022 • Couples,Amazing Maui Flight,Awesome experience it was a great time to get to fly the plane and get to see all the parts of the island,Couples,0,2022-10-08,32_2137_Maui Plane Rides_2025-03-04,0,English,1,,,Unknown,0,23,105,3,0,0.009523809523809525,0.8481,0.291,0.0,0,0,0,0,0,0,0,0,0,0,0,0,0,0,0,0,Airplane
catdonlow,New York City,5,,Amazing day trip GC West Rim from Phoenix!!!,"We booked this GC day trip from Phoenix as a surprise for our high school and college age kids for Christmas while on vacation in Scottsdale. (Book well in advance as this is one of their busiest times of the year.) Definitely a splurge, but with limited time and never having visited GC as a family, it was so worth it!! Karla, our pilot and guide for the day, was wonderful. Personable, professional and knowledgeable, she was everything you could want for a 7 hour trip to GC. Everything flowed along smoothly and we never felt rushed. Plenty of time to enjoy each aspect of the trip (see other reviews for full descriptions of the day). We departed just in time for a spectacular sunrise and enjoyed the mesmerizing views during our flight to GC. December was a great time to visit, warm enough with layers on and little to no crowds. (Actually, the crowded busses were arriving from Vegas around 12:30, just as we were walking back to the tarmac to hop in our little plane to head back to Phoenix. West Wind 
Air's timing was perfect.) The helicopter rides were fantastic! None of us had ever been in one and the flight to the bottom and then back to the top of the GC did not disappoint. Overall, a superior experience and perfect for any nervous small plane/helicopter travelers because everything was conducted in such a professional manner. Shout out to Lindsey, the WWA's welcome wagon, who called 2 days in advance to confirm, answer any questions and was at the airport with a big smile and warm greeting to help get our day started. This was definitely an awesome experience that we will all remember and would highly recommend.",Unknown,0,2017-12-27,34_566_attraction_review_2025-03-04,0,English,1,New York City,,Unknown,0,292,1641,8,3,0.02254722730042657,0.9967,0.224,0.033,1,1,1,0,0,0,0,1,1,0,1,1,0,1,1,0,Other/Unspecified
901pascal,"Paris, France",5,Aug 2016 • Family,Un grand moment !,"Un embarcadère au bout d'un parking cabossé, un appareil qui n'a plus d'âge, mais alors, quelle expérience !
1 heure au dessus de Miami du sud au nord et retour avec toute la côte en CinémaScope et jusqu'au bout de Biscayne National Park avec les requins et les raies mantas.
Avec toutes les explications nécessaires de la part de notre pilote, ce fut vraiment un grand moment.",Family,0,2016-08-31,46_376_Miami Seaplane Tours_2025-03-06,0,French,0,Paris,,France,0,67,377,4,1,0.021220159151193633,0.5093,0.049,0.0,0,0,0,0,0,0,0,0,0,0,0,0,0,0,0,0,Airplane
crow330,"New York City, NY",5,Aug 2023 • Family,Do not miss this one!,"SeaWind Aviation - I'm not sure I can even give this company a good enough review!  I've never been more impressed by customer service, reliability and the excursion itself was just breathtaking.  I felt so taken care of with this company.  I traveled with my husband and our 8 year old daughter.  All three of us were very happy to have had such a unique experience.  Besides the easy sign up and communication with the company, they even made it seamless to get to their dock.  They picked us up right at our cruise ship and brought us to their very nice and comfortable facility that was complete with water station and beautiful, clean bathrooms.  We got onto the seaplane and the magic started before liftoff.  What a once in a lifetime experience!  We got a great tour of Misty Fjords and lots of information about the area.  You can see straight down through the convex windows - literally a bird's eye view.  We felt safe and it was exciting (although it was chilly in the seaplane - bring a sweater).  After the tour, we were driven right into town and told exactly how to get back to our cruise ship - it was really easy.  Touring with this company was seamless.  I'm not sure exactly, but it felt like a famliy run business that takes great pride in its company.",Family,0,2023-09-10,SeaWind Aviation,0,English,1,New York City,NY,United States,1,231,1273,5,2,0.016496465043205028,0.9861,0.173,0.02,1,0,0,0,0,0,0,0,0,0,1,0,0,0,0,0,Other/Unspecified
Gaelbitt,"Austin, TX",5,Sep 2018 • Couples,Canyon Lands & Arch’s National Park Flying Tour,"Wonderful experience! 
Great pilot, service was too!
Highly recommend doing this especially for first time visitors to Moab!",Couples,0,2018-09-09,44_470_Retail Air Adventures_2025-03-06,1,English,1,Austin,TX,United States,1,18,124,8,3,0.03225806451612903,0.9094,0.433,0.0,0,0,0,0,1,0,0,0,1,0,0,1,0,0,1,0,Airplane
EllChiz,"London, England",5,Aug 2019 • Family,Great experience,"Highly recommend. 
Surprise for my sons 10th birthday 
Great pilot, great views of everything. 
Thanks very much!!",Family,0,2019-08-22,36_854_Seaplane Adventures_2025-03-04,0,English,1,London,,United Kingdom,0,17,114,2,2,0.03508771929824561,0.9506,0.584,0.0,0,0,0,0,0,0,0,0,1,0,0,1,0,0,1,1,Airplane
Lucrecia Ayala,,5,Aug 2021 • Family,Perfect!!,"It was amazing. The flight, the pilot, the attention. I always choose this company every time family visits. Always have great experiences",Family,0,2021-08-15,32_2137_Maui Plane Rides_2025-03-04,1,English,1,,,Unknown,0,22,138,1,0,0.028985507246376812,0.836,0.294,0.0,0,0,0,0,0,0,0,0,1,0,1,1,0,0,1,0,Airplane
Chuck H,"Seattle, WA",5,Jan 2018 • Couples,Great trip,Had a great time on this flight. The pilot was very knowledgeable and very fun. The flight was a bit bumpy due to weather but the pilot really calmed our nerves. It was cool to see the island from the air and I recommend it.,Couples,0,2018-02-04, TripadvisorReviewScraper,0,English,1,Seattle,WA,United States,1,45,224,2,0,0.022321428571428572,0.9168,0.281,0.038,0,0,0,0,0,0,0,1,1,0,0,1,0,0,1,0,Other/Unspecified
marvin195,"Plainview, New York",5,Nov 2016 • Couples,Great trip,"From the time that we arrived, the staff did everything possible to make us welcome and comfortable. The guide/pilot Kevin was excellent and wanted to make sure that all had a great experience. The flight was smooth and comfortable and we saw awesome sights of Kauai. Would definely recommend this to all.",Couples,0,2016-11-19, TripadvisorReviewScraper,0,English,1,Plainview,NY,United States,1,52,305,2,0,0.019672131147540985,0.9783,0.38,0.0,1,0,0,0,0,0,0,0,1,1,0,1,1,1,1,0,Other/Unspecified
Lorna S,Eilean Siar,5,Sep 2016 • Couples,Dream come true,"Chuck was a terrific pilot, sharing his knowledge and love of Alaska as he skilfully flew us close to glaciers and waterfalls and swooping back down to land on the fjord.I have landed in a Twin Otter on the beach on the Isle of Barra Scotland and landing in an Otter with floats on glassy fjord was every bit as good and just  a wee bit more 😊😊😊 one very happy person. Thank you Chuck, oh and we enjoyed your choice of music too😊👍",Couples,0,2016-09-19,17-653-Taquan Air Tours_attraction_review_2025-02-27,0,English,1,Eilean Siar,,Unknown,0,84,430,3,0,0.02558139534883721,0.9721,0.238,0.0,1,0,0,1,0,1,0,0,1,0,0,1,0,0,1,0,Airplane
Maria,,5,Jul 2020 • Couples,Amazing experience,"Flight was smooth and the scenery breathtaking!
Pilot was awesome! So glad I booked this trip, worth every penny!",Couples,0,2020-07-13,20-459_Envi Adventures_2025-02-27,0,English,1,,,Unknown,0,19,113,2,3,0.035398230088495575,0.9212,0.485,0.0,1,0,1,0,0,0,0,0,1,0,0,1,0,0,1,0,Other/Unspecified
Margherita G,"Castiglione Della Pescaia, Italy",5,Aug 2018 • Family,piccolo aereo.. grandi emozioni!,"bellissima esperienza 
Gran Canyon spettacolare da questo punto di vista privilegiato. 
Organizzazione perfetta, personale molto gentile e disponibile, aeroporto vicinissimo a Tusayan.",Family,0,2018-08-29,8 -690_Grand Canyon Scenic Airlines_2025-02-27,0,Italian,0,Castiglione Della Pescaia,,Italy,0,22,184,4,0,0.021739130434782608,0.0,0.0,0.0,0,0,0,0,1,0,0,0,0,0,0,0,0,0,0,0,Airplane
Lori T,,5,Aug 2023 • Couples,Denali flight with glacier landing,Totally worth the money. We are locals and did the trip with a glacier landing. Great customer service all around. Pilot did a great job pointing things out and giving local history. If you can do the glacier landing we highly recommend it.,Couples,0,2023-08-06,23_327_Denali Flyer Flightseeing Tour from Talkeetna 2025-02-27,1,English,1,,,Unknown,0,43,240,5,0,0.020833333333333332,0.9391,0.302,0.0,1,0,1,0,0,0,0,0,1,0,0,1,0,0,1,0,Airplane
Stutz007,"Bradenton, FL",5,Jun 2015 • Friends,Best part of out trip to Alaska-June 2015,"Our pilot, Richard, flew us 10,000 feet up to Mt McKinley and landed us on a glacier inside the mountain.  For about half an hour we walked around, took pictures, had snowball fights..........and the temperature was in the 70s!

Recommend all not to miss this excursion..................it was spectacular!",Friends,0,2015-07-03,Talkeetna Air Taxi,0,English,1,Bradenton,FL,United States,1,48,306,8,2,0.02287581699346405,0.5466,0.091,0.0,0,0,0,0,0,0,0,0,1,0,0,1,0,0,1,0,Airplane
Nicole C,"San Francisco, CA",5,Oct 2021,Book it now! Great experience!,"We booked this trip on my birthday. And it was amazing experience. We choose to see the world biggest sea cliff. And the pilot was great , he let me took off the plane😎",Unknown,0,2021-11-12,32_2137_Maui Plane Rides_2025-03-04,1,English,1,San Francisco,CA,United States,1,34,168,5,0,0.023809523809523808,0.836,0.203,0.0,0,0,0,1,0,0,0,0,1,0,0,1,0,0,1,1,Airplane
andreaibrahim64,"Zurich, Switzerland",5,Aug 2017 • Family,Wings Over Kauai Tour,"Absolut schön, habe noch nie eine derart tolle Landschaft gesehen. Bruce und Sabrina arbeiten sehr professionell. Wurden von beiden herzlich empfangen. Pilot Bruce gab uns ein sicheres Gefühl beim fliegen. 
Wings Over ist excellent!!!
Zu 100% empfehlenswert.",Family,0,2017-08-14,Wings Over Kauai Air Tour,0,German,0,Zurich,,Switzerland,0,37,258,4,3,0.04263565891472868,0.6784,0.113,0.0,0,0,0,0,0,0,0,0,1,0,0,1,0,0,1,0,Airplane
Chris Mu,"San Francisco, CA",5,Oct 2021 • Friends,It was great,"This was an amazing trip, the guide is very knowledgeable about the area, gave us some awesome low passes and even let me take the wheel for a little bit. 100% once in a life time trip, or twice if you come back 😉",Friends,0,2021-10-28,31_745_aMaui -PRIVATE- Air Tour 5 Islands (2-5 people) SEE Even MORE!_2025-03-02,1,English,1,San Francisco,CA,United States,1,44,213,3,0,0.004694835680751174,0.7783,0.165,0.044,0,0,0,0,0,0,0,0,1,0,0,1,0,1,1,0,Airplane
Kat P,"Austin, TX",5,Jan 2020,The Highlight of Kauai!,"Before I discuss the actual tour, a bit about Wings Over Kauai... Due to no problem of theirs, I screwed up the booking of this tour about four times. I was constantly confused of the dates and times we were available. I was a real headache, I'm sure. I spoke with a Wings Over Kauai employee (Mary?) several times, and she put up with my constant mistakes like a pro. By the time I'd finally got things settled, I was already convinced this organization was excellent.

Now to the trip... Kauai weather is fickle and we had a morning flight. The staff showed us a map of the winds and live videos to completely prepare us for risks of partial visibility or turbulence. They offered to rebook us for a different time or day if we had any problems. We chose to go ahead with the flight.

Our pilot (Mark?) was funny and happy to take a minor detour when he saw whales breaching off the Na Pali coast. The views are absolutely outstanding, and due to our altitude and flghtplan, we were able to see more than we would have in a helicopter tour. We experienced turbulence (which we were warned about), but Mark was amazing at the helm.

Would definitely do again! We recommend doing this as early into your trip as possible to get a scenic overview (no pun intended) of Kauai!",Unknown,0,2020-01-23,Kauai Deluxe Sightseeing Flight,0,English,1,Austin,TX,United States,1,235,1273,4,2,0.025923016496465043,0.9485,0.113,0.057,0,1,0,1,0,0,1,1,1,1,0,1,1,0,1,1,Airplane
Grant73,"London, UK",5,Oct 2019 • Solo,Fantastic!!,"A seaplane trip was a bucket list thing for me and Seaplane Adventures delivered perfectly.
Ana in reception was super friendly and helpful and our pilot (Jerome) was so friendly and helpful and full of so much knowledge about the SF Bay and surrounding area.
As a plane geek the change to fly in a Beaver was a huge highlight.
I’d recommend the Norcal tour.
Will be the best money you’ll spend in a long while.",Solo,0,2019-10-04,36_854_Seaplane Adventures_2025-03-04,1,English,1,London,,United Kingdom,0,76,411,1,0,0.031630170316301706,0.985,0.362,0.019,0,0,0,0,0,0,0,0,1,1,0,1,1,0,1,1,Airplane
Roy A,"Lake D'arbonne, Louisiana",5,Oct 2015,K2 Aviation is the best,K2 Aviation is top notch and the best way to see Wild Alaska.  As a pilot myself i can say that K2 is very professional and safe.  Theglaziers landing was fantastic.,Unknown,0,2015-10-13,K2 Aviation,0,English,1,Lake D'arbonne,LA,United States,1,31,165,5,0,0.04242424242424243,0.9147,0.338,0.0,1,0,0,0,0,0,0,0,1,0,0,1,0,0,1,0,Other/Unspecified
Wanderingfarang,"Norfolk, VA",5,,Great Tour,My wife and I are on our honeymoon and we took the Wings over Kauai tour. It was an excellent value and the staff was knowledgable and fun. Great tour! Thanks!,Unknown,0,2012-02-27,Wings Over Kauai Air Tour,1,English,1,Norfolk,VA,United States,1,31,159,2,2,0.0440251572327044,0.9515,0.405,0.0,0,0,1,0,0,0,0,0,0,1,1,0,1,0,1,1,Airplane
Melissa A,,5,Sep 2024 • Family,Worth every penny!,Worth every penny! Outside of major life events this is a highlight of our life experiences. Asa was a great pilot along with Danielle (pilot in training) and Corey was very friendly and helpful in the office. We wanted to go on another flight immediately. 😁,Family,0,2024-09-14,Grand Denali Flightseeing tour from Talkeetna,1,English,1,,,Unknown,0,46,258,3,1,0.023255813953488372,0.9354,0.286,0.0,0,0,1,0,0,0,0,0,1,1,0,1,1,0,1,1,Airplane
Doug S,"Bonita Springs, FL",5,Jul 2013 • Friends,Do this even if it means you don't do anything else.,"We booked this directly with Bev at TAT and got a great deal on the best flight. Jonathan, was beyond outstanding and the plane was just as sound. There are not enough words to adequately describe the views of the mountains and the experience of landing on the glacier. Jonathan's, knowledge and narration throughout the flight also added to this unbelievable experience.",Friends,0,2013-07-23,Talkeetna Air Taxi,0,English,1,Bonita Springs,FL,United States,1,62,371,11,0,0.0215633423180593,0.936,0.201,0.0,1,0,1,0,0,0,0,0,1,0,0,1,0,0,1,0,Airplane
Bob J,"Missoula, MT",5,Apr 2013 • Family,An experience of a lifetime.,"We have spent two vacations in Kauai and have done all the attractions.  This is the #1 - it puts the island in a beautiful perspective.  The pilot, Harry, was very informative and knowledgible of the history of Kauai.  $$ wise the best bargain of my lifetime.",Family,0,2013-04-14, TripadvisorReviewScraper,0,English,1,Missoula,MT,United States,1,47,260,5,0,0.023076923076923078,0.9413,0.283,0.0,0,0,0,0,0,0,0,0,1,0,0,1,0,0,1,0,Other/Unspecified
Arkybob,"Kansas City, MO",5,Jan 2012,Best air tour on the Island,"If you go to Kauai you have got to contact Ellen and Bruce at Wings over Kauai.
Family run business and you are treated like a new member of that family.
Best 70 minutes that we spent while on Kauai. The views and attention to detail can't be beat.
Bruce gave us a breathtaking tour of the Island with a ton of local knowledge that resulted in a spectacular morning!",Unknown,0,2012-02-02,Wings Over Kauai Air Tour,0,English,1,Kansas City,MO,United States,1,70,366,6,1,0.03278688524590164,0.8748,0.137,0.0,0,0,0,0,0,0,0,0,1,0,1,1,0,0,1,0,Airplane
Brian L,"Boston, MA",5,Nov 2018 • Friends,This is how you should see Kauai,"What a wonderful way to see the island! We took the private 2-person tour on the Cessna and were treated like family. Capt. Bruce (he’s also Dr. Bruce, a retired research scientist!) and Val were very professional and took good care of us. We were unsure of this morning’s trip as the weather forecast was not looking good. Rain and clouds were about to roll in when we got to the airport. Val greeted us cheerfully, checked us in and went through the safety briefing with us thoroughly. I immediately knew that they took safety seriously. We then waited as we were early for our scheduled departure. It started to rain shortly thereafter and Bruce then called us into the office and showed us the big rain clouds over the Lihue & Hanalei area on the computer. He was very honest and told us that we will likely not have clear views over some areas. So he gave us a choice to reschedule, a refund or to go ahead with the tour (assuring us it was safe to do so). What an honest and professional business! We decided to go ahead and was prepared for a less than stellar experience. Boy, were we wrong! While it was cloudy, the sights were still wonderful as Bruce expertly navigated through the clouds and showed us the spectacular Na Pali Coast and the breathtaking Waimea Canyon. We had to turn around at Hanalei due to the storm clouds (again safety first!) while some other operators decided to go through the area. I knew this as I could hear all the chatter over the radio. A couple others did turn around and followed Bruce’s lead. He must be well respected by the flying community! We made it back to Lihue airport safely with full of wonderful memories. Thank you Bruce for your wonderful sense of humor and knowledge about the island. I enjoyed being your “co-pilot”!",Friends,0,2018-11-10,Kauai Deluxe Sightseeing Flight,0,English,1,Boston,MA,United States,1,322,1775,7,7,0.023098591549295774,0.996,0.199,0.025,1,0,0,1,1,0,0,1,1,1,1,1,1,0,1,0,Airplane
dianem163,Kingsford,5,Jan 2013 • Couples,beautiful!,"We went with wings over kauai on january 21st. We had a wonderful time and the scenery was just wonderful. I highly recommend this flight very good company and the price is perfect. We saw the napali coast, the canyon, in fact the whole island.Great staff, very proffesional. Thank you so much!!!",Couples,0,2013-02-05,Kauai Deluxe Sightseeing Flight,0,English,1,Kingsford,,Unknown,0,52,296,1,3,0.02027027027027027,0.9672,0.32,0.0,0,0,1,1,1,0,0,0,0,1,0,0,1,0,1,0,Airplane
christy w,,5,Oct 2015,Awesome,We really enjoyed our helicopter ride over the Grand Canyon.  Beautiful views.  Our pilot was knowledgeable and friendly.  Loved it.,Unknown,0,2015-12-16,10-1549_Marverick Helicopter_attraction_review_2025-02-27,0,English,1,,,Unknown,0,20,132,1,0,0.045454545454545456,0.9558,0.54,0.0,0,1,0,0,1,0,0,0,1,0,0,1,0,0,1,0,Helicopter
Shannon J,"Dripping Springs, TX",5,Jun 2013 • Family,Hard to overestimate the experience.,"We had a great flightseeing tour with K2. We went around and over several peaks, flew down several glacial flows, and had a glacier landing. It was a great experience and was worth every penny. It is a memory that my husband, 8 year old daughter, and I will have forever. The pilot was very laid back but safety conscious and really augmented our experience with unobtrusive info and responses to questions. Highly recommended.",Family,0,2013-12-03,K2 Aviation,0,English,1,Dripping Springs,TX,United States,1,74,427,5,0,0.01873536299765808,0.8977,0.17,0.0,1,0,1,0,0,0,0,0,1,0,1,1,0,0,1,0,Other/Unspecified
Dbecker,,5,Apr 2021 • Family,Best day ever!,Our pilot and tour guide Dan was awesome! We had the most incredible day! Dan was on top of everything and ensured that we beat the long lines while still having ample time at our Grand Canyon stops. Having someone who is knowledgeable about how everything works and able to execute the timing is invaluable. He also had extensive knowledge of the history of the Canyon and pointed out some extraordinary things along the way. The short plane ride to the Canyon was narrated and filled with lots of interesting information to go along with the incredible views. The helicopter down to the base and the boat ride was the icing on the cake. Can’t recommend this company enough! Call and book directly. Not only will you save on the booking fee the agent was very knowledgeable and answered all of our questions. A top notch company. Will definitely use them again!,Family,0,2021-04-09,34_566_attraction_review_2025-03-04,0,English,1,,,Unknown,0,152,862,3,4,0.019721577726218097,0.9655,0.138,0.01,0,1,0,0,1,0,0,0,1,1,0,1,1,1,1,0,Other/Unspecified
Mary W,"Quetzaltenango, Guatemala",5,Mar 2022,Great Scenic Tour with a Great Pilot/Guide,"I liked that Chris, our pilot, showed us on a map where we would go on our plane trip before we took off. We had visited Canyonlands the day before, but we saw so much more on this  flight: many wilderness areas that were inaccessible to us any other way. It is amazing the beautiful scenery -- so many shapes and colors of rocks. Our pilot gave a good narration and pointed out things to photograph. As we flew over Arches, he also pointed out arches and gave us the chance to take pictures. Loved this tour and would highly recommend it.",Unknown,0,2022-03-29,44_470_Retail Air Adventures_2025-03-06,0,English,1,Quetzaltenango,,Guatemala,0,102,539,7,0,0.016697588126159554,0.9832,0.232,0.0,0,0,0,0,0,0,0,0,1,0,0,1,0,1,1,0,Airplane
ndela123,"Springfield, MA",5,Jun 2014 • Friends,First Class,"TAT is clearly one of the leaders in glacier landings from Talkeetna. We took them in and out of base camp for our Denali expedition, and they were superb. One passenger gets to sit inthe co-pilot seat, and that was a very cool perspective. They are also the company that runs the schedule at ""Kahiltna International"" on the glacier. I trusted them with my life, and would do it again.",Friends,0,2014-06-30,Talkeetna Air Taxi,0,English,1,Springfield,MA,United States,1,70,385,2,0,0.02857142857142857,0.9099,0.163,0.0,0,0,0,0,0,0,0,0,1,0,0,1,0,0,1,0,Airplane
Wendy B,,5,,Fun in Alaska,"Amazing tour guide and Max the pilot were very nice and accommodating.
Loved how knowledgeable Kim was about the plants and animals native to the area. Both were very kind and helpful my friend who had issues walked!!
Loved the trip.",Unknown,0,2024-07-29,SeaWind Aviation,1,English,1,,,Unknown,0,41,233,3,2,0.02575107296137339,0.9782,0.426,0.0,0,0,0,0,0,0,0,0,1,0,1,1,0,1,1,0,Other/Unspecified
evelenie,,5,Sep 2017 • Friends,Trip of a lifetime,Best trip ever. You don't want to miss this. To be able to fly so close to the mountains and land on a glazier is just amazing. Pilot is very knowledgeable. The employees are great and so helpful. Plan your trip early on your vacation in case of bad weather you can reschedule. You don't want to miss this!!!,Friends,0,2017-09-20,Talkeetna Air Taxi,0,English,1,,,Unknown,0,59,308,4,3,0.022727272727272728,0.9327,0.257,0.08,0,0,0,0,0,0,0,1,1,0,0,1,0,0,1,0,Airplane
John O,"Cambridge, UK",5,Jan 2014 • Couples,Best way to see the island,Amazing! Definitely the highlight of the 4 islands we visited and the best way to see the geography of Kauai. I am a private pilot from the UK and so had a flying lesson with my wife as a passenger- I would recommend doing this to any pilots of anyone with an interest in flying.,Couples,0,2014-11-20,Wings Over Kauai Air Tour,0,English,1,Cambridge,,United Kingdom,0,55,279,6,1,0.025089605734767026,0.9577,0.305,0.0,0,0,0,0,0,0,0,0,1,0,1,1,0,0,1,1,Airplane
Chris V,,5,Apr 2023 • Couples,Miami private sky trip,"Amazing experience, really good pilot. Highly recommend it! Insane views and really good journey. Recommend it for everyone visiting Miami",Couples,0,2023-04-14,12-392_Eagles AirLine_attraction_review_2025-02-27,0,English,1,,,Unknown,0,20,138,4,1,0.036231884057971016,0.9197,0.486,0.09,0,0,0,0,0,0,0,0,1,0,0,1,0,0,1,0,Airplane
Brett E,"Albuquerque, United States",5,Jun 2018 • Family,Denali flight tour,"We had scheduled the grand tour with glacier landing, but weather was not cooperating.  They offered us a different route viewing glaciers.  Disappointed, we decided to give the alternate a try.  Very glad we did.  Our pilot, Dan was exceptional.  Awe inspiring views.  Very happy with flight.",Family,0,2018-06-22,K2 Aviation,0,English,1,Albuquerque,,United States,1,47,293,3,0,0.027303754266211604,0.9096,0.261,0.069,1,0,0,0,0,0,0,1,1,0,0,1,0,0,1,0,Other/Unspecified
Ari K,,5,May 2021 • Friends,Seaplaning for my Birthday,I did this seaplane trip for my 16th birthday with a couple friends. It was super fun and made my birthday. The pilot was really nice and informative as well.,Friends,0,2021-05-27,36_854_Seaplane Adventures_2025-03-04,0,English,1,,,Unknown,0,30,158,4,0,0.0189873417721519,0.9381,0.402,0.0,0,0,0,0,0,0,0,0,1,0,1,1,0,0,1,1,Airplane
Heather,,5,Sep 2021 • Couples,Awesome experience!,We had a great time! It was the most memorable thing we did on our entire trip! Garrett was an excellent pilot and guide. We would highly recommend K2 Aviation!,Couples,0,2021-09-20,23_327_Denali Flyer Flightseeing Tour from Talkeetna 2025-02-27,1,English,1,,,Unknown,0,30,160,2,3,0.0375,0.9094,0.306,0.0,0,0,0,0,0,0,0,0,1,0,0,1,0,1,1,0,Airplane
Scenic57110252063,,5,Oct 2018 • Couples,Wow! What a tour.,"We took the private tour. It is fabulous! The pilot, Ray, and his wife treated us royally. The views from the air were just great. No way we could have seen Kauii any other way.

These folks are the best.

Suzanne and Jim",Couples,0,2018-11-08,TripadvisorReviewScraper,0,English,1,,,Unknown,0,43,221,4,1,0.04524886877828054,0.8955,0.225,0.041,0,0,0,0,0,0,0,0,1,0,1,1,0,0,1,0,Other/Unspecified
Charles C,"Colorado Springs, CO",5,Oct 2015 • Couples,"Great Value, Great Tour","Kauai is our favorite island. There’s just something different about it. It has a different feel, a different vibe. Maybe it’s the chickens everywhere, or the cattle or the more mature landscape. Just not sure. From the air, it’s gorgeous. We flew Wings Over Kauai. Very, very nice people. We were very lucky in that the other people on our flight cancelled, so we had the entire Caravan to ourselves. Bruce, the owner, was our pilot. We took off on 30, NW, turned right and circled the island clockwise. Got great pictures during a flyover of the Crown at dock. The day was partly cloudy with clouds and rain over the center of the island. The water was pure aqua blue, the coastline just picture perfect rocks and white spray and the green of the trees contrasting with the red of the soil could not be done justice in a photo. We cut inland up Wameia Canyon, saw the Jurassic Park waterfall, flew inland of the Pacific Missile Test Range main base, but cut back out over the ocean just before we go to the northern most telemetry radars sitting on top of one giant cliff. 

Flew along the Napoli Coast. Saw the trail wind its way through the cliffs, on top of huge sea caves and along knife edge ridges of rock. Broke back over the northern coast over the resorts and golf courses and the locations they filmed Jurassic World. Cut around the NW part of the island, flew a circle around the Fantasy Island waterfall, saw the cattle grazing in almost chartreuse meadows, flew back over the ship and landed back on runway 30. The whole trip was about 70 minutes, at a ground speed of around 90mph. Judy filmed the whole thing with the action cam, and I took about 160+ stills. We also ordered a video of the flight. They had GoPro’s on each wing. 

This was one of the best value excursions we’ve ever had in Hawaii. Judy did get a little queasy coming around the hills to the NW of the airport. The air was a bit bumpy, but not bad at all. Nothing like the helicopter we took in Juneau in 2001.",Couples,0,2015-10-26,Kauai Deluxe Sightseeing Flight,1,English,1,Colorado Springs,CO,United States,1,370,1995,4,0,0.02857142857142857,0.956,0.091,0.046,0,1,1,1,1,1,0,1,1,0,0,1,0,0,1,0,Airplane
Anabelchen,Graz,5,Aug 2012 • Family,wenn man persönliche Betreuung schätzt,"Dank unserem wunderbaren Piloten BRUCE konnten wir die Trauminsel KAUAI
auf unserem über 70minütigem Flug von einer ganz tollen Seite kennenlernen - er brachte uns
auch sehr zum Schmunzeln mit diversen Erzählungen und Anekdoten - wir können ihn und seinen Rundflug sehr empfehlen - jederzeit wieder!!",Family,0,2013-01-28,Wings Over Kauai Air Tour,0,German,0,Graz,,Unknown,0,46,300,5,2,0.06333333333333334,-0.6688,0.0,0.096,0,0,0,0,0,0,0,0,1,0,0,1,0,0,1,0,Airplane
Geli2460,"South Barrington, IL",5,Jun 2011,Seawind gets my highest recommendation,"I heard good things about Seawind aviation in Ketchikan from this site and I booked a flightseeing to Misty Fjord in June. 

The experience was unbelieveable. The scenary was great. It was rainy that day, but Ketchikan has more than 100feet of rain a year, so I guess I should not complaint.

One thing worth special mention is Leslie, who is the wife of the pilot. She is so friendly. We planed to visit Totem Park after the flight seeing, and she actually drove us to the park!!! It not only saved us money but also saved us valuable time, since the cruise ship we were on only stay for 8 hours (coral princess). 

I highly recommended trying Seawind. It is simply the best.",Unknown,0,2011-08-12,SeaWind Aviation,0,English,1,South Barrington,IL,United States,1,124,676,5,3,0.034023668639053255,0.9793,0.223,0.05,0,0,1,0,0,0,0,1,1,0,1,1,0,0,1,0,Other/Unspecified
Joey A,,5,Jul 2018 • Solo,FANTASTIC VFR Private Flying Lesson with Captain Bruce!,"I was lucky enough to take a private VFR flying lesson with Captain Bruce in his Cessna. Captain Bruce is an excellent pilot who taught me some really valuable must know info with regard to flying VFR flights in Kauai as well as a few new general things/tips that will help me before I solo.  His Cessna was clean and flew very smooth.  I suspect he takes excellent care of his planes.  I highly recommend taking a flight with Wings Over Kauai whether its a tour or a private lesson. It is truly the best place in the world to fly. Period.

-Joe Amar, Los Angeles, 7/1/18",Solo,0,2018-07-09,Wings Over Kauai Air Tour,1,English,1,,,Unknown,0,107,571,8,0,0.047285464098073555,0.9845,0.279,0.02,1,0,0,0,0,0,0,0,1,0,0,1,0,0,1,0,Airplane
Amy L,,5,May 2022,Amazing views!,"Amazing Views of the surrounding area!! Found out at hotel pick up  we wouldn't be able to land on the glacier due to extreme fog.  Disappointed but understand they can't control the weather! Dorothy was our pilot and she was great! Made it a fun experience explaining fun facts of the area and for small plane, Very smooth take off and landing! :) Would highly recommend this company as we looked at another flightseeing company out of Denali, to attempt a Glacier landing, and it was considerably More $$ for the exact same experience!",Unknown,0,2022-05-29,5 -Denali Experience Flightseeing Tour from Talkeetna_2025-02-27,0,English,1,,,Unknown,0,94,537,2,6,0.020484171322160148,0.9793,0.229,0.018,1,0,0,0,0,0,0,1,1,0,0,1,0,0,1,0,Airplane
Fernanda G,,5,May 2019 • Family,Incredibly Fun,What an amazing ride. The kids loved it. Great way to see the valley and the pilot was friendly and knowledgeable,Family,0,2019-05-09,32_2137_Maui Plane Rides_2025-03-04,1,English,1,,,Unknown,0,21,113,2,0,0.02654867256637168,0.9432,0.469,0.0,0,0,0,0,1,0,0,0,1,0,1,1,0,0,1,0,Airplane
MY DUST BAG C,,5,May 2023 • Couples,Definitely perfect,"Amazing moment ! The pilot and the team are really nice, the flight was perfect ! We took the one hour tour with champagne ! Highly recommand",Couples,0,2023-05-04,12-392_Eagles AirLine_attraction_review_2025-02-27,1,English,1,,,Unknown,0,27,141,2,3,0.028368794326241134,0.9283,0.406,0.0,0,0,0,0,0,0,0,0,1,0,0,1,0,0,1,0,Airplane
umrowe,"Oxford, MI",5,Jul 2018 • Couples,Awesome Experience  and Great Pilot!,"Our original intent for booking this excursion was to secure sold-out Alcatraz Tour tickets.  Wow . . . we we pleasantly surprised by how much we enjoyed the seaplane tour.  The 30 mins(+) we spent was a blast.  The pilot/guide was professional, engaging, funny and very knowledgeable.  He even circled a spot in the bay to allow our group to see a surfacing whale!  We learned things about the history and the present about the area that we had never heard before.  And, of course, we saw S.F. from a perspective that few get to see.  This is much more enjoyable than a 10-15 helicopter ride.  

This ended up the highlight of our 4 days in the city.  Highly recommend it!",Couples,0,2018-07-11,36_854_Seaplane Adventures_2025-03-04,0,English,1,Oxford,MI,United States,1,121,673,5,2,0.020802377414561663,0.9834,0.248,0.0,0,1,0,0,0,0,1,0,1,0,0,1,0,1,1,1,Airplane
MK1,"New Delhi, India",5,,Awesome excursion! Highly recommended,"We stepped off our cruise ship and chose this tour as it sounded good and reasonably priced compared to price on board the ship where we had not booked earlier. We were immediately transported from there in a mini van to the Taquan flying area. After a very short wait where we could have coffee or use the restroom we were allotted a plane and pilot. We were a group of 9 all together and were allotted one of the larger seaplanes. Our pilot was Adam - an experienced flier who also gave us great commentary and had a great sense of humour! He landed on a fjord too and we got a great view and photos!
All in all it was a great experience - one not to be missed!",Unknown,0,2018-06-19,17-653-Taquan Air Tours_attraction_review_2025-02-27,0,English,1,New Delhi,,India,0,131,663,4,3,0.013574660633484163,0.978,0.182,0.0,0,0,1,0,0,0,0,0,1,0,0,1,0,0,1,0,Airplane
Georgeann L,,5,Sep 2022,flight was canceled but customer service was outstanding,"Unfortunately, our flight was canceled due to weather.  we appreciate their commitment to safety.  and the staff was so professional.  they gave us options of rebooking or canceling but we had to cancel due to our plans to travel home the next day.  they were friendly and easy to work with and gave us tips on things to do in the area with our new found free time.",Unknown,0,2022-09-19,23_327_Denali Flyer Flightseeing Tour from Talkeetna 2025-02-27,0,English,1,,,Unknown,0,68,365,8,0,0.0027397260273972603,0.9319,0.22,0.051,1,0,0,0,0,0,0,1,0,1,0,0,1,0,1,0,Airplane
Compass666384,,5,Aug 2016 • Friends,Great flight,We did this sorta of last minute and wow was it worth the money sights you will never see I would suggest this for everybody FANTASTIC FANTASTIC,Friends,0,2016-08-27,K2 Aviation,0,English,1,,,Unknown,0,27,144,2,0,0.1388888888888889,0.9368,0.395,0.0,0,0,1,0,0,0,0,0,0,0,0,0,0,0,0,0,Other/Unspecified
Michael B,"Lake Oswego, OR",5,Mar 2024 • Couples,Worth every minute,Amazing pilot and beautiful views! We saw whales and the crater. Best service ever. 100% would recommend. Can’t wait to come back,Couples,0,2024-03-04,32_2137_Maui Plane Rides_2025-03-04,1,English,1,Lake Oswego,OR,United States,1,22,129,3,1,0.031007751937984496,0.9402,0.449,0.0,0,0,1,0,0,0,1,0,1,0,0,1,0,0,1,0,Airplane
jmelenka2019,"Edmonton, Canada",5,Dec 2019 • Couples,Air venture,"Absolutely fantastic the view of Kauai from the air as amazing. Our pilot was super narrative, super accommodating treated us with utmost respect. Quite commical as well. I will recommend it highly  o my friends and relativ s.",Couples,0,2019-12-12, TripadvisorReviewScraper,0,English,1,Edmonton,,Canada,0,38,226,2,0,0.022123893805309734,0.9795,0.489,0.0,0,0,0,0,0,0,0,0,1,0,1,1,0,0,1,0,Other/Unspecified
J L,,5,Aug 2021 • Couples,Excellent,"This was amazing 
Most wonderful experience I’ve had
I recommend it to everyone who comes to Maui.!!!",Couples,0,2021-08-12,32_2137_Maui Plane Rides_2025-03-04,0,English,1,,,Unknown,0,17,101,1,3,0.04950495049504951,0.9036,0.462,0.0,0,0,0,0,0,0,0,0,0,0,0,0,0,0,0,0,Airplane
Jolena H,"Texarkana, United States",4,Jul 2023,Good trip but not clear details,"The actual tour while on the water was stunning! We saw wildlife and our guide, Tia, was amazing! She was friendly and very informative. I have to take one star due to your saying full day. We were picked up at our hotel, had a 3 1/2 bus ride to Page, AZ, then another bus ride to the boats. Then on the water just under 3 1/2 hours for another return bus ride. Had I been informed that the tour originated in Page, we would have stayed there and eliminated the bus ride, but it never gave me the information during the reservation process. When I did call prior to it, I admit I should have asked if staying in Grand Canyon Village was a good idea. But, the tour itself it great, just make sure you stay in Page for it to start. Oh, and you should know the picnic lunch isn’t out on the water, but given to you on the bus. Then you must go through Homeland Security before you can board the transfer to the boat.",Unknown,0,2023-07-19,8 -690_Grand Canyon Scenic Airlines_2025-02-27,0,English,1,Texarkana,,United States,1,180,913,6,2,0.028477546549835708,0.9831,0.161,0.0,0,0,0,0,1,0,1,1,1,0,0,1,0,1,1,0,Airplane
Mikael L,,5,Jul 2018 • Family,Fantastisk helikoptertur,"Fantastisk flyvetur over Grand Canyon, hvor vi oplevede både solskin og regnvejr. God service og introduktion på jorden og BJ var en super pilot i luften - kan varmt anbefales!",Family,0,2018-07-15,10-1549_Marverick Helicopter_attraction_review_2025-02-27,1,Other Non-English,0,,,Unknown,0,30,176,2,1,0.03409090909090909,0.8516,0.271,0.0,0,0,0,0,1,0,0,0,1,0,0,1,0,0,1,0,Helicopter
Sylvia V,"Katy, Texas, United States",5,May 2018 • Couples,Wonderful experience! Amazing views! Smooth as silk...,"So glad we did this (instead of the helicopter)... Quiet, smooth, amazing views of Kauai! Everyone has a window seat... Guided tour with excellent explanations! Loved, loved, loved it!",Couples,0,2018-05-15, TripadvisorReviewScraper,0,English,1,Katy,TX,United States,1,29,184,7,3,0.03260869565217391,0.976,0.515,0.0,1,1,0,0,0,0,0,0,0,0,0,0,0,0,0,0,Other/Unspecified
Mary E,"Salt Lake City, UT",5,Mar 2021 • Couples,Exceptional!,"The staff was amazing trying to accommodate walk ins (Thank you) our pilot was awesome! We had a great group. Our pilot was very knowledgeable, experienced and made the entire experience exceptional..... He helped take pictures for our memories. We WOULD RECOMMEND this company to any one!!
Thank you to a GREAT team!!!",Couples,0,2021-04-03,28_231_Denali Grand Flightseeing Tour from Talkeetna_attraction_product_review_2025-03-01,0,English,1,Salt Lake City,UT,United States,1,53,319,1,6,0.08150470219435736,0.977,0.345,0.0,0,0,0,0,0,0,0,0,1,1,0,1,1,0,1,0,Airplane
Anthony O,"Saint Louis, MO",5,Nov 2014 • Couples,AWESOME - MUST DO,"The only thing we regret about taking this tour is not taking this tour on our first day in Kauai.  Our pilot/guide Brian gave an outstanding tour full of information only a native would have insight into.  We feel like if we would've taken this tour early on in our stay in Kauai we could have seen exactly the spots to see and have a better understanding of the layout of the land.
For those with fears of small planes/helicopters or weak stomachs, this is a great alternative to see the island from above.  Also, very comfortable flight for those bigger fellas.
Go-Pro users - bring your GoPro along and have them mount it to the wing - the video captured from the outside on the wing goes unmatched to anything else we shot while in Hawaii.  It is well worth the $20 surcharge.",Couples,0,2014-12-10, TripadvisorReviewScraper,0,English,1,Saint Louis,MO,United States,1,144,781,4,0,0.01792573623559539,0.9061,0.133,0.062,1,0,1,0,0,0,0,0,1,0,0,1,0,1,1,0,Other/Unspecified
jenny_baritua,philippines,3,Apr 2014 • Family,This is a two-for-one experience if you haven't ridden a helicopter and you havent been to the Grand Danyon,"We bought this tour through Viator for around $300 plus $49 fuel surcharge.  They picked us up from our hotel 1.5hrs before our scheduled flight since they also picked up other passengers from other hotels. We were weighed and were told the pilot will be the one to make the seating arrangements on board the helicopter. The ride was enjoyable and the picnic was passable (they served champagne in plastic dups and commercially-bought muffins. My family of four liked it except for the fact that our trip was supposed to include a pass over the LA strip and our pilot didn't do this. I felt short-changed because of this.. 
P.S. it was very difficult to converse on board as we had to wear headsets and talk through a mic that didn't seem to work properly..",Family,0,2014-04-20,10-1549_Marverick Helicopter_attraction_review_2025-02-27,0,English,1,,,Philippines,0,135,757,19,0,0.01453104359313078,0.6258,0.057,0.02,0,1,0,0,0,0,0,0,1,0,1,1,0,0,1,0,Helicopter
RudiLovesZion,,5,,Awesome!,Great views from the plane! Loved the pilot and staff! Must see tour!!! Do Air Ventures tour instead of helicopter! More affordable and better picture opportunities!,Unknown,0,2012-01-08, TripadvisorReviewScraper,0,English,1,,,Unknown,0,26,165,1,7,0.04242424242424243,0.9426,0.404,0.0,0,1,1,0,0,0,0,0,1,1,0,1,1,0,1,0,Other/Unspecified
Shannon S,"Coeur d'Alene, ID",5,,Good time on land and in the air,The plane ride was beautiful and the staff was so kind and welcoming. I specifically want to shout out Gavin who was very accommodating towards my family and went above and beyond to make sure they had a great experience. Thanks Gavin!,Unknown,0,2024-10-02,17-653-Taquan Air Tours_attraction_review_2025-02-27,0,English,1,Coeur d'Alene,ID,United States,1,42,235,8,1,0.02127659574468085,0.9695,0.403,0.0,0,0,0,0,0,0,0,0,0,1,1,0,1,0,1,0,Airplane
Bonnie A,"Warren, PA",5,Aug 2014 • Friends,What a thrill!,"The day couldn't have been better.  The flight and the narration by our well-versed pilot Jonathan were exceptional.  This was a trip-of-a-lifetime and the experience that my sister, her husband and I shared on Saturday was amazing, beautiful, fun, etc.  From the time we made the reservation until we left to go home, we were treated so well by the staff. Landing on the glacier was so exciting and then walking around, staring at Mt. McKinley, and just breathing that fresh air; words escape me.  I will definitely recommend this trip to anyone traveling to Alaska.  It's a winner!",Friends,0,2014-08-24,Talkeetna Air Taxi,0,English,1,Warren,PA,United States,1,99,583,3,1,0.024013722126929673,0.9836,0.282,0.02,1,0,0,0,0,0,0,0,1,1,1,1,1,0,1,0,Airplane
Glenna,"Reading, PA",5,Aug 2024 • Couples,Heavenly Experience,Just an incredible time and an experience to be cherished. We had a lot of fun and really enjoyed enjoyed. We would love to do this again.,Couples,0,2024-08-29,32_2137_Maui Plane Rides_2025-03-04,0,English,1,Reading,PA,United States,1,27,138,2,0,0.021739130434782608,0.9583,0.461,0.0,0,0,0,0,0,0,0,0,0,0,0,0,0,0,0,0,Airplane
Jen E,,5,Oct 2022 • Family,Beautiful Tour -- We'll Be Back!,We took the Vista View tour just to give our 12-year old a taste of flying. Beautiful flight and a great pilot. We will be back for a longer tour.,Family,0,2022-10-31,20-459_Envi Adventures_2025-02-27,0,English,1,,,Unknown,0,30,146,6,0,0.03424657534246575,0.8402,0.242,0.0,0,0,0,0,0,0,0,0,1,0,0,1,0,0,1,0,Other/Unspecified
Brittany D,,5,Mar 2021 • Family,Amazing!,Absolutely fantastic tour! Highly recommend this tour! Beautiful views and fantastic pilot! Great for the kiddos also!,Family,0,2021-03-19,31_745_aMaui -PRIVATE- Air Tour 5 Islands (2-5 people) SEE Even MORE!_2025-03-02,0,English,1,,,Unknown,0,17,118,1,4,0.03389830508474576,0.9672,0.622,0.0,0,0,0,0,0,0,0,0,1,0,0,1,0,0,1,0,Airplane
Kim H,"Moab, UT",5,Apr 2015 • Family,The Most Beautiful Views,What an amazing opportunity we had.  This was my daughters first time in an airplane.  We live in the Moab area and have never gotten out to see just what an amazing place we live in.  Our pilot was Kim and he was WONDERFUL he  helped my daughter feel comfortable and his knowledge of the area was real plus.  This flight has definatly spark our interset to get out and see more of this amazing place!  Thank you Kim for an experiance that me and my daughter will never forget.,Family,0,2015-04-28,44_470_Retail Air Adventures_2025-03-06,0,English,1,Moab,UT,United States,1,90,477,4,1,0.03773584905660377,0.9804,0.259,0.0,1,0,0,0,0,0,0,0,1,0,1,1,0,0,1,0,Airplane
Shania R,,5,Jun 2023 • Friends,Best Tour!,"Giovanni was an excellent pilot and guide. He has a vast knowledge of the area, and landed the plane smoothly. I would definitely recommend this tour to anyone!",Friends,0,2023-06-06,11-_131_South Beach Miami Aerial Tour  BeachesMansions and Skyline_2025-02-27,0,English,1,,,Unknown,0,28,160,2,1,0.01875,0.8478,0.286,0.0,0,0,0,0,0,0,0,0,1,0,0,1,0,1,1,0,Other/Unspecified
Kim S,"Richmond, CA",5,Jan 2018 • Friends,plane ride,"Great ride,great  clear day, This was my second time taking this flight and it was great again. Thanks Harry for the great and smooth ride. 
      I just wanted to comment that I get very nervous and anxiety sets in when I have to take any plane rides. and this Ride was the best. Harry is a great pilot and keeps you entertained with his great knowledge of the island.  Thanks for the great flight",Friends,0,2018-02-05, TripadvisorReviewScraper,0,English,1,Richmond,CA,United States,1,74,398,2,0,0.02512562814070352,0.9895,0.394,0.043,1,0,0,0,0,0,0,1,1,0,0,1,0,0,1,0,Other/Unspecified
Shiv G,Boston,5,Jan 2011,Excellent tour - worth every penny,"We paid around $110 as part of a cruise combo package ($80) with Holo Holo Charters for this 60-minute Air tour of Kauai. The captain was really knowledgeable, showed us every important point in the island including the Na Pali coast, the North Shore, Coffee Plantations, Waimea Canyon and countless waterfalls.
Everyone in the plane had a seat next to the window. We were given headphones to listen to the captain's commentary. We caught some of the most spectacular views of Kauai. This was the cheapest Air tour we found anywhere in Hawaii. It is truly worth every single penny you spend.",Unknown,0,2011-01-06, TripadvisorReviewScraper,0,English,1,Boston,,Unknown,0,102,591,6,0,0.038917089678511,0.6808,0.064,0.0,0,0,1,1,1,1,0,0,1,0,0,1,0,0,1,0,Other/Unspecified
Brenna B,,5,Jan 2024 • Friends,Amazing closure to my vacation,Amazing once in a lifetime trip around the islands I didn’t see from the ground. Flew over my condo and parking garage and beaches I visited on ground all week. Saw the half marathon route I ran on Sunday.,Friends,0,2024-01-19,32_2137_Maui Plane Rides_2025-03-04,1,English,1,,,Unknown,0,39,205,5,0,0.03414634146341464,0.5859,0.101,0.0,0,0,0,0,0,0,0,0,0,0,0,0,0,0,0,0,Airplane
AKdenali8-11,wasilla,5,Aug 2011,Supper Delifhtful,"Pilot Greg Sanoski was outstanding making this flight the highlight of my trip to Alaska.
Donna Moore",Unknown,0,2011-08-13,K2 Aviation,0,English,1,wasilla,,Unknown,0,17,101,2,0,0.0594059405940594,0.7506,0.299,0.0,0,0,0,0,0,0,0,0,1,0,0,1,0,0,1,1,Other/Unspecified
Jamal297,Aruba,5,Aug 2017 • Family,Worth every penny,"It was a good, smooth ride! When we arrived everything was ready no long paperwork. We had the Grand Caravan for the 8 of us. Everyone had a window seat.",Family,0,2017-09-04,34_566_attraction_review_2025-03-04,0,English,1,Aruba,,Unknown,0,30,153,3,1,0.0392156862745098,0.7574,0.256,0.065,1,0,1,0,0,0,0,0,0,0,0,0,0,0,0,0,Other/Unspecified
gettingready,New Jersey,1,,Very disappointing,"We were there when told, the polit was running late, we waited till 10:10 am, then told the polit had forgotten a package and had to go back and was going to be an hour late returning.   

This was booked months ago, we were paying over 800.00 and the polit forgot a package and had to turn around after already being late leaving to get the package.   Very disappointing. Would not recommend this business.",Unknown,0,2022-07-25,34_566_attraction_review_2025-03-04,0,English,1,,NJ,United States,1,74,407,2,0,0.009828009828009828,-0.7582,0.0,0.098,0,0,0,0,0,0,0,0,0,0,0,0,0,0,0,0,Other/Unspecified
Ani J,"Tysons Corner, VA",5,Sep 2013 • Couples,Highlight of our trip to Kauai!!,"From booking to the plane ride, the team at 'Wings Over Kauai' are professional, friendly, and make you feel like family.  I emailed Ellen a few times and she was very responsive with booking the tour.  I wanted to tour in the Cessna, as it was just my husband and I.  Unfortunately, due to our missed flight, we were delayed in reaching Kauai.  But Ellen was very understanding.  She gave me different options and booked me on the Cessna tour for a different day.  Very very accomodating.

On the day of our tour, we reached early and were welcomed by Doris.  She gave me a flower and lei (garland) as a gift.  Her husband Josh was our pilot.  We got on our Cessna, but not before she took a picture of us.  She took a few and emailed it to us right away.  The Cessna had water and ginger chews for us (in case we got motion sickness).

My husband sat in the front and was super excited.  The tour was amazing.  Kauai is a beautiful island and what better way to see the Na Pali coast, Waimea Canyon, and all the different beaches.  It did get a bit windy and Josh made sure we were comfortable.  I did get a bit queasy towards the end, but my husband had no problem at all.  I sucked on the ginger chews and was fine.  Once we landed, they gave us a DVD of the flight that this tour took as a gift.

I can totally understand why this tour is the number 1 thing to do in Kauai as per Trip Advisor.  Its cheaper than helicopters and provides the same scenic views.  Their customer service was top notch.  I highly recommend anyone going to Kauai to do this tour.  Definitely was one of the highlights of my trip.",Couples,0,2013-09-05,Kauai Deluxe Sightseeing Flight,0,English,1,Tysons Corner,VA,United States,1,307,1612,6,0,0.031017369727047148,0.9935,0.184,0.044,1,0,0,1,1,0,0,1,1,0,1,1,0,0,1,1,Airplane
Iain_AUnitedKingdom,United Kingdom,5,,Wings over Kauai - Superb!,"My partner and I travelled to Kauai in June as part of a three island tour of Hawaii.  I'd booked the Wings over Kauai 'Grand Deluxe' tour over the Internet based on positive reviews and we were not disappointed.  The hospitality shown by Bruce and Ellen was fantastic and we felt more like family guests than customers.  The flight was perfect - even though it was a small aircraft it was perfectly smooth and the scenery.....   If you want to really see Kauai then it has to be by air and if you have to go by air then I'd recommend 'Wings'.  As a Scot, I also have to mention that the cost is far lower than the helicopter prices we saw.  And I must also mention Bruce's Bose noise-cancelling headphones - having suffered trying to hear other narratives in other places over the background engine noise these were fantastic.",Unknown,0,2009-07-17,Kauai Deluxe Sightseeing Flight,0,English,1,,,United Kingdom,0,150,827,5,0,0.03143893591293833,0.9762,0.186,0.032,1,1,1,0,0,0,0,0,1,0,1,1,0,0,1,0,Airplane
2popoki,"Kihei, HI",5,,"Awesome ride, great people.","Wonderful, friendly people!  Our pilot Bruce was so knowledgable!  Enjoyed this so much!  Better than a helicopter if you get queasy and reasonably priced!",Unknown,0,2012-08-19,Wings Over Kauai Air Tour,1,English,1,Kihei,HI,United States,1,24,155,4,4,0.03225806451612903,0.9415,0.438,0.0,0,1,1,0,0,0,0,0,1,0,0,1,0,0,1,0,Airplane
Linda C,"Honolulu, HI",5,Jul 2017 • Family,Sea Plane from Friday Harbor to Renton,"I put my 17-year old daughter on a one-way home from Friday Harbor - she could not say enough wonderful compliments about her trip - gorgeous - and her pilot - ""he told us about what we were seeing on the ground and gave us some history - really a great trip.""",Family,0,2017-07-10,42_260_Northwest Seaplanes_2025-03-06,0,English,1,Honolulu,HI,United States,1,52,260,7,0,0.011538461538461539,0.844,0.205,0.055,0,0,0,1,0,0,0,0,1,0,1,1,0,0,1,0,Airplane
Shelley D,"Mico, TX",5,,No words!,"This was by far the most exciting thing my husband and I have ever done! The terminal is beautiful and staff very friendly and professional. We took pics with the pilot next to the helicopter prior to flying. We boarded with several others and belted up and put on headphones so we could hear the pilot. My husband and I were in the back but had great views. The helicopter took off and flew over the forest and it was great. All of the sudden, we flew over the edge of the canyon and it felt like we went off the edge, but we weren't falling. It's literally breathtaking. It was so surreal, there really are no words. We flew over the majestic beauty of the Grand Canyon about 40 minutes while our pilot pointed out all the landmarks. It is 
something you have to see to believe. We returned to the terminal, took more pics, then had the opportunity to buy the ones taken with the pilot for $19, and you could also buy a DVD  if you wanted. We drove off in awe! This was expensive, about $545 for both of us, but worth every single penny! Do this for yourself!",Unknown,0,2015-05-25,10-1549_Marverick Helicopter_attraction_review_2025-02-27,0,English,1,Mico,TX,United States,1,203,1061,2,4,0.020735155513666354,0.9914,0.186,0.014,0,1,1,0,1,0,0,0,1,1,1,1,1,0,1,0,Helicopter
M E,,5,Jun 2023 • Family,Great tour!,Our tour with Bubbs was amazing!  We got a wonderful overview of the island and it was the highlight of our trip to Kauai. Highly recommend!,Family,0,2023-06-30,TripadvisorReviewScraper,0,English,1,,,Unknown,0,26,140,2,2,0.03571428571428571,0.9228,0.387,0.0,0,0,0,0,0,0,0,0,0,0,0,0,0,0,0,1,Other/Unspecified
Olga R,,5,Feb 2025 • Family,Increíbles in Any language!,This private fñugjt ea san extraordinaria fligjt. Se Feli amazona and the experiencia das excelentes. Resñoy fun and thsbks,Family,0,2025-02-21,32_2137_Maui Plane Rides_2025-03-04,0,English,1,,,Unknown,0,19,123,4,0,0.032520325203252036,0.5106,0.155,0.0,0,0,0,0,0,0,0,0,0,0,0,0,0,0,0,0,Airplane
Maureen J,,5,Jul 2018 • Couples,Wow! The Grand Canyon Skywalk Adventure Tour - West Rim,Wow! That’s all I could say each step of the way on this amazing Grand Canyon Skywalk Adventure Tour - West Rim! It was so fantastic! My boyfriend is the best for surprising me with this wonderful adventure while we were in Sedona!,Couples,0,2018-07-17,34_566_attraction_review_2025-03-04,1,English,1,,,Unknown,0,43,231,10,4,0.05627705627705628,0.9865,0.503,0.0,0,0,0,0,1,0,0,0,0,0,0,0,0,0,0,0,Other/Unspecified
Pip M,"Brisbane, Australia",5,May 2015 • Family,Breathtaking Views,"When booking the trip Ellen was extremely helpful & the booking & prior arrangements were made with ease. We received a reminder email the day before. Upon arrival Ellen explained what would happen, where we would go & asked us if we suffered from any sickness, health issues etc,she was very helpful & accommodating. Our pilot was Josh & he was fantastic, he explained everything , there was constant conversation, answering all questions with ease & was very knowledgeable about the history & sights of Kauai.Drinks, mints & ginger were provided in the plane, as well as fans & headphones for all passengers who could communicate & ask questions at any time. The beauty of the island is amplified from the air & getting that aspect of the layout of the island early in our trip was helpful. The flight is very reasonably priced & was the highlight of our 10 day visit to the beautiful garden island!",Family,0,2015-05-21,Kauai Deluxe Sightseeing Flight,0,English,1,Brisbane,,Australia,0,158,901,2,1,0.01220865704772475,0.978,0.182,0.019,1,0,1,0,0,0,0,0,1,0,0,1,0,0,1,1,Airplane
warren W,honol,5,May 2016,Our Fly Over Kauai!,Parents enjoyed the Kauai flying tour. Said it was one of their best trips to Hawaii. Wameia Canyon was breath taking! We do believe that this is far better than the Grand Canyon.,Unknown,0,2016-05-09,Wings Over Kauai Air Tour,0,English,1,honol,,Unknown,0,33,179,4,1,0.05027932960893855,0.9286,0.321,0.0,0,0,0,0,1,0,0,0,0,0,0,0,0,0,0,0,Airplane
M G,"Crockett, TX",5,Jun 2012 • Friends,From the air,Great trip and tour guide.   I would recommend this tour to others.,Friends,0,2012-06-29, TripadvisorReviewScraper,0,English,1,Crockett,TX,United States,1,12,67,3,0,0.029850746268656716,0.765,0.423,0.0,0,0,0,0,0,0,0,0,1,0,0,1,0,1,1,0,Other/Unspecified
Stephanie O,,5,,Spectacular views!,"Our ages ranged from 3 to 59 and we all enjoyed it! Kauai has magnificent scenery and this was an amazing way to see it and far less noisy than a helicopter! Captain Bruce was as knowledgeable as his website says and is an excellent pilot. He was engaging, humourous and our photos came out really well. Thank you, Wings over Kauai!",Unknown,0,2019-04-26,Kauai Deluxe Sightseeing Flight,1,English,1,,,Unknown,0,62,332,2,3,0.024096385542168676,0.977,0.333,0.018,0,1,0,0,0,0,0,0,1,0,0,1,0,0,1,0,Airplane
BradKimO,"Colorado Springs, CO",5,Mar 2015 • Couples,Fantastic Bi-Plane Tour!,"Kauai is incredible from the air!  Harry, our pilot, gave us a spectacular tour of The island. We went down Waimea canyon, wove through the Na'pali coast and circled back around many of the dozens of waterfalls we came upon. Our bonus round of aerobatics was especially fun and it gave us a taste of barnstorming that left us wanting more. Harry's knowledge of the island, including local hideaways and great hiking ideas added to our list of things to do here.  We enjoyed this tour more than the helicopter tour.",Couples,0,2015-03-26, TripadvisorReviewScraper,1,English,1,Colorado Springs,CO,United States,1,91,514,3,1,0.017509727626459144,0.9412,0.148,0.0,0,1,0,1,1,1,0,0,1,0,0,1,0,0,1,0,Other/Unspecified
sue k,"Irvington, IL",5,Aug 2015 • Couples,wonderful ride to glacier,"Best part of our Alaskan vacation,  our pilot was great, he told about the surroundings as we flew, landed on the glacier, we got out and walked around on the glacier-took photos-and then flew back.  One of the best memories we will ever have of Alaska",Couples,0,2015-08-27,K2 Aviation,0,English,1,Irvington,IL,United States,1,46,252,4,0,0.015873015873015872,0.926,0.225,0.0,0,0,0,0,0,0,0,0,1,0,0,1,0,0,1,0,Other/Unspecified
Shelby W,,5,,A check on the bucket list,Seeing the Grand Canyon from the air in a helicopter was absolutely amazing!  We were able to see so much and Daniel was a great pilot and tour guide.,Unknown,0,2018-12-29,10-1549_Marverick Helicopter_attraction_review_2025-02-27,0,English,1,,,Unknown,0,29,150,6,1,0.03333333333333333,0.9097,0.324,0.0,0,1,0,0,1,0,0,0,1,0,0,1,0,1,1,1,Helicopter
Lee M,New England,5,Jul 2017 • Solo,Flying to Friday Harbor,Friday Harbor Seaplanes are awesome! The views up to Friday Harbor are breathtaking~and you experience this adventure in a famous de Havilland Single Propeller Seaplane. Landing by the rich & famous sailboats in the harbor! Walk out on the dock & enjoy kayaking & whale watching in an instant! The pilot gives a priceless narrative of flying thru these channels & up to Alaska for over thirty years! One of the most awesome experiences to take ~ real easy to video the ride!,Solo,0,2017-07-25,42_260_Northwest Seaplanes_2025-03-06,0,English,1,New England,,Unknown,0,83,474,4,5,0.03164556962025317,0.9709,0.237,0.0,1,0,0,0,0,0,1,0,1,0,0,1,0,0,1,0,Airplane
MattieBo,"Seattle, WA",5,Aug 2018,Beautiful Flight to Port Mcneill,"We had a worderful 3+ hour flight to Port McNeill two Saturdays ago.  Check in was easy; pilot friendly (although he would not allow my daughter to join him in the cockpit due to weight and balance -- too bad).  Neverthess the flight, with two take offhand landings were exciting and amazing on a very clear day.  This is the best way to get to some remote parts of BC withoiut the hassle of ferries and cars.  There is a 25 lb limit on luggage which caused some stress and forcing me to leave some things I need behind.",Unknown,0,2019-04-15,42_260_Northwest Seaplanes_2025-03-06,0,English,1,Seattle,WA,United States,1,99,520,5,0,0.023076923076923078,0.9567,0.198,0.05,0,0,0,0,0,0,0,1,1,1,1,1,1,0,1,0,Airplane
N4082R-Mike,"Seattle, WA",5,Jul 2016 • Couples,Great scenery and service,"Great classic planes, wonderful service.  Pilot Jim was great, and the scenery going to Zeballos was fantastic.  It was a great fishing trip, and the flights were a real highlight.",Couples,0,2016-07-15,42_260_Northwest Seaplanes_2025-03-06,0,English,1,Seattle,WA,United States,1,30,180,4,0,0.027777777777777776,0.9719,0.5,0.0,0,0,0,0,0,0,0,0,1,0,0,1,0,0,1,1,Airplane
Jeremy K,"Gilbert, AZ",5,Jul 2017 • Solo,Highly recommend!,I met Brian at dinner on Thursday night. Started chatting and next thing you know I'm flying with Eric on Friday morning.  I'd never flown on a prop plane before. It was the smoothest most enjoyable flight I have ever been on. Spectacular views of Kauai and very friendly crew.,Solo,0,2017-07-07, TripadvisorReviewScraper,1,English,1,Gilbert,AZ,United States,1,50,277,2,0,0.04332129963898917,0.7708,0.129,0.0,0,0,0,0,0,0,0,0,0,1,0,0,1,0,1,0,Other/Unspecified
Trystenn E,,5,May 2023 • Family,Incredible!,"This is an experience that is not to be missed. The views, the photographic opportunities and the things you learn are things you will hold onto for a lifetime!",Family,0,2023-05-31,32_2137_Maui Plane Rides_2025-03-04,0,English,1,,,Unknown,0,29,160,1,1,0.0125,0.5831,0.155,0.0,0,0,0,0,0,0,0,0,0,0,0,0,0,0,0,0,Airplane
Sebi,"Egg, Switzerland",5,Oct 2017 • Couples,Rundflug über Kauai,Wir waren mit dem Rundflug über Kauai mehr als zufrieden. Es war der hammer. Der Pilot war sehr freundlich und konnte eine menge erzählen. Gute Musik begleitete den Flug. Sehr angenehmer Flug. Meine Frau konnte trotz Flugangst ohne Tabletten den Flug von anfang an geniessen. Super Preis/Leistungsverhältnis. Würden wir immer wieder buchen.,Couples,0,2017-10-27,Wings Over Kauai Air Tour,1,German,0,Egg,,Switzerland,0,52,340,3,0,0.058823529411764705,-0.5994,0.064,0.129,0,0,0,0,0,0,0,0,1,0,0,1,0,0,1,0,Airplane
W3872FQrobertt,"Anchorage, AK",5,Dec 2016 • Family,Bluebird,My 2 teen daughters and I drove up on a whim. We were accommodated on short notice and had a awe inspiring flight. Thaks,Family,0,2017-01-06,Talkeetna Air Taxi,0,English,1,Anchorage,AK,United States,1,24,120,1,0,0.03333333333333333,0.4215,0.128,0.0,0,0,0,0,0,0,0,0,0,0,0,0,0,0,0,0,Airplane
KevinFitzUk,"London, UK",5,Sep 2017 • Family,Exciting and exhilarating,"Our experience began with a very personable driver on the shuttle from Pier 39 to the dock.  

The welcome at the office was excellent and the pilot was very attentive in boarding us onto the plane.  

The flight experience was excellent.  The pilot was entertaining and knowledgable.  

The whole flight was fantastic.",Family,0,2017-09-09,36_854_Seaplane Adventures_2025-03-04,0,English,1,London,,United Kingdom,0,52,319,3,0,0.018808777429467086,0.9509,0.269,0.0,0,0,0,0,0,0,0,0,1,1,0,1,1,0,1,0,Airplane
TravelersUsFl,Florida,5,May 2021,Highly recommend,"Fantastic views of both Arches and Canyonlands.  Our pilot, James, was wonderful and gave us lots of information about both parks during the whole flight.  We had great weather.  Great way to start our trip too.",Unknown,0,2021-06-02,44_470_Retail Air Adventures_2025-03-06,0,English,1,,FL,United States,1,36,211,2,0,0.03317535545023697,0.9477,0.326,0.0,0,0,0,0,0,0,0,1,1,0,0,1,0,0,1,0,Airplane
Daniel G,Daytona Beach,5,Apr 2013 • Friends,Smooth and Spectacular,"As a seaplane enthusiast of long standing, I took the opportunity of my 68th birthday to fly in one for the first time.  Our pilot handled the DeHavilland Beaver smoothly and pointed out the sights carefully as we flew over Muir Woods and the Golden Gate.  The flight over the downtown area, Alcatraz, and Treasure Island was a marvel.  And the sharp, descending left leading to a downwind landing gave us a feel for what real flying is like.  Two Thumbs Up for Seaplane Adventures!",Friends,0,2013-05-03,36_854_Seaplane Adventures_2025-03-04,1,English,1,Daytona Beach,,Unknown,0,85,482,3,1,0.04149377593360996,0.9324,0.189,0.0,1,0,0,0,0,0,0,0,1,0,0,1,0,0,1,1,Airplane
BaydeNoc,UP Michigan,5,Apr 2017 • Couples,Highlight of out Hawaii Visit,"I took a 70 minute flight instructional Kauai Air Tour with Wings Over Kauai, with my wife in the rear seat as the photographer. I do hold a Private Pilot's License and was able to fly the Cessna 172 for the entire tour over almost the entire island of Kauai. Bruce is an excellent flight instructor, and gave me several pointers on improving my flying skills. The small plane tour will not get you into the canyons or valleys like a helicopter tour will, but if you are looking for a tour in a small plane, this is the operator to choose.",Couples,0,2017-04-24,Kauai Deluxe Sightseeing Flight,1,English,1,UP Michigan,,Unknown,0,102,539,5,0,0.027829313543599257,0.6124,0.061,0.0,0,1,0,0,1,0,0,0,1,0,1,1,0,0,1,1,Airplane
Jennifer S,"Phoenix, AZ",5,May 2017 • Couples,Friday Harbor Seaplanes aka Northwest Seaplanes,It's been my dream to see orcas in the wild (as it should be) so I figured the easiest way to San Juan islands was by plane. I couldn't have been happier.  Jason flew us to the island and Shane picked us up and both flights were easy/breezy and we got educated on what we were seeing around us as well.  Overall it was worth every dollar to fly with these guys and whenever we're back on this side of the country again we will definitely fly with them again.  I HIGHLY recommend this company!,Couples,0,2017-05-28,42_260_Northwest Seaplanes_2025-03-06,0,English,1,Phoenix,AZ,United States,1,95,492,6,1,0.03048780487804878,0.8958,0.151,0.027,0,0,1,0,0,0,0,0,0,0,0,0,0,0,0,0,Airplane
stevenloyens,"London, UK",5,Nov 2023 • Couples,Not just a pretty view after all,"Evidently, the view is amazing, but it's the friendliness and top notch customer service that stands out. Pearl is amazing! The whole team go the extra mile to make sure your experience, not just the view, is unforgettable.",Couples,0,2023-11-13,33_71_Grand Canyon South Rim Signature Ground Tour with PJX_2025-03-04,0,English,1,London,,United Kingdom,0,38,223,7,1,0.013452914798206279,0.952,0.341,0.0,0,0,0,0,0,0,0,0,0,0,0,0,0,0,0,0,Other/Unspecified
Louis M,,5,Jul 2023 • Couples,Best trip of my life.,This was the most memorable and amazing thing I have done. Pilot was A-1. Could not have wished for anything better.,Couples,0,2023-07-28,32_2137_Maui Plane Rides_2025-03-04,0,English,1,,,Unknown,0,21,116,5,0,0.04310344827586207,0.7884,0.279,0.0,0,0,0,0,0,0,0,0,1,0,0,1,0,0,1,0,Airplane
mkorody,"San Diego, CA",5,Feb 2020,best experience out of a loaded trip,Mark and his wife had my girl friend and myself laughing and smiling long before we where even in the air.  They are an awesome company and truly made this experience special.,Unknown,0,2020-02-26, TripadvisorReviewScraper,0,English,1,San Diego,CA,United States,1,32,175,7,0,0.011428571428571429,0.959,0.424,0.0,0,0,0,0,0,0,0,0,1,0,1,1,0,0,1,0,Other/Unspecified
Douglas H,,5,Jul 2018 • Friends,Glacier landing,The flight around Denali was great and landing on the glacier was awesome. Great pilot and staff. Would do this again and highly recommend it.,Friends,0,2018-08-04,Talkeetna Air Taxi,0,English,1,,,Unknown,0,25,142,2,0,0.028169014084507043,0.9441,0.418,0.0,1,0,0,0,0,0,0,0,1,1,0,1,1,0,1,0,Airplane
wolftrapgal,"Alexandria, VA",5,Aug 2016 • Family,Awesome flightseeing,"After having to delay our flightseeing because of poor weather, we were delighted that the team at Talkeetna Air Taxi worked with us to reschedule our tour for what turned out to be a picture perfect postcard day. We did the Southside Explorer with a glacier landing with Dave. It was AMAZING and we were so glad we went out of our way to return back from Denali to try again. Dave was filled with interesting information and landed us on a sunny glacier (Eldridge) with such expertise that we felt totally comfortable in his capable hands. We almost missed this YOLO moment and was so glad we didn't.",Family,0,2016-09-05,Talkeetna Air Taxi,0,English,1,Alexandria,VA,United States,1,109,601,2,0,0.03993344425956739,0.9811,0.253,0.054,1,0,0,0,0,0,0,1,1,0,0,1,0,0,1,0,Airplane
Tyler M,,5,Nov 2021 • Couples,Just do it.,"Amazing time. Great flight. Can't recommend it enough! Did the five island tour and saw so much of Maui, Molokia and Lani we'd never have been able to see!",Couples,0,2021-11-19,31_745_aMaui -PRIVATE- Air Tour 5 Islands (2-5 people) SEE Even MORE!_2025-03-02,0,English,1,,,Unknown,0,29,155,3,2,0.04516129032258064,0.8113,0.232,0.058,0,0,0,0,0,0,0,0,0,0,0,0,0,0,0,0,Airplane
likloop,"Houston, TX",1,Oct 2018 • Couples,"disappointing, Wasted money for us.","Booked an aerial excursion hoping to see and photograph the Napali coast. Unfortunately the approximately 1% of the trip we were over the famous Napali area was wasted. The first pass by the area we were seated on the wrong side of the plane. After a turn, the second pass we were directly above the spires and the beaches, so without have having windows in the floor of the plane it was impossible to see or get a photo. Since they had assigned both of us into seats on the same side of the plane neither of us got one single photo.",Couples,0,2018-10-27,Wings Over Kauai Air Tour,0,English,1,Houston,TX,United States,1,102,533,5,0,0.013133208255159476,-0.7096,0.026,0.081,0,0,0,1,0,0,0,0,0,0,0,0,0,0,0,0,Airplane
ManishG,,5,,Amazing views of Denali Summit,"We visited Alaska last week and booked this Glacier landing tour just a day before. It turned out to be the best moments of our visit to Alaska, with mesmerising and spectacular views of the Denali Summit and ice clad mountain ranges. It looked like approaching heaven, as the flight approached the ranges. Landing on the Glacier was out of the world experience. If you are visiting Alaska, you can’t miss this experience.

Talkeetna Air taxi was very professional and made our entire experience very smooth and worth cherishing for entire life.",Unknown,0,2021-07-19,Talkeetna Air Taxi,1,English,1,,,Unknown,0,92,545,5,0,0.025688073394495414,0.9269,0.149,0.016,1,0,1,0,0,0,0,0,0,0,0,0,0,0,0,0,Airplane
CanEng,"Vancouver, Canada",5,Sep 2017 • Family,Excellent Misty Tour,Our group of six took this tour yesterday and it was simply amazing. You can see why they call it Wild Alaska! Owner operated and very well maintained equipment.,Family,0,2017-09-03,SeaWind Aviation,1,English,1,Vancouver,,Canada,0,29,161,3,1,0.031055900621118012,0.7569,0.194,0.0,0,0,0,0,0,0,0,0,0,0,0,0,0,0,0,0,Other/Unspecified
Jenny S,,5,Oct 2019,Great Flying Tour.,"Tom picked us up exactly where stated, and JT then gave us an excellent plane ride.
Both Tom and JT were very informative, friendly, and just genuinely made the experience an excellent life memory. JT had recorded music that were timed perfectly to the flight tour, and it was a nice touch. We had done a helicopter tour on a different Island, but this was far better for pictures, and viewing. Highly recommend this tour.",Unknown,0,2019-11-03,TripadvisorReviewScraper,0,English,1,,,Unknown,0,75,422,3,0,0.02843601895734597,0.9658,0.283,0.0,0,1,0,0,0,0,0,0,0,0,0,0,0,0,0,0,Other/Unspecified
Henry G,"Kingsport, TN",1,Jul 2019 • Couples,Bear salmon adventure,"A complete waste of money.  we reschedule our trip based on their advice to be able to see Bears feeding on salmon. we wound up seeing one bear from about 200 yards away and no salmon. when we did see the one there the Guide made us leave immediately.  these people should not be advertising this. 
 especially with the pictures that they show. this is nothing but a big rip off",Couples,0,2019-07-23,17-653-Taquan Air Tours_attraction_review_2025-02-27,0,English,1,Kingsport,TN,United States,1,71,378,3,0,0.007936507936507936,-0.3818,0.0,0.065,0,0,0,0,0,0,0,0,1,0,0,1,0,1,1,0,Airplane
AmyandRoy,"Waitsfield, VT",5,Nov 2017,A must do if you really want to see the GC,"All services were 1st class, from check-in, to safety review, to our knowledgable pilot.  Safety was their first priority.  Would recommend this outfit to anyone interested in heli tour.",Unknown,0,2018-02-18,10-1549_Marverick Helicopter_attraction_review_2025-02-27,0,English,1,Waitsfield,VT,United States,1,29,186,11,0,0.016129032258064516,0.8689,0.302,0.0,1,1,0,0,0,0,0,0,1,0,0,1,0,0,1,0,Helicopter
Desiree1978,"Toronto, Canada",5,May 2015 • Family,Excellent tour of Kauai,We initially wanted to do a boat tour of the Napali Coast but could not since we had a five month old.  The air tours take everyone.  Josh was our pilot and was very knowledgeable and friendly.  The tour took us around the main sites of the island.  It was very beautiful.  They record your plane ride and you have the option to purchase it.  I eould recommend this company to those looking to do an air tour.,Family,0,2015-05-20,Wings Over Kauai Air Tour,0,English,1,Toronto,,Canada,0,78,409,4,0,0.022004889975550123,0.9407,0.16,0.0,0,0,0,1,0,0,0,0,1,0,0,1,0,0,1,0,Airplane
gary s,west point,5,Mar 2012,Fantastic,Harry is an outstanding pilot. Great time and fantastic views,Unknown,0,2012-03-14, TripadvisorReviewScraper,0,English,1,west point,,Unknown,0,10,61,1,0,0.03278688524590164,0.9136,0.626,0.0,0,0,0,0,0,0,0,0,1,0,0,1,0,0,1,0,Other/Unspecified
EriksHotttt,,5,Mar 2014,The most amazing thing I've ever done in my entire life,"This flight seeing gives you a perspective of the mountain range that is breathtakingly spectacular! The view of large glaciers, deep crevasses, and majestic, snow caped mountain peaks, will leave you with an appreciation of out beautiful Earth and the most amazing pictures of your day!",Unknown,0,2014-03-28,Talkeetna Air Taxi,0,English,1,,,Unknown,0,46,287,11,2,0.010452961672473868,0.9132,0.22,0.022,0,0,0,0,0,0,0,0,0,0,0,0,0,0,0,0,Airplane
Patrick M,,5,Dec 2016 • Friends,The best part of my trip by far!!!,"We spent 7 days on Kaua'i seeing all of the sights. We took the aerial tour and loved it. Kevin is a great tour guide and pilot. We saw the biplane sitting at the terminal and ask Kevin about it. We came back 2 days later and rode with Kevin again, this time in the biplane. Absolutely the best part of my trip. We were fortunate enough to go over the top of the mountain on a rare clear day. If I ever get to go back, this is what I want to do again.",Friends,0,2016-12-17, TripadvisorReviewScraper,1,English,1,,,Unknown,0,95,451,8,0,0.028824833702882482,0.9642,0.204,0.0,0,0,0,0,0,0,0,1,1,0,0,1,0,1,1,0,Other/Unspecified
Giselle Y,,5,Sep 2022 • Friends,Breathtaking,"Our pilot Caden, was informative & friendly! The ride was amazing! We had a private plane. the views can’t be beat absolutely breathtaking scenery",Friends,0,2022-09-17, TripadvisorReviewScraper,1,English,1,,,Unknown,0,24,146,1,2,0.0273972602739726,0.8974,0.364,0.0,0,0,0,0,0,0,0,0,1,0,0,1,0,0,1,0,Other/Unspecified
TJ B,,5,Jul 2024 • Couples,Spectacular,It was a great flight.  The pilot was great.  The views were spectacular and the commentary was great.  The pilot was very acommodating.,Couples,0,2024-07-17,32_2137_Maui Plane Rides_2025-03-04,0,English,1,,,Unknown,0,23,136,1,0,0.029411764705882353,0.9231,0.393,0.0,0,0,0,0,0,0,0,0,1,0,0,1,0,0,1,0,Airplane
Julie H,"Yorba Linda, California, United States",5,Jul 2024 • Friends,Amazing experience!,"I just wanted to say thank you for an amazing experience!! Our Delta airline flights were delayed by 8 hours and the first day of our trip to Friday Harbor was not what we had expected. We got stuck in Seattle and missed our original transportation by car and ferry but Friday Harbor Seaplanes came to our rescue. Michelle was absolutely amazing and got us booked on the first flight out the following morning so we didn’t waste another moment of our trip. She arranged a shuttle to pick us up at the hotel we booked which was also quite the task as many hotels were completely booked up but we finally found one and Friday Harbor Seaplanes accommodated us and got us to the airport and flew us in to Orcas Island. I was really impressed by our pilot and how well he flew the plane. I was a bit nervous and I tend to get motion sickness and he made the flight very enjoyable and even checked in with me during the flight to see how I was feeling. I felt he took slight turns a bit more slow and careful with me in mind and it was very appreciated. My friend also had her baggage delayed by Delta Airlines for 2 days and Michelle was so kind to try and help us by arranging for the airport to deliver the luggage to them so they could bring it to the Friday Harbor dock on one of their daily flights. Unfortunately Delta was being lame and they wouldn’t do it, but the fact that Friday Harbor Seaplanes was willing to help us went above and beyond our expectations. What amazing customer service! I hope to one day visit the islands again and without a doubt I will use Friday Harbor Seaplanes again. They treated us like family!! Thank you! I wholeheartedly recommend this business. They are all great people and do an excellent job!",Friends,0,2024-08-04,42_260_Northwest Seaplanes_2025-03-06,1,English,1,Yorba Linda,CA,United States,1,326,1733,2,7,0.024812463935372186,0.9972,0.225,0.053,1,0,0,0,0,0,0,0,1,0,1,1,0,0,1,0,Airplane
Wilmena choundry,"Durham, UK",5,Aug 2017 • Couples,Wow!!!!,"This is an absolute must do activity! Get a loan if you have to life is about memories and wow just amazing, our pilot was very friendly and informative, we got to sit in the front and it really is the only way to view and experience the Grand Canyon , you won't regret it",Couples,0,2017-08-11,10-1549_Marverick Helicopter_attraction_review_2025-02-27,0,English,1,Durham,,United Kingdom,0,55,272,1,1,0.014705882352941176,0.9495,0.258,0.0,0,0,0,0,1,0,0,0,1,0,0,1,0,0,1,0,Helicopter
NorthStar285767,"Worms, Germany",5,Feb 2022 • Family,Absolut empfehlenswert!!!,"Familienbusiness und total empfehlenswert.

Bruce und seine Frau sind beide total nett und bieten den Rundflug zu einem wirklich fairen Preis an! 

Desweiteren gibt Bruce local tips und eine geheime Liste nach dem Flug heraus :)",Family,0,2022-02-11,Wings Over Kauai Air Tour,1,German,0,Worms,,Germany,0,36,228,2,1,0.039473684210526314,0.5093,0.086,0.0,0,0,0,0,0,0,0,0,1,0,0,1,0,0,1,0,Airplane
Scpaintman,"Greenwood, SC",5,Jul 2015 • Solo,Great trip with a reliable  and experienced company,K2 Aviation s a first class company in every way. We were scheduled to go up on one of their tours over Denali on June 30th. We were told that it was clouded in and we would not see very much and were offered our money back or to wait for the next day to go up. The next day was a little better but we were told that we would only see the bottom part of the glaciers. We chose not to go up that day also and were refunded the money for two of the three who were going up.  was coming back trough Talkeenta the following week on the way  back to Anchorage. When we came through he weather was much better.  went upand saw a spectacular view of many of the glaciers and was very pleased with the overall experience. They are obviously a very ethical company who care about their customers safety and overall experience of a good trip for the money paid. Would do it again in a heartbeat.,Solo,0,2015-07-12,K2 Aviation,0,English,1,Greenwood,SC,United States,1,175,885,8,0,0.014689265536723164,0.9801,0.14,0.006,1,0,0,0,0,0,0,1,0,0,0,0,0,0,0,0,Other/Unspecified
SDnative23,"San Diego, CA",5,,An excellent choice!,"My wife and I were in Kauai for her 30th birthday and went on the fun and scenic aerial tour of the island with pilot Bruce. It was such a memorable and happy experience from the beginning when I called and spoke directly with Ellen (Bruce's wife) to make our reservation.  She was very accommodating and even gave us additional advice on places to check out on the island based on our personal interests (beach, water, etc.).  Carter, their son, was really nice, friendly, and personable when we met him as he checked us in at the terminal and while we waited for Bruce to come back with the previous flight.  The weather on Monday was not the greatest, but Bruce did the best he could (with our ultimate safety in mind) to show us around so that we could see the waterfalls we had hoped to (and we did see them!).  I could keep going on on how wonderful ""Wings Over Kauai"" is, but then I'd just be rambling on about what everyone else has already said.  You'll have an excellent experience and won't be disappointed (plus, it's safer than a helicopter)!",Unknown,0,2010-01-10,Kauai Deluxe Sightseeing Flight,0,English,1,San Diego,CA,United States,1,193,1055,3,2,0.018957345971563982,0.9904,0.188,0.01,1,1,0,1,0,1,0,1,1,0,1,1,0,0,1,1,Airplane
Alexa F,,5,Nov 2022 • Family,Amazing!,"We had an amazing time on our flight today. Our pilot was the most generous, outgoing individual ever. It was a smooth ride and our pilot made it the experience of a lifetime. We will definitely be returning!",Family,0,2022-11-05,20-459_Envi Adventures_2025-02-27,1,English,1,,,Unknown,0,38,208,1,1,0.019230769230769232,0.9163,0.287,0.0,1,0,0,0,0,0,0,0,1,0,0,1,0,0,1,0,Other/Unspecified
Abel R,,5,Jun 2015 • Couples,Miami Seaplane is the way to go!,"To celebrate my 30th birthday, my girlfriend and I decided to head out to Bimini just for a quick getaway and taking a seaplane was by far the best choice we made. Our departure time was at noon and our pilot Tony had us in the air at exactly noon.  Even before the flight, Tony offered to take pictures of my girlfriend and I next to the plane just so we can have for memories which I thought was pretty cool.  The flight was actually smooth.  Honestly I was expecting a bumpy ride since it’s a small plane but it wasn’t.  During the flight we were taking pictures of ourselves with the ocean in the background. My girlfriend was ecstatic.  As we got closer to Bimini you could see the ocean color change to a light blue/greenish color.  It was really nice and making the seaplane trip even that much better.  When we got to Bimini, Tony flew us around the Island to point out different restaurants and local places that we could go to.  We even spotted sharks in the water so Tony brought the plane closer to the water so we could take videos and pictures.  The only thing that wasn’t pleasant was once we landed in Bimini we had to wait for Immigration and Customs officers to show up.  Even though Tony called them ahead of time and flew over their office to let them know that we’re about to land, they still took over a half hour to show up.  No fault of Tony’s of course.  After we cleared both Customs and Immigration, Tony called a local cab driver to pick us up and take us to the Hotel.  On the day of departures, again Tony was on time and ready to go but of course, we had to wait for Immigration and Customs again since they have to clear the plane coming from the U.S. and Tony as well.  But once in the air, we were back in Miami in no time.  I’m glad that we chose Miami Seaplane Tours as our transportation to Bimini.  It just made the trip that more special and something that I highly recommend to anyone.  IF YOU’RE GOING TO BIMINI, TAKE MIAMI SEAPLANE TOURS!!!!",Couples,0,2015-06-29,46_376_Miami Seaplane Tours_2025-03-06,0,English,1,,,Unknown,0,375,1983,7,4,0.04740292486132123,0.9913,0.127,0.023,1,0,0,1,0,0,0,1,1,1,0,1,1,0,1,1,Airplane
boogins2000,,5,Jul 2018 • Couples,Great Trip,Top notch operation and we would definately fly with them again...The pilot was very knowledgable about the area.,Couples,0,2018-08-14,Talkeetna Air Taxi,0,English,1,,,Unknown,0,18,113,2,0,0.017699115044247787,0.2023,0.096,0.0,0,0,0,0,0,0,0,0,1,0,0,1,0,0,1,0,Airplane
B M,,5,May 2017 • Couples,Best thing we did on the 3 week vacation!!!,"We did this as part of our honeymoon and it was absolutely brilliant. We did a 9am flight with Bruce, his lovely wife checked us in and told us what we would see on the flight and the route. Bruce then took us up, and it was amazing. Bruce was brilliant, talking to us for the whole flight, was very knowledgeable and was a great tour guide. We got to see so much of the island we wouldn't have otherwise seen, absolutely brilliant company, brilliant tour and lovely people. The best thing we did all holiday, cannot recommend enough, thank you for such a wonderful experience!",Couples,0,2017-06-18,Kauai Deluxe Sightseeing Flight,0,English,1,,,Unknown,0,106,577,9,1,0.012131715771230503,0.9915,0.312,0.031,0,0,0,0,0,0,0,0,1,0,1,1,0,1,1,1,Airplane
ORCA1367,Western North Carolina,5,,Amazing experience over kauai,"Although flying is not my favorite activity (it is one of my spouse's favorite activities), both of us  really enjoyed our flight over KAUAI with Bruce.  He honestly did ""WOW"" US with his knowledge of Kauai, the flora, the fauna and the physical attritudes of possibly the oldest and undoubedly the most beautiful of the Hawaiian Islands.  Ellen, his wife and partner, was very engaging and extremely helpful and courteous. Even though we had to reschedule our attempt at flying due to cloudy weather, Ellen accomodated us , even advising us of the weather as we traveled to the airport.  Some of our pictures, taken during the flight with Bruce were really fantastic; i.e., Bruce kept the plane masterfully under control.  By far the BEST ACTIVITY that we experienced during our 2 weeks on Kauai! Thanks guys for a wonderful 40th Anniversary adventure. F & R
Sept, 2008",Unknown,0,2008-10-06,Kauai Deluxe Sightseeing Flight,0,English,1,Western North Carolina,,Unknown,0,148,870,4,1,0.047126436781609195,0.9874,0.222,0.029,0,0,0,0,0,0,0,1,1,0,1,1,0,0,1,1,Airplane
julz421,"Charlotte, NC",5,Jul 2011 • Couples,#1 Go flightseeing #2 Go with K2 for an unparalleled experience,"There are so many flightseeing companies in Alaska but K2 is in a class all its own. This company is steeped in tradition and no one knows the area better than their pilots. This type of adventure is costly, but let me tell you, it is worth every penny. 
I'm an airline pilot and I thought, eh, I'm used to seeing the world from above, this will be nice, but it was unlike anything I've ever experienced! I am so glad I made this a priority! We were flying so close to the face of Denali, it was unbelievable. To see the details of the mountain up close like that was a once in a lifetime experience. The scenery just took your breath away. Go, you won't be disappointed!",Couples,0,2011-08-16,K2 Aviation,1,English,1,Charlotte,NC,United States,1,129,671,11,3,0.02384500745156483,0.9761,0.193,0.031,0,0,1,0,0,0,0,0,1,0,0,1,0,0,1,0,Other/Unspecified
nrtpublic,California,5,,"Wings over Kauai, better than the helicopter ride!","We had taken helicopter tours of other islands and found the airplane ride to be more scenic and pleasant.   The service provided by Bruce and Gy is outstanding and personalized.  The flight provides a slow and personalized tour of the island and the price is better than helicopter tours.

I highly recommend Wings Over Kauai as a great way to get a birds eye view of this beautiful island.",Unknown,0,2009-10-22,Kauai Deluxe Sightseeing Flight,0,English,1,,CA,United States,1,69,391,8,0,0.023017902813299233,0.9719,0.271,0.0,0,1,1,0,0,0,0,0,1,0,0,1,0,0,1,0,Airplane
GeppieTheTraveler,"Chattanooga, TN",5,May 2018 • Couples,Excellent,Biplane was awesome! highly recommend it with great customer service!! We felt safe the entire time.,Couples,0,2018-05-05, TripadvisorReviewScraper,0,English,1,Chattanooga,TN,United States,1,16,100,1,3,0.02,0.941,0.552,0.0,1,0,0,0,0,0,0,0,0,0,0,0,0,0,0,0,Other/Unspecified
John L,"Denver, CO",5,Jun 2018 • Family,Once in a Lifetime Experience,We had an amazing time on the tour. Our pilot was great! She had vast knowledge of Denali and the surroundings. She was a excellent pilot and tour guide! If we ever make it back we will defiantly be taking the flight again!,Family,0,2018-06-22,23_327_Denali Flyer Flightseeing Tour from Talkeetna 2025-02-27,1,English,1,Denver,CO,United States,1,43,223,5,3,0.026905829596412557,0.9257,0.242,0.0,0,0,0,0,0,0,0,0,1,0,0,1,0,1,1,0,Airplane
Fernando Ezquerro,"Community of Madrid, Spain",5,Aug 2019 • Couples,Wonderfull flight,A fabulous experience. 1 hour flying around Denali and the surrounding glaciers and mountains. Wonderfull.,Couples,0,2019-09-09,Talkeetna Air Taxi,0,English,1,Community of Madrid,,Spain,0,15,106,2,0,0.02830188679245283,0.5267,0.221,0.0,0,0,0,0,0,0,0,0,0,0,0,0,0,0,0,0,Airplane
Frank C,"Barnegat, NJ",5,Jun 2013 • Couples,A Magnificent Flight onto Majestic Denali,"The price of the flight through Denali was well worth the experience with the glacier landing being the high point of the flight.  Pilot Jeff made it personal and most exciting!  The weather was spectacular and after telling 2 other couples our decision, they decided to join us.  Six of us took off on the flight of a lifetime.  Every minute was an adventure.  It was the high point of our 2 weeks in Alaska.

Frank & Kathy C.",Couples,0,2013-07-09,K2 Aviation,0,English,1,Barnegat,NJ,United States,1,79,427,6,1,0.02810304449648712,0.883,0.149,0.0,1,0,1,0,0,0,0,1,1,0,0,1,0,0,1,0,Other/Unspecified
Balazs Pinter,"Zurich, Switzerland",5,Dec 2023 • Solo,"Amazing flight with whales, waves and waterfalls","Absolute 5-star experience, from the first to the last second of the flight! After we spotted some whales, flight has been extended to a Southern island loop, an incredible landscape. Eric, the pilot was very informative and took care of all my wishes. Perfect photos taken through the side window, no glare, a real dream for all photo/aviation enthusiasts. Many thanks for this once-in-a-lifetime experience!",Solo,0,2023-12-26,32_2137_Maui Plane Rides_2025-03-04,1,English,1,Zurich,,Switzerland,0,65,409,7,2,0.014669926650366748,0.9431,0.251,0.029,0,0,0,0,0,1,1,0,1,0,0,1,0,0,1,0,Airplane
S M,,5,Oct 2023 • Family,Wonderful,The experience was truly unique and wonderful. So much better the helicopter because it offers a different perspective. I particularly love the cliffs and contrast of colors.,Family,0,2023-10-06,31_745_aMaui -PRIVATE- Air Tour 5 Islands (2-5 people) SEE Even MORE!_2025-03-02,0,English,1,,,Unknown,0,27,174,1,0,0.017241379310344827,0.9357,0.405,0.0,0,1,0,0,0,0,0,0,0,0,0,0,0,0,0,0,Airplane
Carol W,"Sanford, NC",5,Nov 2018,Breathtaking....,I recently had a knee replacement and found there were trails that were very accessible for someone with health restrictions.  Beautiful is an understatement for this park.  I hope to visit again.,Unknown,0,2019-02-13,44_470_Retail Air Adventures_2025-03-06,0,English,1,Sanford,NC,United States,1,32,196,1,0,0.015306122448979591,0.7783,0.201,0.0,0,0,0,0,0,0,0,0,0,0,0,0,0,0,0,0,Airplane
688t_c,"Vancouver, Canada",5,Jan 2013 • Couples,Amazing experience,"The air tour helps us to see the part of Kauai (the Napali coast) that we cannot get to by foot (or needs a long long long hike) or car, and also gives us a different perspective of the places that we have visited, e.g. Waimea Canyon.  I picked the fixed wing tour vs the helicopter one as I feel more comfortable with a plane than helicopter, just a personal preference.  

Bruce is an excellent pilot and I got to sit in the co-pilot seat.  We saw the Napali Coast and it was truly amazing.  The ride was smooth even the weather was a bit bad, but then with a bit of rain we also got to see the clouds over the Napali Coast which is quite different than what you may see in a sunny day.

A very worthwhile trip.",Couples,0,2013-01-13,Wings Over Kauai Air Tour,0,English,1,Vancouver,,Canada,0,141,713,2,0,0.02244039270687237,0.9298,0.127,0.016,1,1,0,1,1,0,0,1,1,0,0,1,0,0,1,0,Airplane
meliangriffith,"Youghal, Ireland",5,Feb 2018 • Couples,Evening romantic tour,We recently went on the this tour and our gps for Uber sent us completely in the wrong way so important in Miami to put every detail of the address! so we arrived about and hour and half late. The pilot was so nice to accommodate us and still take us up. The flight was lovely and the pilot was so good at telling us lots about various places and building. Very nice trip would do the day time one nice time I’m over. Really so so helpful,Couples,0,2018-02-26,46_376_Miami Seaplane Tours_2025-03-06,0,English,1,Youghal,,Ireland,0,88,438,3,1,0.0182648401826484,0.9709,0.231,0.031,0,0,0,0,0,0,0,0,1,0,0,1,0,0,1,0,Airplane
Odian76,"Leipzig, Germany",5,,Der absolute Hammer!!!!!!!,"Eines der wichtigsten Dinge, die man(n) in Kauai machen sollte, ist ein Rundflug mit Wings Over Kauai Tours. Entgegen der unpersönlichen Massenabfertigung bei den Helicopter-Anbietern, bekommt man hier ein ganz persönliches Programm geboten. Das Team besteht aus Bruce (Owner, Pilot), Ellen und Josh (Pilot). Alle waren unwahrscheinlich nett und zuvorkommend. Josh flog mit uns (2+2) eine Stunde um die Insel und wir konnten alle Highlights von Kauai - liebvoll und sehr anschaulich kommentiert - anfliegen. Dazu gab es eine DVD mit persönlichem Foto, Getränke, eine Kette und eine frische Blume (alles im Preis inkludiert!). Es war wirklich ein fantastisches Erlebnis. Many Thanks to Josh and Team!",Unknown,0,2012-10-04,Wings Over Kauai Air Tour,1,English,1,Leipzig,,Germany,0,106,699,3,2,0.060085836909871244,-0.8856,0.025,0.107,0,1,0,0,0,0,0,0,1,0,0,1,0,0,1,0,Airplane
celinemartyr,"Montigny-le-Bretonneux, France",5,Apr 2022 • Family,Extraordinaire !,Fabuleux! Un voyage inoubliable de 45 minutes au dessus de San Francisco.  Gardez les yeux ouverts. C'est magique!,Family,0,2022-05-09,36_854_Seaplane Adventures_2025-03-04,0,French,0,Montigny-le-Bretonneux,,France,0,18,114,2,2,0.05263157894736842,0.0,0.0,0.0,0,0,0,0,0,0,0,0,0,0,0,0,0,0,0,0,Airplane
98765,usa,5,Sep 2015,Great-Amazing views,Don't worry-Wonderful family owned business. They make sure their equipment is safe. The plane we were scheduled to fly on was down but they made sure we got our trip in with their sister company.,Unknown,0,2015-10-04,Wings Over Kauai Air Tour,0,English,1,,,United States,1,35,196,2,0,0.02040816326530612,0.6757,0.17,0.0,1,0,0,0,0,0,0,0,0,0,1,0,0,0,0,0,Airplane
Joan S,"Colstrip, MT",5,Jul 2017 • Couples,Grand experiment,"Will, our pilot, provided us with a fantastic view of the mountains and glaciers. Totally worth the price of the trip.",Couples,0,2017-07-17,Talkeetna Air Taxi,0,English,1,Colstrip,MT,United States,1,21,118,2,0,0.01694915254237288,0.6997,0.243,0.0,0,0,1,0,0,0,0,0,1,0,0,1,0,0,1,0,Airplane
luckycard,,5,Feb 2017 • Couples,Air Ventures Flight,Wonderful company to do business with.  All employees seemed to like the work they are doing.  It made for an awesome flight.  We will highly recommend this tour.,Couples,0,2017-06-14, TripadvisorReviewScraper,0,English,1,,,Unknown,0,28,162,3,0,0.024691358024691357,0.92,0.353,0.0,0,0,0,0,0,0,0,0,0,0,0,0,0,0,0,0,Other/Unspecified
johntmusselman,,5,Jul 2022 • Family,HUGE Fun!,Great experience. Do it. Young kids had a blast and the views were incredible. Put at the top of your Alaska trip itinerary.,Family,0,2022-07-17,K2 Aviation,0,English,1,,,Unknown,0,23,124,2,0,0.04032258064516129,0.7096,0.228,0.0,0,0,0,0,0,0,0,0,0,0,1,0,0,0,0,0,Other/Unspecified
Hollie W,,5,Jul 2017,Denali Glacier Landing Flight,"An amazing experience! We were advised by the locals to take the flight landing on the glacier and were incredibly glad we did! Our pilot, Alex, was cool, calm, and collected. He was very experienced and the flights and landing were flawless. He provided information about the sights we were flying over, but also gave silence for us to just enjoy the scenery.",Unknown,0,2017-07-15,Talkeetna Air Taxi,0,English,1,,,Unknown,0,63,360,4,2,0.016666666666666666,0.9166,0.207,0.0,1,0,0,0,0,0,0,0,1,0,0,1,0,0,1,0,Airplane
Kendra D,,5,Jul 2023 • Friends,21st Birthday Trip,Amazing. Exhilarating. We got so many pictures and the view was amazing and it was safe. The pilot was great and we also received polaroid pictures to have as memory. We loved it.,Friends,0,2023-07-08,11-_131_South Beach Miami Aerial Tour  BeachesMansions and Skyline_2025-02-27,1,English,1,,,Unknown,0,33,179,3,0,0.027932960893854747,0.969,0.44,0.0,1,0,0,0,0,0,0,0,1,0,0,1,0,0,1,1,Other/Unspecified
claudioasfilho,"San Jose, California, United States",5,,Really amazing,"Hi Guys 

Me and my Wife took the tour today and it was terrific. Nick was our pilot and he was able to give us a very pleasant flight and awesome guidance on all the spots we pass throw. I didn't do the Helicopter one, but this tour was very cool and smooth. We hit the same spots that the Helicopter would pass and we paid way less. I strong recommend it.",Unknown,0,2013-12-23, TripadvisorReviewScraper,0,English,1,San Jose,CA,United States,1,72,357,2,0,0.028011204481792718,0.9444,0.214,0.0,1,1,0,0,0,0,0,0,1,0,1,1,0,0,1,0,Other/Unspecified
mafischl,"Huntington, NY",5,,Fantastic,Just an amazing experience! Leeann was an awesome pilot and guide. Vistas were other worldly. Landing on the Glacier was absolutely incredible. Well worth the money.,Unknown,0,2021-09-22,Talkeetna Air Taxi,1,English,1,Huntington,NY,United States,1,26,165,1,1,0.03636363636363636,0.9142,0.367,0.0,1,0,1,0,0,0,0,0,1,0,0,1,0,1,1,0,Airplane
Tim B,Slinger,5,Oct 2024 • Couples,Stunning views,An absolute must! What a unique way to see Maui and the surrounding islands. Our pilot Eric was incredible and very knowledgeable. Can not recommend this experience enough!,Couples,0,2024-10-14,31_745_aMaui -PRIVATE- Air Tour 5 Islands (2-5 people) SEE Even MORE!_2025-03-02,1,English,1,Slinger,,Unknown,0,28,172,2,2,0.03488372093023256,-0.4007,0.0,0.094,0,0,0,0,0,0,0,0,1,0,0,1,0,0,1,0,Airplane
mradcliffe2018,"Temecula, CA",5,Jan 2019 • Couples,A must do,"My wife and I love adding a little adventure to our vacations, and this was just the ticket. Nothing like feeling the power of the plane in an open cockpit while dive booming over the island. It was an amazing flight. The pilot Harry, was Awsome,",Couples,0,2019-01-23, TripadvisorReviewScraper,0,English,1,Temecula,CA,United States,1,46,246,3,0,0.028455284552845527,0.8189,0.191,0.066,0,0,0,0,0,0,0,0,1,0,1,1,0,0,1,0,Other/Unspecified
Mary,,5,Oct 2019,Monument Valley and Grand Canyon Fly Over,"My husband and I and our two friends from Australia thoroughly enjoyed the trip and it was so worth it -- this was our second ""tour"" with Westwind Air Service, and even though our first one at the Grand Canyon was fantastic, this one at Monument Valley, and flying over Lake Powell, and another flyover view of the Grand Canyon was amazing!  Everyone was professional, friendly, and very competent.  We look forward to our next trip.",Unknown,0,2019-10-22,34_566_attraction_review_2025-03-04,0,English,1,,,Unknown,0,76,433,7,1,0.03695150115473441,0.9812,0.303,0.0,0,0,1,0,1,0,0,0,0,0,1,0,0,0,0,0,Other/Unspecified
Cynthia B,"Sedona, AZ",5,Jun 2014 • Solo,Amazing! Not to be missed,"I don't like small planes, but I love adventure so I signed up for a Sea plane tour and crab feed. The crab was amazing, but the flight was even better. We had a beautiful day, so safety was not a concern. We flew over beautiful mountains, lakes and streams, and very close to the cliffs. The sea landing was amazing. I loved this experience. GO!",Solo,0,2014-06-08,17-653-Taquan Air Tours_attraction_review_2025-02-27,0,English,1,Sedona,AZ,United States,1,66,346,5,1,0.031791907514450865,0.9935,0.462,0.017,1,0,0,1,0,0,0,0,0,0,0,0,0,0,0,0,Airplane
Debbie H,"White House, TN",5,Sep 2017 • Couples,Air ventures-Kauai,"Everyone told us to go to Kauai when we went to Hawaii so we changed our plans and went but for only 1 day so we decided to see all of the island by small plane and we were so glad we did that!   It was amazing and our pilot had something to come up so the owner took us up!  He was so interesting and you could tell he loved doing this and loved this island!  I got the mist beautiful pictures of the lush green mountains, beautiful beaches and breathtaking waterfalls! This is a great way to see the island!",Couples,0,2017-09-21, TripadvisorReviewScraper,0,English,1,White House,TN,United States,1,102,509,2,5,0.0137524557956778,0.995,0.345,0.0,0,0,0,0,0,1,0,0,1,0,0,1,0,0,1,0,Other/Unspecified
Robert W,,5,Jul 2018 • Friends,Denali is amazing,Great adventure.  Pilot was friendly and knowledgeable.   Flight was exactly as promoted and did not disappoint.,Friends,0,2018-08-05,Talkeetna Air Taxi,0,English,1,,,Unknown,0,16,112,3,0,0.026785714285714284,0.9282,0.571,0.0,0,0,0,0,0,0,0,0,1,0,0,1,0,0,1,0,Airplane
BAC23,"Cincinnati, OH",5,Jul 2017 • Family,Awesome Service!!!,"My wife, daughter and I were on our way to Andros Island in the Bahamas and we thought booking a charter through Miami Seaplane to get us there might be a neat experience.   It was fantastic!

Nicolle was amazing as she helped us with our reservation details.  She was very patient with my endless list of questions and she always responded to my inquiries right away.  She helped us with a few luggage issues and worked hard to accommodate all of our needs.

Tony was our pilot.  What a great guy!  He's also a great pilot.  I've been on many float planes before, but I've never seen a pilot land one as smoothly as Tony did on this trip.  His ability to thread the (cloud) needle was also very impressive.  He helped us successfully navigate the Customs/Immigration office in Bimini and he even waited in the Customs office for us so that we could grab a quick bite to eat while the officers arrived.  

The flight was indescribably beautiful.  The Caribbean Sea is gorgeous from the shore in my opinion, but the view from 2000 feet was more than breathtaking.  Tony made sure to point out all the landmarks we passed on the way as well as letting us know when we were about to pass over a ray or shark on the flats.  The flight has forever left my family with many great memories.

Unfortunately when it was time for us to return Tropical Storm Emily showed up and we had to, for safety reasons, make other arrangements to get home.  One would expect the folks at Miami Seaplane Tours to simply say ""see ya next time"" but that is not what happened.  Nicolle kept me updated on the situation hourly.  It worked best for me to make arrangements for my wife and daughter to fly home via New York so they could avoid the storm.  I needed to get to Miami to collect some of our luggage (We were in North Carolina the week before our trip to Andros and we had more ""stuff"" packed than we could safely take on the Seaplane) so I flew to Miami via Atlanta just as the storm subsided.  Miami was a bit of a mess after the storm.  In some parts of the city people were actually kayaking instead of driving.  Despite this Tony went and collected our bags from the storage area and delivered them to me personally.  That was over and above the call of duty in my opinion, but the Miami Seaplane Tours folks take their customer service seriously!

My wife and I are small business owners and it's always fun for us to see how other people run their small businesses.  Some (more than a few to be honest) small businesses have lousy service and terrible people working for them.  Miami Seaplane Tours is just the opposite..................their customers receive great service from simply wonderful people.

I can't wait to fly with them again!",Family,0,2017-08-06,46_376_Miami Seaplane Tours_2025-03-06,0,English,1,Cincinnati,OH,United States,1,496,2733,2,4,0.024149286498353458,0.9965,0.145,0.039,1,0,0,1,0,0,0,1,1,1,1,1,1,0,1,0,Airplane
Sean L,"Wisconsin Dells, WI",5,Mar 2012,Great tour,"It's extremely difficult to see the island by land or sea so why not try it by air?  Air Ventures is an excellent alternative to all the helicopter tours offered on the island.  I thoroughly enjoyed the tour in the airplane and was able to take many excellent photos.  The pilot was experienced and handled the aircraft quite well (the weather wasn't the best), and also acted as a tour guide during the flight.  I highly recommend trying them out.  Note that my wife and small children stayed behind so this recommendation is for adults only.",Unknown,0,2012-03-30, TripadvisorReviewScraper,1,English,1,Wisconsin Dells,WI,United States,1,96,543,2,0,0.01289134438305709,0.9244,0.153,0.026,0,1,0,1,0,0,0,1,1,0,1,1,0,1,1,0,Other/Unspecified
Ryszard_Ochodzki,"Lodz, Poland",5,Sep 2016 • Couples,Fantastyczne przeżycie,"Lot małym samolotem nad Kauai? Tak! Start i lądowanie na lotnisku w Lihue. Bardzo miła obsługa. Po wzbiciu się w powietrze widoki zapierają dech w piersiach... Poipu, plantacje kawy, Kanion Waimea, wybrzeże Na Pali... To trzeba zobaczyć, bo nie ma słów, żeby opisać piękno tych miejsc. Do tego trafne komentarze i opisy Marcusa, naprawdę warto wybrać się z nimi na wycieczkę!",Couples,0,2016-10-06,Wings Over Kauai Air Tour,1,English,1,Lodz,,Poland,0,61,375,2,2,0.04,-0.6351,0.0,0.072,0,0,0,1,1,0,0,0,1,0,0,1,0,0,1,0,Airplane
jamescallen,,5,Sep 2020 • Family,flight of a lifetime!,"I don't take to flying very well as i have issues with my ears.  this was something I just could not pass up. to fly up and see that mountain and land on a glacier, how can you not want to do that!  we're from Montana ; we call it big sky country. I was truely amazed at what big really is. i told my family, the only way to describe it : stunning! thank you!!",Family,0,2020-09-28,K2 Aviation,0,English,1,,,Unknown,0,76,360,4,4,0.011111111111111112,0.8919,0.156,0.016,0,0,0,0,0,0,0,0,0,0,1,0,0,0,0,0,Other/Unspecified
Kami S,,5,Apr 2021 • Couples,Amazing trip!,This was such an amazing way to spend the afternoon! Eric showed us views that nobody else gets to see! Plus he let me fly for a few moments throughout the flight!,Couples,0,2021-04-22,32_2137_Maui Plane Rides_2025-03-04,1,English,1,,,Unknown,0,32,163,2,3,0.018404907975460124,0.6884,0.135,0.0,0,0,0,0,0,0,0,0,0,0,0,0,0,0,0,0,Airplane
CPS,,5,Apr 2020 • Friends,Sunset tour,Absolutely wonderful. Erik is world class...Best views on Maui. Unforgettable:). Thank you so much!!!!!,Friends,0,2020-04-28,32_2137_Maui Plane Rides_2025-03-04,0,English,1,,,Unknown,0,14,103,2,5,0.05825242718446602,0.8253,0.39,0.0,0,0,0,0,0,0,0,0,0,0,0,0,0,0,0,0,Airplane
Trip57975566016,,5,Jun 2019 • Solo,Excellent Pilot,"This was my best part of my 12-day vacation in Alaska. The pilot had an excellent control on the plane, including his snow landing. He gave us detailed explanations on what we see.",Solo,0,2019-06-29,Talkeetna Air Taxi,0,English,1,,,Unknown,0,33,180,2,0,0.022222222222222223,0.836,0.203,0.0,1,0,0,0,0,0,0,0,1,0,0,1,0,0,1,0,Airplane
spitzy135,"Buffalo, NY",4,Apr 2015 • Couples,"Grand Canyon was Great, Scenic Airlines not so much...","The Scenic Airlines Grand Canyon Connoisseur Tour is a great way to see the south rim of the Grand Canyon if you are visiting from Las Vegas.  A bus tour is the least expensive but makes for a very long day.  Of the 14 hours slated for a bus tour, 10 hours of it is spent driving back and forth. Only about 3 hours of the time is spent actually viewing the canyon.  Driving it yourself is also tedious unless you plan on staying overnight.  The helicopter tours also look great, but are almost twice the price.  So the Grand Canyon Connoisseur airplane tour was a good option.  One hour of flying there, then transfer by bus to tour the canyon for 3 hours, and then a one hour ride back.  They will also pick you up and drop you off from your Las Vegas hotel.  

However you decide to see the canyon, scour the internet for the best price and tour to suit your needs.  There’s a ton of choices and different prices for the same types of tours, so shop around.

Scenic, Papillion and Grand Canyon Airlines are all the same company, departing from the Boulder City airport, located about 45 minutes from the strip.  We found the best price for the tour with Scenic.  Grand Canyon Airlines has the exact same tour, but was slightly more.  There was also a difference in price, depending on what time of day you book your tour.  Our 9:15AM tour was the most expensive, the 12:30PM was less, and the 6:15AM was the least expensive.  

Here are a few tips:  When you book, give an accurate weight and even overestimate your weight a little.  They weigh you before you get on the plane, and that includes your purse, camera, water bottle, etc., so keep that in mind.  If you get motion sickness, take dramamine or bonine beforehand.  The plane is small (about 19 passengers), and it got quite bumpy for a good portion of the flight.  Do not pay extra for a window seat.  Our plane had two seats on each side and the windows are very large.  If you are a couple they generally seat you together, so one of you should get a window seat.

Now the GOOD:  
Beautiful aerial view of the Hoover Dam, Lake Mead, the Colorado River and the Grand Canyon.
Bus tour took you to Bright Angel and Mather Point. This is the most impressive and the widest and deepest part of the canyon.  Plenty of time to souvenir shop too.
Gigi, our bus driver was fabulous!  She was a lot of fun and gave a  lot of interesting information.  They also had another guide to speak Japanese for part of our group.

And the BAD:
Our tour was scheduled to leave at 9:15am. The Boulder Terminal was very hectic, and had several groups all leaving around the same time for different plane and helicopter tours.  They “color coded” each group to make things simple.  Each of the groups were called, except for our “purple” group.  We were left sitting there well past the 9:15 departure time.   We went up and asked after it was a half hour late and was told they were waiting for the pilot.  20 more minutes went by and someone else asked the desk and was not given any more information.  When the pilot finally showed up he told our group that the audio portion of the tour wasn’t working and they were trying to fix it.  We finally started toward the gate a full HOUR past our original departure time.  No one told us we would be delayed, and were still not sure what the real problem was.  They just let us sit there and didn’t say a word.  We’ve been on several tours including helicopter tours so we know the general routine.  In our opinion, it was very unprofessional of Scenic not to inform us of a major delay.  When the pilot finally showed up he acted like nothing happened.  Everyone was fuming.  

We ended up having a great tour in spite of the bad start, but we really feel Scenic should review this incident and handle it more professionally in the future.",Couples,0,2015-05-06,8 -690_Grand Canyon Scenic Airlines_2025-02-27,1,English,1,Buffalo,NY,United States,1,705,3828,9,1,0.027690700104493208,0.9954,0.122,0.055,0,1,1,0,1,0,0,0,1,1,0,1,1,1,1,0,Airplane
CZR1313,"Chicago, IL",5,Nov 2013 • Couples,You gotta do this!!!,"I work in tourism in Chicago and everyime I travel I try to experience every unique option for vehicle excurisions for a given city.  I've been on helicoptors over and outside of Vegas, rode dune buggies in the desert outside of Vegas, an airboat in the Everglades, a catamaran, submarie and a 10 person plane in Hawaii, parasailed in the Bahamas and on and on, but honestly the seaplane was one of the coolest experiences ever bringing together water and sky.  I would recommend this to anyone visiting Miami or even if you were local.  Amazing.",Couples,0,2013-12-30,46_376_Miami Seaplane Tours_2025-03-06,0,English,1,Chicago,IL,United States,1,96,546,4,0,0.023809523809523808,0.9253,0.126,0.0,0,0,0,0,0,0,0,0,0,0,0,0,0,0,0,0,Airplane
X1156SWjohns,,5,Nov 2016 • Friends,All were very kind and accommodating!,"I am a very large lady with some physical difficulties and had concerns about fitting into the small plane.  The staff were very nice and Kevin, our pilot, was extremely patient and treated me with patience and respect.   His narrative was educational and the flight was amazing.  Now if I could just figure out how to get out of a biplane I would go up for another wonderful adventure.   Bring your GoPro and they will attach it to the plane for just a small fee.",Friends,0,2016-11-02, TripadvisorReviewScraper,0,English,1,,,Unknown,0,85,464,6,0,0.021551724137931036,0.9299,0.175,0.024,0,0,0,0,0,0,0,0,1,1,0,1,1,0,1,0,Other/Unspecified
abagail l,,5,Jan 2023 • Family,Amazing,It was amazing. Was able to see whales and the cliffs. The views were spectacular and a never forgetting experience.,Family,0,2023-01-09,32_2137_Maui Plane Rides_2025-03-04,0,English,1,,,Unknown,0,20,116,1,0,0.02586206896551724,0.5859,0.174,0.0,0,0,0,0,0,0,1,0,0,0,0,0,0,0,0,0,Airplane
Dee C,"Gold Coast, Australia",5,Sep 2018 • Couples,Fantastic,Excellent flight with a well experienced pilot who had lots of information about the local area. We couldn't have wished for a better trip. We even saw a bear on the mountain top. We would highly recommend Seawind flights.,Couples,0,2019-05-15,SeaWind Aviation,0,English,1,Gold Coast,,Australia,0,39,222,1,0,0.02252252252252252,0.9061,0.3,0.0,0,0,0,0,0,0,0,0,1,0,0,1,0,0,1,0,Other/Unspecified
LaniCaney,"West Tisbury, MA",5,,"ecstasy at 20,000 feet","a must for all keenly alive adventurers! 
spiritual and humbling ....we must protect our natural world!

Lani, Marc and Kris",Unknown,0,2010-08-19,K2 Aviation,0,English,1,West Tisbury,MA,United States,1,20,124,4,2,0.024193548387096774,0.8802,0.465,0.0,0,0,0,0,0,0,0,0,0,0,0,0,0,0,0,0,Other/Unspecified
shirl906,"Ormond Beach, FL",5,Sep 2021 • Solo,Great flight!,"I did the Denali flight with a glacier landing on Labor Day and was fortunate to have clear weather. The company was very professional, on time, safety/COVID conscious, and provided good value for your money. Highly recommend.",Solo,0,2021-09-09,K2 Aviation,1,English,1,Ormond Beach,FL,United States,1,37,226,2,0,0.048672566371681415,0.9117,0.312,0.0,1,0,1,0,0,0,0,1,0,0,0,0,0,0,0,0,Other/Unspecified
Jeanette N,,5,Oct 2019 • Couples,Helicopter flight over Grand Canyon,Verne was our pilot and took us on a fantastic trip over the grand canyon and surrounding area. He was very informative and the scenery was breath taking. I would go again in a heart beat!!,Couples,0,2019-10-23,10-1549_Marverick Helicopter_attraction_review_2025-02-27,0,English,1,,,Unknown,0,36,189,5,2,0.015873015873015872,0.8011,0.188,0.0,0,1,0,0,1,0,0,0,1,0,0,1,0,0,1,0,Helicopter
Steven H,,5,Mar 2018 • Family,Plane ride,"Great plane ride like nothing else you will experience. Highly recommend. Great service. Excellent views of Maui unlike any you will see. Trip took us to see the sea cliffs, views amazing.",Family,0,2018-03-04,32_2137_Maui Plane Rides_2025-03-04,1,English,1,,,Unknown,0,32,188,2,0,0.031914893617021274,0.9682,0.447,0.0,0,0,0,1,0,0,0,0,0,0,0,0,0,0,0,0,Airplane
Natalie L,"Cheyenne, Wyoming, United States",5,Jul 2012 • Family,Absolutely the very best part of our Alaska trip!,"You absolutely cannot visit Alaska and Denali National Park without taking a flightseeing tour -- and K2 is the BEST, bar none.  We talked to many others in the area and everyone raves about them because they specialize in the tour experience, not just ferrying climbers (though they are popular for doing that too).  The pilot who gave our tour was not only a skilled aviator but also extremely knowledgeable about the history and science of the area, telling great stories and pointing out fascinating points of interest through the pilot headsets we all wore. Takeoff and landing was smooth and we never felt nervous or airsick at all -- such a lovely flight!  The office staff was so friendly and helpful, and extremely flexible if you need to reschedule your tour due to weather as we did -- we found out that the summit of Mt. McKinley is only visible 30% of the time due to weather, but they are great about offering other options or rescheduling your flight, etc. And the aircraft is gorgeous, spotlessly maintained and comfortable. Even if you don't see the summit there is SO MUCH incredible stuff to see in the park on your flight.  There are things we saw on this tour that very few people will ever see and that will take your breath away -- 35-mile-long glaciers, sheer cliff amphitheaters, passes so dramatic it feels like your wingtips will scrape the sides (they're not even close, but it feels that way!), the Great Gorge that's deeper than the Grand Canyon, glacial pools that are literally Windex blue, ice crevasses and ice falls, on and on.  Of course if the weather is nice as it was for us, you'll see Mt McKinley (Denali), the highest summit in North America and and the rest of the range (Foraker-Denali's Wife and Hunter-Denali's child) and probably ask yourself who would be crazy enough to climb those things (a thousand try every spring, and less than half make it!).  Even my teenage kids were speechless and taking photos nonstop -- if you're a photographer you better bring an extra memory card!  And the optional glacier landing is a MUST -- we will never forget landing on skis and walking around on an actual glacier in the shadow of the most dramatic mountain scenery anywhere.  This is a trip of just a few hours that we will NEVER, never forget. Worth every penny and more!",Family,0,2012-10-09,K2 Aviation,1,English,1,Cheyenne,WY,United States,1,408,2312,9,5,0.02422145328719723,0.9979,0.177,0.007,1,0,1,0,1,1,0,1,1,1,1,1,1,0,1,0,Other/Unspecified
Bamatams,"Houston, TX",5,Jun 2017 • Family,Best day!,We flew over the Grand Canyon on our way to Page.  One of the most awesome days of my life!  Highly recommend it.,Family,0,2017-06-10,8 -690_Grand Canyon Scenic Airlines_2025-02-27,0,English,1,Houston,TX,United States,1,23,113,2,1,0.05309734513274336,0.888,0.344,0.0,0,0,0,0,1,0,0,0,0,0,0,0,0,0,0,0,Airplane
Maggie255118,"Christchurch, New Zealand",5,Sep 2018 • Couples,Top of our Bucket List achieved!,"Maverick are a responsible, professional group with safety as their top priority.  We had an awesome pilot/guide taking us through the spectacular Grand Canyon in September'18.  Will recommend Maverick to all our friends.",Couples,0,2018-10-05,10-1549_Marverick Helicopter_attraction_review_2025-02-27,0,English,1,Christchurch,,New Zealand,0,33,221,6,0,0.03167420814479638,0.9559,0.439,0.0,1,0,0,0,1,0,0,0,1,0,1,1,0,1,1,1,Helicopter
justinblacktravels,"Dallas, TX",5,Sep 2021 • Friends,A Must on your Alaska Adventure!,"We did the Grand Denali tour with Glacier landing and it was an amazing experience. Perfect length flight to see Denali and more of the Alaska range from above. Pilot and staff were very friendly, helpful, and had great communication. 

We are professional photographers and got some pretty awesome images and video. Hands down the best tour/experience in our 10day trip around Alaska. Worth the money 100%. 

Good covid protocols for those who are worried about mask usage etc…

Highly recommend!",Friends,0,2021-10-04,Grand Denali Flightseeing tour from Talkeetna,0,English,1,Dallas,TX,United States,1,81,497,6,1,0.028169014084507043,0.9901,0.366,0.02,1,0,1,0,0,0,0,0,1,1,0,1,1,0,1,0,Airplane
SpotChecker,,5,Jun 2023 • Family,Worth the price! Bucket list trip,"There are no words for how stunning this flight tour was. Our party of three were the only ones on the plane with the pilot. He had been flying for 30-40 years and his father was a pilot, and we felt very safe. Flying over the glaciers was a beautiful experience. There were hundreds of little lakes in one area of the glaciers that were bright blue against the white snow. Due to the weather, we could not get too close to Mt. Denali, but we did not miss out.",Family,0,2023-11-26,5 -Denali Experience Flightseeing Tour from Talkeetna_2025-02-27,0,English,1,,,Unknown,0,90,460,6,0,0.017391304347826087,0.8027,0.125,0.017,1,0,1,0,0,0,0,1,1,0,1,1,0,0,1,1,Airplane
Michaela B,"Visby, Sweden",5,Sep 2014 • Friends,All weather depending,"We were lucky and got our plain ride. We heart that the majority of the trips are cancelled due to clouds and winds. Booked through travel agancy, had private transportation, so cant say anything about their own pick up service. We sat further back in the plain and made good pictures, u dont NEEEED to sit in the front.",Friends,0,2014-09-17,K2 Aviation,1,English,1,Visby,,Sweden,0,59,320,3,0,0.03125,0.5719,0.091,0.032,0,0,0,0,0,0,0,1,0,0,0,0,0,0,0,0,Other/Unspecified
Maria K,"Brussels, Belgium",5,Sep 2019 • Friends,Greatest Experience!,"Lost for words, thank you for an amazing trip Fred & Co! It was truly life changing to go with you guys!",Friends,0,2019-09-16,36_854_Seaplane Adventures_2025-03-04,0,English,1,Brussels,,Belgium,0,22,104,2,2,0.038461538461538464,0.8168,0.336,0.079,0,0,0,0,0,0,0,0,0,0,0,0,0,0,0,0,Airplane
Cedarmarple,Marple,5,Oct 2013 • Couples,Must do,My husband and myself decided to try this as we had a helicopter trip booked on another Island and I have to say I am glad we did. I was very nervous as I have not flown in such a small plane before.  From the off I was made to feel very relaxed and safe and once in the air the scenery completely took over. Would recommend and will do again next time I am over that way.,Couples,0,2013-12-01,Wings Over Kauai Air Tour,0,English,1,Marple,,Unknown,0,78,372,2,0,0.026881720430107527,0.8678,0.153,0.03,1,1,0,0,0,0,0,0,0,0,1,0,0,0,0,0,Airplane
Kelly H,,5,,Beautiful views and fun trip.,Fun flight and beautiful scenery!  Felt very safe and great to be able to talk to each other through the headsets.  Even the 5 year year old in the copilot seat had fun!   Wonderful to see the falls and Mt. Hood from up high.  Pilot was very friendly and explained things as we went along.  Recommend.,Unknown,0,2023-06-18,20-459_Envi Adventures_2025-02-27,1,English,1,,,Unknown,0,56,301,5,2,0.026578073089700997,0.9823,0.376,0.0,1,0,0,0,0,1,0,0,1,0,0,1,0,0,1,0,Other/Unspecified
MandyLuTX,"Frisco, TX",4,,Unique experience,"We have taken helicopter tours in other places, loved it, and when we saw this biplane we thought it would be better. Glad we did it, but we will be going back to the helicopters in the future. This is great for average to smaller size people.
Pilot was great, plane was shiny and new, service and booking experience was excellent. We thought the pictures would be better since there is no window, but the wing is in almost every shot. Also, my husband is a big, broad shouldered man (size XXL shirt) and we technically fit, but definitely not comfortably. 
Again, the plane and service was excellent, we have no complaints. Just not our “size”",Unknown,0,2019-11-25, TripadvisorReviewScraper,0,English,1,Frisco,TX,United States,1,116,644,2,0,0.017080745341614908,0.9823,0.254,0.08,0,1,0,0,0,0,0,0,1,0,1,1,0,0,1,0,Other/Unspecified
Chelsea J,"Memphis, TN",5,Apr 2016 • Couples,"Amazing Experience, do not miss out!!","My husband and I took the Cessna tour for two with Bruce and it was the highlight of our visit to Kauai! We took a helicopter tour when we visited the Big Island four years ago which was a little rough, so we opted to try a plane and are so glad we did! Bruce was a wonderful pilot and tour guide and we loved the family atmosphere that Bruce and his family created. We saw amazing scenery throughout our hour long flight and definitely felt like we got the better end of the deal there! If you're debating between a helicopter tour and Wings over Kauai, choose the plane, you won't regret it!!",Couples,0,2016-04-29,Kauai Deluxe Sightseeing Flight,1,English,1,Memphis,TN,United States,1,114,594,6,5,0.02356902356902357,0.9838,0.242,0.0,0,1,1,0,0,0,0,0,1,0,1,1,0,1,1,1,Airplane
puttobuko,"Panglao Island, Philippines",5,Nov 2012 • Solo,Wings lover,"Great ,great , great , I loved it soooooooo much I would like to do it again ,again and again.
 As you can only access 20% of Kauai by road its a must to fly  to see all the beauty of this island , specially with Wings were you have the best views in the cockpit and best service . 
Thanks to Ellen ,Sophia , Josh and Bruce for making me very comfortable and sharing all they know about  the island",Solo,0,2012-12-23,Wings Over Kauai Air Tour,0,English,1,Panglao Island,,Philippines,0,81,398,2,0,0.02763819095477387,0.9915,0.395,0.0,1,0,0,0,0,0,0,0,1,0,0,1,0,0,1,0,Airplane
Freshney,"Watford, UK",5,Jun 2015 • Couples,Awesome trip,"We did a combined trip of aeroplane flight, jeep tour and rafting. Friendly pilot and amazing views on flight.Great walk through antelope canyon and the rafting was fantastic.Rafting is a great way to see the canyon.Highly recommend",Couples,0,2015-08-04,8 -690_Grand Canyon Scenic Airlines_2025-02-27,0,English,1,Watford,,United Kingdom,0,37,232,2,0,0.021551724137931036,0.9274,0.305,0.0,0,0,0,0,1,0,0,0,1,0,0,1,0,0,1,0,Airplane
Anabella O,,5,May 2019 • Friends,Great experience!,"We flew with Will from K2 Aviation, and it was an awesome experience! Even though we weren’t able to safely land on the glacier, we still got to see a lot of amazing landscapes, including Mt. Denali! 
I would highly recommend this to everyone!",Friends,0,2019-05-14,5 -Denali Experience Flightseeing Tour from Talkeetna_2025-02-27,0,English,1,,,Unknown,0,44,243,2,3,0.03292181069958848,0.941,0.28,0.0,0,0,0,0,0,0,0,0,0,0,0,0,0,0,0,0,Airplane
HappyfamilyTraveler,Virginia,4,Jul 2014 • Couples,Kauai by air,Overall a good trip and worth the money.  the narration was hard to hear above the noise of the plane and the plane is cramped but it is a small plane and you have great visibility from all seats.  Touring by plane does not get you down and close up with waterfalls like touring by helicopter does but the plane gets you higher and gives you a better overall view.,Couples,0,2014-07-04, TripadvisorReviewScraper,1,English,1,,VA,United States,1,70,364,3,0,0.005494505494505495,0.9428,0.206,0.015,0,1,1,0,0,1,0,1,1,0,0,1,0,0,1,0,Other/Unspecified
Fionaoutdoors,Glasgow,5,Oct 2017 • Solo,One of the most amazing days of my life,"I am an outdoors, adventure and travel journalist and I have seen some amazing places and enjoyed the most fantastic trips but this day will be a highlight for a very long time. The trip was very well organised and professional. What we saw in just one day including the small plane ride, helicopter trip, boat trip and Skywalk was absolutely ideal. I would have loved to stay for longer at the Grand Canyon but my schedule did not allow for this. I highly recommend this company and this trip. You can see further details on my blog Fiona Outdoors .co . uk",Solo,0,2017-11-18,34_566_attraction_review_2025-03-04,1,English,1,Glasgow,,Unknown,0,103,557,9,0,0.02154398563734291,0.9847,0.274,0.017,0,1,0,0,1,0,0,0,0,0,0,0,0,0,0,1,Other/Unspecified
XtinaC,,5,,Unforgettable!,I spent alot of time reviewing different ways to see Kauai by air and Im glad I went with Wings Over Kauai.  Bruce and Ellen make you feel right at home.  The flight itself is fantastic - amazing views and alot of Island knowledge from Bruce.  I highly recommend Wings of Kauai!,Unknown,0,2010-08-31,Kauai Deluxe Sightseeing Flight,1,English,1,,,Unknown,0,52,278,1,1,0.0539568345323741,0.9258,0.235,0.0,0,0,0,0,0,0,0,0,1,0,0,1,0,0,1,0,Airplane
dermgoddess,"Naples, FL",5,,Excellent experience- a MUST do,"I went with my grown daughter (no appropriate option above to choose from) to do the west grand canyon, sky walk 7.5 hour experience. This operation is 5* from beginning to end. Our trip was confirmed the day before. As instructed, we met Chick (in a white Nissan) outside our hotel lobby and were taken to the airfield where we met our pilot Chris. My daughter and I were the only passengers today.  Chris informed us that the grand canyon tour catered to the Asians and not to think him rude if he ""bullied"" his way through the throngs of people. We were informed that busloads of Asians are brought here daily from Las Vegas and that they push and do not understand the concept of waiting in line. True to his word, the place was mostly Asian (95+%) all pushing and moving in herds. It was so bad, that trying to exit the stall in the bathroom was almost impossible! Once outside of the restroom, Chris and another pilot arranged for the 2 groups to go ahead of the masses. We did our helicopter ride and pontoon boat down the Colorado river, then another helicopter ride back to the starting point. From there, we met up with Chris who whisked us off to a bus to do the skywalk. Very impressive, but expect long lines. Afterwards, we went to Guano Point for lunch. Be prepared to wait in line and be pushed and jostled. The food, I must admit, was poor at best- overcooked beans, corn, and then either pulled pork or bland chicken. There was also Cole slaw, mashed potatoes, a roll and chocolate cake, plus a bottle of water. My advice, pass on lunch or better yet, bring your own. I realize I went to see the sights and they were great... Lunch is just part of the package. After lunch, Chris took us on a hike and showed us the remains of the guano mining and lots of neat trivia. After this, back on the bus to a gift shop ( what else) and then back to the plane for the 1.5 hour return flight. This is a class operation and the experience would not have been as wonderful without a caring, knowledgeable pilot/ guide. I highly recommend this trip.",Unknown,0,2012-05-01,34_566_attraction_review_2025-03-04,0,English,1,Naples,FL,United States,1,384,2055,5,1,0.020437956204379562,0.9845,0.109,0.034,0,1,0,0,1,0,0,0,1,0,1,1,0,1,1,0,Other/Unspecified
Eric,"Seattle, WA",5,,Beautiful morning flight over Kaua'i,"Makana was wonderful. 
 He was very informative and funny throughout the flight.  Took his time to show everyone on each side of the aircraft the all sights.
He definitely puts the customer service first and made sure we had a great day.  Cant wait to do it again soon and hopefully have Makana as out pilot again",Unknown,0,2022-10-25,TripadvisorReviewScraper,1,English,1,Seattle,WA,United States,1,57,313,5,0,0.019169329073482427,0.9563,0.272,0.0,0,0,0,0,0,0,0,0,1,0,0,1,0,0,1,0,Other/Unspecified
Kanada_0101,"Toronto, Canada",5,Jul 2018 • Friends,Denali Flying Tour with K2 Aviation,"Since we didn't see much at the Denali National Park bus tour, we decided to do the flying tour as we were staying in Talkeetna. Let me tell if you haven't done this don't miss the opportunity to do this it is one of the wonders of the world. The sheer beauty and awe inspiring nature so overpowering to see from air which you wouldn't get from walking or hiking. The magnitude of the size of glaciers and the mountains were just incredible. 
The K2 pilot was very knowledgeable and the service was great. Don't miss this opportunity if you can afford it will cost around 240/- USD pp without lading.",Friends,0,2018-07-29,K2 Aviation,0,English,1,Toronto,,Canada,0,111,600,6,0,0.023333333333333334,0.837,0.111,0.038,0,0,1,0,0,0,0,0,1,0,0,1,0,0,1,0,Other/Unspecified
Ben_Hoffman_UC,,5,May 2015 • Business,Stormy but Beautiful,"The views were spectacular! We saw delicate arch, needles, and zoomed over Canyonlands. The views were breathtaking! Our ride was a bit bumpy which caused me to get a little dizzy, but it the weather made the views just so much more spectacular! Some of the mountains looked like they were smoking!",Business,0,2015-05-14,44_470_Retail Air Adventures_2025-03-06,0,English,1,,,Unknown,0,52,298,3,4,0.020134228187919462,0.7363,0.137,0.024,0,0,0,0,0,0,0,1,0,0,0,0,0,0,0,0,Airplane
Leigh W,,5,Mar 2022,Completely worth the cost,Completely worth the cost--everything about our 45 minute flight over the Grand Canyon was amazing. There isn't a bad seat in the plane--I think it was a 15-seater. The windows are large so you can see everything even if you are in the middle of three seats. We went all the way up to North Rim which was great since we weren't planning to travel there by car. A wonderful flight!,Unknown,0,2022-03-21,8 -690_Grand Canyon Scenic Airlines_2025-02-27,1,English,1,,,Unknown,0,71,380,4,1,0.02631578947368421,0.9635,0.243,0.0,0,0,1,0,1,0,0,0,0,0,0,0,0,0,0,0,Airplane
djo4gq,"Charleston, South Carolina",4,Aug 2016 • Family,Classic Misty Fjords Flightseeing Tour,"We took the Classic Misty Fjords Flightseeing Tour in August 2016. We were planning on taking a longer tour with a different tour company, but we wanted to use our on-board cruise credit so we booked with Taquan Air. The tour was two hours and the perfect amount of time to get some great views of the fjords.

I forgot our pilot's name, which is unfortunate because he was very knowledgable on the area and funny as well. The planes are pretty old, but well maintained and, according to our pilot, very reliable.

You set out over the cruise ships and Ketchikan towards the fjords. It takes about 20-30 minutes to get into the national park and the views are spectacular. We ended up landing on the water in the middle of the fjords and were able to get out onto the side of the plane to look around and take pictures. It's unbelievably beautiful and serene once you are on the water.

We expected more wildlife on the tour, but only saw a bunch of seals lying on a beach from a long distance. We asked our tour guide and he said that there are very rarely wildlife spottings on this tour. The tour is amazing nonetheless, but that's just an expectation to having going into the tour.

We had an amazing time and would highly recommend.",Family,0,2016-09-19,17-653-Taquan Air Tours_attraction_review_2025-02-27,0,English,1,Charleston,SC,United States,1,228,1237,5,0,0.01778496362166532,0.9933,0.193,0.032,1,0,0,1,0,0,1,0,1,0,0,1,0,1,1,0,Airplane
Khusroo Qureshi,"Plano, TX",1,May 2021 • Couples,Cancelled tour. No courtesy call from company ahead to inform,Didn’t inform me about tour cancellation until I drove 2.5 hrs from Anchorage to reach there.Still awaiting refund,Couples,0,2021-05-24,5 -Denali Experience Flightseeing Tour from Talkeetna_2025-02-27,0,English,1,Plano,TX,United States,1,18,114,10,0,0.03508771929824561,0.0258,0.064,0.0,0,0,0,0,0,0,0,0,0,0,0,0,0,0,0,0,Airplane
Laymon D,San D,4,Nov 2011,"To Say The Least, It Was The Most!","My nephew and I went up with pilot Harry and from take off to landing the experience was great.  Harry did a great job informing all six of us on our tour of many main attractions that are available to undergo while on the ground as well as historical facts about the island paradise.  Parts of the ride was a little bumpy, but we were forewarned before takeoff.  Seeing the island from an aerial perspective is a fantastic  way to go!",Unknown,0,2011-12-04, TripadvisorReviewScraper,0,English,1,San D,,Unknown,0,81,435,8,1,0.013793103448275862,0.9365,0.187,0.0,1,0,0,0,0,0,0,0,1,0,0,1,0,0,1,0,Other/Unspecified
Sierraykyle,"Salt Lake City, UT",5,May 2023 • Couples,Worth every cent,"Awe inspiring, seeing the majesty of all that is beautiful in the world. Our pilot was interesting and highly competent too!",Couples,0,2023-05-10,5 -Denali Experience Flightseeing Tour from Talkeetna_2025-02-27,1,English,1,Salt Lake City,UT,United States,1,21,124,3,1,0.016129032258064516,0.9059,0.419,0.0,0,0,1,0,0,0,0,0,1,0,0,1,0,0,1,0,Airplane
Lori S,,5,Oct 2022 • Friends,Amazing!!!,"This was my first helicopter ride and my first time seeing the Grand Canyon. I can’t imagine a better way to do it. So incredible!! Our pilot was super informative and friendly and we had a smooth, safe ride!",Friends,0,2022-10-02,10-1549_Marverick Helicopter_attraction_review_2025-02-27,1,English,1,,,Unknown,0,39,208,1,3,0.028846153846153848,0.9499,0.351,0.0,1,1,0,0,1,0,0,0,1,0,0,1,0,0,1,0,Helicopter
Matt Bolen,"Los Angeles, California, United States",5,Dec 2020 • Couples,MUCH BETTER THAN A HELICOPTER TOUR!,"Initially we were looking to do a helicopter tour as we had done one before, but decided on the plane because of the cost and duration. We weren't disappointed!

It seems like these tours are truly a labor of love for Eric (Pilot) as this was far and above, the most memorable experience of our trip thus far. 

The views and Eric's knowledge of the island were second to none. I would recommend Eric and Maui Plane Rides to ANYONE, and EVERYONE. 

Skip the helicopter tour and do this instead, you'll be glad you did!",Couples,0,2020-12-09,31_745_aMaui -PRIVATE- Air Tour 5 Islands (2-5 people) SEE Even MORE!_2025-03-02,1,English,1,Los Angeles,CA,United States,1,95,518,6,2,0.052123552123552123,0.9645,0.19,0.024,0,1,1,0,0,0,0,0,1,0,0,1,0,0,1,0,Airplane
Simone L,"Anchorage, AK",5,Jul 2018 • Friends,Fantastic Experience,"Two major things you need to have a great flight seeing experience a good pilot and fantastic weather, we were fortunate to have both. 

The plane ride out to see Denali was smooth and the pilot was great making sure everyone was able to see the awesome sights in front and below us. The clouds cleared from the great mountain just as we got close which I guess makes us part of the 30% crowd that saw the mountain. 

He then took us through some valleys and we saw glaciers and some of the wonderful jewel like reflections of deep blue peaking through the snow. We did hit a bit of turbulence in one of the passes and the pilot handled it beautifully.

It was an awe inspiring experience and I'm so glad to call Alaska home.",Friends,0,2018-07-26,5 -Denali Experience Flightseeing Tour from Talkeetna_2025-02-27,1,English,1,Anchorage,AK,United States,1,137,725,2,0,0.013793103448275862,0.9934,0.292,0.0,1,0,0,0,0,0,0,1,1,0,0,1,0,0,1,0,Airplane
robbaycom,"Sausalito, CA",5,Dec 2022,Fantastic and exciting,"Great overview of where we live and work all at 1200 ft !!!!
 Real fun on a seaplane.....a new adventure!!",Unknown,0,2022-12-26,36_854_Seaplane Adventures_2025-03-04,0,English,1,Sausalito,CA,United States,1,20,106,3,6,0.018867924528301886,0.8972,0.404,0.0,0,0,0,0,0,0,0,0,0,0,0,0,0,0,0,0,Airplane
Janin K,Boulder,5,May 2018 • Solo,Great experience,"We couldn't do the glacier landing due to the weather, so our pilot, Chris, decided showed us the spots that were well visible. Chris also told us a lot about the area and was it was an extremely smooth flight for such a small plane (10 people including pilot). All in all, a great experience even though not as planned and everything went very smooth and easy with K2, all very professional and super friendly.",Solo,0,2018-05-27,23_327_Denali Flyer Flightseeing Tour from Talkeetna 2025-02-27,0,English,1,Boulder,,Unknown,0,75,411,2,0,0.012165450121654502,0.9496,0.2,0.0,1,0,0,0,0,0,0,1,1,0,0,1,0,0,1,0,Airplane
DreaLund,North Carolina,5,Aug 2016 • Family,Birthday Flight for my son,What a fabulous experience.  My 17-year old son & I enjoyed our flight.  The staff was professional and our pilot was awesome.  We were in good hands while having the experience of a lifetime.,Family,0,2016-09-14,Talkeetna Air Taxi,0,English,1,,NC,United States,1,34,192,5,0,0.026041666666666668,0.9287,0.345,0.0,0,0,0,0,0,0,0,0,1,1,1,1,1,0,1,1,Airplane
Daryl_G,Atlanta,5,,speechless beauty,"Awe inspiring flight around Mt McKinley and landing on one of it's glaciers.  I've been to some beautiful places but I teared up on this one and thought of my dad who so loved the mountains.

John is a cautious - the kind of guy you want piloting a single engine",Unknown,0,2010-08-13,Talkeetna Air Taxi,0,English,1,Atlanta,,Unknown,0,51,262,2,0,0.026717557251908396,0.904,0.227,0.028,1,0,0,0,0,0,0,0,1,0,1,1,0,0,1,0,Airplane
Jenn P,"Kitchener, Canada",5,Jul 2019 • Family,Great option for small children,"Originally when I was looking to book an air tour, I was unable to find a company that would take small children. I have a 2 1/2 year old who travels well and who I prefer to bring along with me whenever possible. Fortunately, Wings Over Kauai was referenced on a TripAdvisor forum, and when I followed up to confirm that they take small children, I was assured that they have lots of experience with kids, provide a booster cushion to help kids see out the windows, and provide a kid-size headset! 

Val, the office manager, and Cameron, the pilot, were both incredibly professional and friendly with us. They made us feel welcome and at ease, and got us settled onto the Cessna with no hiccups. The flight was amazing! Totally worth doing, and a definite highlight of our trip. My 2 1/2 year old enjoyed wearing her headset and looking out of her window for about half the flight, and then had a nap for the rest of the flight. 

I would recommend Wings over Kauai for any group. The Cessna is amazing because you get the plane to yourself if you only have a couple and maybe a child. I’m sure the larger plane is great for bigger groups, but I didn’t experience it. Hands down, take this tour!",Family,0,2019-07-09,Kauai Deluxe Sightseeing Flight,1,English,1,Kitchener,,Canada,0,221,1196,5,3,0.023411371237458192,0.9645,0.137,0.007,1,0,1,0,0,0,0,0,1,1,1,1,1,0,1,1,Airplane
rr52s,,5,Oct 2018 • Couples,Best Deal You will find,"We flew with Harry in the 182. Personal service at a group rate price. Harry was an excellent pilot and did a great job getting into and out of the mountains with low clouds surrounding some of the sites we were to see. His knowledge of the sites and the associated weather made us feel safe and we got tons of pictures. I am a pilot alos and this team is great. Kevin, Kacee and harry took great care to see our adventure was the best part of our trip to the 50 th state.",Couples,0,2018-10-22, TripadvisorReviewScraper,0,English,1,,,Unknown,0,95,472,5,0,0.01694915254237288,0.9738,0.247,0.052,1,0,1,0,0,0,0,1,1,0,0,1,0,0,1,0,Other/Unspecified
Ali Ann,,5,Jul 2019,4th of July Glory,"We walked up on the Fourth of July and my husband spontaneously booked tickets for everyone in our family - there are six of us! It was glorious seeing the mountain up close. We did the short tour, not knowing how the boys would fare, ages 8,6,4 and 1. My 8-year-old still talks about seeing the Moose's Tooth and the Sheldon Amphitheater was priceless for me to see. We'd do it again and take the longer tour all the way around Denali and/or get dropped off and go hike around. It is spectacular! Just remembering the images of those mountains is PRICELESS!
One note about the baby: K2 provided a Britax car seat for him to sit in along with sound-canceling ear muffs. They were so accommodating for our crew! The pilot was super friendly and answered all the questions little people can ask. We'd do this again in a heartbeat and take the kids along - it was that great of an experience.",Unknown,0,2019-12-10,K2 Aviation,0,English,1,,,Unknown,0,164,889,4,4,0.03262092238470191,0.9557,0.096,0.0,0,0,0,0,0,0,0,0,1,1,1,1,1,0,1,0,Other/Unspecified
lovingabe,"Hamilton, OH",5,Mar 2023 • Friends,Well worth the cost,"This was a great day. The pilot did an awesome job after we hit severe turbulence over the Grand Canyon. The ground tour was great as well and in spite of less than perfect weather, we saw great beauty and had great fun. Even the optional box lunch was very good. I’d highly recommend this tour.",Friends,0,2023-03-11,33_71_Grand Canyon South Rim Signature Ground Tour with PJX_2025-03-04,1,English,1,Hamilton,OH,United States,1,56,295,4,0,0.023728813559322035,0.9892,0.473,0.067,0,0,1,0,1,0,0,1,1,0,0,1,0,0,1,0,Other/Unspecified
Intrepidsoul,"Charleston, SC",5,,Outstanding!,"We did the sunset tour.  IF YOU GO TO MAUI, YOU SHOULD ABSOLUTELY DO THIS TOUR!  You will see a side of Maui that most people don't get to see!  Maui on land is amazing, but Maui from the sky is ABSOLUTELY STUNNING!  Please do this tour!  You will not regret it!",Unknown,0,2021-05-18,32_2137_Maui Plane Rides_2025-03-04,1,English,1,Charleston,SC,United States,1,52,262,1,5,0.25572519083969464,0.9585,0.266,0.0,0,0,0,0,0,0,0,0,0,0,0,0,0,0,0,0,Airplane
Toni2711,"Plymouth, UK",5,Jun 2018 • Couples,lovely trip,We went on the two seater Cessna with Doug our pilot. Safety briefing before getting on the plane.Doug informed us that was light refreshments if we required.  Quickly took off and followed the coast for a while. Lovely scenery really captured the beauty of the island. Doug was very informative on the history of the area. We did attempt go into the valley but the weather was against us and we were buffeted a bit. Which was hair raising. Doug turned towards the coast and followed the land. Beautiful island.  Clothing for the trip was casual. After the trip we were given a photo and cd of the music that was playing in the background.  well worth the trip and thanks for making us feel so welcome,Couples,0,2018-07-09,Wings Over Kauai Air Tour,0,English,1,Plymouth,,United Kingdom,0,127,701,2,0,0.019971469329529243,0.983,0.212,0.0,1,0,1,1,1,0,0,1,1,0,0,1,0,0,1,0,Airplane
twaiters,"Sarasota, FL",5,,Awesome experience,"This was an amazing experience! Erik was very informative, explaining the beautiful views. Steve made me feel safe as he was flying. I would recommend this tour to any and everyone visiting Maui. Aloha!",Unknown,0,2021-06-25,32_2137_Maui Plane Rides_2025-03-04,0,English,1,Sarasota,FL,United States,1,34,202,2,2,0.0297029702970297,0.9285,0.321,0.0,1,0,0,0,0,0,0,0,1,0,0,1,0,0,1,0,Airplane
rrs_12,kcmo,5,Sep 2015 • Business,Unbelievable excursion!,"From beginning to end, working with the individuals who own one operate Wings over Kauai was a first class experience.  They went out of their way to make sure we received the tour we needed/wanted and that tour was one of the best we've experienced. On top of everything else, they keep the price reasonable!  Thank you Ellen and Josh and all of those at Wings over Kauai for a day we will never forget!",Business,0,2015-09-28,Wings Over Kauai Air Tour,1,English,1,kcmo,,Unknown,0,75,404,2,2,0.024752475247524754,0.9011,0.161,0.0,0,0,1,0,0,0,0,0,0,0,0,0,0,0,0,0,Airplane
rosana a,"Tres Arroyos, Argentina",4,Aug 2019,EMOCIONANTE,"Realmente una experiencia inolvidable. Bien la atención de la empresa al llegar. No entiendo la necesidad de re confirmación si ya esta pago. Es un trastorno porque no admite mail. El piloto amable pero estaba con el teléfono mensajeando todo el tiempo en el vuelo, y no era capaz de indicarle a las personas que no se sentían bien que activaran mayor cantidad de aire. Era obvio que para el piloto no representaba ninguna dificultad el vuelo, pero es una mala imagen.  En términos generales recomendaría la experiencia.Las vistas son impresionantes y cuesta menos que el helicóptero.",Unknown,0,2019-08-19,30_115_Grand Canyon Landmarks Tour by Airplane with Optional Hummer Tour2025-03-01,0,French,0,Tres Arroyos,,Argentina,0,97,584,1,0,0.0136986301369863,-0.8402,0.0,0.11,0,0,0,0,0,0,0,0,0,0,1,0,0,0,0,0,Airplane
DJ Frustration,"Pinecrest, FL",5,May 2024 • Family,Best time up in the sky!!!,"We took my son on an incredible adventure!! Sergio our pilot was awesome and very knowledgeable about the area and sites. The trip went by so quickly!!! Could have stayed up there for hours!! Thanks, Sergio!!!",Family,0,2024-05-05,12-392_Eagles AirLine_attraction_review_2025-02-27,1,English,1,Pinecrest,FL,United States,1,36,209,6,10,0.028708133971291867,0.8877,0.241,0.0,0,0,0,0,0,0,0,0,1,0,1,1,0,0,1,0,Airplane
Courtney C,,5,Oct 2021 • Couples,Awesome Experience,Seeing the sea cliffs from the air was awesome! Also saw dolphins jumping near Molokini crater. Definitely recommend!,Couples,0,2021-10-30,31_745_aMaui -PRIVATE- Air Tour 5 Islands (2-5 people) SEE Even MORE!_2025-03-02,0,English,1,,,Unknown,0,18,117,2,2,0.03418803418803419,0.8715,0.397,0.0,0,0,0,1,0,0,0,0,0,0,0,0,0,0,0,0,Airplane
Jessica D,"Troutman, NC",5,Feb 2024 • Family,Do it,Stunning way to see the island!  So glad we did it by airplane. Josh explained what we were seeing and even pointed out whales off the cost!,Family,0,2024-02-03, TripadvisorReviewScraper,1,English,1,Troutman,NC,United States,1,27,140,2,2,0.02142857142857143,0.7563,0.206,0.0,0,0,1,0,0,0,1,0,0,0,0,0,0,0,0,0,Other/Unspecified
1234,"Bora Bora, French Polynesia",5,Feb 2024 • Family,Bucket list,"Wonderful flight, Beautiful views, worth every penny could not be any happier with the flight loved, loved it so much was a bucket list checked off, thank you so much!",Family,0,2024-02-28,10-1549_Marverick Helicopter_attraction_review_2025-02-27,0,English,1,Bora Bora,,French Polynesia,0,30,167,2,1,0.011976047904191617,0.9539,0.448,0.062,0,0,1,0,0,0,0,0,0,0,0,0,0,0,0,1,Helicopter
kas1002,"West Chester, OH",3,Jun 2017 • Couples,Expensive,"We took the air tour of Misty Fjords since I was told this was the only way to see it.  It was a nice flight and we landed on the water and took off again.  I'm not sure that I would do it again.  It was expensive and we did other things on our trip to Alaska that we loved.  Our pilot didn't really say much, pointed out some locations but I would have liked to have heard some actual history, facts.  There was a boat tour that looked nice but I'm not sure if we had the time to go out on a boat.",Couples,0,2017-06-25,17-653-Taquan Air Tours_attraction_review_2025-02-27,0,English,1,West Chester,OH,United States,1,105,498,1,0,0.02610441767068273,0.8328,0.108,0.036,0,0,1,0,0,0,0,0,1,0,0,1,0,0,1,0,Airplane
Jeff K,"Saint Charles, IL",5,,Great time!  Recommended!,"I can't add much to what has already been said.  Bruce and his family are great.  I saw a whale from the plane, and we both appreciated the safety the plane provides.",Unknown,0,2009-04-02,Wings Over Kauai Air Tour,0,English,1,Saint Charles,IL,United States,1,32,166,3,0,0.018072289156626505,0.8807,0.282,0.0,1,0,0,0,0,0,1,0,1,0,1,1,0,0,1,0,Airplane
Jon M,"Napa, CA",5,,Great Way to See Kauai from the Air,"Prior to arriving in Kauai, my wife and I decided to take an aerial tour of Kauai. After researching various companies, both fixed wing and helicopter, we decided to fly with Wings Over Kauai, and this tour was absolutely spectacular!
After checking in with Val, and going over the safety instructions, we were introduced to our pilot Marcus. He is thoroughly professional, but his professionalism is balanced out with a friendly and warm personality.
Once we were in the air, he conversed with us throughout the entire tour, and pointed out landmarks along the way. This is a great way to see the Island from up above, and it is a beauty to behold!
My wife and I highly recommend Marcus, and Wings Over Kauai!",Unknown,0,2018-04-12,Kauai Deluxe Sightseeing Flight,0,English,1,Napa,CA,United States,1,125,710,8,3,0.029577464788732393,0.9775,0.174,0.0,1,1,0,0,0,0,0,0,1,0,1,1,0,0,1,0,Airplane
WrldTrvl01,"Atlanta, GA",5,Apr 2013 • Solo,A Most Amazing Experience - Flight and Glacier Landing,"I booked a flightseeing trip with the Talkeetna Air Taxi through the Alaska Railroad reservation services in mid-April. It was the most wonderful experience! I had checked the 7-day weather forecast and saw that the weather on that Saturday would be perfect, no cloud cover. The TAT provides complimentary hotel pick-up, and a very nice young gentleman picked me up, along with others I had met on the train who were staying at another hotel.

We arrived at the TAT office at the flightline, and we all lined up to be weighed and outfitted with shoe covers for those without snowboots. I looked around and noted that Adam Richman (of Man vs. Food fame) had been a celebrity customer. He had left an autographed photo for the TAT staff to hang on their wall.

The flight started out with a safety briefing and we all boarded with great anticipation. The airplane was a De Havilland Canada DHC-3 Otter. We were provided headphones to listen to the flightseeing narrative by the pilot. It wasn't until I returned home to discover the call-sign ""Zero Papa Romeo"" referred to the last three letters/numbers on the aircraft (0PR). 

We flew around the peaks of Denali, and then for the highlight, landed very smoothly on the Sheldon Amphitheater on Ruth Glacier. It was so nice chatting with the other passengers all in excitement of what we were experiencing. We hopped out and started snapping photos of each other, of the terrain, of the Sheldon Mountain House (and yes, the outhouse with a lady exiting). When someone asked the pilot which peak was Denali, he pointed up to a peak way up high and so tiny above us and to the left. It was difficult to fathom exactly how high Denali actually was. The takeoff was amazing! It was as if we were in a helicopter! It took very little distance to lift off of the glacier snow. It was explained the turboprop made all the difference compared to the days of the old Cessna planes.

I cannot do any more than to recommend that this should be added to everyone's ""bucket list."" It was so wonderful!",Solo,0,2013-05-19,Talkeetna Air Taxi,1,English,1,Atlanta,GA,United States,1,361,2036,9,4,0.032907662082514735,0.9908,0.118,0.012,1,1,0,0,0,0,0,1,1,1,0,1,1,0,1,1,Airplane
Louette C,,5,Sep 2020,A DEFINITE MUST SEE TOUR.,"If your visiting the San Francisco Area this tour is an experience you should not miss.  I live in the area and love to take visiting friends for the tour or take someone up for a special birthday.  

Fred was our pilot with 32 years old experience flying, also he gave a knowledgeable overview of the history of the sites as we flew over them.  We flew over the Golden Gate Bridge, the Richmond-San Rafael Bridge and the Oakland Bay Bridge, the view was stunning.  Also, we flew over San Francisco’s famous skyscrapers, Mount Tamalpais, Angel Island, Alcatraz, and along the coastal towns by the Pacific ocean.",Unknown,0,2020-09-21,36_854_Seaplane Adventures_2025-03-04,1,English,1,,,Unknown,0,107,611,5,0,0.0425531914893617,0.9193,0.124,0.0,0,0,0,1,0,0,0,0,1,0,1,1,0,0,1,1,Airplane
CHANDRA B,"Williamsburg, VA",5,Mar 2021,"Fantastic Trip, Ready to Book Again!","I had a fantastic view of Denali and all her glory with Pilot Chris.  The views of Denali National Park were absolutely incredible.  Our pilot Chris provided a VERY smooth ride, from takeoff to landing and everything in between.  The booking and check-in process was smooth and easy.  I am ready to visit again in the summer so I can compare the views.",Unknown,0,2021-03-26,K2 Aviation,0,English,1,Williamsburg,VA,United States,1,63,352,6,0,0.048295454545454544,0.91,0.188,0.0,1,0,0,0,0,0,0,0,1,0,0,1,0,0,1,0,Other/Unspecified
1fooler,"York, ME",5,Jan 2012 • Couples,Great Time in Ketchikan,"We recently visited Ketchikan and opted for a floatplane excursion with Seawind Aviation. It was the best decision of our entire trip. Lesley met us as we got off our ship and took us to meet Rick  who they recommended for a bit of salmon fishing before our 11am flight. It was great. Rick took us out on his recently repowered boat and proceeded to take us where the salmon were to be found. He also handled taking our fish for processing and shipping. You couldn't ask for more as Rick told us about the history of Ketchikan and many important aspects of daily life there. 
We arrived for our flight right on time and met up with Steve, Lesley's husband. We were off for my wife's first flight in a smaller plane. She loved it. There were great photo op's with whales and bears not in short supply. The scenery was second to none with Steve providing us a very safe and exciting trip. My wife couldn't stop smiling. 
Forget the cruise line overpriced tours and contact Steve and Lesley. You won't regret the decision.

Ray and Carol    May 20, 2012",Couples,0,2012-05-29,SeaWind Aviation,0,English,1,York,ME,United States,1,192,1050,4,0,0.02761904761904762,0.9817,0.154,0.012,1,0,0,0,0,0,1,0,1,0,1,1,0,0,1,0,Other/Unspecified
Lorie P,"Wichita Falls, TX",5,Nov 2012 • Couples,Kauai Air,This is a great air tour to see the different sights of Kauai.  Our pilot Harry was great.  The island is absolutely beautiful.,Couples,0,2012-11-20, TripadvisorReviewScraper,0,English,1,Wichita Falls,TX,United States,1,23,127,2,0,0.03937007874015748,0.9245,0.395,0.0,0,0,0,0,0,0,0,0,1,0,0,1,0,0,1,0,Other/Unspecified
Susan,"Dublin, Ireland",5,Mar 2024,Amazing!,"We had the most amazing flight in the helicopter.  It was a unique experience and is highly recommended it.  Well run, friendly and a must do for any tourist",Unknown,0,2024-03-31,36_854_Seaplane Adventures_2025-03-04,0,English,1,Dublin,,Ireland,0,29,157,1,0,0.01910828025477707,0.8945,0.338,0.0,0,1,0,0,0,0,0,0,0,0,0,0,0,0,0,0,Airplane
Lorivanriper,"Tallahassee, FL",5,Apr 2016 • Family,An amazing once in a lifetime experience! Highly recommend!,"Our air tour to Sedona and the Grand Canyon was everything they said it would be and more! Best money I ever spent and I would do it again! Absolutely fantastic from beginning to end. Meg at Westwind Air Service handled our reservations and was professional, kind and answered my many questions. We were met with an enthusiastic staff who treated us better than family, making sure we had an ""over the top"" experience. Sights from the air and breathtaking and cannot be experienced any other way. I highly recommend the ground tour package as well. It was a memory making fun filled day that did not even feel rushed. The pink jeep tour and guide was awesome and provided many unique detailed facts that kept us wanting more. We left from Phoenix in the morning and returned in the early afternoon having experienced two natural wonders in a unique, fantastic and beautiful way. Trust me when I say, it is a once in a lifetime experience everyone should take!",Family,0,2016-04-12,34_566_attraction_review_2025-03-04,1,English,1,Tallahassee,FL,United States,1,170,959,9,3,0.021897810218978103,0.9948,0.274,0.0,0,0,0,0,1,0,0,0,1,1,1,1,1,1,1,0,Other/Unspecified
jfales,New Mexico,5,Jan 2015 • Couples,Fantastic views and helpful commentary,"We flew on Wings over Kauai today with three other guests and Josh as our pilot.  The weather was good - not too many clouds between us and unique views of paradise.  Josh was an excellent pilot and guide to the fabulous scenery - pointing out flora, fauna, points of interest, geological facts, many waterfalls, and historical facts.  We saw humpback whales, monk seals, large crashing waves on the north shore, Tow surfers, and glorious views of Mt. Wai'ale'ale.  Flightseeing is a wonderful way to see the beauty of this mostly pristine island (while providing an aerial view of other highlights).  Brilliant!",Couples,0,2015-01-22,Wings Over Kauai Air Tour,0,English,1,,NM,United States,1,102,612,5,1,0.0196078431372549,0.9872,0.268,0.0,0,0,0,1,0,1,1,1,1,0,0,1,0,1,1,0,Airplane
Roy H,"Almere, The Netherlands",5,May 2017 • Couples,Een prachtige tour,"De Misty fjords sightseeing tour met Taquan Air is echt een aanrader, het personeel is vriendelijk, behulpzaam en goed op de hoogte van alle lokale highlights. Het vliegtuig was een echte klassieker wat het helemaal afmaakte.",Couples,0,2017-05-21,17-653-Taquan Air Tours_attraction_review_2025-02-27,1,English,1,Almere,,The Netherlands,0,36,225,3,0,0.022222222222222223,0.0,0.0,0.0,0,0,0,0,0,0,0,0,0,0,0,0,0,0,0,0,Airplane
Jo S,"Kansas City, Kansas",5,Mar 2017 • Couples,Adventure of a Lifetime,We have never experienced anything like this before.  Highly recommend it to anyone.  A must do when someone visits Alaska.,Couples,0,2017-04-04,K2 Aviation,0,English,1,Kansas City,KS,United States,1,20,123,4,0,0.032520325203252036,0.1737,0.128,0.096,0,0,0,0,0,0,0,0,0,0,0,0,0,0,0,0,Other/Unspecified
Walker Wisdom,"Melbourne, Australia",5,Feb 2012 • Family,Trust the reviews... it is AWESOME!,"We used WOK after reading all the reviews from tripadvisor and we couldn't have been more pleased. This is a fantastic experience and the staff were all wonderful. From the organising to the flight everything went perfectly.

This is a must and was a highlight for everyone including my Dad who has seen the world and it takes a fair bit to impress him. The flight is stunning and really completes a trip to Kauai. Worth every cent!

Bruce was extremely informative and a wonderful pilot - a pilot with a Ph.D makes for a great flight! Not much more to be said that hasn't already been said however if you suffer from motion sickness I would recommend taking something beforehand (mainly due to the fact it is a light plane - not to any fault of the pilot).

They even gave us a lift to the airport after! A wonderful family run business that really delivers!",Family,0,2012-04-18,Kauai Deluxe Sightseeing Flight,0,English,1,Melbourne,,Australia,0,157,859,6,4,0.020954598370197905,0.9904,0.253,0.02,0,0,1,0,0,0,0,0,1,1,1,1,1,0,1,1,Airplane
No_CAPacificFan,No. CA,4,,Got a great overview of the Garden Island,"Just got back from our timeshare vacation on Kauai. Had never done the helicopter thing and wasn't real anxious to be in one either but we love Kauai and had done the cat sunset tour of Napali coast and seen it from the outlooks at Kokee. When I heard about the plane ride I knew it was for me. It was smooth, slow and very relaxing and I felt very safe. It was a wonderfully clear day and not much of the trade winds to be found. Since I was alone I got the co-pilot seat but I think any seat would be good as the windows are BIG and the noise low. Another added value was that it's eco-friendly and I appreciate that. I had a great hour taking pictures and videos of my fantasy island that I can relive any time I want.",Unknown,0,2009-06-07, TripadvisorReviewScraper,0,English,1,No. CA,,Unknown,0,145,721,8,0,0.033287101248266296,0.9908,0.254,0.031,1,1,1,1,0,0,0,1,1,0,0,1,0,0,1,0,Other/Unspecified
kellyvonschoppebos2n,"Dedham, MA",5,Nov 2018 • Couples,Helicopter ride in Grand Canyon!!,"This trip was one of the best things we have ever done!!
Helicopter was huge. It’s climate controlled , big comfy seat (5 people and pilot). You wear nice  headphone w/mic to talk to pilot. Also awesome music is piped in .  So very 😎 cool.  I couldn’t possibly describe the Grand Canyon or how awesome it was   It is definitely a must-see if it’s not on your bucket list it needs to be   Well worth the price",Couples,0,2018-11-29,10-1549_Marverick Helicopter_attraction_review_2025-02-27,1,English,1,Dedham,MA,United States,1,78,408,5,2,0.02696078431372549,0.9829,0.327,0.0,0,1,1,0,1,0,0,0,1,0,0,1,0,0,1,1,Helicopter
Shelbs,"Antioch, CA",5,Mar 2019 • Friends,Breathtaking views,"I'd like to start with the fact that each and every member of the staff was professional, nice and very knowledgeable.  They were unsure of the ability to do this tour as advertised due to weather conditions in the area, but instead of changing the route or even cancelling they decided to go up and see how things looked and it turned out that we were able to not only get to the mountains we went a little further to make the experience even more amazing.  i would highly recommend checking them out! i am definitely planning to head back in the future and will try another experience.",Friends,0,2019-03-18,5 -Denali Experience Flightseeing Tour from Talkeetna_2025-02-27,1,English,1,Antioch,CA,United States,1,108,587,2,1,0.0034071550255536627,0.941,0.155,0.031,0,0,0,0,0,0,0,1,0,1,0,0,1,0,1,0,Airplane
David N,,5,Aug 2018 • Couples,Outstanding,"We loved our flight. We had bright sun and clear skies on top but clouds at the landing zone and were unable to land, it didn't matter it was still beautiful. Our pilot was knowledgeable and everyone at Talkeetna Air Taxi was friendly and helpful.",Couples,0,2018-09-03,Talkeetna Air Taxi,0,English,1,,,Unknown,0,45,247,1,0,0.024291497975708502,0.963,0.355,0.019,1,0,0,0,0,0,0,1,1,0,0,1,0,0,1,0,Airplane
CBtraveller_12,"Halifax, Canada",5,Sep 2019,Air Adventure in Kauai,We were treated to a fantastic mornng tour! Our pilot Justin(JT)  and crew Thomas were professional and efficient. Lots of fun. We would def do it again!,Unknown,0,2019-10-02,TripadvisorReviewScraper,0,English,1,Halifax,,Canada,0,27,153,4,2,0.05228758169934641,0.8829,0.309,0.0,0,0,0,0,0,0,0,0,1,1,0,1,1,0,1,0,Other/Unspecified
Julia,,5,Jan 2019 • Family,Great Experience!,"We've done both helicopter and now, airplane tours on Kauai. While helicopter gets closer and is definitely more of a heart racing experience, I found this plane tour offered a more relaxing experience while giving great view of all the highlights at a fraction of the cost of a heli tour. The tour guide had tons of great info as well and on the heli tour it's much harder to hear and learn. If your goal is seeing all the island has to offer with budget in mind, I highly recommend this!",Family,0,2019-02-06,Wings Over Kauai Air Tour,0,English,1,,,Unknown,0,92,489,2,1,0.014314928425357873,0.9682,0.218,0.0,0,1,1,0,0,0,0,0,1,0,0,1,0,1,1,0,Airplane
M&RJ,Arizona,5,Jun 2019 • Couples,Awesome adventure,"This was an absolutely fantastic experience and I would highly recommend it! The pilot was so nice, accommodating and did anything and everything possible to ensure we were comfortable and had a great experience. Thank you Maui Plane Rides for making our anniversary so special and memorable!",Couples,0,2019-06-07,32_2137_Maui Plane Rides_2025-03-04,1,English,1,,AZ,United States,1,47,292,2,2,0.023972602739726026,0.9796,0.421,0.0,1,0,0,0,0,0,0,0,1,0,0,1,0,0,1,1,Airplane
Kirsten Adams,,5,Jan 2021,WORTH THE TIME & MONEY!!,"WOW! Today, my daughter and I took a flight to see CanyonLands and the Arches. Our pilot, Craig, was PHENOMENAL! NOT ONLY was he charming, he was incredibly knowledgeable about all aspects of the parks and sights. Our 1.5 hours was BY FAR the highlight of the week! HIGHLY RECOMMEND the entire RedTail Aviation team and ESPECIALLY CRAIG !!!",Unknown,0,2021-01-22,44_470_Retail Air Adventures_2025-03-06,1,English,1,,,Unknown,0,59,340,5,6,0.19411764705882353,0.9528,0.234,0.0,0,0,1,0,0,0,0,0,1,0,1,1,0,0,1,1,Airplane
Julia B,,5,Jul 2022 • Couples,Best views in Maui,"Great trip - our pilot, Eric made the entire journey very enjoyable and safe. Best scenes/views in Maui!",Couples,0,2022-07-14,31_745_aMaui -PRIVATE- Air Tour 5 Islands (2-5 people) SEE Even MORE!_2025-03-02,0,English,1,,,Unknown,0,18,104,4,1,0.038461538461538464,0.9428,0.535,0.0,1,0,0,0,0,0,0,0,1,0,0,1,0,0,1,0,Airplane
ezram17,"Los Angeles, CA",5,Aug 2017 • Couples,Great trip!,"I had a great time flying Denali with TAT; the flight was smooth and comfortable, the pilot (Richard) was experienced, friendly, and knowledgeable, and the views were jaw-dropping. If you're on the fence about the glacier landing, I'd recommend going for it; it definitely enhanced the experience by giving us some time to absorb the views, and the landing and takeoff were straightforward and smooth, on a large snow-field.",Couples,0,2017-09-04,Talkeetna Air Taxi,0,English,1,Los Angeles,CA,United States,1,69,424,2,0,0.018867924528301886,0.9531,0.233,0.0,1,0,0,0,0,0,0,0,1,0,0,1,0,0,1,0,Airplane
Navigator21461788417,"Fort Worth, TX",5,Jun 2023 • Couples,Great Experience!,The pilot was super friendly and knowledgeable and fun to fly with. The flight was amazing. The pictures are priceless The experience definitely worth it! We'll be back.,Couples,0,2023-07-01,20-459_Envi Adventures_2025-02-27,1,English,1,Fort Worth,TX,United States,1,28,169,2,1,0.029585798816568046,0.9589,0.465,0.0,0,0,1,0,0,0,0,0,1,0,0,1,0,0,1,0,Other/Unspecified
Ken R,"Springfield, MO",5,Nov 2016 • Couples,Absolutely breathtaking! Weather was amazing for us!,"The flight was on a perfect day, with slight breeze, clouds at 2600' and it was smooth sailing at 2500'! What a beautiful flight with amazing scenes! A must do on Kauai!",Couples,0,2016-11-14,Kauai Deluxe Sightseeing Flight,0,English,1,Springfield,MO,United States,1,32,169,7,3,0.023668639053254437,0.9228,0.321,0.0,1,0,0,0,0,0,0,1,0,0,0,0,0,0,0,0,Airplane
Gail H,New Paltz,5,May 2016 • Friends,Flight and glacier landing by Denali,"Beautiful trip. Fantastic views. Super pilot, he was friendly and knowledgeable about the area. Worth every penny.",Friends,0,2016-08-06,Talkeetna Air Taxi,0,English,1,New Paltz,,Unknown,0,17,114,6,0,0.03508771929824561,0.9477,0.579,0.0,1,0,1,0,0,0,0,0,1,0,0,1,0,0,1,0,Airplane
cmbbtb,Chadds Ford,5,Apr 2012 • Family,"Awesome flight, excellent staff","Though it was touch and go whether or not we would be able to complete a flight tour, it was well worth the wait. We were initially scheduled to fly on Saturday, but for weather reasons, the flights were grounded. Luckily we had hotel reservations for the night so we could reschedule for Sunday. We opted to do the glacier landing, and this was a huge hit with our kids. If doing a flight-tour is a must on your trip, then I suggest you book a night in Talkeetna. That way if your flight is cancelled, you have another shot at flying the next day. The staff was great in accommodating us the next day. And, Talkeetna is a fun, quirky town to spend the night in. Last caveat for families with young kids - our teen loved the whole experience, but our 8 year old fell asleep on the way back.",Family,0,2012-04-23,Talkeetna Air Taxi,0,English,1,Chadds Ford,,Unknown,0,152,790,4,0,0.017721518987341773,0.976,0.158,0.015,1,0,1,0,0,0,0,1,0,1,1,0,1,0,1,0,Airplane
ImaPickyTraveller,Memphis,5,Jul 2016 • Family,"Beautiful, once-in-a-lifetime scenery","We took a flight over Misty Fjords as a cruise ship excursion.  The scenery is incredibly beautiful. Our pilot was great, and his commentary over the headphones was very informative. The landing on a lake was smooth, and the quietness of the surroundings added to the majesty.
A couple of notes to be aware of, especially if you have kids: the plane gets pretty cramped, and so it gets stuffy prior to takeoff. And because it's a small plane, expect a few dips and drops as the plane hits pockets of cooler or warmer air. Prepare your kids, if they've never been in a smaller plane.",Family,0,2016-08-07,17-653-Taquan Air Tours_attraction_review_2025-02-27,0,English,1,Memphis,,Unknown,0,106,582,3,0,0.015463917525773196,0.9286,0.126,0.0,1,0,0,0,0,0,0,0,1,0,1,1,0,0,1,0,Airplane
Michael Denis M,"Castlewellan, UK",5,Sep 2013 • Solo,A great way to see Kaua'i,"Yes, there are helicopter rides. Good, I have no doubt, but this is a great trip.
From the young people who check you in to knowledgeable pilots (Paul, in this case).
It an hour of great fun and even better views. /you will not be disappointed.
Sights from the coasts to the NaPali Cliffs, to the North Shore at Hanalei and Princeville, to
the island's interior with stunning waterfalls.
You'll see way more that you can from the car....
Do yourself a favour and travel with Air Ventures.
They even do combo flights with luau or boat rides, if you are interested.
Enjoy.",Solo,0,2013-09-26, TripadvisorReviewScraper,0,English,1,Castlewellan,,United Kingdom,0,103,570,6,0,0.03508771929824561,0.9915,0.316,0.025,0,1,0,1,0,1,0,0,1,0,0,1,0,0,1,0,Other/Unspecified
Mike S,United States,5,Jul 2015 • Couples,!,"This was a Holland America Cruise Line shore excursion. A great experience all the way around: weather, sights, and dining. Our ground crew and pilot for Taquan Air were friendly, organized, and competent. Even if you're a tad nervous about flying in a small ( 6 Pax) float plane, you will soon be absorbed by the majesty of Alaska and will not feel unsafe. The crab dinner at the George Inlet Lodge exceeded expectations and redefined all you can eat. Our gracious hostess provided a short ""how to"" demo on how to eat a crab. She was friendly, knowledgeable, and most important, kept the crab coming! One note, we were the last tour of the day and to meet our cruise departure we felt a bit rushed toward the end of our dinner. If possible book an earlier tour.",Couples,0,2016-06-03,17-653-Taquan Air Tours_attraction_review_2025-02-27,0,English,1,,,United States,1,139,762,1,1,0.026246719160104987,0.9492,0.131,0.015,1,0,0,1,0,0,0,1,1,1,0,1,1,0,1,0,Airplane
TammyBrin,"Miami, FL",5,Jun 2016 • Family,Two words....THE BEST,The best part of our whole trip! Must get Matt as your pilot. He was an amazing pilot with an amazing personality. The ride was smooth and he was full of knowledge. Took us to beautiful places. I was with my 76 yr old dad and 8 yr old daughter. They had the best time. My 8 yr old keeps talking about her experience and how she wants to do it again. I feel the same way!!,Family,0,2016-06-15,44_470_Retail Air Adventures_2025-03-06,0,English,1,Miami,FL,United States,1,77,371,3,3,0.026954177897574125,0.9712,0.234,0.0,1,0,0,0,0,0,0,0,1,0,1,1,0,0,1,0,Airplane
Th0mps0n2013,"Amherst, OH",5,Jul 2013 • Family,What an experience!,"We had an all-around amazing trip to Alaska, but this flight was a highlight for our whole family.  My husband and I flew with our 9-year-old daughter as part of a small glacier-landing group.  The scenery was astonishing and our pilot was a true pro.  We had fun playing in the snow on an 80-degree day and got some of the best pictures of our trip to share and remember when we got back home.  The entire staff, in the air and on the ground, were great and we really enjoyed our experience.",Family,0,2013-08-21,K2 Aviation,1,English,1,Amherst,OH,United States,1,93,492,3,0,0.014227642276422764,0.9891,0.304,0.0,1,0,0,0,0,0,0,0,1,1,1,1,1,0,1,1,Other/Unspecified
chrisnmick2016,"Toowoomba, Australia",5,Mar 2017 • Couples,Grand Canyon south rim or west rim?,"On a recent trip to Las Vegas, our trip to the Grand Canyon was a must do! I did a bit of research and decided that the south rim was the ideal. Maverick had a trip that involved a short plane flight to the Grand Canyon airport where we were met by an outstanding bus driver Michael, who took us up through the national park to the lodges. This is where we were supplied a basket lunch and was able to walk along the path to the various scenic lookouts. The bus then took us back to airport and we boarded the helicopter which was piloted by Dan and we flew around the south rim and through the canyon for about 20 mins. Back to airport and on the plane bound for Las Vegas. Absolutely fantastic experience that was made more special by the 4 inches of snow that had fallen the day before we went. The staff at maverick were so professional, courteous and helpful that only made the trip more special.  Not cheap ( with the Aussie dollar convertion)  but Definitely worth every cent. Of course we were lucky to go since the two days prior had been cancelled because of the snow/weather, so maybe suggest that you book early in your stay so that if it is cancelled then there is the chance that you can go another day.",Couples,0,2017-04-07,10-1549_Marverick Helicopter_attraction_review_2025-02-27,0,English,1,Toowoomba,,Australia,0,232,1217,7,1,0.018077239112571898,0.9681,0.129,0.027,0,1,1,0,1,0,0,1,1,1,0,1,1,0,1,0,Helicopter
Nancy B,"Arlington, VA",5,Jul 2014 • Family,Do it!  Grand Denali Tour was incredible!,"Our pilot Chris said we had one of the best days he'd ever seen to experience the Grand Denali Tour.  Simply stunning views, flew through all sorts of incredible spaces and the glacier landing was a once in a lifetime experience.  On the way back, Chris let my 5 year old be the co-pilot, which he LOVED.  Not inexpensive but totally, totally worth it.",Family,0,2014-08-01,Talkeetna Air Taxi,0,English,1,Arlington,VA,United States,1,64,352,7,0,0.03977272727272727,0.8866,0.182,0.0,1,0,1,0,0,0,0,0,1,0,0,1,0,0,1,0,Airplane
SKHomer,"Albuquerque, NM",5,Dec 2014 • Solo,Great Flight - Beautiful Views,"Kauai is beautiful from the air, and some kind of flight tour is well worth it. Wings Over Kauai was a comfortable, friendly way to see Kauai from the air. Everyone had the aloha spirit, the pilot was knowledgeable and informative without being intrusive, and the tour lasted just the right amount of time.",Solo,0,2014-12-19,Kauai Deluxe Sightseeing Flight,0,English,1,Albuquerque,NM,United States,1,54,306,5,0,0.0196078431372549,0.9337,0.255,0.0,1,0,1,0,0,0,0,0,1,0,0,1,0,0,1,0,Airplane
David G,"Kapaa, HI",5,Aug 2017 • Solo,Just wonderfuls,"Dennis was an excellent pilot and guide. The tour was well planned and on time. You can't get as deep in the canyon as you could with a helicopter,  but the over fly Vistas were specular.",Solo,0,2017-08-04, TripadvisorReviewScraper,0,English,1,Kapaa,HI,United States,1,36,187,2,0,0.0213903743315508,0.4404,0.106,0.0,0,1,0,0,1,0,0,0,1,0,0,1,0,1,1,0,Other/Unspecified
GCMike64,"Grove City, OH",5,Dec 2019 • Couples,Great Cessna air tour with Bruce,We booked a private tour in a Cessna with Wings Over Kauai.  We got an hour long tour of the beautiful island with Bruce....just my wife and I and the pilot.  The views were stunning and Bruce is very knowledgeable.  We chose the air tour due to the longer flight time and comfort with a plane (with wings!) rather than a helicopter.  My wife gets a little motion sick and had no issues.,Couples,0,2019-12-09,Wings Over Kauai Air Tour,0,English,1,Grove City,OH,United States,1,73,387,6,1,0.031007751937984496,0.6212,0.121,0.068,1,1,0,0,0,0,0,0,1,0,1,1,0,0,1,0,Airplane
odonga,"Wodonga, Australia",5,Jun 2015 • Couples,Just Amazing you have to do it,Its was just Amazing. Flying over Mt Denali and Landing on a Glacier. You get out and play in the snow. You have to do it. It was worth the money. Just do it,Couples,0,2016-04-20,Talkeetna Air Taxi,0,English,1,Wodonga,,Australia,0,34,157,7,0,0.07006369426751592,0.7964,0.213,0.0,1,0,1,0,0,0,0,0,0,0,0,0,0,0,0,0,Airplane
Val777EastYorkshire,East Yorkshire,5,Aug 2022,Amazing experience,"We were lucky to have a sunny, clear morning for this experience and we loved it.  The pilot was very knowledgeable and the views were great.  If you have time do this when you are in San Francisco and then spend some time in Sausalito which is well worth a visit.",Unknown,0,2022-09-01,36_854_Seaplane Adventures_2025-03-04,0,English,1,East Yorkshire,,Unknown,0,51,264,2,0,0.022727272727272728,0.9595,0.325,0.0,0,0,1,0,0,0,0,1,1,0,0,1,0,0,1,0,Airplane
trails60,"Mareuil-Sur-Lay-Dissais, France",5,Oct 2017 • Family,Lake Powell and Rainbow Bridge,"Fantastic!!!
We decided to NOT go to Antelope Canyon but go on this flight instead. We saw the crowds at Antelope from above and knew we made the right decision.
Pilot Ben flew us over Lake Powell and Rainbow Bridge and loved every minute of it.
What a fantastic experience. So glad we did this.",Family,0,2017-11-01,34_566_attraction_review_2025-03-04,0,English,1,Mareuil-Sur-Lay-Dissais,,France,0,55,295,5,3,0.0576271186440678,0.9631,0.263,0.0,0,0,0,0,1,0,0,1,1,0,0,1,0,0,1,0,Other/Unspecified
Martin T,"Hamburg, Germany",4,Aug 2018 • Family,Grand Canyon aus der Luft,"Wir haben mit GC Scenic Airlines einen Rundflug von 45 Min über den GC gemacht. Tolles Erlebnis den GC mal aus der Luft zu sehen und zu überfliegen. Beim nächsten Mal würden wir aber einen Heli vorziehen, weil der tiefer in den Canyon reinfliegt.",Family,0,2018-09-15,8 -690_Grand Canyon Scenic Airlines_2025-02-27,0,English,1,Hamburg,,Germany,0,44,246,5,0,0.07317073170731707,0.0,0.0,0.0,0,1,0,0,1,0,0,0,0,0,0,0,0,0,0,0,Airplane
Chris C,"Lakeville, MN",5,Jun 2014 • Family,Amazing views,"This is a fantastic way to see the immensity of the Misty Fjords area. There is no way a land-based trip can give you the scope of the area that a small plane can, and SeaWind was a perfect company for my small family of three to go with to see the scenery. From pick-up to return, the entire process is very professional and friendly, with a true family feel to the experience. There were five people in our little sea plane, not counting the pilot, and we all had great views as all seats are alongside a window. We took off from the same harbor where our cruise ship was docked, and we flew over forests, mountains, lakes, waterfalls, and rivers. While we were in a plane, it was still easy for the pilot to get close to the areas he wanted us to see. For example, he circled around a waterfall a few times so we could all get a good view, and since the plane was so small and relatively slow moving, we all got up close and personal. It was amazing to see such pristine wilderness from the perfect vantage points. We took a ton of pictures out of the windows, and they looked really good. It's a great way to capture the sights.

Rolf, our pilot, gave us expert commentary as we went along, and he really knows his stuff after spending decades in the area. I was sitting in the front passenger seat, and he showed me the radar, communication equipment, and other cool cockpit stuff. It was really cool.

We landed on a beautiful lake for a short photo stop. I'm sure one of the pictures Rolf took of us will make it to our Christmas card this year. It was a gorgeous location and was about as peaceful as can be. Then we got back in the plane for the second half of the flight, which was as beautiful as the first. Rolf took us a different way back, which was great. We loved every minute of it.

The trip isn't cheap, but if you're in Ketchikan, do yourself a favor and splurge on a trip like this. If you do, go with SeaWind. They are great people who will give you a once-in-a-lifetime experience. You won't regret it for a minute.",Family,0,2014-07-25,SeaWind Aviation,0,English,1,Lakeville,MN,United States,1,390,2038,2,0,0.015701668302257114,0.9945,0.155,0.008,0,0,1,1,0,1,0,0,1,0,1,1,0,0,1,0,Other/Unspecified
allananddebbie,"Ohatchee, AL",5,May 2016 • Couples,"Ahhhmazing , Book Now","Our shuttle driver was AJ he was great, our pilot Mike was awesome showed us so many things high low close and farther away he made our trip so great, Leslie in the office was so easy to deal with, got off the boat walked to tourist center man in the center called into the office for me, we shopped for a little bit, Leslie called us said AJ was coming then things went on from there so very easy and wonderful thanks guys",Couples,0,2016-05-18,SeaWind Aviation,0,English,1,Ohatchee,AL,United States,1,84,423,4,0,0.018912529550827423,0.9789,0.257,0.02,0,0,1,0,0,0,0,0,1,1,0,1,1,0,1,0,Other/Unspecified
mlzastrow,"Forest Lake, MN",5,Aug 2018 • Couples,Float plane to black bears tour,"Fantastic pilots, planes and the guide to the bears was great! Highly recommend this company and tour. Book early, limited number of people can go per day.",Couples,0,2018-08-27,17-653-Taquan Air Tours_attraction_review_2025-02-27,0,English,1,Forest Lake,MN,United States,1,27,155,6,1,0.01935483870967742,0.8803,0.336,0.053,0,0,0,0,0,0,0,0,1,0,0,1,0,1,1,0,Airplane
Reiner M,"Berlin, Deutschland",5,,"Eine tolle Tour, die ich auf jeden Fall empfehlen kann. Unkompliziert, fairer Preis und hat meine Erwartungen übertroffen.","Eine tolle Tour die meine Erwartungen übertroffen hat. Sehr unkompliziert, fairer Preis, nettes Personal, alles top.",Unknown,0,2023-05-07,11-_131_South Beach Miami Aerial Tour  BeachesMansions and Skyline_2025-02-27,1,German,0,Berlin,,Deutschland,0,16,116,18,0,0.05172413793103448,-0.4767,0.091,0.198,0,0,0,0,0,1,0,0,0,0,0,0,0,0,0,0,Other/Unspecified
Dave M,"West Chester, OH",5,Jun 2017 • Couples,Thrilling Adventure,"First rate operation! Safety is number 1 but is closely followed by making sure you have a great experience. We were fortunate to have ""Perfect"" weather the day of our trip. We were scheduled to go at 9:00 am with a glacier landing included but with clear sky's and very cold temps on the mountain they called early saying the glacier froze to hard for a landing. We went at 11:00 am instead. They were very accommodating and the sky's were clear and the glacier softened up so we landed. Unbelievable experience and views that only 30% of visitors see. Along with me was my wife and two friends. This was more than an activity, it was phenomenal! Spend the money, you won't regret it.",Couples,0,2017-06-19,K2 Aviation,1,English,1,West Chester,OH,United States,1,125,685,2,2,0.016058394160583942,0.9849,0.226,0.011,1,0,0,0,0,0,0,1,0,0,1,0,0,0,0,0,Other/Unspecified
Ian D,,5,Oct 2017 • Family,Simply Stunning!,No words or pictures can summarize just how amazing this experience was! If your visiting Alaska and looking for things to see/do don't hesitate on this one because of the price. This is an absolute must do and worth every penny!,Family,0,2017-10-10,K2 Aviation,0,English,1,,,Unknown,0,41,229,2,2,0.017467248908296942,0.7094,0.171,0.047,0,0,1,0,0,0,0,0,0,0,0,0,0,0,0,0,Other/Unspecified
sidharthpatel,"Stow, MA",5,,Just amazing,"It’s really the only way to see the GC! Our pilot was so nice, safe and informative. It’s worth every penny. Do the 45 min tour so you can see most of the canyon.",Unknown,0,2019-03-31,10-1549_Marverick Helicopter_attraction_review_2025-02-27,1,English,1,Stow,MA,United States,1,34,162,2,1,0.037037037037037035,0.8396,0.225,0.0,1,0,1,0,1,0,0,0,1,0,0,1,0,0,1,0,Helicopter
grizzMaryland,Maryland,5,Aug 2012 • Couples,Flight to land on glacier at Denali National Park,"Although rather expensive, it was the most memorable and beautiful experience ever.  They even let me borrow a jacket for the 17 degree temp on the glacier.
It is so beautiful flying over the mountain and landing on the glacier.  I highly recommend this trip.",Couples,0,2013-06-10,Talkeetna Air Taxi,0,English,1,,MD,United States,1,45,259,9,0,0.015444015444015444,0.9026,0.218,0.0,1,0,1,0,0,0,0,0,0,0,0,0,0,0,0,0,Airplane
Karen S,"Linesville, Pennsylvania, United States",5,Jun 2016 • Couples,Glacier landing,Magnificent. Breath taking. Pilot was knowledgeable about the area and his experience as a pilot was evident throughout the flight as he explained weather conditions.,Couples,0,2016-06-17,K2 Aviation,1,English,1,Linesville,PA,United States,1,25,166,2,0,0.018072289156626505,0.5994,0.145,0.0,1,0,0,0,0,0,0,1,1,0,0,1,0,0,1,0,Other/Unspecified
SHerkenhoff,,5,May 2021 • Family,Incredible Flight,"When the 5 of us arrived at K2 for our flight around Mt. Denali, we were asked if we would mind our tour changing and being upgraded to a Glacier Landing tour!!!  Obviously we accepted the upgrade and joined 5 other people on the trip.  We had excellent weather, a very knowledgeable pilot who answered all of our questions about the area and we thoroughly enjoyed the glacier landing at the base camp of climbers for Mt. Denali.",Family,0,2021-05-26,K2 Aviation,0,English,1,,,Unknown,0,78,429,2,3,0.023310023310023312,0.8825,0.126,0.0,1,0,0,0,0,0,0,1,1,0,0,1,0,0,1,0,Other/Unspecified
Maurice C,"Melksham, UK",5,May 2023 • Couples,Amazing experience,This was the trip of a lifetime. We were lucky to have front seats so got the full benefit. Paul was an excellent pilot and obviously very knowledgeable about the Canyon and its history. A truly wonderful experience,Couples,0,2023-05-09,10-1549_Marverick Helicopter_attraction_review_2025-02-27,0,English,1,Melksham,,United Kingdom,0,38,215,2,0,0.023255813953488372,0.9442,0.342,0.0,0,0,0,0,1,0,0,0,1,0,0,1,0,0,1,0,Helicopter
Matt F,,5,Jan 2020 • Family,Awesome,Trip was amazing Eric was great to deal with lots of great service. Enjoyed the insights flexibility of trip and the care and attention to our experience.,Family,0,2020-01-15,31_745_aMaui -PRIVATE- Air Tour 5 Islands (2-5 people) SEE Even MORE!_2025-03-02,1,English,1,,,Unknown,0,27,154,1,0,0.01948051948051948,0.9678,0.499,0.0,0,0,1,0,0,0,0,0,0,0,0,0,0,0,0,0,Airplane
Greg M,,5,Feb 2025 • Couples,Wonderful,This tour was fantastic whale views along with historical background which was great and overall I felt awesome and uplifted.,Couples,0,2025-02-08,31_745_aMaui -PRIVATE- Air Tour 5 Islands (2-5 people) SEE Even MORE!_2025-03-02,0,English,1,,,Unknown,0,20,125,1,0,0.016,0.9153,0.424,0.0,0,0,0,0,0,0,1,0,0,0,0,0,0,0,0,0,Airplane
Amber V,,5,,Book it!,"We took our six children on this flight, and Dan was not just a good pilot. He was knowledgeable, had a witty personality, and educated us a lot about the landscapes, logging, and just about everything we saw. This small family operation are just good folk. Their sweet teenage daughter picked us up, Lesly hosted us well and kept safe the personal items we didn't want to take on the ride. They work hard and are just the kind of people/business we love to support.",Unknown,0,2023-07-12,SeaWind Aviation,0,English,1,,,Unknown,0,85,466,2,0,0.015021459227467811,0.8579,0.156,0.078,1,0,0,0,0,0,0,0,1,0,1,1,0,0,1,0,Other/Unspecified
Christine S,"Lichfield, UK",5,Feb 2014 • Couples,Fantastic views of the Grand Canyon & helpful commentary,Booked this as a birthday present for my husband.  Not disappointed.  50 minute flight over the Grand Canyon with fantastic views and good commentary.  6 of us on the flight.  Good weather helped.  Just down the road from Tusayan hotel and easy parking. Group photo taken before flight and individual photos taken after flight.  Chance to get a DVD of the flight if required.  Once in a lifetime experience.,Couples,0,2014-02-16,10-1549_Marverick Helicopter_attraction_review_2025-02-27,1,English,1,Lichfield,,United Kingdom,0,69,407,9,0,0.03194103194103194,0.9575,0.255,0.0,0,0,0,0,1,0,0,1,0,0,1,0,0,0,0,1,Helicopter
Libby M,"Nashville, TN",5,Jul 2023,Breathtaking views!,Breathtaking views! Our pilot was Bubz and we had a great time seeing the island and the Napali Coast.,Unknown,0,2023-07-20,TripadvisorReviewScraper,1,English,1,Nashville,TN,United States,1,19,102,2,1,0.049019607843137254,0.8122,0.316,0.0,0,0,0,1,0,0,0,0,1,0,0,1,0,0,1,0,Other/Unspecified
Darryl G,,5,Apr 2022 • Couples,Magnificent,Amazing time with views that can’t be beat.  Our pilot was knowledgeable and great trivia about the islands.,Couples,0,2022-04-11,31_745_aMaui -PRIVATE- Air Tour 5 Islands (2-5 people) SEE Even MORE!_2025-03-02,0,English,1,,,Unknown,0,18,108,1,0,0.018518518518518517,0.836,0.331,0.0,0,0,0,0,0,0,0,0,1,0,0,1,0,0,1,0,Airplane
Blane I,,5,Jun 2021 • Solo,"I made reservations,  I arrived in Talkeetna, I was picked up at my guest house. I arrived at airport. I flew.","Joe, the pilot, was not just knowledgable and interesting, he put us all at ease with clear safety instructions,  very obvious attention to his task, and some needed comedic relief.. It was one of the most spectacular things I've ever done..and I've done a lot.",Solo,0,2021-06-16,23_327_Denali Flyer Flightseeing Tour from Talkeetna 2025-02-27,1,English,1,,,Unknown,0,45,261,21,0,0.01532567049808429,0.9062,0.254,0.0,1,0,0,0,0,0,0,1,1,0,0,1,0,0,1,0,Airplane
Marlene M,"Raleigh, NC",4,Apr 2017 • Couples,Lovely views of the whole island,"From the moment I called them, they were helpful, polite and easy to schedule. Once we were in the island, they were very informative about the weather and when it would be better to fly, we had to postpone the flight twice b.c of weather conditions. The day we went, it was great. Plane is a little stuffy, need more air circulating around, but its probably the same with any small aircraft. Plane was in great conditions and they offer cold towels and water on board if needed. A picture was taken at the beginning and was emailed to us to keep.",Couples,0,2017-04-28, TripadvisorReviewScraper,0,English,1,Raleigh,NC,United States,1,102,547,6,0,0.012797074954296161,0.9109,0.129,0.013,0,0,0,0,0,0,0,1,0,0,0,0,0,0,0,0,Other/Unspecified
Jan H,"Brisbane, Australia",5,Sep 2014 • Couples,Grand Canyon Helicopter ride,"We took the 45 minute helicopter ride out over the Grand Canyon with Maverick helicopters.
This is one of the best things I have ever done in my life, the pilot was so professional, he didn't just take us there, but showed us a lot of interesting things along the way, we did the early tour and had a champagne breakfast when we arrived, there were 6 of us in the helicopter and going out we were able to sit in the front which was awesome. I would recommend this trip.",Couples,0,2014-10-16,10-1549_Marverick Helicopter_attraction_review_2025-02-27,0,English,1,Brisbane,,Australia,0,91,469,4,0,0.014925373134328358,0.9631,0.199,0.0,0,1,0,0,1,0,0,0,1,0,0,1,0,0,1,0,Helicopter
Subir S,Aldie,5,Mar 2017 • Couples,Kauai Air tour,The tour was amazing. Mike our pilot was knowledgeable and very nice. We would take this tour again when visit next time.,Couples,0,2017-03-11, TripadvisorReviewScraper,0,English,1,Aldie,,Unknown,0,22,121,3,0,0.024793388429752067,0.7841,0.256,0.0,0,0,0,0,0,0,0,0,1,0,0,1,0,0,1,0,Other/Unspecified
Matrick H,"Barneveld, The Netherlands",5,Aug 2015 • Couples,"Prachtige ervaring, goede vlucht","In de ochtend om negen uur een rondvlucht gemaakt boven de Grand Canyon. Het was niet zo goed weer, veel bewolking en af en toe wat regen. De start en landing waren erg comfortabel en de piloot leek dus erg goed om te kunnen gaan met de wat slechtere weersomstandigheden.

Bij de Canyon hadden we een erg goed uitzicht. De ramen zijn groot genoeg om goed te kunnen fotograferen en te filmen. Ook de uitleg tijdens de vlucht is leuk die te horen is door de koptelefoons.",Couples,0,2015-08-09,8 -690_Grand Canyon Scenic Airlines_2025-02-27,0,English,1,Barneveld,,The Netherlands,0,87,469,4,0,0.019189765458422176,-0.2263,0.033,0.042,1,0,0,0,1,0,0,0,0,0,0,0,0,0,0,0,Airplane
Maree L,"Willoughby, Australia",5,Jan 2019 • Couples,Wow!,"My husband and I decided to go on the Cessna flight over Kauai instead of a helicopter and boy was it a great decision! Bruce and Gina made  our experience one to remember.It was our wedding anniversary and
wonderful Bruce tailored the experience to suit our needs, as I sometimes suffer from motion sickness. We felt completely safe and comfortable.  I highly recommend Wings over Kauai for an amazing birds eye view of a spectacular island.",Couples,0,2019-01-07,Wings Over Kauai Air Tour,0,English,1,Willoughby,,Australia,0,76,442,1,1,0.029411764705882353,0.958,0.244,0.04,1,1,0,0,0,0,0,0,1,0,1,1,0,0,1,1,Airplane
Joey_M_B,,3,Oct 2018 • Friends,"Nice flight, nothing special, expensive","Due to bad weather we could not go for the booked 45 minute flight, but got downgraded for a shorter one. They said about 30 minutes, but it were barely 20 min. We got a refund of 33 USD for the shorter one, a tour that I couldn't see on their homepage. So all in all we paid about 245 USD for a 20 minute flight. As I remember there are some alternatives which do not charge that much for such a short trip. Flight was okay, but nothing extraordinary.",Friends,0,2018-10-20,10-1549_Marverick Helicopter_attraction_review_2025-02-27,0,English,1,,,Unknown,0,90,452,5,0,0.030973451327433628,0.0258,0.027,0.026,0,0,1,0,0,0,0,1,0,0,0,0,0,0,0,0,Helicopter
GreyFamily,"Warrington, UK",5,Jul 2018 • Couples,"Used them before, and would again","On a previous trip to Vegas we've used this excellent company to visit the Grand Canyon, so we booked with them again as my son-in-law hadn't seen it. 
We weren't disappointed. As confirmed the previous day by telephone, the pick-up was prompt, the trip to the airport outside Vegas swift and smooth, and a very pleasant wait for our flight at a fascinating little airport, watching the planes and choppers depart and arrive. 
My pregnant daughter - who isn't a good traveller anyway - wasn't sick on the flight, which showed how smooth it was. We got great views of Lake Mead, the Hoover Dam, and the Grand Canyon as we came into Tusayon Airport. My daughter was a little sick after the landing, but soon recovered,
We viewed the safety video and boarded our chopper without too much delay, and the staff were brilliant - attentive and caring. Read the company timeline on the wall while you wait, it's fascinating.
The flight over the canyon was amazing, and the audio commentary was supplemented by interesting and insightful comments from our pilot. 
We returned to the airfield and were met by our driver, Eric, who drove us to Mather point for an hour's viewing, and then around the park a little, giving us interesting historical and personal facts about the area. He was really friendly, polite and pleasant to know.
The airplane flight back to Vegas was rougher than the trip in due to afternoon thermals, but all the passengers slept, apart from my son-in-law, who was rewarded with even better views of the canyon than on the flight in. 
My daughter benefitted from sleeping, as she wasn't ill at all. 
All the drivers, staff and pilots were fantastic, as were the aircraft - Twin Otter with HUGE viewing windows, choppers with larger than normal viewing windows and specially developed whisper jet engines and quiet rotors. 
Brilliant!",Couples,0,2018-07-21,8 -690_Grand Canyon Scenic Airlines_2025-02-27,1,English,1,Warrington,,United Kingdom,0,317,1847,6,1,0.01949106659447753,0.9983,0.253,0.005,1,1,0,0,1,0,0,0,1,1,1,1,1,0,1,0,Airplane
GABE421482,"Orlando, FL",1,Jan 2018 • Family,Horrible experience. BEWARE! Bait N Switch,"Maverick Helicopter is run by very dishonest uncaring management.  I would like to warn fellow travelers to NOT spend your hard earned money with this company.  My wife, infant, and I were excited to take this helicopter tour when we arrived at their facility.  As we are getting ready to board, we noticed they put us in the back seats.  In the front row, there were 4 tall adults, including the helicopter pilot.  When we looked up, we are literally staring at the back of shoulders/necks and we cannot see anything.  Naturally, after spending $600 we were pretty upset, so I asked the ground crew nicely to escort us back to the main counter to speak with a supervisor.  We were greeted rudely by LISA COFFEE.  First words out of her mouth were, ""sorry there are no refunds, I could have sold those seats to someone else"".  My jaw dropped.  My wife and I tried to explain, we could not see anything and were not happy with the service.  Lisa, instead of offering to put us on another flight or find some type of resolution, unempathetically handed me the general managers card and says ""Call him, if you have a problem, but you are not getting your money back"". So no helicopter ride and robbed $600, we left the building for our first experience at the Grand Canyon Maverick Tours.  I called the GM shortly after (Ted Yasuda) and got his voice recorder.  I left him a detailed message, with what just happened with an optimistic spirit that somehow this would get resolved.  I never received a call back from Ted Yasuda, I left several messages and still no call back, when I got back home from our Grand Canyon trip I emailed him twice, then he finally responded with an even more arrogant demeanor than his colleague Lisa Coffey.  After a few email exchanges,  I summarize ""I will not be issuing a refund"" with no apologies or attempts to bring light to a dissatisfied customer robbed of their money and experience they will never get back.   

Bottom line, we planned and saved months to take our first trip to the Grand Canyon, a lifelong dream of my wife.  I surprised her with these helicopter tour tickets, after much sacrifice at work to be robbed blind and completely disregarded by Maverick Helicopters.  This is not how you treat any customer when you are running a business and providing a public service.   As many of you read, there are many complaints from other passengers with similar stories, and yet, they still do nothing.  This should have been disclosed on their trip advisor advertisement or when we called to make the reservations.  It is understandable, that not everyone can ride in the front, but don't charge the same fees and be upfront with customers.  This way it is the consumers, that choose what experience they want to purchase.
I wish every reader, a great journey and safe trip to the Grand Canyon, but do yourself a favor and stay far away from this company.",Family,0,2018-02-08,10-1549_Marverick Helicopter_attraction_review_2025-02-27,0,English,1,Orlando,FL,United States,1,512,2900,6,0,0.02379310344827586,0.9519,0.112,0.081,1,1,0,0,1,0,0,0,1,1,1,1,1,0,1,0,Helicopter
anisa h,Charlotte,5,May 2012 • Family,Great Experience,We did the McKinley tour with glacier landing.  This was the first excursion we did in Alaska.  We had a wonder time.  Our pilot was great. He shared a lot of helpful information and facts about the area. The flight was very smooth.  The other staff was very friendly and helped with reservations.  We took our 9 and 11 year olds with us.  They had a great time. Must add glacier landing.  Worth the extra money.,Family,0,2012-06-11,Talkeetna Air Taxi,0,English,1,Charlotte,,Unknown,0,76,412,2,0,0.03398058252427184,0.9571,0.222,0.0,1,0,1,0,0,0,0,0,1,1,0,1,1,0,1,0,Airplane
JL D,"Louisville, KY",5,Aug 2024 • Couples,First Class!,"We booked months prior to our trip to Alaska. I called to make the reservations, and they couldn't have been nicer! The day of our flight was finally here and we were excited. When we arrived for check in, they were extremely honest, that the weather was deteriorating, and they could not fly the flight we had booked. They offered an alternate flight for a reduced rate but were very honest of what we would or would not be able to see. They gave us a choice of a full refund or this alternate flight. We chose a refund, which they processed immediately. Their care of customers is unmatched! Kudos!",Couples,0,2024-08-17,Grand Denali Flightseeing tour from Talkeetna,0,English,1,Louisville,KY,United States,1,110,600,2,3,0.016666666666666666,0.9542,0.155,0.026,0,0,0,0,0,0,0,1,0,1,0,0,1,0,1,0,Airplane
Anita T,"Forster, Australia",5,Jun 2015 • Friends,Absolutely Awesome Flight,We took off from Talkeetna on the most incredible flight. The weather was perfect and the views spectacular. Our pilot was wonderful enjoying every moment himself. He made sure that both sides of the plane had equal opportunity to see the mountains and glaciers. We landed on a glacier and the pilot was happy to take a group photo. A wonderful experience I will always treasure.,Friends,0,2015-06-01,Talkeetna Air Taxi,1,English,1,Forster,,Australia,0,66,379,3,0,0.021108179419525065,0.9764,0.321,0.0,0,0,0,0,0,0,0,1,1,0,0,1,0,0,1,0,Airplane
MCabby,,5,Jun 2019 • Couples,What an EXPERIENCE!,"Even though most of our trip consisted of heavy rainfall and cancelled/postponed tours, air ventures was easily the highlight of our trip! Trish was awesome in assisting with the scheduling of our tour (and my proposal)and the pilot was awesome as well. I definitely recommend setting up an air tour with air ventures if you’re visiting Kauai!",Couples,0,2019-06-30,TripadvisorReviewScraper,1,English,1,,,Unknown,0,57,343,3,2,0.011661807580174927,0.9632,0.299,0.0,0,0,0,0,0,0,0,0,1,0,0,1,0,0,1,1,Other/Unspecified
beckylj2016,Cincinnati,5,May 2021 • Family,Amazing Alaska Adventure,"We had an Amazing trip with Joe flying over Alaska’s magnificent mountains! Our family really enjoyed the beauty and all of Joe’s helpful information and his expertise. The staff is super friendly and very helpful with little ones. This is a MUST experience for the entire family! 
Thank you K2! ❤️",Family,0,2021-06-01,5 -Denali Experience Flightseeing Tour from Talkeetna_2025-02-27,1,English,1,Cincinnati,,Unknown,0,51,298,3,3,0.04697986577181208,0.9854,0.434,0.0,0,0,0,0,0,0,0,0,0,1,1,0,1,0,1,0,Airplane
colleen t,"Sarasota, Florida, United States",5,Jul 2023 • Friends,Flying to and around Denali and landing on a glacier,"This trip was once in a lifetime! We had incredible views of Denali - the whole range, and landed on a glacier. Beautiful! Our pilot Jack was really great and shared a lot of info about what we were seeing. Just amazing trip!",Friends,0,2023-07-28,5 -Denali Experience Flightseeing Tour from Talkeetna_2025-02-27,1,English,1,Sarasota,FL,United States,1,43,225,10,3,0.03111111111111111,0.9488,0.309,0.0,1,0,0,0,0,0,0,0,1,0,0,1,0,0,1,0,Airplane
Wecklish,"Atlanta, GA",5,Jul 2016 • Family,Have to do it.,Wonderful way to experience the awe of the canyon while covering the south and north rim in one flight. Do the long flight and get the flight video. Nice job guys.,Family,0,2016-07-30,10-1549_Marverick Helicopter_attraction_review_2025-02-27,0,English,1,Atlanta,GA,United States,1,31,163,4,0,0.018404907975460124,0.7579,0.183,0.0,0,0,0,0,1,0,0,0,0,0,0,0,0,0,0,0,Helicopter
Steven R,"Austin, TX",5,Aug 2019,Roche Harbor to Renton was a blast! Best way home from a family reunion on San Juan.,"I have flown in small planes before, but never a seaplane.  The experience was as great as I had hoped. Taking off from the water was exhilarating. Terrific low altitude views of the islands and the vast Salish Sea.  Flight was super smooth. Almost too smooth; I’d hope for a little bit of small plane motion but only got that as we banked to make our approach into Renton. The young woman shuttle driver to SeaTac was personable, fun and professional. En route to SeaTac I asked her about flights to Alderbrook next summer. I am hooked!",Unknown,0,2019-08-26,42_260_Northwest Seaplanes_2025-03-06,0,English,1,Austin,TX,United States,1,97,537,17,1,0.037243947858473,0.9849,0.264,0.023,1,0,0,1,0,0,0,0,0,0,1,0,0,0,0,0,Airplane
VirginiaTravel_Queen,Virginia,5,,What an AMAZING Day!!!!!,"Talkeetna Air Taxi was wonderful to work with from the time that we booked until our flight touched down after visiting the glacier!  We used Talkeetna Air Taxi following a 7-night Princess cruise for the Mt. McKinley flightseeing and glacier landing combination.  We originally planned to use a BOGOF coupon in the Alaskan Tour Saver coupon book, however our dates of travel made the coupon obsolete.  As a courtesy, Talkeetna Air offered a 20% discount on flights for our dates.  Boy, was it worth the money! 

Our pilot's name was Will.  Not only was he patient in pointing out various landmarks and other points of interest (Mt. McKinley, Ruth Glacier, etc.), but also courteous enough to take photos of those in our group. The beautiful scenery seen on this flight compares to nothing else.  The plane ride was exciting and everyone has a window seat and a headset.  The glacier landing was very smooth, and not nearly as cold as I would have imagined. Our flight departed at 4 PM and when we landed, the sun was was still bright and shining.  The view from atop the glacier is absolutely amazing!!!!! This is a must do, and much preferred over fllightseeing in Juneau, AK. 

If you visit Talkeetna, flightseeing is a must-do and Talkeetna would be my recommendation. They are the best at what they do.",Unknown,0,2010-01-09,Talkeetna Air Taxi,1,English,1,,VA,United States,1,226,1307,4,7,0.036725325172149964,0.986,0.135,0.007,1,0,1,0,0,0,0,1,1,0,0,1,0,0,1,0,Airplane
Zinnie,"Carmel, IN",5,Apr 2015 • Family,I survived!!,"This was my first trip to the Grand Canyon and wow what a doozy it was!  We took our tour from the Sedona airport.  This was an experience that my husband has wanted to do for a long time.  Our two boys (10 & 13) were also with us.  Let me just say that I do not like to fly and I definitely do not like to fly in small airplanes!  I was a nervous wreck boarding the plane.  There were already 5 other guests on board who had come from Phoenix.  Our flight to the Grand Canyon and over part of it was extremely bumpy and even though I was not enjoying the ride, I did enjoy the views.  I was thankful for the big headphones that we wore to help drown out the noise and to give us a commentary about what we were seeing.  I can't tell you a word they said because I was just focused on the background music that was helping to relax me!!  I was glad when we arrived at the airport by the Grand Canyon.  The Pink Jeep came and picked us up.  It was extremely cold and windy when we arrived!!  The Pink Jeep had a plastic covering around the back and blankets to keep us warm.  We drove into the park and went to 3 different locations to see portions of the canyon.  They provided us with a boxed lunch and water.  Then it was back to the airport and back into the plane.  Our ride back was slightly shorter (30 min) but just as bumpy.  My boys did admit that they did not really care for the plane ride because of all the turbulence but my husband who has taken flying lessons in the past had the time of his life!!  This was my once in a lifetime tour of the Grand Canyon and I don't regret a moment of it.",Family,0,2015-04-27,34_566_attraction_review_2025-03-04,1,English,1,Carmel,IN,United States,1,322,1605,2,8,0.024922118380062305,0.9524,0.109,0.045,1,0,0,0,1,0,0,1,0,0,1,0,0,0,0,0,Other/Unspecified
Tammy R,"Kingsville, Ohio, United States",5,Mar 2012,The BEST Way To See The Island!,"It was a really nice ride.  The pilot (Harry) talked to us the whole way, pointing out the varioius sites.  Shortly after we got up in the air, I asked him to see if he could find us any whales to see....and in less than 3 minutes, we saw a group of 4 whales!  Saw alot of things I never would have seen by car.  Very professional company!  Thanks for the ride!  Tammy from Ohio",Unknown,0,2012-03-16, TripadvisorReviewScraper,1,English,1,Kingsville,OH,United States,1,75,378,7,3,0.0291005291005291,0.7982,0.096,0.0,0,0,0,0,0,0,1,0,1,0,0,1,0,0,1,0,Other/Unspecified
CFred733,"Phoenix, AZ",5,Jun 2021,"Break the bank, but don't miss it.","What can I say that others haven't already said.  We have spent 10 days in Alaska (first time) and this was the absolute highlight.  Flight was beautiful beyond belief.  I originally did not plan on the glacier landing, but it was really cool.  Our pilot was a great host and perfect flying through the mountains and did a really excellent job of making sure people on both sides of the plane got a good view.  Flight was smoother than expected.  I can't recommend it to highly.
Small tip:  make sure your ear phones do not come unplugged and you miss the commentary.",Unknown,0,2021-06-10,Talkeetna Air Taxi,0,English,1,Phoenix,AZ,United States,1,102,567,7,0,0.01763668430335097,0.9847,0.272,0.037,1,0,0,0,0,0,0,0,1,1,0,1,1,0,1,1,Airplane
Linda B,"Washington DC, DC",5,Sep 2024 • Family,"Fabulous Full Day Trip - Air flight Over GC, Breath Taking Hike, Float Through Glen Canyon - Don't Miss It","The one hour plane flight over the Grand Canyon was the highlight of our 4 day Grand Canyon Trip. Captain Sam and First Officer Zach were incredible hosts and made the trip for my grand daughter very, very special. This was a my gift to her for her graduation from college. The views from the plane were fantastic. My second favorite part of the entire trip was this trip's hike through Lower Antelope Canyon - so unusual and beautiful. The guides for all three parts - air, hike and float - were outstanding. Don't miss this trip if you can afford it - it's well worth the price tag.",Family,0,2024-09-15,8 -690_Grand Canyon Scenic Airlines_2025-02-27,1,English,1,Washington DC,DC,United States,1,109,584,20,0,0.032534246575342464,0.9868,0.293,0.017,0,0,1,0,1,0,0,0,1,0,1,1,0,0,1,1,Airplane
Alison J,"Paphos, Cyprus",1,Jun 2015 • Family,Fly and sail 4000 miles not to be picked up!!!,"First of all book with another airline ,there's lots.We booked our trip through the web and were told to meet at the sunshine sign outside the tourist information centre in Ketchikan at 3pm, flying at 3-30'we were sent a photo to clarify the place.
Our ship docked at 2.30 right next to an information centre,but there was no sunshine sign,so we walked 10 mins into the centre found another tourist information centre with the sunshine sign.the only problem been was the information centre photo was of a difference appearance.
We waited here to be picked up,as after making inquiries we were sure we had found the right place.at 3-25 we were becoming very anxious as no one had picked us up,and we were due to fly in 5 mins.we noticed other people been picked up from other companies and taken to a car park in the distance,so my husband walked over and found a mini bus with the name of the our  airline on it.
The man told us he was from that company but wasn't there to pick us up,so he tried ringing the office,but just got an answer phone,so he said he would take us anyway as he had heard over the radio they had been looking for 2 people.
When we arrived even more worried at this point,my husband asked the girl on reception why we hadn't been collected ,she did not give us an answer,and my husband tried to explain why we were so anxious ,wrong time,apparently we didn't fly until 4pm not 3.30 pm, and incorrect photo provided,At this moment  another woman who we believe was called Patsy,stepped in and told us ,you have an old photo,we explained ""that's the one we were sent, and the time"" her reply ,""well that's your faults for booking through a 3rd party, but gave no explanation to why we weren't picked up,then she said ,well why didn't you phone us,but it was on answer phone ,was our answer ,so she replied ""well what's your problem your here now , Go Fly!,, ""in a very sarcastic,aggressive manner,then went into a glass office and starred at us,the young girl behind the reception did apologise and said she would ring the 3rd party and tell them that they had given us an old photo and the wrong time to meet.
We did have a lovely flight with a lovey pilot called Sam,his kindness and lovely personality made a terrible experience thanks to the rude, awful woman, into a great experience and to not spoilt the whole episode, which we' d had the privelidge of paying for ruined.
But the worse was then to come,she was waiting for us when we came back,and said ""I will take these people back,""she never spoke to us just opened the van door and stared at us.It obviously wasn't her position to drive the mini bus ,but we soon found out why,she took us back to our ship,and not to the Sunshine shine sign where we were told to be at for collection,when we asked her why she'd done this, bearing in mind it's a 10mins walk back into the town,a disagreement broke out,where she held the door open told  us to get out and said "" I'm done"" .What a terrible woman,we had travelled all that way from England, only meeting lovely people like ourselves to have the most unfortunate experience of meeting this awful bully of a woman,well we ""Are done ""now and won't be reading your reply.
Oh and by the way Patsy the English  defination of nice is :pleasant,good natured or kind.that certainly was not you.You did your utmost to spoil it for us,but thanks to Sam you didn't .",Family,0,2015-06-25,17-653-Taquan Air Tours_attraction_review_2025-02-27,0,English,1,Paphos,,Cyprus,0,618,3384,10,1,0.0076832151300236405,-0.9298,0.095,0.115,1,0,0,0,0,0,0,0,1,1,1,1,1,0,1,0,Airplane
patat98052,"Redmond, WA",5,May 2017 • Couples,Wings Over Kauai Better Than Helicopter,"Wings Over Kauai is much better than a helicopter to flight see Kauai. My wife and I have done both and my wife got nauseous on the helicopter but not on Wings Over Kauai.  I like it more because you can see the amazing beauty of Kauai much better when you are not so close as you are on a helicopter.   We have visited Kauai more than 30 times and  Kings Over Kauai  is  more affordable and a better value than a helicopter.  We like it so much that we are repeat customers.  Wings Over Kauai is Mo Bettah!  Hang Loose!  G. Smith Redmond, WA",Couples,0,2017-05-16,Wings Over Kauai Air Tour,0,English,1,Redmond,WA,United States,1,105,542,6,2,0.05350553505535055,0.9823,0.245,0.024,0,1,1,0,0,0,0,0,0,0,1,0,0,0,0,0,Airplane
Maryjane,"Solihull, UK",5,May 2017,Brilliant!,"We were picked up from our hotel as planned and driven to the airport. The weather was cold and some people had to buy extra clothing so ...... be prepared for any weather as we had left sunshine in Las Vegas!  The flight there was in a 16 seater plane. We landed and were transported in a bus to 2 different sights with instructions where to go to see the best views. Michael, our tour guide was great and said he was the best!  The views were spectacular and like paintings (almost unreal!)  The flight back was very bumpy as it was extremely windy - all the helicopters had been grounded. What an experience! Very professional company.",Unknown,0,2017-05-30,10-1549_Marverick Helicopter_attraction_review_2025-02-27,0,English,1,Solihull,,United Kingdom,0,117,638,1,4,0.017241379310344827,0.9703,0.168,0.0,0,0,0,0,0,0,0,1,1,0,0,1,0,1,1,0,Helicopter
Mari,"Maui, HI",5,Dec 2020 • Couples,Amazing,Was incredible! It was a good service very professional we enjoyed it and we had a lot of fun. the view is amazing! I recommend that you do this air tour!,Couples,0,2020-12-24,32_2137_Maui Plane Rides_2025-03-04,1,English,1,Maui,HI,United States,1,31,154,1,3,0.01948051948051948,0.9512,0.424,0.0,0,0,0,0,0,0,0,0,0,0,0,0,0,0,0,0,Airplane
Mary B,"Royal Palm Beach, FL",5,Aug 2018 • Family,Mary,This place was awesome. They did everything to get us up in the sky. Mother Nature just wasn’t having it. Leighan our pilot was the best .. I would definitely recommend them to anyone going to the area. If I’m lucky enough to go back I will definitely fly with them.,Family,0,2018-08-28,Talkeetna Air Taxi,0,English,1,Royal Palm Beach,FL,United States,1,51,266,1,0,0.03383458646616541,0.9584,0.306,0.0,0,0,0,0,0,0,0,0,1,0,1,1,0,0,1,0,Airplane
Art E,"Sacramento, CA",5,Jun 2011,Exceeded my expectations...and my expectations were high!,"My wife and I celebrated our 47th anniversary by spending a week on Kauai. Probably our most remarkable activity was touring the island by airplane. The airplane was comfortable, and the pilot's running narrative was exceptionally interesting and educational. Don't even hesitate to schedule your own tour!",Unknown,0,2011-06-18,Wings Over Kauai Air Tour,0,English,1,Sacramento,CA,United States,1,47,306,7,1,0.0196078431372549,0.9432,0.286,0.0,1,0,0,0,0,0,0,0,1,0,1,1,0,0,1,1,Airplane
vickyannea,"Leicestershire, UK",5,Jun 2019 • Couples,Fantastic flight.,"Excellent trip from start to finish. Very friendly, courteous service, from the welcome, through the boarding and flight, to the transfer back to town. Super smooth take-off, flight and landing, including the one on the fjord. We had a long flight over the wonderful scenery and were blessed with good weather too. Couldn't always hear the commentary clearly, but otherwise can't fault it. Thank you.",Couples,0,2019-06-20,SeaWind Aviation,1,English,1,Leicestershire,,United Kingdom,0,65,400,2,0,0.015,0.9447,0.291,0.034,1,0,0,0,0,0,0,1,0,0,0,0,0,0,0,0,Other/Unspecified
Neal C,"Mansfield Woodhouse, UK",5,Mar 2019,detours grand canyon,"Detours was the name of the mini coach company which drove us from Phoenix to the grand canyon and back. Of course the Maveric helcopter tour of the canyon was an amazing highlight of the day, but the 500 mile round trip there and back showed us lots more. Our guide had a great knowledge of everwhere we went from Sedona to Flagstaff and back through the Indian reservation. Our visit was may 2014, so a while ago but unforgettable.",Unknown,0,2020-02-26,10-1549_Marverick Helicopter_attraction_review_2025-02-27,1,English,1,Mansfield Woodhouse,,United Kingdom,0,80,433,3,0,0.020785219399538105,0.8945,0.137,0.0,0,0,0,0,1,0,0,0,1,0,0,1,0,1,1,1,Helicopter
kathandnick,,5,Jul 2018 • Family,Majesty and beauty,"This was the highlight of our AK trip.  The glacier landing was magical.  I can't recommend it enough.  If you can afford only one AK tour, do this one!",Family,0,2018-08-04,Talkeetna Air Taxi,0,English,1,,,Unknown,0,29,152,3,1,0.05263157894736842,0.1486,0.087,0.069,1,0,0,0,0,0,0,0,0,0,0,0,0,0,0,1,Airplane
WireWrapGems2,"Tucson, AZ",5,Dec 2019,Lots of fun and a great value for scenic flying,"Our pilot JT did a great job informing us about what to expect on our flight.  It was somewhat windy and cloudy with scattered showers, but the ride was smooth and the landing was very smooth.  We flew up and down the Napali coast so passengers on both sides could get a good view.  The plane we flew in had one window seat for all passengers so we could see well and take pictures.  We had headsets, but mine did not work as well for me as I would have liked, so check it out before the plane takes off.  I wore dark clothing and did not have a problem with reflection.  Less important here than it was in a helicopter. We had taken a helicopter flight on another island and for the money, this was definitely superior as the cost was nearly a third..",Unknown,0,2019-12-19,TripadvisorReviewScraper,0,English,1,Tucson,AZ,United States,1,145,752,10,0,0.015957446808510637,0.982,0.192,0.0,1,1,1,1,0,0,0,1,1,0,0,1,0,0,1,0,Other/Unspecified
Pulpozurdhet,"Tiburon, CA",5,Jun 2019 • Family,Excellent service,"I took my son for he’s 12 birthday . He totally loved it , he was afraid at first but the people there were so nice that they make him feel so comfortable and relax . The view was one in the life time experience and I would highly recommend",Family,0,2019-07-19,36_854_Seaplane Adventures_2025-03-04,0,English,1,Tiburon,CA,United States,1,50,240,2,0,0.016666666666666666,0.973,0.348,0.0,1,0,0,0,0,0,0,0,0,0,1,0,0,0,0,1,Airplane
Thomas W,,5,Dec 2020,Bucket List Top Three,"Westwind is unquestionably one of the best experiences I have had in travel.  We were scheduled to fly to the Grand Canyon on December 28th.  On Christmas Eve, we saw that weather might be bad that day.  We called the office late on December 24th and they promptly rescheduled us for a private flight on December 26th.

The flight, customer service, and hiking opportunities were world-class.  We have traveled the world and this trip is on our top three bucket list, along with having dinner on the Eiffel Tower (Jules Verne) and hiking to Waipoo Falls on Kauai, Hawaii.

Thank you Westwind!",Unknown,0,2021-02-23,33_71_Grand Canyon South Rim Signature Ground Tour with PJX_2025-03-04,0,English,1,,,Unknown,0,102,592,4,1,0.04054054054054054,0.8718,0.129,0.031,0,0,0,0,1,1,0,1,0,1,0,0,1,0,1,1,Other/Unspecified
Tobias H,,5,,Amazing!,Eric was a great pilot!  He let my wife fly the plane!  The views and scenery was amazing and I felt like we took a once in a lifetime trip,Unknown,0,2021-08-12,32_2137_Maui Plane Rides_2025-03-04,0,English,1,,,Unknown,0,30,139,1,2,0.02877697841726619,0.8997,0.323,0.0,0,0,0,0,0,0,0,0,1,0,1,1,0,0,1,0,Airplane
praiseGodcolumbiaMo,"Columbia, MO",5,Jun 2018 • Solo,Don’t miss this!  Worth every penny!,"You just can’t imagine the beauty of the island till you see it like this, a totally different perspective.
Well worth the money!
Very professional and friendly service.

I’m a large lady and did not have to pay extra that I would have had to, if I took a helicopter.

It’s not fun to get weighed but it was a very discrete process.

There is a surprise at the end, but don’t want to spoil it for you!

Go, you won’t be sorry!",Solo,0,2018-06-18,Kauai Deluxe Sightseeing Flight,0,English,1,Columbia,MO,United States,1,83,426,6,3,0.02112676056338028,0.8532,0.184,0.039,0,1,1,0,0,0,0,0,0,0,0,0,0,0,0,0,Airplane
Bill-L_CO,"Poipu, HI",5,Feb 2019 • Friends,Excellent air tour,"Outstanding pilot (Ray) who was very skilled at handling the aircraft and extremely knowledgeable about the island.  He provided a continuous explanation of the sights as well as their backstory in a manner that was like chatting with a friend.  Each passenger is equipped with headset/microphone so can easily chat with the pilot and among each other.  Flight got us into canyons which are inaccessible by any other means, close to dozens of magnificent waterfalls, hidden beaches, and the spectacular Napali Coast, as well as a couple of whales.  Although we’ve been to Kauai several times, we saw much more of it then ever before and learned a great deal about it’s history and infrastructure.  Everyone at AirVentures was welcoming and friendly; we were treated as friends or family by everyone there.  Aircraft was comfortable & spacious.  Each seat was next to a large bubble window which made viewing and photography easy.  Couldn’t have asked for a better flight experience.",Friends,0,2019-02-22, TripadvisorReviewScraper,0,English,1,Poipu,HI,United States,1,160,982,3,0,0.015274949083503055,0.9911,0.237,0.0,1,0,1,1,1,1,1,0,1,0,1,1,0,0,1,0,Other/Unspecified
Colleen O,,5,Mar 2017 • Friends,Maverick helicopter  tour of the Grand Canyon,If you are looking for an amazing experience and the best way to see the Grand Canyon book with Maverick.  Easy booking by phone. Courteous and efficient check-in process. Our pilot- Barclay was great. He provided enough commentary without being over the top. Jaw dropping!!!,Friends,0,2017-03-21,10-1549_Marverick Helicopter_attraction_review_2025-02-27,1,English,1,,,Unknown,0,45,275,7,3,0.03636363636363636,0.9794,0.42,0.0,0,1,0,0,1,0,0,0,1,0,0,1,0,0,1,0,Helicopter
Gianni T,"Florence, Italy",5,Jan 2014 • Solo,Mavericks helicpoters,Un esperienza fantastica ......partenza las vegas durata volo circa 20 minuti elicottero bellissimo ritorno con sosta nel deserto a fare rifornimento.....500 dollari davvero ben spesi....,Solo,0,2014-01-15,10-1549_Marverick Helicopter_attraction_review_2025-02-27,0,Spanish,0,Florence,,Italy,0,25,187,2,0,0.0053475935828877,0.0,0.0,0.0,0,0,0,0,0,0,0,0,0,0,0,0,0,0,0,0,Helicopter
Shoolbraids,"Edinburgh, UK",5,Jul 2014 • Family,The best way to see Miami Beach without the crowds,"We hired the plane for our family of four. Great experience to fly up and down the beach and the pilot was very friendly and informative. Be prepared to get your feet a little wet though, as you get on and off. Sailing or swimming shoes would be ideal.",Family,0,2014-08-01,46_376_Miami Seaplane Tours_2025-03-06,0,English,1,Edinburgh,,United Kingdom,0,49,252,10,0,0.015873015873015872,0.9168,0.227,0.0,0,0,0,1,0,0,0,0,1,0,1,1,0,0,1,0,Airplane
Rosalynn M,,5,May 2024 • Solo,Beautiful Denali experience,"This trip was incredible.  The views are amazing and our pilot, Liam, gave an informative narration throughout the trip.  Highly recommend.",Solo,0,2024-05-28,Grand Denali Flightseeing tour from Talkeetna,1,English,1,,,Unknown,0,21,139,3,0,0.02877697841726619,0.7645,0.258,0.0,0,0,0,0,0,0,0,0,1,0,0,1,0,0,1,0,Airplane
Resort07105149303,,5,Nov 2024 • Solo,I was able to cross this off my list with a smile on my face!,"Phenomenal experience from start to finish.  Pilot not only described what you were seeing, he answered all questions.",Solo,0,2024-11-02,10-1549_Marverick Helicopter_attraction_review_2025-02-27,1,English,1,,,Unknown,0,18,118,15,0,0.01694915254237288,0.0,0.0,0.0,0,0,0,0,0,0,0,0,1,0,0,1,0,0,1,0,Helicopter
bcjsoaring,"Camano Island, WA",5,Oct 2019 • Couples,A Great Fly-Over,"Last year we had the amazing experience of flying with Eric in the airplane...wonderful!
This year we flew with Kevin in the Waco...truly a fun time!  It was more difficult getting good camera shots from the biplane, but we decided beforehand to have a GoPro attached...good choice!  Kevin gave us a thorough fly-over of Kauai...made even more spectacular by the hundreds of waterfalls from the previous night's rain!  AirVentures is a first-rate company with impressive staff!",Couples,0,2019-10-14, TripadvisorReviewScraper,0,English,1,Camano Island,WA,United States,1,76,477,3,5,0.025157232704402517,0.8848,0.151,0.023,0,0,0,0,0,1,0,1,0,1,0,0,1,0,1,0,Other/Unspecified
aw511,"Dallas, TX",5,,Best activity of our Alaska trip,"Highlight of the trip! Stunning views, smooth ride. Splurge for the glacier landing if you can, it’s incredible. Also just because it’s a little cloudy on the ground doesn’t mean you won’t have pretty skies in the mountains.",Unknown,0,2024-09-01,Grand Denali Flightseeing tour from Talkeetna,1,English,1,Dallas,TX,United States,1,38,224,6,1,0.017857142857142856,0.8172,0.2,0.0,1,0,0,0,0,0,0,1,0,0,0,0,0,0,0,1,Airplane
Paul P,"Knoxville, TN",5,Apr 2011,Jurassic Park of the Pacific,"My wife was reluctant on taking a helicopter so this was our option to seeing Kauai from the air. It is a must do while on Kauai, we drove around the first day, but from the air it is breathtaking. Bruce is a great pilot and makes sure everyone is at ease, equipped with Bose headsets everyone can communicate. There were only four of us on the plane, so I got the back area to myself  to roam freely getting some great photos in.(wear dark colors to reduce glare)  We were on the cruise ship, and it was a free shuttle to the shopping mall were Ellen picked us up. It was a great way to end our last day in Kauai. This is a class act operation, they even give you a DVD free of some of the highlights. Bruce and Ellen...........Thanks for a great time   Paul & Kathy",Unknown,0,2011-04-16,Wings Over Kauai Air Tour,1,English,1,Knoxville,TN,United States,1,150,767,5,0,0.027379400260756193,0.994,0.259,0.009,1,1,0,1,0,0,0,0,1,0,1,1,0,0,1,0,Airplane
Leah M,"Parkland, FL",5,Jun 2014 • Family,We never got our flight in but I would recommend them based on safety!!,We spent two days in Talkeetna hoping to do a flight around Mt. Mckinley and do the glacier landing.  From the time I made reservations (months in advance) I was completely impressed with the professionalism of this company.  Due to weather we were unable to make the flight and although they tried to reschedule us when the weather cleared we were unable to stay in the area another day.  We had a fully packed schedule while visiting multiple cities so our time in Talkeetna was limited.  Those that came off the plane while we were in the building had rave reviews of the flight.  We went through the check in process which was extremely easy and when our flight ended up not going out they refunded our deposit.  I can tell safety is there top concern and that says it all.  If planning a trip to Talkeetna put in enough time to be able to schedule another flight incase you don't get out on the originally scheduled one.,Family,0,2014-07-06,K2 Aviation,0,English,1,Parkland,FL,United States,1,168,925,14,0,0.016216216216216217,0.9097,0.089,0.011,1,0,0,0,0,0,0,1,0,1,0,0,1,0,1,0,Other/Unspecified
Linda B,,5,Mar 2020 • Solo,Fantastic Flight,This morning I took a tour of Kauai with Air Ventures and it was better than I expected. JT took us so many places and made sure we all had great views for pictures. It was a wonderful adventure in the air. I even saw my resort from the plane. One of the bonuses was seeing a few whales swimming. After we landed I drove to one of the waterfalls for a more up close look. I especially appreciated the care and safety measures before and during the flight. It seemed like everyone in the plane had a great time. If you’re still on the fence about going...do it! Have a blast like we did.,Solo,0,2020-03-15,TripadvisorReviewScraper,0,English,1,,,Unknown,0,115,586,2,1,0.02901023890784983,0.9904,0.309,0.0,1,0,0,0,0,1,1,0,0,0,0,0,0,0,0,0,Other/Unspecified
187airborne,"Davidson, NC",5,Aug 2011,Must Do,"For three summers I have done this gig with family and friends. If you go in July during the mountain school training ask to land on Ruth's Glacier. This is an awesome event landing in the snow. If the weather is bad, just hang close and you will get to do the mountain sometimes. Fling around Denali is an amazing view. Usually they ask for reservations with a deposit, but I have found times when I did not have to do this. Just walk in and check their schedule compared to yours an let this be priority unless the fish are running. Kings run in July and reds about first week of August. K2 operates great equipment with very experienced pilots. Make this an attraction to do. Ask your pilot to for the seat up front for you of a kid. That is really special!!!",Unknown,0,2012-03-01,K2 Aviation,0,English,1,Davidson,NC,United States,1,145,762,2,3,0.027559055118110236,0.9651,0.137,0.014,1,0,0,0,0,0,0,1,1,0,1,1,0,0,1,0,Other/Unspecified
Robbie_Exeter,"Exeter, UK",1,Apr 2014 • Couples,Be careful!!,"I booked a Seaplane trip in October 2013 for a flight in April 2014. The day of flight flight arrived (my last day in San Francisco) and I spent the morning heading to Pier 39 for pick up. 

The collection never arrived. When I called the office I was advised no flights were operating that day and although apologetic the staff couldn't understand how the online reservation system let me book for a day when no flights were operating. I ""slipped"" through the system. I was promised a refund would happen immediately. 

After 12 days I still hadn't received my refund and I emailed 3 times with no response. I finally called (8 hours time difference) and was advised that my refund had ""failed"". No effort had been made to check or resolve this in those 12 days. I do now finally have my refund. 

I'd recommend being 100% sure your flight is going to happen before wasting precious holiday time getting to an agreed pick up point (at cost) only to be let down. Thoroughly disappointed.",Couples,0,2014-04-27,36_854_Seaplane Adventures_2025-03-04,0,English,1,Exeter,,United Kingdom,0,177,987,2,0,0.02330293819655522,0.7968,0.119,0.081,0,0,1,0,0,0,0,0,0,1,0,0,1,0,1,0,Airplane
Sarah L,"Cardiff, UK",5,Jan 2013 • Couples,Maverick helicopter tours,"My husband and I flew with maverick helicopter tours from las Vegas to grand canyon in January 2013.
We were picked up by tour bus 8am from our hotel. We made a few stops at other hotels, before we arrived at maverick tours. By 10 am we were in the air on a small plane heading to the grand canyon. We arrived there in less than an hour. (south point) We all boarded a coach and before we knew it we had enter the grand canyon park, eating our packed lunch which was provided. We had an hour to look around before we boarded our helicopters ( 6 people per helicopter plus pilot). We had paid extra for the helicopter tour. It was worth every penny. The views were fabulous !!!
If you choose not to do the helicopter ride the coach went to another view point, with more 
amazing views.
Everyone looked after us. Before we knew it we were back in las Vegas at 3.30 pm heading back to our hotels. What an amazing day.
The company was organised and so helpful. We would recommend them to anyone.
It was an amazing experience. Thanks to maverick tours.",Couples,0,2013-01-20,10-1549_Marverick Helicopter_attraction_review_2025-02-27,0,English,1,Cardiff,,United Kingdom,0,199,1047,3,3,0.021012416427889206,0.9881,0.166,0.007,0,1,1,0,1,0,0,0,1,0,1,1,0,0,1,0,Helicopter
MARSHA G,LAKE HAVASU CITY,5,Jun 2016 • Couples,Misty Fjords flight,"Another great trip with Seawind Aviation and Steve as pilot of our Beaver.  We had a picture perfect day landing on one of the many lakes.  The plane landed smoothly and backed right up against a mountain.  We were able to get out and hike up for some awesome pictures & picked some ripe berries. 
As we soared past the mountains he took us close up to view some mountain sheep on the return flight back to Ketchikan.  
A great family local owned business.  This was the second time we booked independently with Steve & Leslie Kamm.  Highly recommend this trip.",Couples,0,2016-07-09,SeaWind Aviation,1,English,1,LAKE HAVASU CITY,,Unknown,0,101,561,3,0,0.0285204991087344,0.9633,0.181,0.0,1,0,0,0,0,0,0,0,1,0,1,1,0,0,1,0,Other/Unspecified
jw0930,"New Braunfels, TX",5,,Fantastic-the best part of my Alaskan vacation,"I was very apprehensive about flying in a small plane, but this was awesome.  Pilot was very friendly and provided lots of information as we flew over Mt. McKinley.    After we landed, I was ready to go again!!!!",Unknown,0,2010-11-10,K2 Aviation,0,English,1,New Braunfels,TX,United States,1,38,212,7,4,0.0330188679245283,0.9502,0.316,0.0,0,0,0,0,0,0,0,0,1,0,0,1,0,0,1,0,Other/Unspecified
Kirk P,"Valley View, TX",5,Mar 2021 • Friends,Greatest view of Denali ever!,Our party of 4 had one of the best views of Denali ever thanks to K2 Aviation and Chris our pilot.  After a thorough safety briefing we loaded up and headed out.  We were blessed with crystal clear skies and smooth air. Our pilot was very knowledgeable and provided a lot of color about the area.  He was more concerned with making sure we got a great flight versus just watching the clock to take us back.  Truest a once in a lifetime experience.,Friends,0,2021-04-03,K2 Aviation,1,English,1,Valley View,TX,United States,1,84,447,5,0,0.02237136465324385,0.9806,0.292,0.0,1,0,0,0,0,0,0,1,1,0,0,1,0,0,1,0,Other/Unspecified
Olga Petrovna,"Barcelona, Spain",5,Jul 2018 • Family,Maravilloso,"Es impactante ver el Gran Cañón desde el aire. Los empleados, el piloto y todos los empleados muy amables. Importante es decir que no me mareé y eso es difícil pues me mareo hasta en un columpio. Se lo dije al piloto y estuvo magnífico.
Tener en cuenta que hay obras en el parque y a veces te paran hasta media hora, cosa que te puede hacer llegar tarde a la cita de salida. Nosotros llegamos sólo 5 minutos antes!",Family,0,2018-08-03,10-1549_Marverick Helicopter_attraction_review_2025-02-27,1,French,0,Barcelona,,Spain,0,80,414,1,1,0.01932367149758454,-0.3595,0.0,0.033,0,0,0,0,0,0,0,0,0,0,0,0,0,0,0,0,Helicopter
Rolando C,"Villimpenta, Italy",5,Apr 2016 • Friends,Esperienza ineguaguagliabile,"Prenotammo da casa per tempo questo volo, affidandoci alle esperienze di chi già aveva provato. Non siamo stati delusi. Il giorno precedente, e la mattina stessa del volo avevamo visitato il Grand Canyon dalla sommità del bordo sud, lasciandoci stupefatti dallo spettacolo che si apriva sotto i nostri occhi. Il pomeriggio in volo è stato qualcosa di superlativo. Abbiamo visto scorci del Colorado e dei suoi affluenti, impossibili da vedere altrimenti. Esperienza, quella del sorvolo, che consiglio a tutti. La compagnia è affidabile, ed è la prima ad avere effettuato voli turistici. Il personale competente ed affabile. Abbiamo avuto un pilota oltremodo simpatico. Dimenticavo, durante il volo è possibile ascoltare le spiegazioni di ciò che state osservando in italiano. Grazie per la bellissima esperienza.",Friends,0,2016-04-22,8 -690_Grand Canyon Scenic Airlines_2025-02-27,1,English,1,Villimpenta,,Italy,0,124,811,2,0,0.01726263871763255,0.4588,0.025,0.0,0,0,0,0,1,0,0,0,0,0,0,0,0,0,0,0,Airplane
Srgruenhagen5,"Wauseon, OH",5,Jun 2018 • Friends,Awesome flight around Denali!,"This was by far the most amazing excursion we have ever been on!  We did a flightseeing trip around Denali and then landed on the Ruth Glacier.  It didn’t hurt that Denali was showing all of her glory on the day we took this trip!  Our pilot was very professional, and the love he has for what he does came through resoundingly.  If you go to Talkeetna, make this a priority!",Friends,0,2018-06-07,K2 Aviation,1,English,1,Wauseon,OH,United States,1,71,375,4,3,0.02666666666666667,0.8825,0.156,0.042,0,0,0,0,0,0,0,0,1,0,0,1,0,0,1,0,Other/Unspecified
irina1293,"Canton of Aargau, Switzerland",5,,Great experience!! Soo worth it!!,"That plane ride is al lifetime experience!! 

Just do it!!

Great captain and most beautiful view, defiantly worth it.",Unknown,0,2018-11-15,32_2137_Maui Plane Rides_2025-03-04,0,English,1,Canton of Aargau,,Switzerland,0,19,118,5,4,0.025423728813559324,0.9074,0.415,0.0,0,0,1,0,0,0,0,0,1,0,0,1,0,0,1,0,Airplane
Culture55980431100,"Houston, TX",1,Mar 2023,Unfulfilled birthday experience,Horrible experience when the third party booking company doesn't communicate with the actual servicing company. And the policies of the booking company don't apply with the servicing company. I had a hard time getting a hold of anyone after my booking was canceled due to inclimate weather but they were not understanding when I followed original booking cancelation policy. After finally communicating with a supervisor I was told I would get a refund but then weeks later I was told no. Horrible customer service.,Unknown,0,2023-04-20,30_115_Grand Canyon Landmarks Tour by Airplane with Optional Hummer Tour2025-03-01,1,English,1,Houston,TX,United States,1,84,515,3,0,0.017475728155339806,-0.7351,0.057,0.13,0,0,0,0,0,0,0,1,0,0,0,0,0,0,0,1,Airplane
RP-Netherlands,"Leidschendam, The Netherlands",5,Jun 2019,tick on my Bucket list,"We had something to celebrate on our trip to the US. In orde rto make it a memorable occasion, I booked the 45 min helicopter tour with Maverick. Tusayan is conveniently located just minutes from Grand Canyon NP. and the airport is well signposted. When we got to Maverick, we weer weighed in and then waited for the crowd to gather until the pilots called out the names of their passengers. The helicopters are pretty big (8-seaters). In the from there are 3 seats next tot he pilot, and 4 in the back. In our helicopter, there were only 4 passengers, 3 of whom sat in the front. I was one of them and I must say the views are amazing. The views from the rim are spectacular, but there is nothing like a bir's eye view of the Grand Canyon. Our pilot was very knowledgeable. Besides knowing how to fly the chopper he was also a very good tour guide. The whole setup at Maverick is very professional, from the moment you arrive until the moment you leave the airport, everything is well taken care of. A fabulous experience. Not the cheapest trip ever, but money wll spent.",Unknown,0,2019-08-10,10-1549_Marverick Helicopter_attraction_review_2025-02-27,1,English,1,Leidschendam,,The Netherlands,0,199,1072,5,0,0.025186567164179104,0.9805,0.153,0.019,0,1,0,0,1,0,0,0,1,0,0,1,0,1,1,1,Helicopter
DVS011,California,5,May 2019 • Couples,Excellent,"Highly recommended - 5 islands, very informative, beautiful scenery, especially the Molokini crater!",Couples,0,2019-05-12,31_745_aMaui -PRIVATE- Air Tour 5 Islands (2-5 people) SEE Even MORE!_2025-03-02,1,English,1,,CA,United States,1,13,100,1,1,0.02,0.7624,0.422,0.0,0,0,0,0,0,0,0,0,0,0,0,0,0,0,0,0,Airplane
BillLindley2021,,5,Aug 2021 • Family,Glacier Flight,"The plan was to make a glacier landing and hike on the glacier but unfortunately weather conditions would not permit.  We were offered our choice of a refund or a longer sightseeing flight to another set of glaciers.  We chose the sight seeing flight and enjoyed an 1,5 hour flight in an Otter viewing the spectacular mountains and glaciers!  Well worth doing!  The pilot was very informative and gave us a great flight!",Family,0,2021-08-30,K2 Aviation,0,English,1,,,Unknown,0,73,420,2,3,0.014285714285714285,0.931,0.192,0.037,1,0,1,0,0,0,0,1,1,0,0,1,0,0,1,0,Other/Unspecified
sassy092,"Tucson, AZ",5,Jun 2015 • Couples,A Terrific Flight over Canyonlands!,"We recently flew with Kim, a pilot with Redtail Aviation, and had a wonderful time.  We have spent a lot of time in the Moab, Utah area in our Jeep.  We visit every spring and are always amazed by the awesome landscape we find while 4-wheeling in the area.   This flight put a whole new perspective to the area!  We could look down and see some of our 4-wheeling trails but now could see on the 'other side' of the rocks.   There are arches in Canyonland that would be very difficult to see from the trails, but Kim pointed them out for us!    We highly recommend this flight!",Couples,0,2015-07-03,44_470_Retail Air Adventures_2025-03-06,1,English,1,Tucson,AZ,United States,1,108,576,5,3,0.026041666666666668,0.783,0.101,0.032,0,0,0,0,0,0,0,0,1,0,0,1,0,0,1,0,Airplane
Anita W,,5,,Spectacular views and very professional and knowledgeable pilot!,"We were blessed with a break in the weather and blue skies. Unfortunately the haze in the high elevation did not allow for us to see Denali but otherwise the views were breathtaking!  Our pilot, Will, was exceptional. We felt safe and and he gave us so much information about what we were seeing!  We absolutely would recommend this excursion!",Unknown,0,2023-07-31,5 -Denali Experience Flightseeing Tour from Talkeetna_2025-02-27,0,English,1,,,Unknown,0,60,343,8,3,0.02040816326530612,0.9301,0.209,0.043,1,0,0,0,0,0,0,1,1,0,0,1,0,0,1,0,Airplane
Bruce S,,5,Feb 2023 • Couples,Awesome!,"There’s really no way to describe the trip, you just have to take it.  Worth every penny.  I’ve never had views like this before.  The bird’s eye view is unrivaled.",Couples,0,2023-02-01,31_745_aMaui -PRIVATE- Air Tour 5 Islands (2-5 people) SEE Even MORE!_2025-03-02,0,English,1,,,Unknown,0,30,164,1,0,0.024390243902439025,-0.4025,0.057,0.137,0,0,1,0,0,0,0,0,0,0,0,0,0,0,0,0,Airplane
anupama g,"Phoenix, AZ",4,,Excellent ride,It was safe and also informative. Pilot Brian was friendly and took good care of us. It is an understatement to call Kauai beautiful because it is much more than that. Thanks to air ventures for giving an aerial view of the place.,Unknown,0,2014-12-29, TripadvisorReviewScraper,0,English,1,Phoenix,AZ,United States,1,43,230,2,0,0.02608695652173913,0.9668,0.376,0.0,1,0,0,0,0,0,0,0,1,0,0,1,0,0,1,0,Other/Unspecified
Traci M,"New York City, NY",1,Apr 2022 • Family,Can't get refund after they canceled last minute,I contacted them an hour before the flight to confirm before I rented a car to drive the hour. There was a light rain so I was concerned and they assured me the flight was going to take place. Then I learned the man I spoke to wasn't the decision-maker and a pilot called just before the flight and cancelled. The rain was mild and hadn't changed in that hour. I cannot seem to get a refund  It's been 2 months.,Family,0,2022-05-31,12-392_Eagles AirLine_attraction_review_2025-02-27,0,English,1,New York City,NY,United States,1,81,411,8,0,0.024330900243309004,0.128,0.034,0.028,0,0,0,0,0,0,0,1,1,0,0,1,0,0,1,0,Airplane
James M,"Auckland Central, New Zealand",5,May 2016 • Couples,Totally different and amazing way to see Canyonlands,"We went on the 50m Canyonlands/Arches flight on a pefect clear morning. Words cant describe the view. Gives you a whole new appreciation for the parks. Our pilots were great and gave a very thorough briefing and description of the flight, plus a very informative commentary throughout. We have done lots of hiking in the parks, but this flight really completed the visit. Perfect.",Couples,0,2016-05-21,44_470_Retail Air Adventures_2025-03-06,1,English,1,Auckland Central,,New Zealand,0,64,380,8,0,0.021052631578947368,0.8898,0.171,0.0,0,0,0,0,0,0,0,1,0,0,0,0,0,0,0,0,Airplane
Roving07502513556,,5,May 2023 • Couples,Nice flight over Miami,It was an amazing experience with a nice view over Miami. The pilot was great and we had a good time up there.,Couples,0,2023-05-03,12-392_Eagles AirLine_attraction_review_2025-02-27,1,English,1,,,Unknown,0,23,110,4,0,0.02727272727272727,0.9274,0.444,0.0,0,0,0,0,0,0,0,0,1,0,0,1,0,0,1,0,Airplane
nidsdahiya,"Bentonville, Arkansas",5,Sep 2016 • Solo,Exceptional view,The pilot was amazing and made our trip so much better. He made sure everyone got a good view of the glaciers. The service was great. I forgot my coat at the hotel and they were kind enough to let me borrow one.,Solo,0,2016-10-04,Talkeetna Air Taxi,0,English,1,Bentonville,AR,United States,1,43,211,2,0,0.018957345971563982,0.9622,0.36,0.0,0,0,0,0,0,0,0,0,1,0,0,1,0,0,1,0,Airplane
Dan A,"Mascoutah, IL",5,Jul 2016,Flight to Denali with Glacier Landing,We took a flight to Denali wit a glacier landing and it was the best excursion of our trip. Clay was our pilot and due to the clouds around the mountain he worked his flying magic to get us a view of the peak. The glacier landing was unbelievable and an experience you should have on your bucket list. Also viewing the glacier rivers were exquisite. TAT was an excellent company and I highly suggest them for your flight-seeing excursion. Definitely worth the money.,Unknown,0,2016-08-03,Talkeetna Air Taxi,0,English,1,Mascoutah,IL,United States,1,84,466,6,0,0.02145922746781116,0.9231,0.16,0.0,1,0,1,0,0,0,0,1,1,0,0,1,0,0,1,1,Airplane
rekcalsa,"Abingdon, MD",5,,Great Experience...Would Definitely Do It Again!,"We were considering doing a heli tour, but I came across Wings on here and saw how well-rated and how much cheaper it was.  Well, I'm soooo glad I went with Wings (flew on 8/19).  It's a small family-run operation and there's such a personal touch to it.  Bruce and Ellen are so nice and accommodating.  They even took our picture before we took off and used it for the cover of the CD they gave us (didn't check it out yet to see exactly what's on it yet).

They provide some water and ginger candies which are supposed to help with any air sickness.  During the taxi to the runway, Bruce goes over the checklist with the co-pilot (whichever passenger gets the lucky seat) which is a nice little lesson on the different buttons in the cockpit and how things work with the plane...my engineering mind was content.  We had a nice, rather smooth ride.  Bruce did a great bit of narration throughout the entire ride and engaged us as well...he knew all of our names right off the bat too.  There are some things you just can't see from a car or a hike which makes the plane right  all the more worthwhile.

I've never done a helicopter ride, but the family members I was with said that it was definitely better than a heli ride.  I'm sure having Bruce as the pilot surely helped with that assessment.  Go ahead and give Wings Over Kauai a try...you won't regret it!!",Unknown,0,2010-08-21,Wings Over Kauai Air Tour,0,English,1,Abingdon,MD,United States,1,252,1363,6,2,0.019809244314013204,0.9962,0.21,0.0,1,1,0,0,0,0,0,0,1,0,1,1,0,0,1,0,Airplane
debnpaulo,"Santa Barbara, CA",5,Dec 2013 • Couples,Views Above It All ~ Beautiful Kauai,"Wings Over Kauai is the BEST in every sense.  They were very easy to work with in setting up the flight well before we docked in Kauai.  They gave clear information on the ""how to's"" of pickup and drop off.  Since we arrived via cruise ship that information is very important.

The flight was wonderful....awesome....we could not have asked for more.  The pilot was great and very knowledgable about the island.  Everything was perfect.

Our thanks go out to everyone at Wings Over Kauai.  This was an exceptional tour and we were very happy to have discovered the true beauty of Kauai.....views from above.",Couples,0,2013-12-13,Kauai Deluxe Sightseeing Flight,0,English,1,Santa Barbara,CA,United States,1,104,607,7,0,0.032948929159802305,0.9873,0.278,0.016,0,0,0,0,0,0,0,1,1,0,0,1,0,0,1,0,Airplane
MSnyc74,New york,5,Aug 2014,A must do on Kauai!,There is so much that can only be seen and appriecated by air in Kauai. As a private pilot I can attest to their attention to safety and professionalism.,Unknown,0,2014-08-14,Wings Over Kauai Air Tour,1,English,1,,NY,United States,1,29,153,5,0,0.026143790849673203,0.4215,0.097,0.0,1,0,0,0,0,0,0,0,1,0,0,1,0,0,1,0,Airplane
Katalin S,"Budapest, Hungary",5,Dec 2017 • Solo,this is a must in Kauai,"First I wanted to do this trip on a doors-off helicopter to be able to do better photos, but the two companies I found did not meet my requirements (Jack Harter Helicopters: there is a risk you get the middle seat from which you do not see properly and cannot really take photos, while Mauna Loa Helicopters unfortunately do not accept solo travellers) so I finally chose Air Ventures and it was a good choice, also much cheaper than any helicopter flights :) Our nice pilot, Desi, shared a lot of interesting info about the island and the views were truly amazing. If you are visiting several islands and want to do only one air trip, Kauai is the one. All in all, it was a fantastic experience that I would recommend to anyone. Warning: wear dark clothes, even your hands' reflection might be visible on the photos.",Solo,0,2017-12-21, TripadvisorReviewScraper,0,English,1,Budapest,,Hungary,0,148,817,6,0,0.023255813953488372,0.9821,0.222,0.067,0,1,0,0,0,0,0,0,1,0,0,1,0,0,1,0,Other/Unspecified
Bill G,,5,Jun 2022,Mt. Denali National Park air tour,"We had a very enjoyable 90-minute air tour of Mt. Denali National Park, seeing the peaks and glaciers up close. The pilot was informative and pleasant, making it a very enjoyable experience.",Unknown,0,2022-07-09,K2 Aviation,0,English,1,,,Unknown,0,32,190,6,0,0.031578947368421054,0.8653,0.264,0.0,0,0,0,0,0,0,0,0,1,0,0,1,0,0,1,0,Other/Unspecified
Kelly C,"Lincoln, Arkansas",5,Dec 2012 • Couples,Kelly C,"We did our Air Ventures tour of Kauai on December 17 with Harry as our Pilot. He was very professional and did a great job of making sure that we saw all of the beautiful sights of Kauai. My favorite place to see, of course, was the Napoli Coast. I was very glad we got a great look at it by air, as our Sunset Dinner Cruise down the Napoli Coast had to be rerouted to the Southern Coast due to the intense waves. I would definitely recommend this air tour to everyone that wants to see the sights of the entire Island in an hour. I would do it again in a heartbeat.",Couples,0,2013-01-01,TripadvisorReviewScraper,0,English,1,Lincoln,AR,United States,1,114,566,2,0,0.04063604240282685,0.9781,0.215,0.0,0,0,0,1,0,0,0,0,1,0,0,1,0,0,1,0,Other/Unspecified
Chelsie R,"Knoxville, TN",5,Jul 2020 • Solo,July 2nd,"Must do!!! One of my most rememberable experiences while I was in Alaska. The staff was extremely flexible and understanding  due to rainy weather. We flew with Chris, who was very friendly and knowledgeable. The views were breathtaking!! Even though we were initially told we wouldn’t be able to take part in the glacier landing, the weather cleared up just in time and Chris was able to land the plane safely. I would definitely recommend this company and if I’ve ever back in Alaska I’ll be taking another flight myself!",Solo,0,2020-07-03,23_327_Denali Flyer Flightseeing Tour from Talkeetna 2025-02-27,1,English,1,Knoxville,TN,United States,1,90,523,2,6,0.02676864244741874,0.9542,0.195,0.013,1,0,0,0,0,0,0,1,1,1,0,1,1,0,1,0,Airplane
Jc C,,5,Mar 2022 • Family,Unique,"It's hard to choose what the best part was. The flight over the coastlines were great, the stop in Hilo at Ken's pancakes was an awesome stop, and the waterfalls on the way back were amazing! Eric also let my kids take turns flying. All-around great experience.",Family,0,2022-03-05,31_745_aMaui -PRIVATE- Air Tour 5 Islands (2-5 people) SEE Even MORE!_2025-03-02,0,English,1,,,Unknown,0,47,261,1,1,0.022988505747126436,0.9571,0.315,0.089,0,0,0,0,0,1,0,0,0,0,1,0,0,0,0,0,Airplane
Sheila T,"Ocean Isle Beach, NC",5,Oct 2018 • Couples,Great adventure,An amazing aerial tour of Kauai.  Eric was our pilot and he assured our safety and comfort and provided lots of information about the island.  Worth every penny.  Highly recommend this tour.  Thanks Eric and Kaycee.,Couples,0,2018-10-19, TripadvisorReviewScraper,0,English,1,Ocean Isle Beach,NC,United States,1,36,215,2,0,0.037209302325581395,0.9531,0.398,0.0,1,0,1,0,0,0,0,0,1,0,0,1,0,0,1,0,Other/Unspecified
Jennifer B,"Rapid City, SD",5,Mar 2016 • Family,Won't be disappointed!,"There are so many reasons to go with WOK vs. a helicopter tour. But the top reasons are:

1. Personalized service!! We chose to do the small cessna tour for my husband and I, along with our 9 mo old daughter. We got a private tour with Capt. Bruce. If we had booked a helicopter tour, we would have been sitting on top of other strangers. We also received a FREE digital picture in front of the plane before the tour. Most companies would charge you for this type of thing. 

2. Price - for half the cost of a helicopter tour, WOK is really a great bang for your buck! We also appreciated the fact that we didn't have to pay for our daughter either.

I would without a doubt recommend this tour for anyone! Save your money and go with WOK. You won't regret it at all. 

Tip: Book this at the beginning of your time on Kauai just in case the weather is less than ideal to fly. We did this and I am glad we did because we had a lot of flexibility when the fog was really bad one day.",Family,0,2016-03-24,Wings Over Kauai Air Tour,1,English,1,Rapid City,SD,United States,1,195,981,3,4,0.034658511722731905,0.9895,0.2,0.036,0,1,1,0,0,0,0,1,1,0,1,1,0,0,1,0,Airplane
Richard H,,5,Jun 2021,Smooth and Magestic,"Assuming the cost is not an issue this is very well worth it.  Extremely smooth flight and landings.  Landing on the Glacier standing look around at the mountains towering above is incredible.  Sitting at a restaurant an hour later it all seemed just a dream. 
Great pilot.",Unknown,0,2021-06-28,Grand Denali Flightseeing tour from Talkeetna,0,English,1,,,Unknown,0,47,273,3,0,0.02197802197802198,0.8648,0.207,0.0,1,0,1,0,0,0,0,0,1,0,0,1,0,0,1,0,Airplane
Glenn W,"St. Petersburg, FL",4,Nov 2020 • Couples,"Incredible experience, great way to see the whole Grand Canyon!","The flight was incredible with great narration and awesome sights! Well worth it. 

What detracted from the experience was the lack of information up front, even when I called 1 day prior to the trip to confirm. I was staying at Bright Angel lodge (18 minute drive from the airport), no-one told me that there was no transportation to the airport, no bus, taxi, or Uber. I had to pay a private person $100 each way to get to the airport and back, the only option was not to do the flight after I paid for it.",Couples,0,2020-12-27,10-1549_Marverick Helicopter_attraction_review_2025-02-27,1,English,1,St. Petersburg,FL,United States,1,97,508,10,1,0.01968503937007874,0.8413,0.146,0.079,0,0,1,0,1,0,0,0,1,0,0,1,0,0,1,0,Helicopter
Greg R,,5,Aug 2021,Best experience ever!,"My copilot and I were on a 35 hour layover in Anchorage and were looking for something fun for the day.  The weather was good, so we headed to Talkeetna.  We checked at K2 when we got into town and they had 2 seats on the 3:00pm flight. Check in was smooth and easy (thanks staff!)

All I can say is WOW!!  best experience ever!  Chad was our pilot and did a great job of making all the passengers feel at ease.  He flew the Otter like the expert he is.  

The views were the most spectacular I have ever seen.  I don't think there is a better way to see Denali.  Absolutely a fantastic experience and have already recommended it to all my family and friends.  Thanks K2, Chad, and staff!",Unknown,0,2021-09-03,K2 Aviation,0,English,1,,,Unknown,0,132,688,3,5,0.03488372093023256,0.9916,0.28,0.0,1,0,0,0,0,0,0,1,1,1,1,1,1,0,1,0,Other/Unspecified
Robin C,"Sherborn, MA",5,Jun 2017 • Friends,Great Company - Great flight!,The weather was iffy at best.  We were debating on whether to go or try on our ride back.  The owner was very honest with us and would give us our money back if we wanted.  The weather ended up clearing up enough so we went!  So glad we did.  Flying into the mountain/glacier was incredible!  The pilot was great!  She was very knowledgeable and nicely did the family pictures!   Highly recommend this company.  It's well worth the money!   A great tour!,Friends,0,2017-12-22,Talkeetna Air Taxi,0,English,1,Sherborn,MA,United States,1,82,454,5,6,0.024229074889867842,0.984,0.297,0.0,0,0,1,0,0,0,0,1,1,0,1,1,0,0,1,0,Airplane
Mark C,"Nasugbu, Philippines",5,Sep 2019 • Couples,Always a great experience,"I’d flown with K2 a few years ago on the Grand Denali flight and was looking for a repeat this year. Unfortunately we awoke to heavy rain and a low ceiling; an email from K2 offered options from canceling with a full refund, re-scheduling, or staying in touch to see how the day developed. We opted for the latter and got a call mid-morning telling us that the clouds had lifted enough to make shorter flights up to the lower glaciers. We decided to go for it and even this limited tour didn’t disappoint. We spent about an hour with excellent pilot and guide Mark, who gave everyone a good view of the glaciers and spectacular terrain of southern Denali. Even on a gray day there were amazing sights and great photo opportunities. I’d fly with K2 any time and look forward to doing it again!",Couples,0,2019-09-03,K2 Aviation,0,English,1,Nasugbu,,Philippines,0,146,792,4,1,0.017676767676767676,0.8972,0.128,0.072,0,0,0,0,0,0,0,1,1,0,0,1,0,1,1,0,Other/Unspecified
Chamil B,"Highlands Ranch, CO",5,Oct 2012 • Couples,Wonderful experience!,"From the minute we arrived at the terminal and were greeted by Sherry and Capt. Bruce it was a wonderful experience. We felt that we came to see our good, old friends whom we haven’t seen for a long time. The check in took only a few minutes and we were ready to board the plane.  Bruce is an expert pilot who has flown over 5,000 flights over Kauai so you may feel extremely safe, relax and enjoy the flight.  The flight experience was out of this world; with the cost being very reasonable we recommend everyone visiting Kauai to take a flight. In addition to being an expert pilot Capt. Bruce has a vast knowledge of the island history, flora, fauna, etc., which he shared with us during the flight.  We highly recommend taking a flight with the “Wings over Kauai”!!!

Chamil and Tatiana, Colorado, USA",Couples,0,2012-10-15,Kauai Deluxe Sightseeing Flight,0,English,1,Highlands Ranch,CO,United States,1,147,805,2,3,0.02732919254658385,0.9844,0.201,0.0,1,0,1,0,0,0,0,0,1,1,1,1,1,0,1,0,Airplane
Lisa S,,5,Mar 2021 • Family,Breathtaking,Amazing views. Focus on the beautiful islands of Maui and the whales. Superior flight. Learned so much about Maui.,Family,0,2021-03-09,32_2137_Maui Plane Rides_2025-03-04,0,English,1,,,Unknown,0,19,114,1,0,0.05263157894736842,0.9042,0.412,0.0,0,0,0,0,0,0,1,0,0,0,0,0,0,0,0,0,Airplane
873leslie,,5,Mar 2021 • Family,Amazing adventure!,"We flew over the Denali Mountains then landed on a glacier. So surreal.  Our pilot was very knowledgeable of our surroundings. Lots of information about the Denali mountains.  
We almost didn’t get to land because of clouds and wind. But everything worked out in the end we were all safe on a bright sunny day. With no clouds.",Family,0,2021-03-31,K2 Aviation,0,English,1,,,Unknown,0,58,326,2,0,0.03067484662576687,0.8625,0.172,0.042,1,0,0,0,0,0,0,1,1,0,0,1,0,0,1,0,Other/Unspecified
Mark S,"Lake City, FL",5,Nov 2018 • Couples,Ultimate Miami skyline (1 hour) tour,"Great experience, the pilot was personable and very knowledgeable about the area.  He pointed out many areas of interest, and knew a lot of the history of the various areas.  Highly recommend this tour!.  Don't arrive too early though - there waiting area is unattended and minimal.  Wear shoes/clothes that can get wet, and if you have mobility issues let them know before booking the tour. The boarding facilities are minimal also, and it is a seaplane!",Couples,0,2018-11-20,46_376_Miami Seaplane Tours_2025-03-06,0,English,1,Lake City,FL,United States,1,77,455,6,2,0.013186813186813187,0.8879,0.129,0.0,0,0,0,0,0,0,0,0,1,0,0,1,0,0,1,0,Airplane
Cothy08,"Grenoble, France",5,Jul 2019 • Family,Superbe expérience,"Absolument parfait malgré un prix un peu élevé, ça en vaut la peine et notre pilote, David, était très agréable.",Family,0,2019-07-05,10-1549_Marverick Helicopter_attraction_review_2025-02-27,0,French,0,Grenoble,,France,0,20,112,2,0,0.017857142857142856,0.0,0.0,0.0,0,0,0,0,0,0,0,0,0,0,0,0,0,0,0,0,Helicopter
Susanna Smit,"Shenandoah, TX",5,Oct 2019 • Couples,Must see,"Another Bucket list item and nature wonder . It’s a bit of a walk although with some effort there was 4 people who took a guy with a wheel chair to see this .  We loved this , its only 10 minutes from Antelope canyon . Easy to do both in one day .",Couples,0,2019-11-22,8 -690_Grand Canyon Scenic Airlines_2025-02-27,0,English,1,Shenandoah,TX,United States,1,54,247,2,0,0.024291497975708502,0.7783,0.139,0.0,0,0,0,0,1,0,0,0,0,0,0,0,0,0,0,1,Airplane
mglynn53,,5,Sep 2018 • Solo,Great Solo Trip,Beautiful trip of Marin County and SF.  Super skilled and friendly pilot made the trip even more fun!,Solo,0,2018-09-26,36_854_Seaplane Adventures_2025-03-04,0,English,1,,,Unknown,0,18,101,3,1,0.0594059405940594,0.9421,0.515,0.0,0,0,0,0,0,0,0,0,1,0,0,1,0,0,1,0,Airplane
WorldDreamer23,"Lodi, CA",5,May 2016 • Friends,Amazing Experience,"If you have a chance to go, definitely do it. I was able to do the glacier landing. Our weather that day was perfect. It is amazing to fly around the range and a great way to get a perspective of how big Denali actually is. We landed on the Ruth glacier. It was amazing to feel how warm it actually was up there. We were fine with just sweatshirts that day. We did here that it is always good to bring layers though. It is hard to describe what being on a glacier is like. It is just something that has to be experienced. The planes are small, so if you have claustrophobia that might be an issue. Also if you get motion sickness or can't stand turbulence, you might want to take something before your flight. When coming off the glacier and back to the airport, we encountered thermals which created a short period of turbulence. Still definitely worth every minute of it.",Friends,0,2016-07-25,K2 Aviation,0,English,1,Lodi,CA,United States,1,165,873,2,0,0.018327605956471937,0.9858,0.203,0.008,1,0,1,0,0,0,0,1,0,0,0,0,0,0,0,0,Other/Unspecified
Kantilal K,"Auckland, New Zealand",5,May 2017 • Couples,A wow eperience for my wife...,"The intention to do it was 6 months ago, however the booking was made only a few days ahead. The previous few days of bad weather incorporated snow, and it appears that may have put on extra flights at 8 AM. There were 5 helicopters flying out at that time! The skies were blue without a cloud. Although I am quite light, I got the rear window seat, however my wife had the most amazing experience of her life being on the opposite side of the pilot, the best seat in the “house”, window in front and below. This was the 45-50 minute Spirit flight, with ample time to take in the canyon and photographs, avoiding the no-fly zone across the main part of the canyon, going east, then across to the north rim, and then crossing back to the south beyond Hermit’s rest. The commentary could have been better avoiding cheesy jokes.",Couples,0,2017-06-02,10-1549_Marverick Helicopter_attraction_review_2025-02-27,0,English,1,Auckland,,New Zealand,0,153,825,6,1,0.01575757575757576,0.7836,0.094,0.051,0,0,0,0,1,0,0,1,1,0,1,1,0,0,1,0,Helicopter
TravelPlansbyLisa,United States,5,Mar 2016 • Family,Once in a lifetime,Maverick is very professional. A truly amazing ride touring most of the Grand Canyon. The pilot answered questions in flight and gave us an insightful description of the sights before us. Great playlist too! A must do experience!,Family,0,2016-03-21,10-1549_Marverick Helicopter_attraction_review_2025-02-27,1,English,1,,,United States,1,38,229,4,2,0.03056768558951965,0.945,0.322,0.0,0,0,0,0,1,0,0,0,1,0,0,1,0,0,1,0,Helicopter
Trey A,,5,Aug 2017 • Couples,Champagne Sunset Dream Come True,"I wanted to do something special with my girl, and the truth is they had me at ""Champagne"".  Picture ice cold bubbly, my girl cuddled next to me, the Maui Sunset, her growing smile that became plastered permanently for the hour...WIN-WIN!  Highly recommended - DO IT!  Great pilot, amazing experience, worth it! We WILL remember this hour for the rest of our lives! Thanks so much MauiPlaneRides.com",Couples,0,2017-08-12,32_2137_Maui Plane Rides_2025-03-04,0,English,1,,,Unknown,0,67,399,5,4,0.06516290726817042,0.9725,0.31,0.0,0,0,1,0,0,0,0,0,1,0,0,1,0,0,1,0,Airplane
DTSASK,"Waterloo, ON",5,,Breathtaking Views!,"A wonderful flightaround Kuaui, seeing many of the sights that you can see in no other way!

Very friendly and informative staff!

Highly recommended!",Unknown,0,2008-12-31, TripadvisorReviewScraper,0,English,1,Waterloo,,On,0,24,150,2,3,0.02666666666666667,0.8386,0.324,0.07,0,0,0,0,0,0,0,0,0,1,0,0,1,0,1,0,Other/Unspecified
Antoine K,"Haguenau, France",5,Sep 2017 • Couples,Juste parfait !!!,"Super moment passé avec notre pilote Olsen, il nous a bien tout expliqué !
Super cool le mec  avec sa playlist oldschool dans l'hélico, j'ai vraiment apprécié !",Couples,0,2017-09-12,10-1549_Marverick Helicopter_attraction_review_2025-02-27,1,French,0,Haguenau,,France,0,28,160,3,2,0.01875,0.8802,0.322,0.045,0,0,0,0,0,0,0,0,0,0,0,0,0,0,0,0,Helicopter
Buz H,"Seattle, WA",5,Aug 2024 • Family,Don’t Miss the Grand Denali tour!,"If the sun is out, as it was for us, the Grand Denali flight is not to be missed. It was a memorable and very exciting experience. Don’t bother driving 3+ hours to Denali NP, you cannot see Denali from there, and can only travel into the Park 14 miles. The commentary from the pilot added greatly to the trip.",Family,0,2024-08-11,Grand Denali Flightseeing tour from Talkeetna,1,English,1,Seattle,WA,United States,1,60,309,6,0,0.03559870550161812,0.8448,0.17,0.035,0,0,0,0,0,0,0,1,1,0,0,1,0,0,1,0,Airplane
AnonymousAJ1234,,5,Jun 2018 • Business,Better late than never! I did this 5.5 years ago and LOVED IT!,"It's Alyssa Jacey, the singer/songwriter you hosted on the private helicopter tour! I have been MEANING to review this and my only excuse is that I went on tour! I've opened for Bruno Mars, PEPPER, Andy Grammer, Lisa Loeb, Tavana and about 20 others! Anyway, enough about me. THIS TRIP WAS OUTSTANDING! I loved every second. It was so gorgeous, I felt very safe, they had a clean, comfortable heli...it was all wonderful. Not to mention their staff! LOVED them. So sweet, genuine...there was a lovely girl there at the time that hand drew me a map of the island...just to have! Anyway, I'll be coming back my next time to the island! I'll be on my 3rd tour in a year next month (June 7-19) to HNL. Visit Alyssa Jacey dot com for show details, maybe you can come to one of the nine?? 

To all considering Wings Over Kauai...stop hesitating and do it! You'll love it!

Sincerely,
~Alyssa Jacey",Business,0,2019-05-19,Kauai Deluxe Sightseeing Flight,1,English,1,,,Unknown,0,161,891,13,9,0.08641975308641975,0.9944,0.269,0.012,1,1,0,0,0,0,0,0,0,1,0,0,1,0,1,0,Airplane
Jackie D,"Manasquan, New Jersey, Usa",4,Jul 2018 • Family,Beautiful vistas,"The vistas were lovely, but my 11 year old was underwhelmed and fell asleep on the ride back. In the future, I might do this trip with my husband and leave the kids on the ship.",Family,0,2018-08-06,17-653-Taquan Air Tours_attraction_review_2025-02-27,1,English,1,Manasquan,NJ,United States,1,36,177,2,0,0.01694915254237288,0.2732,0.065,0.035,0,0,0,0,0,0,0,0,0,0,1,0,0,0,0,0,Airplane
Julian,"Singapore, Singapore",4,Nov 2012 • Couples,"Maybe not as thrilling as a helicopter ride, but cheaper and safer!","We chose the GCA Visionary tour based primarily on safety (helicopter accidents @GC are much more common than fixed wing ones) and secondly on price (its a lot cheaper than a helicopter, and you can find a 2-1 voucher on the internet if you look, which works out slightly cheaper than the online discounted price per person).

Firstly I should say that everything ran smoothly. Pickup from hotel was on time, only a short wait at Boulder City Airport and we were off. From my seat I could see the cockpit and assessed (as a former pilot) the pilot and co-pilot (the latter was in charge of the aircraft whilst airborne) to be very professional.The return trip to LV was also prompt.

I very much enjoyed the tour. Alas my partner kept her eyes front for the whole duration because she was too scared to look out of the window! We chose the early morning set off, but I suspect that a later flight might give better lighting for photos and videos.

Okay, the flight could have gone further along the canyon. And whilst you get a good view, it is  perhaps not as great as with a helicopter. But if you are short on time and have a limited budget, but still want to experience the Grand Canyon, then this is a good option.",Couples,0,2013-01-21,8 -690_Grand Canyon Scenic Airlines_2025-02-27,1,English,1,Singapore,,Singapore,0,225,1219,12,1,0.022149302707136997,0.9079,0.115,0.062,1,1,1,0,1,0,0,0,1,0,1,1,0,0,1,0,Airplane
Kim4088,"Saint Paul, MN",5,Jan 2013 • Couples,Wonderful experience,"Flying with Wings Over Kauai was a wonderful experience.  The reservation process was easy and they were very flexible in order to accommodate our schedule. When we arrived everyone was extremely friendly and the checkin process was a breeze. Bruce informed us there was some haze and checked the weather to see if the next few days would offer better viewing.  Since there was some rain in the forecast we decided to go that day, and we were happy we did. We took the smaller Cessna plane.  Bruce was a wonderful pilot - it was an extremely smooth flight and Bruce was a great guide.  And the sights were awesome.  This is a great alternative for people who are nervous about helicopters (like me) or who have weight limits and cannot take a helicopter.",Couples,0,2013-01-27,Kauai Deluxe Sightseeing Flight,0,English,1,Saint Paul,MN,United States,1,134,754,2,0,0.01856763925729443,0.987,0.228,0.014,1,1,0,0,0,0,0,1,1,1,0,1,1,1,1,0,Airplane
Kerryrain,Washington State,5,Dec 2015,Delighted with our choice of plane over helicopter,"We debated helicopter vs plane  and eventually decided on the plane because we would see more and have more time in the air for less money.  I was also motivated by the fact that planes are safer than helicopters and use less gas. 

We were delighted with our choice. We were made feel so welcome by Bruce and his daughter - charming people. Our pilot was Marcus. I was nervous because he is young but he has great credentials and inspires confidence.  He did a great job telling us about Kauai. 

 The weather wasn't good so I was nervous about a bumpy ride but Marcus knew exactly where the smooth spots were while still showing us everything.  We each had a big window and could talk to each other over the headsets. My husband loved being in the co-pilot seat. We had a great time and highly recommend.",Unknown,0,2015-12-27,Wings Over Kauai Air Tour,0,English,1,Washington State,,Unknown,0,148,806,8,0,0.019851116625310174,0.9911,0.255,0.041,1,1,0,0,0,0,0,1,1,0,1,1,0,0,1,0,Airplane
