word,chinese_translation,affect_type,frequency,review_count,example_context,keep
experiencing,情感/评价词,E1_E2_Candidate,6,6,review_c3d18e9e58951c652c7c5ca0 :: This was one of the best birthday experience!  The views are unbelievable. To see the landscape with my own eyes from the plane was beyond beautiful! Steve was great! He is very kn...,False
hesitation,情感/评价词,E1_E2_Candidate,6,6,"review_f3cad2d0d28657d2e80ee4d8 :: This was always going to rate highly for me. I love flying, I love nature, so I had high expectations. All of them were met and exceeded. 

Rivers, the pilot, was a professional th...",False
instrument,情感/评价词,E1_E2_Candidate,6,6,review_a39c32072fbe8ff523e714e4 :: Our early morning departure was canceled due to weather but we stayed near the airport in case there was an improvement. Lucky us - we got a call as we finished lunch went though a...,False
overhead,情感/评价词,E1_E2_Candidate,6,6,"review_6eafcea945c403a8babdd020 :: Several friends from England recommended that we take this helicopter tour if we were going to visit the Grand Canyon, and we are sure glad we did.  It is fairly pricey, but we can...",False
upper,情感/评价词,E1_E2_Candidate,6,4,"review_52cf67751f41cd7b4da16d13 :: When I started researching Denali tour operators last fall I narrowed it down to two.  Talkeetna Air was my first choice, having lived in Alaska, both my choices have been operatin...",False
broke,情感/评价词,E1_E2_Candidate,5,5,"review_9cdcdffc0670f64815799563 :: Great experience, John the pilot was superb and his knowledge during the tour was exceptional. On the day the shuttle service broke diwn and we was asked to get a taxi and the cost...",False
constant,情感/评价词,E1_E2_Candidate,5,5,"review_4a7f3da7f6659561289690b5 :: Although we had to re-schedule our original reservation because of constant rainfall after having driven an hour to the destination, we were accommodated with a different date and ...",False
depth,情感/评价词,E1_E2_Candidate,5,5,"review_bcf320da42532060b35e73fc :: Absolutely incredible experience flying over the stunning landscapes of Kauai! From breathtaking views of the Na Pali Coast to the vibrant greenery of Waimea Canyon, every moment o...",False
discovery,情感/评价词,E1_E2_Candidate,5,5,"review_b0f34c63770cd33dc3f5de34 :: We took the air tour on the STOL (short take off and landing) aircraft and were not disappointed.  We did the Grand Discovery Air Tour, a 45 minute narrated run about the Canyon th...",False
drew,情感/评价词,E1_E2_Candidate,5,4,review_e92605a8f219f4fb7113e7cc :: My new husband and I were in Kauai for the second half of our honeymoon. My one thing that I had to do was go on an air-tour of the Island. Honestly what initially drew me to Wings...,False
fire,情感/评价词,E1_E2_Candidate,5,5,"review_028c21bc90a0dfe1f6761d46 :: We chose plane due to size of the Grand Canyon. Very happy with the choice as plane gives better coverage. Yes you can get helicopter rides covering same distance, which are 2x the...",False
greeting,情感/评价词,E1_E2_Candidate,5,5,"review_1a970ea50d3321757afbc32c :: We were all very impressed with the entire experience, from our welcome greeting to our well wishes when leaving. Our pilot was amazing - he obviously loves Kauai and is excited to...",False
license,情感/评价词,E1_E2_Candidate,5,5,"review_e95947a30a92f66dfcbf6859 :: My husband was so excited about this flight as he has his Pilot's License, but I have never had the nerve to fly with him in a light aircraft before now. Bruce, who flew the little...",False
randy,情感/评价词,E1_E2_Candidate,5,3,"review_c6e6b26cd45ce306ef1d0723 :: Talkeetna Air Taxi came highly recommended by our Knik Glacier Tour guide Randy. I am glad we listened and added this to our itinerary. 

Yes, it is expensive, but the stunning vie...",False
remarkable,情感/评价词,E1_E2_Candidate,5,5,review_e7d041cefffecba964ada226 :: Thank you to all those at Talkeetna Air Taxi! I had a remarkable time. I felt very safe. I was co pilot in the landing on Mt. McKinley when we went. Great energy from the pilot. Fr...,False
seasoned,情感/评价词,E1_E2_Candidate,5,5,"review_1ca9aaf183856fcc19dc934a :: After having taken a Denali flight in 2001, I decided I wanted to do a repeat flight out of Talkeetna on my recent visit to Anchorage, Alaska for an airport conference.  With the l...",False
soaring,情感/评价词,E1_E2_Candidate,5,5,"review_9b2fda157fb3ffa938e4960d :: Best Birthday Flight!    So happy I decided to celebrate my Birthday with Aero Adventures!  Thank you Marylee, Anna, John and Ren for making the day so special.   Nothing can compa...",False
stomach,情感/评价词,E1_E2_Candidate,5,5,"review_c602155441c88a5da2dca24a :: Company was referred to us by another, who could not accommodate plus size. These folks picked up up at Anchor Cove Mall (free shuttle from cruise ship), fast ride to airport. 
Eri...",False
storm,情感/评价词,E1_E2_Candidate,5,5,review_857028e9eccb4000cb5ee676 :: It's quite a few years ago since my wife and I did this flight but it was so memorable that it seems like only yesterday. After being picked up around teatime and taken to the airp...,False
toilet,情感/评价词,E1_E2_Candidate,5,2,"review_d3e304f726d1296b2ca6fff6 :: Both the tours left from Grand Canyon National Airport. Both I booked through Papillon, but Helicopter left from Papillon section of the airport whereas Scenic Canyon River Adventu...",False
touched,情感/评价词,E1_E2_Candidate,5,5,review_53e4e7ec9c8062674e06d0dc :: My wife and I went on this trip with a touchdown in the rain forest. It was spectacular. Jake was our pilot and he was awesome. We had confidence in his abilities and he put our mi...,False
assist,情感/评价词,E1_E2_Candidate,4,4,"review_151a2ed01de99e0cd3cde4c9 :: My favorite part of the experience was seeing the sea cliffs and water falls. Also, I loved seeing my husband having an opportunity to assist with driving the plane. It was all aro...",False
born,情感/评价词,E1_E2_Candidate,4,4,review_01d0b19d3759aa76d580639d :: Took a 1 hr flight around island of Kauai around noon with 4 other family members during our stay on 4/14/2010. So glad we decided to do this as a family. Saw so many waterfalls an...,False
brand,情感/评价词,E1_E2_Candidate,4,4,"review_d2f92936bcd265ca93e51c00 :: We arrived on Kauai two days ago and decided to take a flight around the island.  Our decision to take the ""Air iVentures"" Airvan fixed wing plane tour was a wise one.  The Pilot a...",False
charming,情感/评价词,E1_E2_Candidate,4,4,"review_2437be8aa60056f18e560577 :: Our flight over Kaua'i with our charming, skillful pilot was the best experience of our island vacation. She gave a most interesting and helpful account of what we could see below,...",False
competitive,情感/评价词,E1_E2_Candidate,4,4,"review_028c21bc90a0dfe1f6761d46 :: We chose plane due to size of the Grand Canyon. Very happy with the choice as plane gives better coverage. Yes you can get helicopter rides covering same distance, which are 2x the...",False
coral,情感/评价词,E1_E2_Candidate,4,4,"review_f70353f212296b876c29aa25 :: Had a great time on my flight, enjoy the views of Maui, Molokai, with sea cliffs, waters falls, and coral reef. Recommend to anyone who would like to do an aerial view of the islan...",False
crash,情感/评价词,E1_E2_Candidate,4,2,"review_c503f060e1522d96b60e8dca :: In late Jan I took my wife on this tour for her BD. While I’ve spent numerous hours (military’s & law enforcement) aboard helicopters, she had never experienced it...
nor had she e...",False
deciding,情感/评价词,E1_E2_Candidate,4,4,"review_fb1f3af044acbdd8bece0a0b :: We were deciding between a helicopter or plane tour and decided to go with the plane tour after looking at the cost and reading reviews on TripAdvisor.  Bruce, Ellen and their daug...",False
delivered,情感/评价词,E1_E2_Candidate,4,4,review_f5a6b03c9ff1dbcde3c7bd1c :: My husband and I recently flew in the Cessna with Bruce on day 2 of our vacation.  We took the afternoon flight and had amazing lighting on the Na Pali coast for photos.  Bruce was...,False
documentary,情感/评价词,E1_E2_Candidate,4,4,"review_ffe52ca285cee377f82dbe77 :: Flying over the entire Mountains was an unforgettable experience in an 8 seater plane ( individual seats with windows) viewing Mountains, waterfalls & beaches with an impressive m....",False
image,情感/评价词,E1_E2_Candidate,4,4,"review_942ca886fbd16117029bd247 :: I'm from Utah and have been visiting Moab for over 20 years, but always from the ground. Flying over the landscape for the first time brought a life's worth of experiences into one...",False
matched,情感/评价词,E1_E2_Candidate,4,4,"review_ccbf41fd973bf287ad08897f :: We had questionable weather with heavy clouds and some rain, Josh gave us the option to cancel but also gave us some knowledgeable insights about what to expect, noting the cloud d...",False
normal,情感/评价词,E1_E2_Candidate,4,4,"review_a621d61d85c6d1941fd94167 :: Our Misty Fjords tour was a boat ride from Ketchican to the fjords, with a return by small plane.  The guides on the boat were informative and nice.  

The pilot seemed highly skil...",False
observe,情感/评价词,E1_E2_Candidate,4,4,review_070ee4f098f77e73ea379e77 :: The most beautiful flight ever! Got to see some of the sights never seen or accessible from the ground or on most helicopter tours. Pilot was very informative and really knew the i...,False
opened,情感/评价词,E1_E2_Candidate,4,4,"review_595f81fdcb4253cda3ff9c0e :: It was the highlight of our trip!  Amazing views, and we were given 20 minutes or so to walk around on the glacier, which was incredible.  Plus, we got to see Denali right up close...",False
optimum,情感/评价词,E1_E2_Candidate,4,4,"review_b58283299c24c1f0a7262592 :: I am an instrument-rated pilot from Texas.  My first concern is safety.  The TAT planes and equipment and first class, maintain like new, and in excellent condition.  Our pilot, Mi...",False
pattern,情感/评价词,E1_E2_Candidate,4,4,"review_ccb25da07452abe3256cab6b :: I was in Kauai first week of Sept. with my wife for her 30th birthday!!!  Wanted to do a fly over of island.  Everyone suggested a helicopter, but I found it hard to pay $175 to $2...",False
pound,情感/评价词,E1_E2_Candidate,4,1,"review_ce23c1ddd00fe162177658fe :: To be fair, I want to say upfront that this review focuses not only on the provider but also on Trip Advisor (based on the comments of the owner/vendor that Trip Advisor is horribl...",False
privilege,情感/评价词,E1_E2_Candidate,4,4,"review_48861d1a4276178379e27007 :: We had the privilege of doing the Grand Canyon West Rim Adventure Tours.  We will never forget this AMAZING experience!!!  From the welcoming staff to  the incredible views, this i...",False
rewarded,情感/评价词,E1_E2_Candidate,4,4,"review_8cbe628c5c47e65c0e97f867 :: We stayed in Talkeetna for two nights, planning on a flight seeing on our first day there. We were scheduled for the first morning flight. The morning was very overcast and the fli...",False
sad,情感/评价词,E1_E2_Candidate,4,4,review_641866daade55fe429557808 :: Unfortunately Denali was socked in with weather. Also the glaciers had degraded to the point of no landings. We were very sad. K2 offered us an option to Knik. It was UNBELIEVABLE!...,False
security,情感/评价词,E1_E2_Candidate,4,3,"review_c4e918eedbed49349a333a93 :: This is expensive, but worth every penny. If you visit the Grand Canyon and can afford it, we recommend you do it. For us it was one, if not the, highlight on our extended US trip ...",False
sensitivity,情感/评价词,E1_E2_Candidate,4,2,review_8bfdca3283b82e78169183ad :: This was our first time visiting Hawaii while our friends had been there several times.  To see the Na Pali coastline was a must.   We were there at the time of the hurricane scare...,False
shade,情感/评价词,E1_E2_Candidate,4,3,"review_d3f69b2f046fe359a5c9cc07 :: I did a GC flight 26 years ago (can't remember who with) & it was amazing & 2nd time round with my wife, still amazing. The colours, light, shade, shadows, contours etc. change eve...",False
soak,情感/评价词,E1_E2_Candidate,4,4,"review_d1dfcb69be6315d42fc6e8f8 :: DISCLAIMER: I’m a tour professional living and working here in Alaska and not compensated in any way for this review. I do it because these operators are my FELLOW ALASKANS. 

Ther...",False
somewhere,情感/评价词,E1_E2_Candidate,4,4,"review_7d804c40d2d83587e91cdedf :: I was able to easily arrange a complex vacation involving 3 destinations and tours w the help of their incredibly flexible staff, particularly Lindsey but all helpful and accommoda...",False
splurge,情感/评价词,E1_E2_Candidate,4,4,"review_eda1a4bce0aac45015172f03 :: We heard so much about how beautiful Kauai was, but after driving around the entire island, we weren't that impressed. Mind you, we had just seen all the major sights of Maui, so w...",False
stuck,情感/评价词,E1_E2_Candidate,4,4,"review_6df5ede0e4f38741f16273cc :: A fantastic flyover of the island.  A beautiful land with mountains, waterfalls, plantations, golf courses and the Napali Coast.  JT, the pilot was excellent and provided insight t...",False
suffer,情感/评价词,E1_E2_Candidate,4,4,review_5b5f5f21f1453f7f0c8229bf :: We did Wings Over Kauai on our first day on the island.  Bruce was an excellent pilot and shared lots of interesting information about Kauai.  The clouds passing over allowing the ...,False
thoughtful,情感/评价词,E1_E2_Candidate,4,4,review_afe3c66ee7b7c941929e9cfa :: In June 2010 4 of us took the Grand Denali Tour.  Booking this tour on our own separate from the cruise line was a bit tricky but saved us a great deal.  Elaine from K2 was most pl...,False
tight,情感/评价词,E1_E2_Candidate,4,4,review_be8faf48d8d937ed7f366e98 :: K2 Aviation is a super friendly and well-run organization. Views were amazing. So glad my teenage kids got to really see a glacier for what it is. We'd talked about them so much on...,False
unlike,情感/评价词,E1_E2_Candidate,4,4,"review_5f96de28f51acd93418b0b57 :: This flight was amazing from the greeting at the airport to the DVD of the flight. Dad and Daughter greeted us and we were soon on the plane. It was roomy, cool and a nice ride...u...",False
unsafe,情感/评价词,E1_E2_Candidate,4,4,review_9fa767c0524e34fd96ef3ff4 :: Not a typical I loved it review. But I was very impressed with K2 and the way they run their business. We were booked for a glacier landing tour today but unfortunately the weather...,False
whim,情感/评价词,E1_E2_Candidate,4,4,"review_4f0b130e2fd897843e67166d :: What an AMAZING, once in a lifetime experience. The staff was incredibly friendly and accommodating — we came on a whim and were up in the air in 30 minutes (they took an early exc...",False
witty,情感/评价词,E1_E2_Candidate,4,4,"review_85b8dedf61096ea65b0cf853 :: We took our six children on this flight, and Dan was not just a good pilot. He was knowledgeable, had a witty personality, and educated us a lot about the landscapes, logging, and ...",False
wonderfully,情感/评价词,E1_E2_Candidate,4,4,"review_4a7f3da7f6659561289690b5 :: Although we had to re-schedule our original reservation because of constant rainfall after having driven an hour to the destination, we were accommodated with a different date and ...",False
accident,情感/评价词,E1_E2_Candidate,3,3,"review_c503f060e1522d96b60e8dca :: In late Jan I took my wife on this tour for her BD. While I’ve spent numerous hours (military’s & law enforcement) aboard helicopters, she had never experienced it...
nor had she e...",False
adjusted,情感/评价词,E1_E2_Candidate,3,3,"review_7a4673eac6fc9d736e57023c :: We took a sightseeing flight near Mt. McKinley, Denali. They adjusted the flight slightly to fit the weather and it was great. I did not know if I wanted to take the trip but now a...",False
adventurous,情感/评价词,E1_E2_Candidate,3,3,review_433ee9cdb612a1be49d51792 :: Wow! A must do when you are even near the Miami area. I moved to Miami in 1984 and I now live about 90 miles north of Miami. This is a must do and do yourself a favor and take the ...,False
anxious,情感/评价词,E1_E2_Candidate,3,3,"review_74168f066a91714dc278f85e :: Amazing views of Denali- we were fortunate to have a clear day. Leighan, our pilot, was amazing. The flight was smooth, landing on the glacier was awe-inspiring, and her commentary...",False
approached,情感/评价词,E1_E2_Candidate,3,2,"review_4b5e4a6720b223209490401b :: Fred, our pilot was just the nicest.  He make sure the temperature in the helicopter was comfortable.  The background music that played as we approached the rim of the canyon added...",False
belonging,情感/评价词,E1_E2_Candidate,3,3,review_be8faf48d8d937ed7f366e98 :: K2 Aviation is a super friendly and well-run organization. Views were amazing. So glad my teenage kids got to really see a glacier for what it is. We'd talked about them so much on...,False
blew,情感/评价词,E1_E2_Candidate,3,3,review_69fe458836beef502213805a :: All we can say is WOW!!!! We were a family of 6 that did the Mountain Voyager tour on August 22. The company did tell us that our pilot was running about 10-15 minutes late but the...,False
blow,情感/评价词,E1_E2_Candidate,3,3,review_bfd57d15a7e6de7e1824ebd8 :: The wife and I would rate this experience was one of our all time bests. Air Ventures is very professional and appreciative and treats everyone like royalty. We did a helicopter to...,False
carry,情感/评价词,E1_E2_Candidate,3,3,review_be8faf48d8d937ed7f366e98 :: K2 Aviation is a super friendly and well-run organization. Views were amazing. So glad my teenage kids got to really see a glacier for what it is. We'd talked about them so much on...,False
changeable,情感/评价词,E1_E2_Candidate,3,3,review_5d85427f1f8e53f13fafbcf4 :: We drove past Alaska Bush Plane on our way down to Talkeetna so came across them purely by chance as opposed to researching them first which is what we usually do but what a find t...,False
cherish,情感/评价词,E1_E2_Candidate,3,3,"review_20bafb242eb918bb14d9309d :: We really enjoyed our tour! Staff were very friendly and our pilot, Doug, provided us with a safe, interesting and enjoyable flight. We would definitely recommend Wings Over Kauai....",False
clearer,情感/评价词,E1_E2_Candidate,3,3,"review_b6bd85765d015fa8b2a194ac :: Last Wednesday on a day with a few highish clouds we flew on a tour with Air Ventures of Kaua'i, the most westerly of the tourist-visited Hawaiian islands.  Unlike the standard hel...",False
clouded,情感/评价词,E1_E2_Candidate,3,3,review_8f25deba5bd0af152a384b9b :: K2 Aviation s a first class company in every way. We were scheduled to go up on one of their tours over Denali on June 30th. We were told that it was clouded in and we would not se...,False
contrasting,情感/评价词,E1_E2_Candidate,3,3,"review_1f225670816335d77f852059 :: Kauai is our favorite island. There’s just something different about it. It has a different feel, a different vibe. Maybe it’s the chickens everywhere, or the cattle or the more ma...",False
created,情感/评价词,E1_E2_Candidate,3,3,"review_3c17998e1f55e06446f35026 :: First off let me say that taking an air tour in a small airplane is much better than doing it in a helicopter. It's quieter, smoother and much less intrusive to the spirit of Mana....",False
desert,情感/评价词,E1_E2_Candidate,3,3,"review_e79cf3a7f8937f62d92afb5c :: A full day adventure visiting the west side of the Grand Canyon. Ryan, our pilot and guide, was very knowledgeable and super nice. Seeing a part of Arizona from above was interesti...",False
die,情感/评价词,E1_E2_Candidate,3,3,"review_deb3fd2494ae63efe7e4959b :: We took the Wings Over Kauai flight tour and it was a wonderful experience at about half the price of the helicopter tours.
The flight was as smooth as glass and the views were to ...",False
discomfort,情感/评价词,E1_E2_Candidate,3,3,review_b3611bb117be728e25d5ddec :: We had booked the 11 am tour online even before we reached Kauai. We called ahead and the person who answered told us we could come by 10:45 am or so. We reached round about then o...,False
district,情感/评价词,E1_E2_Candidate,3,3,"review_49d3db9eba1fafce587178d0 :: Although we had to reschedule the tour to a morning due to high wind, this tour exceeds all my expectations. Canyonlands is notoriously inaccessible due to the lack of paved roads ...",False
dog,情感/评价词,E1_E2_Candidate,3,2,"review_4e0c84b1fe480dcc319f91b4 :: My family of 5 recently took an AirVan ride touring the island of Kauai. We got there early, and were offered books to peruse while we waited. Josh was our pilot. He was very knowl...",False
entirely,情感/评价词,E1_E2_Candidate,3,3,review_3dbf6202658062ab8df31632 :: this was fascinating to see the islands from the air and get an entirely new perspective. our pilot was excellent and so much fun...,False
expanse,情感/评价词,E1_E2_Candidate,3,3,"review_4cfbfd070d05b499dd977606 :: There are a few places in the world where pictures just don't work.  The Grand Canyon, the Sistine Chapel, the Dancing House of Prague to name a few.  What you will see on a glacie...",False
extended,情感/评价词,E1_E2_Candidate,3,3,"review_c4e918eedbed49349a333a93 :: This is expensive, but worth every penny. If you visit the Grand Canyon and can afford it, we recommend you do it. For us it was one, if not the, highlight on our extended US trip ...",False
falling,情感/评价词,E1_E2_Candidate,3,3,"review_1807790e191ef3fbcb5b8edc :: As you can tell, we were so thrilled and excited to be able to book our second flight with WOK!  Once we booked the cruise, the very first tour that I booked (20 months in advance)...",False
finished,情感/评价词,E1_E2_Candidate,3,3,"review_1893bdcfa0517b11567fd56d :: I booked the Cessna tour for my wife and I on our babymoon in April. I recommend the private Cessna tour if you only have 2 people.  For only slightly more $$, you get a personal e...",False
friendlier,情感/评价词,E1_E2_Candidate,3,3,review_0b5b314e6afb25f8dff5666d :: We had only one day in Kauai while visiting the islands on a cruise.  I had read these reviews and so booked the flight for our group of 4.  I am so glad I did!  They could not be ...,False
giant,情感/评价词,E1_E2_Candidate,3,3,"review_1f225670816335d77f852059 :: Kauai is our favorite island. There’s just something different about it. It has a different feel, a different vibe. Maybe it’s the chickens everywhere, or the cattle or the more ma...",False
grasp,情感/评价词,E1_E2_Candidate,3,3,"review_6960569f83b2526acd8d9290 :: I'm visiting Alaska for the first time and have really been blown away by the scenery and wildlife, it is quite simply amazing. I'd been here a few days and caught some good looks ...",False
handful,情感/评价词,E1_E2_Candidate,3,3,"review_f6dd4624f9efc22931f8c04f :: Lesley, Steve and Dan provided top notch service as we explored Traitor's Cove Bear feeding site with their professionally run organization!

The experience is amazing, Dan's knowl...",False
hence,情感/评价词,E1_E2_Candidate,3,3,"review_e96ee72a35b65e23bcf81a3e :: This was a great option as it was more affordable than a helicopter, more environmental, AND I was able to bring my toddler who slept through the entire tour with his headphones on...",False
hood,情感/评价词,E1_E2_Candidate,3,2,"review_4e7917fec2d6a4a8e0570d32 :: This was my second time flying with Envi and once again, WOW!!!!! What a perfect way to introduce my visiting niece (who'd never been to Oregon) to the wonders of our fair state. O...",False
immaculate,情感/评价词,E1_E2_Candidate,3,3,review_946bb8d70631840517ffae88 :: It was amazing!! Highly recommend! The views were immaculate & the pilot was so knowledgeable! Would go again!...,False
improvement,情感/评价词,E1_E2_Candidate,3,3,"review_6b4f55a23869141d6e9fcb5b :: We are long time Alaskans and have viewed Denali from the air as well as the road system on several occasions.  Our K2 Aviation flightseeing trip topped them all. 

The phone reser...",False
jump,情感/评价词,E1_E2_Candidate,3,3,"review_ab4877e64832d89b45abc595 :: Eric is incredibly kind and the way he flies and interacts with the family is pure Aloha. Maui and Eric both have much to offer. Though I've lived here a year and a half, I was abl...",False
laughing,情感/评价词,E1_E2_Candidate,3,3,"review_297816c223f0885e99c4fc19 :: For a first timer, nothing tops a fly over the spectacular sights of this island. And AirVenture did it best thanks to their exceptional ground and air staff. Our pilot Eric, who c...",False
lay,情感/评价词,E1_E2_Candidate,3,3,"review_bf6c91e1d2e1e4e709b41b6b :: The best view you can get of the Grand Canyon, the location lays on the way and is therefore super easy to find. They started a few minutes earlier and flew a little longer for tha...",False
lied,情感/评价词,E1_E2_Candidate,3,2,review_dcf6ae72be94429a425b9bdc :: We booked tour months ago for our first Alaskan  Cruise.  Had been told seaplane tour was incredible and not to be missed.  We arrived dockside at meeting place. Had to wait 15 min...,False
loading,情感/评价词,E1_E2_Candidate,3,3,review_ac9f28b7aea91f381f02ee52 :: We had booked this 45 minutes flight from the south rim before we left the UK. I am so glad that we did as the National Park was shut when we arrived there due to the Government sh...,False
lore,情感/评价词,E1_E2_Candidate,3,3,"review_52cf67751f41cd7b4da16d13 :: When I started researching Denali tour operators last fall I narrowed it down to two.  Talkeetna Air was my first choice, having lived in Alaska, both my choices have been operatin...",False
lush,情感/评价词,E1_E2_Candidate,3,3,"review_1893bdcfa0517b11567fd56d :: I booked the Cessna tour for my wife and I on our babymoon in April. I recommend the private Cessna tour if you only have 2 people.  For only slightly more $$, you get a personal e...",False
memorial,情感/评价词,E1_E2_Candidate,3,3,review_814e0a0b4e1b2246f15731c9 :: It’s Memorial Day weekend.  The line to get in the main gate at the Grand Canyon visitor center was over a mile long.  So on a lark we decided to investigate the helicopter tours. ...,False
mild,情感/评价词,E1_E2_Candidate,3,3,"review_5fe403d9e2633bea2fb1bc97 :: How often do you get a chance to fly in an open cockpit biplane? Our pilot, Harry, was friendly and very experienced. The plane is quite new, and in great shape, the intercom syste...",False
needless,情感/评价词,E1_E2_Candidate,3,3,"review_42f0b57029f578907f0aee85 :: We had an amazing time going up in the ""Red Baron"" biplane for a soaring journey over most of Kauai.

Our pilot, Kevin, was extremely friendly and full of great facts and informati...",False
notable,情感/评价词,E1_E2_Candidate,3,3,"review_8c5f4dc76f97976508d36cd4 :: I highly recommend this tour -- it provides a spectacular view of the entire island (including Hanalei Bay, Waimea Canyon, and the Napali Coast, among many others) which really let...",False
nurse,情感/评价词,E1_E2_Candidate,3,3,review_e70bb194b7931bd3577db447 :: Had an amazing time getting a closer look at Mount Hood and seeing the Columbia River Gorge from a birds eye view. I’m a travel nurse working in the Portland Oregon/Vancouver Washi...,False
older,情感/评价词,E1_E2_Candidate,3,3,"review_745b908a04eb2f42741ae626 :: We stayed in Scottsdale for our vacation and took Westwind from the Deer Valley airport only 20 minutes away. Our family of five (kids 13, 10, 3) had never seen the Grand Canyon. F...",False
plain,情感/评价词,E1_E2_Candidate,3,3,review_7c067646bad99491fc1683a1 :: Our flight was cancelled because of bad weather. W revived a full refund. The crew was so kind and let us go into the air plain to have some pictures. Next time we will book them a...,False
proved,情感/评价词,E1_E2_Candidate,3,3,review_ae8054dbd168989abb508729 :: Great pilot!    Saw absolutely beautiful scenes!   Waterfalls were flowing and gorgeous!   Pilot was extremely friendly and helpful.    we also did a land tour of the gorge and thi...,False
rapid,情感/评价词,E1_E2_Candidate,3,3,"review_b0f34c63770cd33dc3f5de34 :: We took the air tour on the STOL (short take off and landing) aircraft and were not disappointed.  We did the Grand Discovery Air Tour, a 45 minute narrated run about the Canyon th...",False
realizing,情感/评价词,E1_E2_Candidate,3,3,"review_4cfbfd070d05b499dd977606 :: There are a few places in the world where pictures just don't work.  The Grand Canyon, the Sistine Chapel, the Dancing House of Prague to name a few.  What you will see on a glacie...",False
region,情感/评价词,E1_E2_Candidate,3,2,"review_6fb64c037e4a0cccdd6fc116 :: We took the Air Venture tour with pilot JT and had a great experience.  The pilot gave information on the region and sights along the way, and the tour provided cool towels and wat...",False
report,情感/评价词,E1_E2_Candidate,3,3,"review_a5656605bf7e6118c9e9cc30 :: I'm a local, and I won this flight off of the radio.
Making reservations was a breeze, they had plenty of seats available. Their webcam made it easy for me to monitor the weather b...",False
reputation,情感/评价词,E1_E2_Candidate,3,3,review_7eba8bdc72f52311d2e6d12a :: More than two months before our visit to Alaska we researched Denali mountain flights and scheduled a flight with Talkeetna Air Taxi. Major considerations were their generous resch...,False
responded,情感/评价词,E1_E2_Candidate,3,3,"review_c602155441c88a5da2dca24a :: Company was referred to us by another, who could not accommodate plus size. These folks picked up up at Anchor Cove Mall (free shuttle from cruise ship), fast ride to airport. 
Eri...",False
riley,情感/评价词,E1_E2_Candidate,3,2,"review_f85c9d7aa58920de9855549a :: Our entire experience was fabulous!  From Austin, our shuttle driver who took great care of us and our backpacks to and from their site (and had us laughing with his jokes), to our...",False
rocky,情感/评价词,E1_E2_Candidate,3,3,"review_4e0c84b1fe480dcc319f91b4 :: My family of 5 recently took an AirVan ride touring the island of Kauai. We got there early, and were offered books to peruse while we waited. Josh was our pilot. He was very knowl...",False
safest,情感/评价词,E1_E2_Candidate,3,3,"review_fe566c581798d89f19f642e5 :: My husband and I were rained or otherwise ""bad-weathered"" out of every adventure we planned on Kauai.  Couldn't hike Kalalau due to the river crossing being flooded. 
Couldn't kaya...",False
sensational,情感/评价词,E1_E2_Candidate,3,3,"review_69b44dac34b50350cfb373aa :: Steve, our pilot was sensational.   We were greeted by name, promptness, and courtesy.  They took our bags and explained the flight procedure.   Steve pointed out areas of interest...",False
shame,情感/评价词,E1_E2_Candidate,3,3,"review_d5b09587168814a8a6cba02a :: Planned a ride for my son's 12th birthday in April. I am a bit late getting around to writing my review and have since forgotten our pilots name, which is a shame because he was WO...",False
sheep,情感/评价词,E1_E2_Candidate,3,3,"review_53fcd6e518ab4f8fb6d54d7d :: Unforgettable!  Views stunning, excellent pilot. We were captivated by all of it...views of Denali and surrounding mountains, glaciers, moose, sheep, trumpet swans. Landing on glac...",False
shut,情感/评价词,E1_E2_Candidate,3,3,"review_57b73b29bbe868d4692cb554 :: Our original reservation fell during a cloudy evening, so the company advised delaying (without any fees) until the next morning.  It turned out to be the clearest day in weeks.  O...",False
spite,情感/评价词,E1_E2_Candidate,3,3,"review_d9560030ede7b0b8cadef1bc :: In spite of the seasonal fog bank over Labor Day, we had an amazing time flying over the San Francisco Bay sights in the second row seats of a spacious vintage de Havilland Beaver ...",False
struck,情感/评价词,E1_E2_Candidate,3,3,review_b0217b73fa2d49d7679ca1b5 :: We took the flight and I realized that I should have done this the first day of our vacation.  We waited a week for our relatives and they got the benefit of the overview that woul...,False
superbly,情感/评价词,E1_E2_Candidate,3,3,"review_bcedc98e43ad7edec05befa8 :: There isn't much to say here, except the experience was fantastic. Seeing the landscape from the air was breathtaking, and landing and taking off from the glacier was a hoot. Our p...",False
superlative,情感/评价词,E1_E2_Candidate,3,3,"review_c602155441c88a5da2dca24a :: Company was referred to us by another, who could not accommodate plus size. These folks picked up up at Anchor Cove Mall (free shuttle from cruise ship), fast ride to airport. 
Eri...",False
surface,情感/评价词,E1_E2_Candidate,3,3,"review_fad64ae50bf3442f53016b8f :: What better way to go view bears feeding than by float plane?!!!

Awesome experience flying in a float plane. We were all very tentative at the experience. Our pilot had a great se...",False
thrown,情感/评价词,E1_E2_Candidate,3,3,"review_ee08ab5484ab26a6606120d9 :: My family had a great time and our pilot, Makoa, did a great job of showing us the island sites with plenty of humor thrown in.  As a 30 year full time professional pilot myself I ...",False
treasure,情感/评价词,E1_E2_Candidate,3,3,"review_d9560030ede7b0b8cadef1bc :: In spite of the seasonal fog bank over Labor Day, we had an amazing time flying over the San Francisco Bay sights in the second row seats of a spacious vintage de Havilland Beaver ...",False
treatment,情感/评价词,E1_E2_Candidate,3,3,"review_1752117cc296685288d02ef3 :: Excellent pilot, great views, personal treatment, knowledgeable explanations about the area, would recommend to friends...",False
wondering,情感/评价词,E1_E2_Candidate,3,3,"review_81b92c127ddb88bab681a2dd :: I do not have enough words to describe all the beauty and nature we saw on this flight. We were greeted with a friendly, Aloha and given the ground rules for the flight. Bruce our ...",False
worthy,情感/评价词,E1_E2_Candidate,3,3,"review_d38fb233c92c34b779e4871c :: Wow - what an experience! I had the opportunity to take two separate flights - one in their Cessna and one in their incredible cherry red biplane (the only one on the island). 

On...",False
accepted,情感/评价词,E1_E2_Candidate,2,2,"review_681ebe64c98f4b8a5b4c4097 :: Our flight last month (August 11) with Talkeetna Air Taxi was spectacular.

Starting with our making the reservation back in March, their friendly service made everything easy.  We...",False
action,情感/评价词,E1_E2_Candidate,2,2,"review_1f225670816335d77f852059 :: Kauai is our favorite island. There’s just something different about it. It has a different feel, a different vibe. Maybe it’s the chickens everywhere, or the cattle or the more ma...",False
affected,情感/评价词,E1_E2_Candidate,2,2,"review_0918b7cbf88b27b0eed5fe55 :: I had a very memorable flight with Ray on the stick and sights of a lifetime viewed out the window.  Both Jill & Ray were extremely friendly, informative and accommodating.  With R...",False
ambassador,情感/评价词,E1_E2_Candidate,2,2,"review_ce49fa445a1b26840e4c46ba :: First of all, Captain Jack was a great ambassador for flying and the airline. Talked at length with him before and after the flight.  A comfortable, quiet, scenic flight that went ...",False
amusing,情感/评价词,E1_E2_Candidate,2,2,"review_c953e7d03bf994fca6d74d5d :: A helicopter trip is the best way to really appreciate the scale of the Grand Canyon and Maverick are a very professional outfit. Our pilot, Mike, was friendly, amusing, knowledgab...",False
apologetic,情感/评价词,E1_E2_Candidate,2,2,"review_8bf531e554f4eb9eb061f4ee :: We booked a Denali flight, and when we arrived in Talkeetna by Alaska Rail from Anchorage, the weather was so bad that they canceled it.  They were very professional and apologetic...",False
arduous,情感/评价词,E1_E2_Candidate,2,2,"review_92bcefde67c6a3e3f66ccd5e :: Lindsey picked me up from the Boulders.  She was enthusiastic with a wealth of information.  Meg one of the staff at Westwind was enthusiastic and accommodating.  

Brett was my pi...",False
asleep,情感/评价词,E1_E2_Candidate,2,2,review_93002c7973ba2bb5ce9edb94 :: My husband and I were desperate to take a flight over Kauai but were concerned we wouldn't be able to because of our children being so young (3yrs and 1yr). We stumbled across Wing...,False
astounding,情感/评价词,E1_E2_Candidate,2,2,review_bfd57d15a7e6de7e1824ebd8 :: The wife and I would rate this experience was one of our all time bests. Air Ventures is very professional and appreciative and treats everyone like royalty. We did a helicopter to...,False
awestruck,情感/评价词,E1_E2_Candidate,2,2,"review_f85c9d7aa58920de9855549a :: Our entire experience was fabulous!  From Austin, our shuttle driver who took great care of us and our backpacks to and from their site (and had us laughing with his jokes), to our...",False
banter,情感/评价词,E1_E2_Candidate,2,2,"review_27bb52d6d1dbe3a2faf0818b :: Of all the things we looked forward to on our Alaska trip, the floatplane tour was in the top 3, actually #1 on my husband's list.  Larry, our pilot, did not disappoint.  What a gr...",False
benefited,情感/评价词,E1_E2_Candidate,2,2,"review_3c33ee8faefcf4b6e73c374c :: Flew with the owner, a PhD agronomist, and saw all of Kauai as can only be done from the air and benefited from his knowledge of the environment. Flew our adult family of four in t...",False
bored,情感/评价词,E1_E2_Candidate,2,2,"review_4d633a6e3cc0d71124f97ed0 :: We had one day to visit the Grand Canyon with our young children (ages 4, 6, and 8).  The Adventure tour was well worth the money and was better than expected.  The plane ride, hel...",False
boring,情感/评价词,E1_E2_Candidate,2,2,review_49633ea19835e23bf29d8eca :: Our round island flight was one of the highlights of our trip.  It was the perfect way to see the island and find out more about what we wanted to do and where we wanted to go.  I'...,False
breaking,情感/评价词,E1_E2_Candidate,2,2,"review_8bf531e554f4eb9eb061f4ee :: We booked a Denali flight, and when we arrived in Talkeetna by Alaska Rail from Anchorage, the weather was so bad that they canceled it.  They were very professional and apologetic...",False
bummed,情感/评价词,E1_E2_Candidate,2,2,review_9fa767c0524e34fd96ef3ff4 :: Not a typical I loved it review. But I was very impressed with K2 and the way they run their business. We were booked for a glacier landing tour today but unfortunately the weather...,False
bummer,情感/评价词,E1_E2_Candidate,2,2,"review_f5388b1e976e59c78115bdce :: We came for a flight seeing tour of Denali but due to weather weren’t able to fly that day. I wish I had known to check my email on the morning of the trip, it would have saved me ...",False
calmed,情感/评价词,E1_E2_Candidate,2,2,review_63c95c18f52ebddff67df7b4 :: We had a wonderful experience flying with Chuck when we were in Ketchikan. He calmed our nerves and we could tell he was very experienced. His plane was absolutely perfect. He gave...,False
captivated,情感/评价词,E1_E2_Candidate,2,2,"review_53fcd6e518ab4f8fb6d54d7d :: Unforgettable!  Views stunning, excellent pilot. We were captivated by all of it...views of Denali and surrounding mountains, glaciers, moose, sheep, trumpet swans. Landing on glac...",False
captured,情感/评价词,E1_E2_Candidate,2,2,"review_e998df6ff2009a4d62092ba1 :: Wonderful!!  First timers and this was the trip if on a short time limit.  Pricey, but there’s a lot of logistics going on to get everything coordinated.  Perfect time of year to g...",False
careful,情感/评价词,E1_E2_Candidate,2,2,"review_ad3be441a07eb163529a3e97 :: My husband and I thoroughly enjoyed our flight. Kauai is a beautiful place, and Wings gave us the opportunity to see parts of the island that cannot be seen any other way. Marcus w...",False
cautious,情感/评价词,E1_E2_Candidate,2,1,"review_e6e6ad5f5f25ebea48dbf0d8 :: We just got back from our Wings over Kauai tour with Captain Bruce. It was absolutely the highlight of our trip.  As an airline pilot myself, I am very cautious about safety, that ...",False
challenge,情感/评价词,E1_E2_Candidate,2,2,"review_1a669aadab9ac6039b916058 :: This company is very well organized and its employees are professional and customer-focused. We took the 9:00 Arches-Canyonlands air tour, 50 minutes, in a beautiful Kodiak turbo-p...",False
champ,情感/评价词,E1_E2_Candidate,2,2,review_e70bb194b7931bd3577db447 :: Had an amazing time getting a closer look at Mount Hood and seeing the Columbia River Gorge from a birds eye view. I’m a travel nurse working in the Portland Oregon/Vancouver Washi...,False
character,情感/评价词,E1_E2_Candidate,2,2,"review_ccbf41fd973bf287ad08897f :: We had questionable weather with heavy clouds and some rain, Josh gave us the option to cancel but also gave us some knowledgeable insights about what to expect, noting the cloud d...",False
clearest,情感/评价词,E1_E2_Candidate,2,2,"review_57b73b29bbe868d4692cb554 :: Our original reservation fell during a cloudy evening, so the company advised delaying (without any fees) until the next morning.  It turned out to be the clearest day in weeks.  O...",False
clinging,情感/评价词,E1_E2_Candidate,2,2,"review_e96774b3e1781d8815eb68b2 :: I had wanted to fly in a biplane most all of my life, I'm 60 years old, but I just had never done so. While researching for a trip to Kauai for my wife and me I came across Air Ven...",False
colorful,情感/评价词,E1_E2_Candidate,2,2,"review_a0ad9597bb79299d9b789aef :: We had a pleasant flight around the perimeter of Kauai and took lots of photos.  Due to the rain that day, there were too many clouds to fly safely into the interior.  Harry, our p...",False
commended,情感/评价词,E1_E2_Candidate,2,2,"review_e4bf4fbe191d7bd5053d1937 :: The flight was above and beyond all that I expected. To land on a prestine lake, step out Ona small island and experience the peace and tranquility was outstanding. The staff are t...",False
commute,情感/评价词,E1_E2_Candidate,2,2,"review_6c1adb3500c04be45ded8f18 :: The tour itself is good, the Grand Canyon is definitely a sight to see - the problem is the company running the tour.

We had booked a Grand Canyon tour from Las Vegas. First probl...",False
compliment,情感/评价词,E1_E2_Candidate,2,2,"review_6d89a83a7e6c40e34fc3fabb :: From start to finish, our flightseeing tour from Talkeetna to Mt. McKinley, landing on Ruth Glacier was jaw-droppingly wonderful. I've lived in Alaska for almost 40 years and thoug...",False
controlled,情感/评价词,E1_E2_Candidate,2,2,review_e0d4177111a512725ecee24d :: I have to share my experience this morning. I took my Very First Flight Ever a couple of hours ago and did it through RedTail Aviation in a 6 person plane. I was so nervous before ...,False
cordial,情感/评价词,E1_E2_Candidate,2,2,"review_a6425ff1171e21e3392aa88c :: The personnel at Air Ventures cordial, helpful and polite.  I would recommend their services to anyone wanting to get a great aerial view of the Island of Kawaii.

Our pilot, rob, ...",False
correspondence,情感/评价词,E1_E2_Candidate,2,2,review_05e32fdd6b2dc8a14a9c923d :: What an amazing experience! From correspondence with Envi before booking (super helpful!) through to the welcome on arrival and fantastic pilot skills of Davis we had an incredible...,False
costly,情感/评价词,E1_E2_Candidate,2,2,"review_b21af7683a19355888c9e3d5 :: Although a bit costly, the Glacier Landing tour of K2 is the highlight of my trip to Alaska. Professional captain and staff. Beautiful red planes!...",False
covering,情感/评价词,E1_E2_Candidate,2,2,"review_028c21bc90a0dfe1f6761d46 :: We chose plane due to size of the Grand Canyon. Very happy with the choice as plane gives better coverage. Yes you can get helicopter rides covering same distance, which are 2x the...",False
crazy,情感/评价词,E1_E2_Candidate,2,2,"review_27ee31e44dec37dd44a492ba :: Eric, the pilot, is a amazing guy doing a great job! He said we are sharing his dream, actually he was making my dream come true by letting my little girl driving a little bit! Sou...",False
creating,情感/评价词,E1_E2_Candidate,2,2,"review_33d5b1cdc1227cc5b314729d :: My wife and I had the pleasure to enjoy the highest level of flight and customer experience with Jill and Ray from AirVentures. When the weather wasn‘t great on our first flight, t...",False
critic,情感/评价词,E1_E2_Candidate,2,2,"review_1807790e191ef3fbcb5b8edc :: As you can tell, we were so thrilled and excited to be able to book our second flight with WOK!  Once we booked the cruise, the very first tour that I booked (20 months in advance)...",False
cry,情感/评价词,E1_E2_Candidate,2,2,"review_8521974e4abf03fc17012e4e :: This experience was amazing.  By far my favorite thing we did in Alaska!  Everything was great!  I felt very safe with our pilot, and he was kind and professional.  We had a clear ...",False
curiosity,情感/评价词,E1_E2_Candidate,2,2,"review_49cf9647abacf6af128bd5f4 :: Everything about Talkeetna Air Taxi oozes experience and professionalism.  From the initial decision process on which flight to take, to the actual flight itself, I could not have ...",False
cute,情感/评价词,E1_E2_Candidate,2,2,"review_57b73b29bbe868d4692cb554 :: Our original reservation fell during a cloudy evening, so the company advised delaying (without any fees) until the next morning.  It turned out to be the clearest day in weeks.  O...",False
damn,情感/评价词,E1_E2_Candidate,2,2,"review_ebb70b11c29e696fbd1d4b9d :: Both K2 and Talkeetna Air Taxi (TAT) get my highest recommendation. Follow along with the bouncing ball, kids, as our tale unfolds:

Pre-booked directly with TAT about a month befo...",False
daring,情感/评价词,E1_E2_Candidate,2,2,review_67104453039ec9450c78910f :: I rented 2 helicopters for my family of 5. This is the only helicopter touring company in Kauai that I know offers window/door seat for every passengers. Most helicopter tours offe...,False
delivers,情感/评价词,E1_E2_Candidate,2,2,review_bf159253fba2c35375dc9ce7 :: I had a flightseeing tour with glacier landing with K2 Aviation and it was AMAZING. That was the highlight of my Alaska trip. Seeing the mountains so close as if you could touch th...,False
descending,情感/评价词,E1_E2_Candidate,2,2,"review_fd7c356f057a0f1bfefd818d :: This was such a bucket list experience!  Take off is smooth and so was our ride over to, around, and landing on the glacier at Mt. McKinley.  I am prone to motion sickness, and I h...",False
deserved,情感/评价词,E1_E2_Candidate,2,2,review_44648eb04c0d30ed464822ef :: The staff was very helpful and accommodating. The pilot was great and we had just enough clear weather to see the top of Mt. McKinley. This was the highlight of this portion of our...,False
discouraged,情感/评价词,E1_E2_Candidate,2,2,review_8fc23fecb45ba0ee94242f62 :: We are a family with 4 children ages 12 to 19 and spent a week on Kauai.  We really wanted to do an air tour with our kids but the cost of a helicopter flight would have been well ...,False
distract,情感/评价词,E1_E2_Candidate,2,2,"review_9cdcdffc0670f64815799563 :: Great experience, John the pilot was superb and his knowledge during the tour was exceptional. On the day the shuttle service broke diwn and we was asked to get a taxi and the cost...",False
dizziness,情感/评价词,E1_E2_Candidate,2,2,"review_1639755de3ddcfd10c619c0b :: We originally scheduled the flight in Talkeetna. But due to the weather, our flight got cancelled. The people in the office were very patient and tried to help us to re-schedule. T...",False
dress,情感/评价词,E1_E2_Candidate,2,2,"review_faf54ba15301f2dbfee8393d :: Great staff. Nice young pilot. A little hot up there. We would have appreciated knowing that we didn't have to dress warm. Otherwise, just awesome....",False
educating,情感/评价词,E1_E2_Candidate,2,2,"review_6452ff39710f49ed945a7407 :: You must take a tour over Denali with K2.  Excellent service, smiling friendly and helpful. Patrick was our pilot and he did a super job of pointing everything out and educating us...",False
element,情感/评价词,E1_E2_Candidate,2,2,"review_e5850680238945a96a3caa96 :: This flightseeing tour with subsequent glacier landing was one of the coolest things I have ever done in my life, and one of the few activities where the views and experience is wo...",False
enable,情感/评价词,E1_E2_Candidate,2,2,"review_4f660d3f2dd19b5d0f0ddc9a :: My husband and I went on a flight 3 days ago, and it was amazing! I took a Dramamine prior, since I get motion sickness, and had no problem! I got to be the 'co-pilot', which didn'...",False
enabled,情感/评价词,E1_E2_Candidate,2,2,review_4aa860d53c8308b82cced48b :: Had a great and personal experience with owner/pilot Bruce.  Bruce pointed out all the sights and engaged each member of the family by name in conversation.  We had a smooth and be...,False
equal,情感/评价词,E1_E2_Candidate,2,2,review_b915d738ee9879ed36acdad6 :: This was the best thing we did on our whole trip! I cannot recommend it enough. Our view was so much better than the helicopters that were below us darting in and out of canyons. W...,False
estimate,情感/评价词,E1_E2_Candidate,2,1,"review_2d3f2a00e6ef98ca5161d902 :: The pilots are excellent, friendly, knowledgeable, and skilled. 

But, don’t get your weight estimate wrong or Keith at the front desk will talk down to you as if you lied on purpo...",False
everyday,情感/评价词,E1_E2_Candidate,2,2,"review_e998df6ff2009a4d62092ba1 :: Wonderful!!  First timers and this was the trip if on a short time limit.  Pricey, but there’s a lot of logistics going on to get everything coordinated.  Perfect time of year to g...",False
excellence,情感/评价词,E1_E2_Candidate,2,1,"review_38c140061a79f5dc4b034f30 :: Well.. I suppose we were really lucky ducks. ..
Booked month in advance from downunder..flew specially over from our holiday stay on Waikiki for this trip.
On arrival our booking w...",False
exception,情感/评价词,E1_E2_Candidate,2,2,review_6a19d356b36698fdb8f6ea7f :: We decided to do this vs standing on the edge of the Grand Canyon like Clark Griswold. The cost was $159 per person vs. +$200 for a shorter helicopter flight that wasn't as extensi...,False
excess,情感/评价词,E1_E2_Candidate,2,1,"review_ce23c1ddd00fe162177658fe :: To be fair, I want to say upfront that this review focuses not only on the provider but also on Trip Advisor (based on the comments of the owner/vendor that Trip Advisor is horribl...",False
exhausted,情感/评价词,E1_E2_Candidate,2,2,"review_1fe7b796395cf2ecac91e147 :: Our family of 4 booked this trip due to limited time during our vacation to see the Grand Canyon.  I thought it would the perfect solution and sounded like fun.  I have two girls, ...",False
exotic,情感/评价词,E1_E2_Candidate,2,2,"review_8141d79c3069adbfffc674a9 :: Awesome flight, really enjoyed flying with Eagles Air Tours, I did the Private Exotic Air Tour 45 Minutes, It was great no doubt....",False
extending,情感/评价词,E1_E2_Candidate,2,2,"review_26852a512277b5deece08a3f :: I had the pleasure of a late afternoon ""The Big Kahuna"" air tour this week with Air Ventures Hawaii that was a FANTASTIC full tour of Kauai.

The views from the plane were amazing ...",False
extinct,情感/评价词,E1_E2_Candidate,2,2,"review_0cf8290af6a3504f8b5f33d9 :: We had a wonderful time on our flight with Wings Over Kauai! I had looked at helicopter tours as well, but we chose a fixed-wing flight because it's far safer (check out Kauai Unde...",False
fancy,情感/评价词,E1_E2_Candidate,2,2,review_88233bbf2cf1d5676ac5babe :: Jim was our pilot.  This flight is everything you read about.. but it is the way that Jim did it that made you feel like you were experiencing what Alaskans see and do every day.  ...,False
faultless,情感/评价词,E1_E2_Candidate,2,2,"review_77341391cb13d175af149c1d :: My wife is not a good flyer, even on a 767, let alone a little Cessna or the like. There was no way I could get her on a helicopter tour, so the doors off experience wasn't going t...",False
fitting,情感/评价词,E1_E2_Candidate,2,2,"review_741d479951bf34b2a56ea896 :: They picked me up at the cruise ship, did a quick safety briefing, and after a short taxi to the waterway, we were off!  Mike is a great pilot.  He told us about the fjord and land...",False
flipped,情感/评价词,E1_E2_Candidate,2,2,"review_bd43454dd9a85ee9973f3a50 :: We were lucky to have flipped out your which we were supposed to take tomorrow. It was a perfect day and with a clear sky , our pilot landed on the Ruth glacier and made this a lif...",False
fragrant,情感/评价词,E1_E2_Candidate,2,2,"review_e65c32c5e52dca46bc302655 :: Words cannot express how awesome our flight over Kauai with Bruce was. It definitely was the highlight of our vacation in Kauai. At half the price of the helicopter tours, our Wing...",False
fret,情感/评价词,E1_E2_Candidate,2,2,"review_7c917cb11f7a0f47c85727c7 :: Bottom line, don't pay $250-300 to go on a helicopter tour.  This much more personalized tour is great and Bruce is very knowledgeable of the island.  He does a good job with the p...",False
fuller,情感/评价词,E1_E2_Candidate,2,2,"review_86bd6193f824d794bcf2deb5 :: When you pick an aerial solution to fly over Kauai, you have basically two choices - helicopters or fixed wing aircraft.

Air ventures represents the best solution on Kauai for the...",False
fullest,情感/评价词,E1_E2_Candidate,2,2,"review_eda1a4bce0aac45015172f03 :: We heard so much about how beautiful Kauai was, but after driving around the entire island, we weren't that impressed. Mind you, we had just seen all the major sights of Maui, so w...",False
getaway,情感/评价词,E1_E2_Candidate,2,2,review_da6a6c3ce61403c07bba6097 :: I was a bit hesitant on flying such a small plane but the owner-pilot made our experience truly amazing. He flew low enough so we could appreciate the beauty of the Miami Skyline a...,False
gimmick,情感/评价词,E1_E2_Candidate,2,2,"review_c2cf3a39174367dcf04b81a4 :: This was a great experience from start to finish.    Unlike other helicopter and airplane tours there were no hidden fees, no gimmicks, no up-sells, just first class service.  Book...",False
glowing,情感/评价词,E1_E2_Candidate,2,2,"review_b5268b40d3aafe7496fcb498 :: If you are visiting the Grand Canyon, the only way to take in it's full majesty is to do it by Helicopter. Maverick Helicopter were fantastic. You must take a flight with them, wel...",False
grace,情感/评价词,E1_E2_Candidate,2,2,"review_be59fcb99b0add1dc982d912 :: We booked a half hour flight with another couple that told us the gentleman was flying on the recommendation of his psychologist.  He got pretty nervous after takeoff, Pilot Fred t...",False
granted,情感/评价词,E1_E2_Candidate,2,2,"review_f8396bf7cdc9f68d44717dce :: Outstanding pilots and service!
Flying is the best way to see the Alaska Range and Mt McKinley (Denali). To top off this incredible experience only a landing at one of the glaciers...",False
happening,情感/评价词,E1_E2_Candidate,2,2,review_2ef4b1a16a693f1d47846fd5 :: Words can't describe the experience of a flight seeing trip and glacier landing with K2 Aviation!  The views are something that can only be experienced from the air.  The time spen...,False
happiness,情感/评价词,E1_E2_Candidate,2,2,review_c8c04aed9cd305332764808f :: I encouraged my husband to take the biplane flight/tour. I had no intention of going. My husband and the pilot Mark encouraged me to go along. The front seat holds two. I decided t...,False
harbour,情感/评价词,E1_E2_Candidate,2,2,"review_9049c1bcbdc4c2033d78408e :: If you are visiting San Francisco then this is a must, it is a beautiful city looking from the harbour, getting a birds eye view is even better.
Fog delayed our flight for 3 days b...",False
hesitating,情感/评价词,E1_E2_Candidate,2,2,"review_feb2301965baf7cd372cbd1f :: It's Alyssa Jacey, the singer/songwriter you hosted on the private helicopter tour! I have been MEANING to review this and my only excuse is that I went on tour! I've opened for Br...",False
hole,情感/评价词,E1_E2_Candidate,2,2,"review_d36f40205e70af49b1f1034e :: This was our second visit to Kauai, and had not planned on taking any special tours. However, after hearing about Air Ventures and seeing the brochure, we changed our minds, and ha...",False
honesty,情感/评价词,E1_E2_Candidate,2,2,"review_9f9111190c4a6d851371d2f7 :: We want to express our appreciation to Chip Sonn, our K2 pilot for our fantastic late afternoon/evening flight excursion while recently visiting Talkeetna, Alaska.  As part of our ...",False
horrible,情感/评价词,E1_E2_Candidate,2,2,"review_ebb70b11c29e696fbd1d4b9d :: Both K2 and Talkeetna Air Taxi (TAT) get my highest recommendation. Follow along with the bouncing ball, kids, as our tale unfolds:

Pre-booked directly with TAT about a month befo...",False
hospitable,情感/评价词,E1_E2_Candidate,2,2,review_1a8c661361e1a55ed4a0ed52 :: The service provided by the Wings Over Kauai tours was very well done.  Ellen was very hospitable while waiting for our scheduled flight.  Capt. Josh has a very clear passion for a...,False
hugged,情感/评价词,E1_E2_Candidate,2,2,"review_c707a808f642abfa36f36c84 :: Me,my wife and my 10 year old daughter booked a plane ride with Maui Plane Rides from New York for the second leg of our Hawaii trip.The plan was that my daughter could learn how t...",False
humility,情感/评价词,E1_E2_Candidate,2,1,"review_d1dfcb69be6315d42fc6e8f8 :: DISCLAIMER: I’m a tour professional living and working here in Alaska and not compensated in any way for this review. I do it because these operators are my FELLOW ALASKANS. 

Ther...",False
imperial,情感/评价词,E1_E2_Candidate,2,1,"review_d3e304f726d1296b2ca6fff6 :: Both the tours left from Grand Canyon National Airport. Both I booked through Papillon, but Helicopter left from Papillon section of the airport whereas Scenic Canyon River Adventu...",False
improving,情感/评价词,E1_E2_Candidate,2,2,"review_8cbe628c5c47e65c0e97f867 :: We stayed in Talkeetna for two nights, planning on a flight seeing on our first day there. We were scheduled for the first morning flight. The morning was very overcast and the fli...",False
inadequate,情感/评价词,E1_E2_Candidate,2,2,review_32154e360a78d55bec89cb27 :: This is the one thing you have to do before you die. It is absolutely fantastic! Words cannot describe it and photos are inadequate....,False
incomprehensible,情感/评价词,E1_E2_Candidate,2,2,review_c765b5e7676ff96bb64c9185 :: We did the Denali experience with a landing on the Eldridge Glacier and I can confidently say it was in the top 5 experiences of my life. I felt like a child again soaring past she...,False
independent,情感/评价词,E1_E2_Candidate,2,2,"review_ab1406e9dd68689155761a68 :: Wings Over Kauai gets 5 stars in my 4P categories. 

We began planning our excursions for this vacation several months ago and decided to use independent third party operators in l...",False
indulge,情感/评价词,E1_E2_Candidate,2,2,"review_204946c26466eb6ee99eca6e :: I'd been hoping to rent a single engine airplane during our recent trip to Kauai.  I'm a private pilot, and my wonderful wife was looking for a way to see the island while allowing...",False
injured,情感/评价词,E1_E2_Candidate,2,2,"review_322548ca63fb6529492ff9f2 :: There was a plane crash (not a Seawind Aviation plane) on Prince of Wales Island four days before we arrived by cruise ship in Ketchikan. The pilot of that plane, which had 10 pass...",False
instant,情感/评价词,E1_E2_Candidate,2,2,"review_4e929049b259f5b78b641807 :: This truly left me speechless today...  
First of all, the views were outstanding...
Our pilot, John was awesome & did a great job 'narrating' everything we saw!
Would do again in ...",False
jam,情感/评价词,E1_E2_Candidate,2,2,"review_e0e1dd521e77a4007403c8e6 :: I took a HAL cruise in June 2010 and booked this excursion through the ship.  The bus was there to pick us up right on time but there was a bit of a traffic jam of buses, so we got...",False
joyful,情感/评价词,E1_E2_Candidate,2,2,"review_27ee31e44dec37dd44a492ba :: Eric, the pilot, is a amazing guy doing a great job! He said we are sharing his dream, actually he was making my dream come true by letting my little girl driving a little bit! Sou...",False
kindly,情感/评价词,E1_E2_Candidate,2,2,review_91b07376e836c82b2b2ff5cc :: We had the open cockpit biplane flight beginning of February after booking online from the UK.  Jill kindly offered to collect/shuttle us from the ABC Store at Anchor Cove Shopping...,False
leading,情感/评价词,E1_E2_Candidate,2,2,"review_f6dd4624f9efc22931f8c04f :: Lesley, Steve and Dan provided top notch service as we explored Traitor's Cove Bear feeding site with their professionally run organization!

The experience is amazing, Dan's knowl...",False
leery,情感/评价词,E1_E2_Candidate,2,2,"review_2c936441bbc2f31d7558ce47 :: Words cannot describe how amazing this tour is.

From the office staff, to the ground crew, to the pilot; these people are fantastic.  The pilot went over all the emergency necessi...",False
lock,情感/评价词,E1_E2_Candidate,2,2,"review_daed82c6ebdafc06c8a2f319 :: We arrived late one evening and had booked an early helicopter flight for the following morning several months ago
Maverick were easy to find, very friendly and delivered a wonderf...",False
lookout,情感/评价词,E1_E2_Candidate,2,2,"review_98d3a3f74a15e49c28aefb4b :: My sisters and I took the helicopter tour over the Grand Canyon, and it lets you get a 
Great appreciation for the amazing Canyon you do not get just from seeing it on the lookout ...",False
luscious,情感/评价词,E1_E2_Candidate,2,2,review_af6c769cd16b044c81ee438f :: My husband & I were visiting Kauai from New York.  We were extremely fortunate to fly in a comfortable but small plane to view the luscious island of Kauai.  When we arrived for ou...,False
mar,情感/评价词,E1_E2_Candidate,2,2,"review_feb2301965baf7cd372cbd1f :: It's Alyssa Jacey, the singer/songwriter you hosted on the private helicopter tour! I have been MEANING to review this and my only excuse is that I went on tour! I've opened for Br...",False
match,情感/评价词,E1_E2_Candidate,2,2,review_be8faf48d8d937ed7f366e98 :: K2 Aviation is a super friendly and well-run organization. Views were amazing. So glad my teenage kids got to really see a glacier for what it is. We'd talked about them so much on...,False
mighty,情感/评价词,E1_E2_Candidate,2,2,"review_3bb066612c7c6f256d55cf79 :: We saw the most awesome sights today on our Mavericks helicopter flight!   

Our 17 year old son had never seen the canyon and we are on a short trip.  We figured an overhead persp...",False
mindful,情感/评价词,E1_E2_Candidate,2,2,"review_92808e0670a773acd1539ab9 :: Amazing unforgettable experience. Glacial landing is incredible and pilot is super capable and reliable. Would do this a million times. 
K2 has a long line checking in but were ver...",False
news,情感/评价词,E1_E2_Candidate,2,2,"review_c503f060e1522d96b60e8dca :: In late Jan I took my wife on this tour for her BD. While I’ve spent numerous hours (military’s & law enforcement) aboard helicopters, she had never experienced it...
nor had she e...",False
obscured,情感/评价词,E1_E2_Candidate,2,2,"review_1ca9aaf183856fcc19dc934a :: After having taken a Denali flight in 2001, I decided I wanted to do a repeat flight out of Talkeetna on my recent visit to Anchorage, Alaska for an airport conference.  With the l...",False
optimal,情感/评价词,E1_E2_Candidate,2,2,review_2d303e03dc90d5daa58fec73 :: I was originally looking into helicopter tours but was worried about my wife getting motion sickness and the costs are pretty expensive.  When I found Wings Over Kauai on a TripAdv...,False
orderly,情感/评价词,E1_E2_Candidate,2,2,review_5d94a7bb9a8a4324e9b57891 :: We chose the South face Tour with Glacier Landing. The check in was fast and easy. The staff was super nice. You have to weigh yourself and your belongings and they determine how t...,False
peacefully,情感/评价词,E1_E2_Candidate,2,2,review_09687f3c5332ab59381de30a :: It was perfect and we would go again with this same company. A small fixed wing plane seating a pilot and 2 riders. Things to keep in mind if you pick this small plane-If you are v...,False
penalty,情感/评价词,E1_E2_Candidate,2,2,"review_f3b2c22f8292b4045b6b7d5d :: We tried to arrange a glacier landing while we were visiting Haily but the weather prevented us from flying there.  So on our way back to Anchorage, we stopped by Talkeetna Air Tax...",False
pertinent,情感/评价词,E1_E2_Candidate,2,2,review_bb45025b35f762edb35c577d :: Just want to complement Ellen and Bruce and staff for a wonderful experience.  Had a great flight and very knowledgeable and pertinent commentary from Bruce during the flight that ...,False
pinnacle,情感/评价词,E1_E2_Candidate,2,2,review_ff282b470223120e69c6a4b8 :: This flightseeing trip was the pinnacle of 2 weeks of amazing experiences.  Words and pictures fail to convey what a flight around McKinley is like. I thought that upon landing my ...,False
practiced,情感/评价词,E1_E2_Candidate,2,2,review_bf159253fba2c35375dc9ce7 :: I had a flightseeing tour with glacier landing with K2 Aviation and it was AMAZING. That was the highlight of my Alaska trip. Seeing the mountains so close as if you could touch th...,False
praise,情感/评价词,E1_E2_Candidate,2,2,"review_c47a8f0a85e514d042ad1889 :: Though TAT doesn't *need* more praise, my experience with them was simply so phenomenal that I have to give them yet another Excellent review. This is a top-notch company with some...",False
precious,情感/评价词,E1_E2_Candidate,2,2,review_02d9b6799d194eb3a407125d :: Just got back from Kauai - went on a 1 hour airplane tour over Kauai - very nice experience over the island of Kauai - pilot tells you the sites that you are going over; at the end...,False
precision,情感/评价词,E1_E2_Candidate,2,2,review_e0d4177111a512725ecee24d :: I have to share my experience this morning. I took my Very First Flight Ever a couple of hours ago and did it through RedTail Aviation in a 6 person plane. I was so nervous before ...,False
puffy,情感/评价词,E1_E2_Candidate,2,2,"review_7bbe5f17c5ccf78fd605ad3d :: From the front reception area to preparing for take off to our amazing pilot from the Arctic, this tour was astonishing. We were blessed with a beautiful sunny day with big white p...",False
pull,情感/评价词,E1_E2_Candidate,2,2,"review_2d0d2b1a05b4f78e95745317 :: We flew up to Denali, and landed on a glacier. Luckily, we had a beautiful sunny day, and Denali was out of her clouds to see. The only real way to see Alaska is to fly over her. I...",False
ranked,情感/评价词,E1_E2_Candidate,2,2,review_8fa7003135aa7f912084a076 :: We loved our Base Camp Tour with a Glacier Landing $350.00 pp. Alex was our pilot and did a great job giving us views of Mt McKinley from all sides of the mountain. Landing on The ...,False
raving,情感/评价词,E1_E2_Candidate,2,2,review_1758d760d6f52438c4d85cce :: Bruce the pilot was great with our 2 nervous flyers.  He gave a great talk while we were flying and patiently answered any/all questions.  All of us were raving about the tour long...,False
reality,情感/评价词,E1_E2_Candidate,2,2,review_23a113d11dbade10f436d4ed :: I specifically booked on K2 for their reviews. Flew 7+hrs from houston to anchorage and this was supposed to be my highlight for my trip. i was booked with K2 for sat 9/3 for a tou...,False
refreshing,情感/评价词,E1_E2_Candidate,2,2,review_8343a9e5e6828bbdfdd832af :: We are 'local' (Anchorage) and had scheduled a trip on Saturday. Friday's trip to Talkeetna was beautiful....Denali visible from our home all the way to Talkeetna. Sarah worked wit...,False
remaining,情感/评价词,E1_E2_Candidate,2,2,review_dcf6ae72be94429a425b9bdc :: We booked tour months ago for our first Alaskan  Cruise.  Had been told seaplane tour was incredible and not to be missed.  We arrived dockside at meeting place. Had to wait 15 min...,False
reward,情感/评价词,E1_E2_Candidate,2,2,"review_5b4548ff6d11352fdb4e05f4 :: Great trip. Skillful pilot, gave lots of commentary. Showed us base camp and 11 000ft camp. The stillness of the glacier was only broken by the sound of an avalanche. Spectacular t...",False
romantic,情感/评价词,E1_E2_Candidate,2,2,"review_ec2216c5191fd0c8ebfb9e1d :: amazing experience thanks a lot.
highly recommended 
max was amazing 
very romantic 
the view was perfect...",False
rosemary,情感/评价词,E1_E2_Candidate,2,1,review_4d9de080656d8496f54a201d :: We were traveling with our two young teenage granddaughters and took a K2 Aviation flight through the glacier fields and then on to the airport in Anchorage.  The weather was not c...,False
ruined,情感/评价词,E1_E2_Candidate,2,2,"review_2d3f2a00e6ef98ca5161d902 :: The pilots are excellent, friendly, knowledgeable, and skilled. 

But, don’t get your weight estimate wrong or Keith at the front desk will talk down to you as if you lied on purpo...",False
ruining,情感/评价词,E1_E2_Candidate,2,1,review_6a47be99fb4fa07329ef3cce :: WORST EXPERIENCE EVER !! We booked the Red Baron biplane at least 8 months in advance through a well known tour operator in Hawaii. On the day before we were to take the tour as a ...,False
rush,情感/评价词,E1_E2_Candidate,2,2,"review_b03189f94f2f0d7dbd5fbca5 :: The overall experience was amazing. However, we had booked the 8am flight and were meant to be picked up from our ship at 7:30... at 7:15 I got a phone call saying they would pick ...",False
rust,情感/评价词,E1_E2_Candidate,2,2,"review_7013ae6f888b7b2157bf79e8 :: You can't go to Alaska and not experience a floatplane trip! Both K-2 and Rust's Flying Service are GREAT! Informative, friendly pilots and staff. They are very honest with people ...",False
satisfying,情感/评价词,E1_E2_Candidate,2,2,review_10fbd937c93c8e5b1ea0bd58 :: I traveled to Alaska for my 50th birthday and my experience with K2 sits on the top of my list and we did ALOT. We flew around Denali Mtn. on the 2 hour glacier landing trip. I lov...,False
scare,情感/评价词,E1_E2_Candidate,2,2,review_5d94a7bb9a8a4324e9b57891 :: We chose the South face Tour with Glacier Landing. The check in was fast and easy. The staff was super nice. You have to weigh yourself and your belongings and they determine how t...,False
school,情感/评价词,E1_E2_Candidate,2,2,"review_3bb066612c7c6f256d55cf79 :: We saw the most awesome sights today on our Mavericks helicopter flight!   

Our 17 year old son had never seen the canyon and we are on a short trip.  We figured an overhead persp...",False
seamless,情感/评价词,E1_E2_Candidate,2,2,review_0f34dc86f2887a73f98dad09 :: We were 2 couples traveling on the Pride of America. Pilot Marcus took us on a spectacular flight over Kauai. It was a highlight of our cruise. His commentary was very interesting ...,False
seasick,情感/评价词,E1_E2_Candidate,2,2,"review_b4defed8dabe04d3de367e4c :: Awesome service. Our pilot, Bruce, made a point to keep track of all our names and interacted with each of us by name throughout the flight. A very nice touch. We actually flew thr...",False
secret,情感/评价词,E1_E2_Candidate,2,2,"review_3fabab1c18329fdb94e0581c :: The day before my Air Ventures Hi flight, I had an amazing conversation with a helicopter tour across the street. I was the 1st for the next tour which required 6 passengers. No on...",False
securely,情感/评价词,E1_E2_Candidate,2,2,"review_168aab1a1f0b80f2400963aa :: This was a spectacular flight! We had a sunny day and Denali was out in all it's glory.
Our pilot Stan started off with all the safety features and then after we were securely in o...",False
sensing,情感/评价词,E1_E2_Candidate,2,2,review_b3611bb117be728e25d5ddec :: We had booked the 11 am tour online even before we reached Kauai. We called ahead and the person who answered told us we could come by 10:45 am or so. We reached round about then o...,False
severe,情感/评价词,E1_E2_Candidate,2,2,review_6efebf1f7c4df59057211cf8 :: Did this tour with my mother for Mother's Day and we both had a blast! Harry is an awesome pilot and I'd definitely recommend this adventure to anyone who doesn't suffer from sever...,False
shadow,情感/评价词,E1_E2_Candidate,2,2,"review_6eafcea945c403a8babdd020 :: Several friends from England recommended that we take this helicopter tour if we were going to visit the Grand Canyon, and we are sure glad we did.  It is fairly pricey, but we can...",False
shining,情感/评价词,E1_E2_Candidate,2,2,"review_4b4ba93d00a26f2d30de6497 :: From the very beginning the flight was unbelievable. The sun was shining and the views were beyond spectacular!  A chance of a life time and well worth the price.
Paul made us feel...",False
shortest,情感/评价词,E1_E2_Candidate,2,2,review_d73c3c9fc717a65703c2e31e :: We did the shortest tour (not sure if I labeled correctly on review) and it was epic! We saw tons of nature and plenty of awesome landscapes with Denali. Our pilot was knowledgeabl...,False
silly,情感/评价词,E1_E2_Candidate,2,2,"review_95bc2c8f514c7369ecb0bc7e :: I was blessed to be able to send my husband, and my boys, on a flight that they never would have treated themselves to. The pilot arrived on time, let me snap some pictures, and an...",False
slim,情感/评价词,E1_E2_Candidate,2,1,review_23a113d11dbade10f436d4ed :: I specifically booked on K2 for their reviews. Flew 7+hrs from houston to anchorage and this was supposed to be my highlight for my trip. i was booked with K2 for sat 9/3 for a tou...,False
snap,情感/评价词,E1_E2_Candidate,2,2,"review_95bc2c8f514c7369ecb0bc7e :: I was blessed to be able to send my husband, and my boys, on a flight that they never would have treated themselves to. The pilot arrived on time, let me snap some pictures, and an...",False
snapped,情感/评价词,E1_E2_Candidate,2,2,review_06f44b75e93e9aec89beb026 :: Lived in Marin all my life. Always loved seeing the Dehavilland Beaver flying overhead. I finally snapped out of it and scheduled a ride for my wife and me for our 17 year annivers...,False
sometime,情感/评价词,E1_E2_Candidate,2,2,"review_49d6bd5b0908e91752ac4a6c :: Flying over the Denali National Park and landing on the glacier close to highest mountain of North America is definitely a lifetime experience.

The trip is very expensive but wort...",False
squeezed,情感/评价词,E1_E2_Candidate,2,2,review_279fcf8fd14697a92184c367 :: For a family of 3 this was a great alternative to more expensive and less personal helicopter tours.  The 3 of us squeezed into Bruce's plane and he gave us a very friendly overvie...,False
stability,情感/评价词,E1_E2_Candidate,2,2,"review_cce5c0d3468ee1bee4178621 :: What a wonderful way to start a week in Kauai with a flight over the island in a stable, roomyAir Ventures Hawaii Airvan plane with a super pilot who provided a wonderful, informat...",False
staring,情感/评价词,E1_E2_Candidate,2,2,review_86ffeec8ea7db66075c9792d :: This was not in my plan when traveling to Denali via talkeetna. I had a free afternoon and decided to check it out and was very glad that I did! I did the flight seeing tour with a...,False
stick,情感/评价词,E1_E2_Candidate,2,2,"review_377944e92811d52a85f9fa33 :: We did the summit tour on June 15, 2012. I preferred K2 because of their summit tour flight path that is posted on the website and recommendations on TA and Cruisecritic. We were f...",False
stormy,情感/评价词,E1_E2_Candidate,2,1,"review_0cf8290af6a3504f8b5f33d9 :: We had a wonderful time on our flight with Wings Over Kauai! I had looked at helicopter tours as well, but we chose a fixed-wing flight because it's far safer (check out Kauai Unde...",False
subject,情感/评价词,E1_E2_Candidate,2,2,"review_b754ed3692f3b60dbebf8396 :: An hours flight to and from Grand Canyon airport, then a 10/15 minute bus ride to the rim of the Grand Canyon itself. Amazing, breath taking views! Another 10/15 minute trip furthe...",False
subtle,情感/评价词,E1_E2_Candidate,2,2,"review_2a67dff0977ab1e1a6ec02e2 :: Kauai really can only be appreciated in its entirety from the air.  Ellen's ""Wings Over Kauai"" accomplishes the mission with safety, competence, and a keen appreciation for the cus...",False
supporting,情感/评价词,E1_E2_Candidate,2,2,"review_0fb3f7cfa33a9d5d911703db :: Flight tour of Grand Canyon; checked off the bucket list!  
I have ALS and Captain Jack and Grand Canyon Scenic Airlines were great and very accommodating. The flight was comfortab...",False
tale,情感/评价词,E1_E2_Candidate,2,2,"review_ebb70b11c29e696fbd1d4b9d :: Both K2 and Talkeetna Air Taxi (TAT) get my highest recommendation. Follow along with the bouncing ball, kids, as our tale unfolds:

Pre-booked directly with TAT about a month befo...",False
talented,情感/评价词,E1_E2_Candidate,2,2,"review_0cf8290af6a3504f8b5f33d9 :: We had a wonderful time on our flight with Wings Over Kauai! I had looked at helicopter tours as well, but we chose a fixed-wing flight because it's far safer (check out Kauai Unde...",False
teach,情感/评价词,E1_E2_Candidate,2,2,review_ecc4dca0cd7854f0bd8b928d :: This flight/tour was just as good as advertised.  The plane held ten passengers including the pilot.  Everyone had a window seat and the pilot did his best to make sure that everyo...,False
tendency,情感/评价词,E1_E2_Candidate,2,2,"review_429db4505fe53b531b0f9cfd :: Our pilot Jake was awesome! He not only flew the helicopter so smoothly so that our 1 family member who has a tendency together airsick, did nit!! Jake was a tremendous narrator/hi...",False
tentative,情感/评价词,E1_E2_Candidate,2,2,"review_fad64ae50bf3442f53016b8f :: What better way to go view bears feeding than by float plane?!!!

Awesome experience flying in a float plane. We were all very tentative at the experience. Our pilot had a great se...",False
territory,情感/评价词,E1_E2_Candidate,2,2,"review_86bd6193f824d794bcf2deb5 :: When you pick an aerial solution to fly over Kauai, you have basically two choices - helicopters or fixed wing aircraft.

Air ventures represents the best solution on Kauai for the...",False
trained,情感/评价词,E1_E2_Candidate,2,2,"review_8ceddeaacd0a802fbb1fb5df :: Matt, our pilot, did a great job. Our flight was over Denali and the entire South facing range. The base operations were efficient and staff well trained....",False
trick,情感/评价词,E1_E2_Candidate,2,2,"review_d35e8b4a42e5ba6d99b71220 :: We spent 14 days on 4 islands and did kayaking, snorkeling, whale watching and doors off helicopter tour over volcano.  This was by far our favorite and the most amazing experience...",False
tropical,情感/评价词,E1_E2_Candidate,2,2,"review_38c140061a79f5dc4b034f30 :: Well.. I suppose we were really lucky ducks. ..
Booked month in advance from downunder..flew specially over from our holiday stay on Waikiki for this trip.
On arrival our booking w...",False
undecided,情感/评价词,E1_E2_Candidate,2,2,review_15fca649b9a7623755c498cb :: We were undecided as to a fixed wing flight or a helicopter air tour over kaua'i. We are very pleased we chose Air Adventure Flights Tour on a small engine plane. The day had perfe...,False
uneven,情感/评价词,E1_E2_Candidate,2,2,"review_4768dcf354a32240c2d04616 :: Aside from the opportunity to soak in some gorgeous and dramatic views of the island, the whole-island tour was an especially enjoyable trip for a pilot. I had originally wanted to...",False
unexplainable,情感/评价词,E1_E2_Candidate,2,1,"review_cc328269f397c07ed0771347 :: I was on the island of Oahu, Hawaii when my plans to visit Pearl Harbor fell through.  I didn’t want to waste one day of our two week vacation and so I decided to research how I co...",False
unimaginable,情感/评价词,E1_E2_Candidate,2,1,"review_cc328269f397c07ed0771347 :: I was on the island of Oahu, Hawaii when my plans to visit Pearl Harbor fell through.  I didn’t want to waste one day of our two week vacation and so I decided to research how I co...",False
unlikely,情感/评价词,E1_E2_Candidate,2,2,review_0bc6dfccae423c44016f0ab5 :: Our party of four booked the Southside Explorer (one hour flight plus glacier landing). When we arrived that morning we received a weather briefing and learned the glacier landing ...,False
unstable,情感/评价词,E1_E2_Candidate,2,2,review_905ea7ae4640bfc3d91b8080 :: This trip around Mt Denali was breath taking and our pilot was awsome on knowledge and making sure we all had great views for pictures. The sky around the mountain was clear but th...,False
untouched,情感/评价词,E1_E2_Candidate,2,2,"review_1893bdcfa0517b11567fd56d :: I booked the Cessna tour for my wife and I on our babymoon in April. I recommend the private Cessna tour if you only have 2 people.  For only slightly more $$, you get a personal e...",False
varied,情感/评价词,E1_E2_Candidate,2,2,"review_ccbf41fd973bf287ad08897f :: We had questionable weather with heavy clouds and some rain, Josh gave us the option to cancel but also gave us some knowledgeable insights about what to expect, noting the cloud d...",False
vibrant,情感/评价词,E1_E2_Candidate,2,2,"review_bcf320da42532060b35e73fc :: Absolutely incredible experience flying over the stunning landscapes of Kauai! From breathtaking views of the Na Pali Coast to the vibrant greenery of Waimea Canyon, every moment o...",False
warn,情感/评价词,E1_E2_Candidate,2,2,"review_4002b14844a9fdb69e609624 :: The staff are cordial and warm. They called us in advance to warn us about inclement weather and cancellation of the tour on the day in question. The day of the tour , we arrived t...",False
wasting,情感/评价词,E1_E2_Candidate,2,2,"review_7013ae6f888b7b2157bf79e8 :: You can't go to Alaska and not experience a floatplane trip! Both K-2 and Rust's Flying Service are GREAT! Informative, friendly pilots and staff. They are very honest with people ...",False
abandoned,情感/评价词,E1_E2_Candidate,1,1,"review_3f9d9e691bbc962b5340eef9 :: My wife and I took the Grand Denali with Glacier landing flightseeing trip with TAT and loved it!  We had a great pilot, Chris. He was very friendly and informative guide pilot and...",False
abrupt,情感/评价词,E1_E2_Candidate,1,1,review_46ddfd4445283a6a81911504 :: Booked the Grand Canyon Discovery Tour and very unimpressed with how short the flight time was (less than ten minutes total) with a short photo op stop on a ridge in the canyon.  O...,False
ache,情感/评价词,E1_E2_Candidate,1,1,"review_aa2e070a40616b2e1726a0b2 :: The fight was thrilling , the weather beautiful.  Our pilot Kim was engaging and very informative.  A must, to really see the Aches, Canyonlands and Monument Valley. A once in a li...",False
actively,情感/评价词,E1_E2_Candidate,1,1,review_8294fe79e0415f552542ed94 :: The flight was enjoyable but not earth shattering like promoted! Pilot Patrick was doing a job not actively enthusiastically participating so I’d rate that part as average. Without...,False
adamant,情感/评价词,E1_E2_Candidate,1,1,"review_0ce4003f979133c9c8390ce6 :: We did this on our third day and really were glad that we did. We did the 1-hour tour and got the free DVD for booking online. (By the way, the DVD is worth it if you book online a...",False
adept,情感/评价词,E1_E2_Candidate,1,1,review_d965e03b2454499d85542108 :: These Folk are very professional and adept at their tasks. The trip includes pick up and return from your LV accomodation and a bus trip out to Boulder City Airport. This trip in i...,False
adequate,情感/评价词,E1_E2_Candidate,1,1,"review_55ac9eb57f418679510ed1e9 :: This was really difficult to rate.  The experience itself (flying around Denali and landing on a glacier) is a full 5 star experience.  If there was no other operator in Talkeetna,...",False
adjustment,情感/评价词,E1_E2_Candidate,1,1,"review_86bd6193f824d794bcf2deb5 :: When you pick an aerial solution to fly over Kauai, you have basically two choices - helicopters or fixed wing aircraft.

Air ventures represents the best solution on Kauai for the...",False
admirably,情感/评价词,E1_E2_Candidate,1,1,"review_3a8e9761f3b48b4c1d0cb366 :: We took the Grand Tour on July 5th and it was a bright and wonderful day. Our pilot was fun and gave thorough explanations, the weather was surprisingly warm and we got to land on ...",False
admission,情感/评价词,E1_E2_Candidate,1,1,review_22e25dad8d0923a04e2ba7d9 :: It was a wonderful airplane tour over the beautiful island of Kauai. The guide/pilot was a good host. The flight was fairly smooth overall. It provides an interesting perspective o...,False
adorable,情感/评价词,E1_E2_Candidate,1,1,"review_13f6cbfaee06fca36359405b :: SeaWinds was awesome and super personable! I went on my Misty flight with only two other guests so I got to sit co-pilot for some extra special views. 

The tour was great and sigh...",False
adored,情感/评价词,E1_E2_Candidate,1,1,"review_83c94c4f2a77cff19ac765f1 :: My brother and I wanted to do something amazing for mom's bday. We originally looked at helicopter tours, but they are over priced and shorter- after discovering wings over kauaii,...",False
affect,情感/评价词,E1_E2_Candidate,1,1,"review_0eda7d3ec1403196e919ddfd :: JT was our pilot.  He was informative and lots of fun.  He had smooth take-offs and landings.  He also took us where the winds wouldn't affect the ride.  Smooth ride, great fun.  I...",False
aggravate,情感/评价词,E1_E2_Candidate,1,1,"review_106ed0bd166fec6500715cf1 :: My husband and I had a great time on our flightseeing trip with Wings Over Kauai. The captain, Bruce, makes you feel completely comfortable and it helps tremendously that he is so ...",False
aid,情感/评价词,E1_E2_Candidate,1,1,"review_2c936441bbc2f31d7558ce47 :: Words cannot describe how amazing this tour is.

From the office staff, to the ground crew, to the pilot; these people are fantastic.  The pilot went over all the emergency necessi...",False
airy,情感/评价词,E1_E2_Candidate,1,1,"review_7f14b6f7410dc178b97067f9 :: This was by far the best activity we had on our 10 day trip to Oahu and Kauai.  You cannot digest the amount of beauty we saw in just a little over an hour.
Pros:1- amazing staff, ...",False
alike,情感/评价词,E1_E2_Candidate,1,1,"review_be59fcb99b0add1dc982d912 :: We booked a half hour flight with another couple that told us the gentleman was flying on the recommendation of his psychologist.  He got pretty nervous after takeoff, Pilot Fred t...",False
alive,情感/评价词,E1_E2_Candidate,1,1,"review_805f0f83dc9d78bb6029b2d5 :: I have been to the Canyon several times over the past 30 years.  This tour made the experience of the area come alive.  Fabulous guides, well organized and I can honestly say it wa...",False
altered,情感/评价词,E1_E2_Candidate,1,1,"review_681ebe64c98f4b8a5b4c4097 :: Our flight last month (August 11) with Talkeetna Air Taxi was spectacular.

Starting with our making the reservation back in March, their friendly service made everything easy.  We...",False
altering,情感/评价词,E1_E2_Candidate,1,1,"review_c0db4527b6536f3554ec0a66 :: Expensive?  I guess it depends on your income and perspective.  I've paid more (much more) than this for a single night in a hotel.  This was my first ride in a helicopter, which m...",False
altogether,情感/评价词,E1_E2_Candidate,1,1,"review_20a5d0a4abc1952fcfbb43d0 :: Had a flight seeing tour with K2. We couldn't do the glacier landing due to weather conditions but nevermind, we still very much enjoyed that our. We saw dramatic landscape, glacie...",False
amelia,情感/评价词,E1_E2_Candidate,1,1,"review_c2cf3a39174367dcf04b81a4 :: This was a great experience from start to finish.    Unlike other helicopter and airplane tours there were no hidden fees, no gimmicks, no up-sells, just first class service.  Book...",False
anticipate,情感/评价词,E1_E2_Candidate,1,1,"review_8fb0289d7f93a08e80e48b52 :: This is a very special experience, if the weather cooperates.  The team at TAT was great at finding a time to reschedule us so that we could make it happen.  The pilot was great, t...",False
antsy,情感/评价词,E1_E2_Candidate,1,1,"review_4768dcf354a32240c2d04616 :: Aside from the opportunity to soak in some gorgeous and dramatic views of the island, the whole-island tour was an especially enjoyable trip for a pilot. I had originally wanted to...",False
apocalypse,情感/评价词,E1_E2_Candidate,1,1,"review_c0db4527b6536f3554ec0a66 :: Expensive?  I guess it depends on your income and perspective.  I've paid more (much more) than this for a single night in a hotel.  This was my first ride in a helicopter, which m...",False
apology,情感/评价词,E1_E2_Candidate,1,1,review_23a113d11dbade10f436d4ed :: I specifically booked on K2 for their reviews. Flew 7+hrs from houston to anchorage and this was supposed to be my highlight for my trip. i was booked with K2 for sat 9/3 for a tou...,False
apparent,情感/评价词,E1_E2_Candidate,1,1,review_77c0447250aa8cd086d225e2 :: We did the connoisseur trip to the South Rim.  Our bus arrived exactly on time to take us to the airport.  The driver did seem like he was in a hurry & was short with some of the p...,False
appease,情感/评价词,E1_E2_Candidate,1,1,"review_77341391cb13d175af149c1d :: My wife is not a good flyer, even on a 767, let alone a little Cessna or the like. There was no way I could get her on a helicopter tour, so the doors off experience wasn't going t...",False
appointed,情感/评价词,E1_E2_Candidate,1,1,"review_ce23c1ddd00fe162177658fe :: To be fair, I want to say upfront that this review focuses not only on the provider but also on Trip Advisor (based on the comments of the owner/vendor that Trip Advisor is horribl...",False
appreciative,情感/评价词,E1_E2_Candidate,1,1,review_bfd57d15a7e6de7e1824ebd8 :: The wife and I would rate this experience was one of our all time bests. Air Ventures is very professional and appreciative and treats everyone like royalty. We did a helicopter to...,False
arctic,情感/评价词,E1_E2_Candidate,1,1,"review_7bbe5f17c5ccf78fd605ad3d :: From the front reception area to preparing for take off to our amazing pilot from the Arctic, this tour was astonishing. We were blessed with a beautiful sunny day with big white p...",False
art,情感/评价词,E1_E2_Candidate,1,1,review_6bb556e3652223af04ca94ba :: Matt U was the most accommodating person as we prepped for our trip into Denali. We stayed three nights at kantishna roadhouse (which was lovely) but we might just stay at the KAT ...,False
asset,情感/评价词,E1_E2_Candidate,1,1,"review_44a6abc033a9cf0681f767cd :: I have been coming to Kauai for the last six years, but this is the first air tour and it was awesome.  I highly recommend it for the most comprehensive and complete tour of the is...",False
assume,情感/评价词,E1_E2_Candidate,1,1,"review_40e77be79faeb9c29e779422 :: The Hoover Dam, Lake Mead, Mojave desert and Grand Canyon by air was spectacular, and we can only assume far better than trying to see far less of the same sights from the ground b...",False
assuring,情感/评价词,E1_E2_Candidate,1,1,review_0b31283b0371e7ce912fb6b0 :: Booked air land and river through Bestof Kauai- had issue with  that but pilot  Eric was layed back and assuring during 60+ minute flight. Saw a few whales and the terrrain is s wo...,False
atrocious,情感/评价词,E1_E2_Candidate,1,1,review_6a47be99fb4fa07329ef3cce :: WORST EXPERIENCE EVER !! We booked the Red Baron biplane at least 8 months in advance through a well known tour operator in Hawaii. On the day before we were to take the tour as a ...,False
attack,情感/评价词,E1_E2_Candidate,1,1,"review_c0db4527b6536f3554ec0a66 :: Expensive?  I guess it depends on your income and perspective.  I've paid more (much more) than this for a single night in a hotel.  This was my first ride in a helicopter, which m...",False
attesting,情感/评价词,E1_E2_Candidate,1,1,review_6d2e6bb73c4b8bc5c6d144b0 :: We were picked up at our cruise ship dock by a driver with a van and taken to the take-off site.  Senior pilot Mike took us on an approximately 70 minute round-trip into the fiords...,False
attractive,情感/评价词,E1_E2_Candidate,1,1,"review_41a563f4922bd0a8f48a5bac :: our pilot was great!!
the attractive ""seasoned"" lady behind the counter who seemed to be running the young ladies there was excellent.  She was warm, friendly and efficient....",False
avid,情感/评价词,E1_E2_Candidate,1,1,review_2314eff01c8d91698d1ba747 :: My girlfriend and I wanted to do something unique and memorable on our Maui vacation. This was it. We really wanted to see the Molokai sea cliffs and the unfortunate landslide on t...,False
avoided,情感/评价词,E1_E2_Candidate,1,1,review_2098cb60a465cdf7288bc71e :: No favourite part - the whole trip was fascinating.  Ray's knowledge of the island and it's weather (he avoided the rain) is quite amazing.  Check in was a breeze!...,False
avoiding,情感/评价词,E1_E2_Candidate,1,1,review_851a5bdf00994b0c39d27c82 :: Westwind was the easiest to work with. They are very accommodating in answer your questions if you have any. Westwind also keep you updated on any changes that might be needed. Our...,False
award,情感/评价词,E1_E2_Candidate,1,1,"review_7cd1afc1532ba6ca69afe686 :: This company deserves to be given the golden buzzer award for being the worst company in Miami. We paid double the price to reach to the airport, we were left waiting with no one t...",False
babbling,情感/评价词,E1_E2_Candidate,1,1,review_ff282b470223120e69c6a4b8 :: This flightseeing trip was the pinnacle of 2 weeks of amazing experiences.  Words and pictures fail to convey what a flight around McKinley is like. I thought that upon landing my ...,False
backed,情感/评价词,E1_E2_Candidate,1,1,"review_e1d12b9707aa08ac9ec95339 :: The schedule was a bit backed up after a few days of bad weather, but these folks handled things with professionalism, courtesy and good humor. We never felt out of the loop while ...",False
backing,情感/评价词,E1_E2_Candidate,1,1,"review_d3e304f726d1296b2ca6fff6 :: Both the tours left from Grand Canyon National Airport. Both I booked through Papillon, but Helicopter left from Papillon section of the airport whereas Scenic Canyon River Adventu...",False
banner,情感/评价词,E1_E2_Candidate,1,1,"review_83c94c4f2a77cff19ac765f1 :: My brother and I wanted to do something amazing for mom's bday. We originally looked at helicopter tours, but they are over priced and shorter- after discovering wings over kauaii,...",False
bearable,情感/评价词,E1_E2_Candidate,1,1,review_8fc23fecb45ba0ee94242f62 :: We are a family with 4 children ages 12 to 19 and spent a week on Kauai.  We really wanted to do an air tour with our kids but the cost of a helicopter flight would have been well ...,False
beating,情感/评价词,E1_E2_Candidate,1,1,review_90ae941636917345fd7de0d3 :: We had a very limited amount of time in Alaska and wanted to maximize it. I've never done a flight tour but thought it was our only chance to see Denali. We drove to talkeetna gett...,False
beg,情感/评价词,E1_E2_Candidate,1,1,"review_ebb70b11c29e696fbd1d4b9d :: Both K2 and Talkeetna Air Taxi (TAT) get my highest recommendation. Follow along with the bouncing ball, kids, as our tale unfolds:

Pre-booked directly with TAT about a month befo...",False
blanket,情感/评价词,E1_E2_Candidate,1,1,"review_41716a5751434d2a939a0149 :: Hawaii is a long flight that I've taken on other airlines... never again, when I go back it will be Hawaiian for sure.  Plenty of leg room, free TV,  cell phone charger on every se...",False
blasted,情感/评价词,E1_E2_Candidate,1,1,"review_575bc17bf52d8269ff09080a :: Went on the Canyon Spirit tour.. my daughter was in a good spot, got great pics & enjoyed every minute!! 
This was my second time with Maverick & I was a bit disappointed... the mi...",False
bless,情感/评价词,E1_E2_Candidate,1,1,"review_ce23c1ddd00fe162177658fe :: To be fair, I want to say upfront that this review focuses not only on the provider but also on Trip Advisor (based on the comments of the owner/vendor that Trip Advisor is horribl...",False
blessing,情感/评价词,E1_E2_Candidate,1,1,"review_f193344d5a43239eb196c4f9 :: Due to weight restrictions, our flight was delayed until a smaller pilot could arrive. That was a blessing in disguise as both the weather improved, and we got Piper for our pilot....",False
blindfolded,情感/评价词,E1_E2_Candidate,1,1,"review_83c94c4f2a77cff19ac765f1 :: My brother and I wanted to do something amazing for mom's bday. We originally looked at helicopter tours, but they are over priced and shorter- after discovering wings over kauaii,...",False
blip,情感/评价词,E1_E2_Candidate,1,1,"review_c602155441c88a5da2dca24a :: Company was referred to us by another, who could not accommodate plus size. These folks picked up up at Anchor Cove Mall (free shuttle from cruise ship), fast ride to airport. 
Eri...",False
blob,情感/评价词,E1_E2_Candidate,1,1,review_70df274c833981b998eb4917 :: We thoroughly enjoyed our one hour flight over this beautiful island. Our pilot Kevin was great. Lots of commentary so we knew what we were looking at. He told us a little of the h...,False
bluff,情感/评价词,E1_E2_Candidate,1,1,"review_1f377517682947b322f1c517 :: My wife Cindy and I traveled to Kauai in early March.  Since the Napali coastline is only accessible by air or sea, we planned to take a flight over the Island.
The first day we sc...",False
boiled,情感/评价词,E1_E2_Candidate,1,1,"review_d89c114dd0974c648044ff65 :: This is a great way to see Kauai that is more economical than the helicopter tours, about half the price.  Book online to save, you'll get DVD free, although not of your actual pla...",False
bolder,情感/评价词,E1_E2_Candidate,1,1,"review_084acea0cb7d3d6be4f0a2f2 :: Excellently organised, from pick up, tour and drop off. Booked afternoon Delux tour 1055-2000! Pick up via bus to Bolder airport (30 mins), flight over Hoover Dam and west Rim (I t...",False
bond,情感/评价词,E1_E2_Candidate,1,1,review_00357a55e0864e624ae6120e :: This is a very well run and professional company.  Our pilot provided a good explanation of what we were seeing and turned the plane around so passengers on both sides could get a ...,False
bottomless,情感/评价词,E1_E2_Candidate,1,1,review_245da47986fab9418c4a2c33 :: I booked a flight-seeing trip and was surprised after paying to be told that we were upgraded to a glacier landing and theGrand Denali Tour.  I was leary of this as I had thought a...,False
bound,情感/评价词,E1_E2_Candidate,1,1,"review_8b9e0dc5c5d87b98d2a06acb :: Great professionalism and unsurpassed scenery.  Pay the extra fee for the glacier landing. I grew up in Alaska and have visited Denali Park at least 30 times. Nevertheless, I'd nev...",False
brain,情感/评价词,E1_E2_Candidate,1,1,review_c765b5e7676ff96bb64c9185 :: We did the Denali experience with a landing on the Eldridge Glacier and I can confidently say it was in the top 5 experiences of my life. I felt like a child again soaring past she...,False
brave,情感/评价词,E1_E2_Candidate,1,1,review_8ceba716d54cfdc5651bb151 :: We had a wonderful experience with Wings Over Kaui. From the first phone call everyone we dealt with was pleasant and helpful. I don't really like to fly so I was nervous about bei...,False
breezy,情感/评价词,E1_E2_Candidate,1,1,"review_9cc7f75454279a64d83e8067 :: I've been to the Grand Canyon a few times - always to the South Rim, like most people.  When my wife said she'd never been and it was on her bucket list, I started planning.  I fig...",False
brilliantly,情感/评价词,E1_E2_Candidate,1,1,"review_1a4bc7cb7ba2d0cb72ff594d :: Hubby and I debated spending money on this, esp including glacier landing. SOOO GLAD we did!!!  we only had 2 nights in Talkeetna so scheduled 11 am 1st day to give us a 2nd day po...",False
brown,情感/评价词,E1_E2_Candidate,1,1,"review_e0e1dd521e77a4007403c8e6 :: I took a HAL cruise in June 2010 and booked this excursion through the ship.  The bus was there to pick us up right on time but there was a bit of a traffic jam of buses, so we got...",False
browse,情感/评价词,E1_E2_Candidate,1,1,"review_168aab1a1f0b80f2400963aa :: This was a spectacular flight! We had a sunny day and Denali was out in all it's glory.
Our pilot Stan started off with all the safety features and then after we were securely in o...",False
bug,情感/评价词,E1_E2_Candidate,1,1,"review_1ed21d1c248429f6fb3bf95e :: We chose Air Ventures for our air tour recently based on recommendations on Trip Advisor. We arrived to the airport early for our tour, checked in, weighed in with everything we we...",False
bumpier,情感/评价词,E1_E2_Candidate,1,1,"review_23347cb011e96c6a2177a1b3 :: The staff at family owned business is very friendly. Bruce, our pilot is very engaging and made sure to engage us all and check that we were all comfortable. The headsets allow us ...",False
bumping,情感/评价词,E1_E2_Candidate,1,1,"review_6711a03e3c4ae4934b07f47e :: First of all, in prearranging this trip I was so happy with the friendliness of the staff. The day of our scheduled tour, May 30, 2012,  the weather turned a bit cloudy as it got c...",False
buoyant,情感/评价词,E1_E2_Candidate,1,1,"review_aeffe92844e0341d0482bf45 :: A truly exceptional experience to fly above one of out planet's greatest wonders.
They are a highly professional team and courteous to boot.
With trepidation I embarked on the jour...",False
burn,情感/评价词,E1_E2_Candidate,1,1,"review_c503f060e1522d96b60e8dca :: In late Jan I took my wife on this tour for her BD. While I’ve spent numerous hours (military’s & law enforcement) aboard helicopters, she had never experienced it...
nor had she e...",False
burned,情感/评价词,E1_E2_Candidate,1,1,"review_c721c20c2006095542a72c18 :: No need to read any further -- just book a flightseeing trip with Talkeetna Air Taxi and if you can, make sure you do the glacier landing by Mt. McKinley. My family and I went up o...",False
burnt,情感/评价词,E1_E2_Candidate,1,1,"review_49d3db9eba1fafce587178d0 :: Although we had to reschedule the tour to a morning due to high wind, this tour exceeds all my expectations. Canyonlands is notoriously inaccessible due to the lack of paved roads ...",False
bust,情感/评价词,E1_E2_Candidate,1,1,review_b23fa99800d7c20a23c8a4be :: Our family took this flight with a glacier landing. I wrestled with whether to do the landing or not and decided to go ahead and book it knowing that many times they get cancelled....,False
buying,情感/评价词,E1_E2_Candidate,1,1,review_e92605a8f219f4fb7113e7cc :: My new husband and I were in Kauai for the second half of our honeymoon. My one thing that I had to do was go on an air-tour of the Island. Honestly what initially drew me to Wings...,False
buzz,情感/评价词,E1_E2_Candidate,1,1,review_1d7e472c4d990cd7ddc0927d :: Having done the trip to Traitors Cove recently I have no hestitaion in recommending SeaWind Aviation. I was made to feel welcome by Lesley right from the outset. A real family busi...,False
bypass,情感/评价词,E1_E2_Candidate,1,1,"review_bede8cf9543d144f65b0c6d1 :: My wife and I were very worried that our flight would be cancelled due to inclement weather but after a few telephone calls from the very helpful staff, the flight was brought forw...",False
calmer,情感/评价词,E1_E2_Candidate,1,1,"review_86bd6193f824d794bcf2deb5 :: When you pick an aerial solution to fly over Kauai, you have basically two choices - helicopters or fixed wing aircraft.

Air ventures represents the best solution on Kauai for the...",False
carefree,情感/评价词,E1_E2_Candidate,1,1,"review_e79cf3a7f8937f62d92afb5c :: A full day adventure visiting the west side of the Grand Canyon. Ryan, our pilot and guide, was very knowledgeable and super nice. Seeing a part of Arizona from above was interesti...",False
cast,情感/评价词,E1_E2_Candidate,1,1,review_70df274c833981b998eb4917 :: We thoroughly enjoyed our one hour flight over this beautiful island. Our pilot Kevin was great. Lots of commentary so we knew what we were looking at. He told us a little of the h...,False
catty,情感/评价词,E1_E2_Candidate,1,1,review_c1a3d665ab5d4d3e6f256dfb :: We booked the morning flight over Canyonlands NP before leaving Moab for Mesa Verde. It was a perfect October morning with clear skiy and no movements in the air. Our pilot was ver...,False
centerpiece,情感/评价词,E1_E2_Candidate,1,1,review_0ae0cc514123b97a33da9514 :: This was a bucket-list flight for my husband and me and the centerpiece of our trip/cruise to Alaska. We were fortunate to have Patrick as our pilot. He was experienced and very kn...,False
certified,情感/评价词,E1_E2_Candidate,1,1,review_76de317a35f6686a80c61d84 :: We took a flight around Kauai with Bruce (the owner/pilot) in the smaller Cessna 172 and had a great time.  I'm a student pilot and sought out WOK because Bruce is a certified flig...,False
chaotic,情感/评价词,E1_E2_Candidate,1,1,"review_55ac9eb57f418679510ed1e9 :: This was really difficult to rate.  The experience itself (flying around Denali and landing on a glacier) is a full 5 star experience.  If there was no other operator in Talkeetna,...",False
cheapest,情感/评价词,E1_E2_Candidate,1,1,"review_642bbafb1e1acaeb7b792de8 :: Booked the flight and luau package on the phone (super easy to book), and got a reminder email and phone call the day before the flight. Location is easy to find (right after LIH m...",False
cheerfully,情感/评价词,E1_E2_Candidate,1,1,"review_0eb891565b48a8217c71c654 :: K-2 Aviation is the best.   They are friendly and fun, while being professional at the same time.  Making a reservation was easy, and I called back a couple of times to confirm, si...",False
chicken,情感/评价词,E1_E2_Candidate,1,1,"review_1f225670816335d77f852059 :: Kauai is our favorite island. There’s just something different about it. It has a different feel, a different vibe. Maybe it’s the chickens everywhere, or the cattle or the more ma...",False
chief,情感/评价词,E1_E2_Candidate,1,1,review_bb36aa248e311798526ecff3 :: Everything about this glacier tour and landing was absolutely perfect. We were thrilled to ride in the de Haviland Otter with pilot Sean. What a day!  One of the pilots was overhea...,False
chilled,情感/评价词,E1_E2_Candidate,1,1,"review_4002b14844a9fdb69e609624 :: The staff are cordial and warm. They called us in advance to warn us about inclement weather and cancellation of the tour on the day in question. The day of the tour , we arrived t...",False
classy,情感/评价词,E1_E2_Candidate,1,1,review_666e1f42eced3751f3747622 :: 5STARS ALL THE WAY: once in a lifetime moment! OK but so this is really a response to another  4 star review that honestly I had a problem with reading because everyone is such a c...,False
claustrophobic,情感/评价词,E1_E2_Candidate,1,1,review_aa13884aeefdbbcacd63a44a :: We were scheduled to do a different tour and ended up not being able to do it.  (Due to bad knees).  We came across a brochure for Wings Over Kauai Air Tours.  We decided to try it...,False
cleanest,情感/评价词,E1_E2_Candidate,1,1,review_bf159253fba2c35375dc9ce7 :: I had a flightseeing tour with glacier landing with K2 Aviation and it was AMAZING. That was the highlight of my Alaska trip. Seeing the mountains so close as if you could touch th...,False
cleanliness,情感/评价词,E1_E2_Candidate,1,1,"review_7cd1afc1532ba6ca69afe686 :: This company deserves to be given the golden buzzer award for being the worst company in Miami. We paid double the price to reach to the airport, we were left waiting with no one t...",False
clearing,情感/评价词,E1_E2_Candidate,1,1,review_390b0e9d9b7b398b22b1ed0d :: Had a great experience with the Talkeetna Air Taxi.  We were originally scheduled for Friday and the weather wasn't looking to great.  Showed up and asked if it would be possible t...,False
clever,情感/评价词,E1_E2_Candidate,1,1,review_bb3a9cb8ec67e136fcaefc32 :: Had a great time! Cool vintage plane! Perfect amount of time and narration. Oren was a clever guide. Highly recommend. Our teenager loved it....,False
climbed,情感/评价词,E1_E2_Candidate,1,1,"review_3f9d9e691bbc962b5340eef9 :: My wife and I took the Grand Denali with Glacier landing flightseeing trip with TAT and loved it!  We had a great pilot, Chris. He was very friendly and informative guide pilot and...",False
closest,情感/评价词,E1_E2_Candidate,1,1,"review_62065bd2615e8936538e71b3 :: You cannot go wrong snagging a flight to the Alaska Mountain Range and Denali up close. While it seems like a scary thing to do, I felt safe 100% of the time. The reward was the cl...",False
cohesive,情感/评价词,E1_E2_Candidate,1,1,"review_942ca886fbd16117029bd247 :: I'm from Utah and have been visiting Moab for over 20 years, but always from the ground. Flying over the landscape for the first time brought a life's worth of experiences into one...",False
combine,情感/评价词,E1_E2_Candidate,1,1,"review_b4ed9d4c0cace398e5a1792c :: This was an awesome way to see the whole island of Kauai!  Our Pilot, Eric, was awesome.  Great info about the island as we flew.  Beautiful waterfalls, canyons, beaches.  A great ...",False
combining,情感/评价词,E1_E2_Candidate,1,1,"review_f9990e343b7a0719e8e50514 :: Knowing my love of flying my wife got me the 1 hour instructional flight over Kauai for my birthday. This was the perfect birthday present, combining an opportunity to fly with the...",False
commercialized,情感/评价词,E1_E2_Candidate,1,1,"review_6c2d1a87ab2b69e1a1dd0847 :: We flew with owner and pilot Bruce of ""Wings over Kauai"", after he was recommended to us by our B&B the day before. It was fantastic, to say the least! Highly recommendable, especi...",False
committed,情感/评价词,E1_E2_Candidate,1,1,"review_ebb70b11c29e696fbd1d4b9d :: Both K2 and Talkeetna Air Taxi (TAT) get my highest recommendation. Follow along with the bouncing ball, kids, as our tale unfolds:

Pre-booked directly with TAT about a month befo...",False
compensate,情感/评价词,E1_E2_Candidate,1,1,review_dcf6ae72be94429a425b9bdc :: We booked tour months ago for our first Alaskan  Cruise.  Had been told seaplane tour was incredible and not to be missed.  We arrived dockside at meeting place. Had to wait 15 min...,False
compensated,情感/评价词,E1_E2_Candidate,1,1,"review_d1dfcb69be6315d42fc6e8f8 :: DISCLAIMER: I’m a tour professional living and working here in Alaska and not compensated in any way for this review. I do it because these operators are my FELLOW ALASKANS. 

Ther...",False
complained,情感/评价词,E1_E2_Candidate,1,1,"review_028c21bc90a0dfe1f6761d46 :: We chose plane due to size of the Grand Canyon. Very happy with the choice as plane gives better coverage. Yes you can get helicopter rides covering same distance, which are 2x the...",False
completing,情感/评价词,E1_E2_Candidate,1,1,review_c2990eb96fa76c7a2e8341d4 :: We just completed our first Grand Canyon visit and the Scenic River Canyon Tour was the absolute best part of the trip. The entire tour could not have ran smoother. We arrived at t...,False
complex,情感/评价词,E1_E2_Candidate,1,1,"review_7d804c40d2d83587e91cdedf :: I was able to easily arrange a complex vacation involving 3 destinations and tours w the help of their incredibly flexible staff, particularly Lindsey but all helpful and accommoda...",False
compliance,情感/评价词,E1_E2_Candidate,1,1,"review_2a67dff0977ab1e1a6ec02e2 :: Kauai really can only be appreciated in its entirety from the air.  Ellen's ""Wings Over Kauai"" accomplishes the mission with safety, competence, and a keen appreciation for the cus...",False
complimented,情感/评价词,E1_E2_Candidate,1,1,"review_f3cad2d0d28657d2e80ee4d8 :: This was always going to rate highly for me. I love flying, I love nature, so I had high expectations. All of them were met and exceeded. 

Rivers, the pilot, was a professional th...",False
concerning,情感/评价词,E1_E2_Candidate,1,1,review_fd4437b56a3ec4848da84a98 :: We communicated via email with Ellen concerning our reservations. She provided detailed information promptly to our queries. Our 60-minute trip was set to depart on a Thursday afte...,False
confused,情感/评价词,E1_E2_Candidate,1,1,"review_7cd1afc1532ba6ca69afe686 :: This company deserves to be given the golden buzzer award for being the worst company in Miami. We paid double the price to reach to the airport, we were left waiting with no one t...",False
congestion,情感/评价词,E1_E2_Candidate,1,1,"review_1a669aadab9ac6039b916058 :: This company is very well organized and its employees are professional and customer-focused. We took the 9:00 Arches-Canyonlands air tour, 50 minutes, in a beautiful Kodiak turbo-p...",False
congratulation,情感/评价词,E1_E2_Candidate,1,1,"review_97b964c03459bcded991d1c0 :: We recommend to fly with this company.
We are very enjoyed by this large tour. It's was an amazing tour, wonderful views and very good comments of Jeroen. 
Congratulations for this...",False
conscience,情感/评价词,E1_E2_Candidate,1,1,"review_d89c114dd0974c648044ff65 :: This is a great way to see Kauai that is more economical than the helicopter tours, about half the price.  Book online to save, you'll get DVD free, although not of your actual pla...",False
considerate,情感/评价词,E1_E2_Candidate,1,1,review_7e177567afae1e69f99b0625 :: Booked Air Ventures Hawaii on Kauai for a same week excursion. We found them on Tinggly and saw their reviews on that site before booking. It was an amazing decision! I have been o...,False
console,情感/评价词,E1_E2_Candidate,1,1,review_c2990eb96fa76c7a2e8341d4 :: We just completed our first Grand Canyon visit and the Scenic River Canyon Tour was the absolute best part of the trip. The entire tour could not have ran smoother. We arrived at t...,False
consoling,情感/评价词,E1_E2_Candidate,1,1,review_991d84feb3ae62295d8cf899 :: We had booked a 45 min plane trip and the views were stunning. Best views on left of plane (if they always go that way round). Went over the canyon to the North rim and back round....,False
constructive,情感/评价词,E1_E2_Candidate,1,1,review_62f2360afc9e4b6707094923 :: This was a wonderful experience. Our private guide called ahead and we were told that the planes were doing the tour but landing on the glacier was not guaranteed for our particula...,False
continent,情感/评价词,E1_E2_Candidate,1,1,"review_ebb70b11c29e696fbd1d4b9d :: Both K2 and Talkeetna Air Taxi (TAT) get my highest recommendation. Follow along with the bouncing ball, kids, as our tale unfolds:

Pre-booked directly with TAT about a month befo...",False
continuous,情感/评价词,E1_E2_Candidate,1,1,"review_1fe7b796395cf2ecac91e147 :: Our family of 4 booked this trip due to limited time during our vacation to see the Grand Canyon.  I thought it would the perfect solution and sounded like fun.  I have two girls, ...",False
contrary,情感/评价词,E1_E2_Candidate,1,1,"review_c4e918eedbed49349a333a93 :: This is expensive, but worth every penny. If you visit the Grand Canyon and can afford it, we recommend you do it. For us it was one, if not the, highlight on our extended US trip ...",False
contributed,情感/评价词,E1_E2_Candidate,1,1,"review_c4e918eedbed49349a333a93 :: This is expensive, but worth every penny. If you visit the Grand Canyon and can afford it, we recommend you do it. For us it was one, if not the, highlight on our extended US trip ...",False
converted,情感/评价词,E1_E2_Candidate,1,1,"review_d3e304f726d1296b2ca6fff6 :: Both the tours left from Grand Canyon National Airport. Both I booked through Papillon, but Helicopter left from Papillon section of the airport whereas Scenic Canyon River Adventu...",False
coordinate,情感/评价词,E1_E2_Candidate,1,1,"review_2d3f2a00e6ef98ca5161d902 :: The pilots are excellent, friendly, knowledgeable, and skilled. 

But, don’t get your weight estimate wrong or Keith at the front desk will talk down to you as if you lied on purpo...",False
coordination,情感/评价词,E1_E2_Candidate,1,1,"review_b241dd3384839bc487012204 :: Loved the flight ... the plane came in to Friday Harbor a bit late (about 10 minutes), and for those of us used to constant updates on delayed flights on the regularly scheduled ma...",False
cornucopia,情感/评价词,E1_E2_Candidate,1,1,"review_c2cf3a39174367dcf04b81a4 :: This was a great experience from start to finish.    Unlike other helicopter and airplane tours there were no hidden fees, no gimmicks, no up-sells, just first class service.  Book...",False
corresponding,情感/评价词,E1_E2_Candidate,1,1,review_5d9eea119504a77b7f64c33f :: So the BF and I were debating whether to view the Na Pali Coast by water or air.  I made the executive decision to do both.  We did the cheaper sunset cruise with Captain Andy's th...,False
countless,情感/评价词,E1_E2_Candidate,1,1,"review_b0d8f2531e22a7c84e3c9ad3 :: My girlfriend and I had our Hawaii vacation planned for almost six months.  The #1 activity we wanted to do was a flight over the island.  Months of research, countless hours of re...",False
coy,情感/评价词,E1_E2_Candidate,1,1,"review_3eba0f65b43dff5c1af77881 :: We didn't get to do the Grand Denali due to clouds but Our pilot, Coy, did a great job giving us a memorable flight....",False
crane,情感/评价词,E1_E2_Candidate,1,1,review_cd99fa7cf0b86078e979d2af :: Having come to Moab on and off for 40 years we finally tried an aerial tour last year as a great for my 79 year old dad.  It was a spectacular trip then.  So much so that dad paid ...,False
crappy,情感/评价词,E1_E2_Candidate,1,1,"review_1c3fa7922ca781304caf6f20 :: Unfortunately the cloud ceiling in the Gorge prevented us from doing most of the trip. However, the pilot, David, made a big fuss showing my 5 year old grandson the plane, let him ...",False
crazed,情感/评价词,E1_E2_Candidate,1,1,review_b0217b73fa2d49d7679ca1b5 :: We took the flight and I realized that I should have done this the first day of our vacation.  We waited a week for our relatives and they got the benefit of the overview that woul...,False
creates,情感/评价词,E1_E2_Candidate,1,1,"review_4768dcf354a32240c2d04616 :: Aside from the opportunity to soak in some gorgeous and dramatic views of the island, the whole-island tour was an especially enjoyable trip for a pilot. I had originally wanted to...",False
criticism,情感/评价词,E1_E2_Candidate,1,1,review_62f2360afc9e4b6707094923 :: This was a wonderful experience. Our private guide called ahead and we were told that the planes were doing the tour but landing on the glacier was not guaranteed for our particula...,False
crooked,情感/评价词,E1_E2_Candidate,1,1,"review_297816c223f0885e99c4fc19 :: For a first timer, nothing tops a fly over the spectacular sights of this island. And AirVenture did it best thanks to their exceptional ground and air staff. Our pilot Eric, who c...",False
crunch,情感/评价词,E1_E2_Candidate,1,1,review_23a113d11dbade10f436d4ed :: I specifically booked on K2 for their reviews. Flew 7+hrs from houston to anchorage and this was supposed to be my highlight for my trip. i was booked with K2 for sat 9/3 for a tou...,False
crusty,情感/评价词,E1_E2_Candidate,1,1,"review_169e5a3568f60120e12de242 :: A bike ride over the Golden Gate Bridge, lunch on the waterfront in Sausalito, and a 30 min ride in a vintage aircraft on floats to see the city. This has to be the perfect way to ...",False
curious,情感/评价词,E1_E2_Candidate,1,1,review_5d9eea119504a77b7f64c33f :: So the BF and I were debating whether to view the Na Pali Coast by water or air.  I made the executive decision to do both.  We did the cheaper sunset cruise with Captain Andy's th...,False
curt,情感/评价词,E1_E2_Candidate,1,1,"review_55ac9eb57f418679510ed1e9 :: This was really difficult to rate.  The experience itself (flying around Denali and landing on a glacier) is a full 5 star experience.  If there was no other operator in Talkeetna,...",False
damage,情感/评价词,E1_E2_Candidate,1,1,"review_32b57cd5f038b7130108aefc :: Ellen, Bruce and Joshua are a great team and make their customers feel welcome and relaxed.  I had come to Kauai specifically to see the Na Pali coast by air (since i could no long...",False
dash,情感/评价词,E1_E2_Candidate,1,1,"review_84dbea7cdf699fa49ad38b5a :: We enjoyed our flight around Denali.  Even though it was a warm and sunny day in Talkeetna, you could not see the mountain due to haze.  We were able to see the summit on the Grand...",False
deeper,情感/评价词,E1_E2_Candidate,1,1,review_e4b16b8da4752193a6653719 :: Much of Kauai is very difficult to reach and you see much more from the air.  We went with the airplane instead of the helicopter because it also included a number of land adventur...,False
degraded,情感/评价词,E1_E2_Candidate,1,1,review_641866daade55fe429557808 :: Unfortunately Denali was socked in with weather. Also the glaciers had degraded to the point of no landings. We were very sad. K2 offered us an option to Knik. It was UNBELIEVABLE!...,False
delivering,情感/评价词,E1_E2_Candidate,1,1,review_88233bbf2cf1d5676ac5babe :: Jim was our pilot.  This flight is everything you read about.. but it is the way that Jim did it that made you feel like you were experiencing what Alaskans see and do every day.  ...,False
deluxe,情感/评价词,E1_E2_Candidate,1,1,review_37b8eb0ab3c75d1d317b2217 :: We took the Grand Canyon Deluxe tour to the South Rim of the Grand Canyon.  The view from the plane was amazing.  The canyon is much more grand at the South Rim vs the West Rim.  T...,False
demonstrated,情感/评价词,E1_E2_Candidate,1,1,"review_b89a9b881058c0163814d3a4 :: Our pilot, Kevin, is an outstanding, seasoned pilot and a fantastic tour guide for Kauai.  He demonstrated an excellent knowledge of Kauai and it's history, and constantly showed c...",False
denied,情感/评价词,E1_E2_Candidate,1,1,"review_fe566c581798d89f19f642e5 :: My husband and I were rained or otherwise ""bad-weathered"" out of every adventure we planned on Kauai.  Couldn't hike Kalalau due to the river crossing being flooded. 
Couldn't kaya...",False
denying,情感/评价词,E1_E2_Candidate,1,1,"review_ce23c1ddd00fe162177658fe :: To be fair, I want to say upfront that this review focuses not only on the provider but also on Trip Advisor (based on the comments of the owner/vendor that Trip Advisor is horribl...",False
desirable,情感/评价词,E1_E2_Candidate,1,1,"review_f5388b1e976e59c78115bdce :: We came for a flight seeing tour of Denali but due to weather weren’t able to fly that day. I wish I had known to check my email on the morning of the trip, it would have saved me ...",False
desire,情感/评价词,E1_E2_Candidate,1,1,"review_d1dfcb69be6315d42fc6e8f8 :: DISCLAIMER: I’m a tour professional living and working here in Alaska and not compensated in any way for this review. I do it because these operators are my FELLOW ALASKANS. 

Ther...",False
desired,情感/评价词,E1_E2_Candidate,1,1,review_72d9c8056fd07697854926f3 :: Wow! The view and experience was wonderful! Our pilot was courteous and polite. He rotated the seating on the return trip so that everyone had the opportunity to have a front seat ...,False
desperate,情感/评价词,E1_E2_Candidate,1,1,review_93002c7973ba2bb5ce9edb94 :: My husband and I were desperate to take a flight over Kauai but were concerned we wouldn't be able to because of our children being so young (3yrs and 1yr). We stumbled across Wing...,False
dicey,情感/评价词,E1_E2_Candidate,1,1,"review_4daf0fb093b07e2809472518 :: Absolutely fantastic! My wife had never flown in a small plane and loved it. Stan is a great pilot and narrator. We were supposed to have the Grand Tour with glacier landing, but w...",False
dickey,情感/评价词,E1_E2_Candidate,1,1,"review_8337766c754ccb6b00491057 :: The Denali Experience was the highlight of our Alaskan trip! Thank you Patrick for a smooth and informative flight! Seeing the glaciers, Denali, Mt Hunter, Mt Dickey, etc up close ...",False
digest,情感/评价词,E1_E2_Candidate,1,1,"review_7f14b6f7410dc178b97067f9 :: This was by far the best activity we had on our 10 day trip to Oahu and Kauai.  You cannot digest the amount of beauty we saw in just a little over an hour.
Pros:1- amazing staff, ...",False
diluted,情感/评价词,E1_E2_Candidate,1,1,"review_0fd62b59dfddedcc4ce37b1b :: We arrived in good time and after  paying and being weighed for the correct distribution within the helicopter, we sat and waited for the 3 other passengers. The area you sit and w...",False
diminish,情感/评价词,E1_E2_Candidate,1,1,review_feb05c0de2d93e479a274df0 :: all 3 air taxi companies in the area are located close by and they make a similar trip with a landing on ruth glacier or other glacier. this flightseeing trip was absolutely worth ...,False
disadvantage,情感/评价词,E1_E2_Candidate,1,1,"review_2a5d985709d9161c55eb8f32 :: We wanted to visit the Napali Coast, but it's only available by air or boat.  We looked into the boat cruises.  The one we looked at started at 8am and would take 5 hours.  There w...",False
disappear,情感/评价词,E1_E2_Candidate,1,1,review_40218ad4ba76808d65afcb75 :: Expensive but has to be done. Flying over the edge and seeing the canyon disappear in front of you is awesome. Brilliant experience....,False
disguise,情感/评价词,E1_E2_Candidate,1,1,"review_f193344d5a43239eb196c4f9 :: Due to weight restrictions, our flight was delayed until a smaller pilot could arrive. That was a blessing in disguise as both the weather improved, and we got Piper for our pilot....",False
dislike,情感/评价词,E1_E2_Candidate,1,1,"review_c856f82267fe41a066d92b14 :: Recommended to us by a friend who said before you do anything else on the island you should see it by air first. 

On that note, I booked the trip and we arrived and checked in eas...",False
dismay,情感/评价词,E1_E2_Candidate,1,1,review_b3611bb117be728e25d5ddec :: We had booked the 11 am tour online even before we reached Kauai. We called ahead and the person who answered told us we could come by 10:45 am or so. We reached round about then o...,False
dissipate,情感/评价词,E1_E2_Candidate,1,1,review_b23fa99800d7c20a23c8a4be :: Our family took this flight with a glacier landing. I wrestled with whether to do the landing or not and decided to go ahead and book it knowing that many times they get cancelled....,False
distortion,情感/评价词,E1_E2_Candidate,1,1,"review_b6bd85765d015fa8b2a194ac :: Last Wednesday on a day with a few highish clouds we flew on a tour with Air Ventures of Kaua'i, the most westerly of the tourist-visited Hawaiian islands.  Unlike the standard hel...",False
disturbing,情感/评价词,E1_E2_Candidate,1,1,"review_0180711bcc1e4157afe5b416 :: We opted for a 45 minute flight in a Twin Otter Vistaliner to see more of the GC instead of going on the Skywalk.  It cost a little more but was sure worth it.  At check in, be pre...",False
dos,情感/评价词,E1_E2_Candidate,1,1,"review_26852a512277b5deece08a3f :: I had the pleasure of a late afternoon ""The Big Kahuna"" air tour this week with Air Ventures Hawaii that was a FANTASTIC full tour of Kauai.

The views from the plane were amazing ...",False
downfall,情感/评价词,E1_E2_Candidate,1,1,review_9e87a35dfb44bc3f8360acd0 :: We did a plane tour over the canyon with Grand Canyon Airlines out of the nearby airport right outside the park entrance. We had scheduled a helicopter tour with Papillion but it w...,False
downgraded,情感/评价词,E1_E2_Candidate,1,1,review_afccae9eb0627b411c87b1ad :: The flightseeing experience is great and was the highlight of our 2 week trip to Alaska. The pilot was experienced and knowledgeable and gave us lots of information as we were flyi...,False
dramatically,情感/评价词,E1_E2_Candidate,1,1,"review_6711a03e3c4ae4934b07f47e :: First of all, in prearranging this trip I was so happy with the friendliness of the staff. The day of our scheduled tour, May 30, 2012,  the weather turned a bit cloudy as it got c...",False
dreaming,情感/评价词,E1_E2_Candidate,1,1,"review_66a4fcc5850ed47eb61fb160 :: Booked 4 on the Grand Denali flight. The weather was great, and the views were unbelievable. Our pilot, Sean, did a great job of making sure everyone got a good view and told us lo...",False
dressed,情感/评价词,E1_E2_Candidate,1,1,"review_575bc17bf52d8269ff09080a :: Went on the Canyon Spirit tour.. my daughter was in a good spot, got great pics & enjoyed every minute!! 
This was my second time with Maverick & I was a bit disappointed... the mi...",False
dubbed,情感/评价词,E1_E2_Candidate,1,1,"review_1c3fa7922ca781304caf6f20 :: Unfortunately the cloud ceiling in the Gorge prevented us from doing most of the trip. However, the pilot, David, made a big fuss showing my 5 year old grandson the plane, let him ...",False
dud,情感/评价词,E1_E2_Candidate,1,1,review_47e9f17d519fa4004e785903 :: Booked our glacier landing on a whim as we walked through town. If you do the first flight (8:00am) or the last one out (6:00pm) they give you the landing for the price of the fly ...,False
duke,情感/评价词,E1_E2_Candidate,1,1,"review_603484d00d0d607f724ac1d0 :: Customer Service Outstanding! Experience was superb! Thank you Leslie, Naomi, Eric and Ilse. 

Joan & Duke...",False
dumb,情感/评价词,E1_E2_Candidate,1,1,"review_ef7296aa882565d5f5eb5972 :: got to sit in copilots seat and got some great shots with my DSLR, landed on the glacier and didn't fall into a fissue and die, which apparently can happen. Nobody puked, no turbul...",False
dynamic,情感/评价词,E1_E2_Candidate,1,1,"review_389ef05347a1156d41434876 :: We decided to splurge during our visit to Kauai and booked a private flight on Wings Over Kauai's Cessna 172.  It was a bit more expensive than the group flight on the Caravan, but...",False
echo,情感/评价词,E1_E2_Candidate,1,1,"review_100f971005b7a9cfb5d5cc02 :: To echo all of the other very positive reviews, we had a great experience flying with Wings Over Kauai.  The friendliness and helpfulness of all of the staff (family) at Wings was ...",False
eden,情感/评价词,E1_E2_Candidate,1,1,"review_edcc580a9239430ec0ff6a95 :: Excellent customer service from beginning to end. Our pilot, Felix, was extremely professional, competent and lots of fun. He explained every step of the safety procedures and was ...",False
educate,情感/评价词,E1_E2_Candidate,1,1,"review_326278fa113713267c43c809 :: Professional, engaging pilot- unsurpassable views of one of natures greatest wonders along with fascinating detail.  Our tour began in Sedona and included a Pink Jeep tour of the c...",False
elusive,情感/评价词,E1_E2_Candidate,1,1,review_bf159253fba2c35375dc9ce7 :: I had a flightseeing tour with glacier landing with K2 Aviation and it was AMAZING. That was the highlight of my Alaska trip. Seeing the mountains so close as if you could touch th...,False
embarrassed,情感/评价词,E1_E2_Candidate,1,1,review_46ddfd4445283a6a81911504 :: Booked the Grand Canyon Discovery Tour and very unimpressed with how short the flight time was (less than ten minutes total) with a short photo op stop on a ridge in the canyon.  O...,False
enables,情感/评价词,E1_E2_Candidate,1,1,"review_d0b50a89028b16af69ba8a3e :: The greater bay area Seaplane tour enables its passengers to get a spectacular view from the air, to see the scale and beauty of San Francisco. My family members and I thoroughly e...",False
enabling,情感/评价词,E1_E2_Candidate,1,1,"review_38ba6174b8e46ae33a391bac :: The float plane ride over the Misty Fjords was incredible.  One amazing view after another.  Our pilot/guide, Mike Hudgins, was very informative and executed a flawless water landi...",False
encompassing,情感/评价词,E1_E2_Candidate,1,1,"review_0ce4003f979133c9c8390ce6 :: We did this on our third day and really were glad that we did. We did the 1-hour tour and got the free DVD for booking online. (By the way, the DVD is worth it if you book online a...",False
encouragement,情感/评价词,E1_E2_Candidate,1,1,"review_5a0e4e9f0943a2aaeba54fd8 :: I wasn't sure at first if flying over Kauai was for me, but with encouragement from my friend Sheila I signed up. It turned out to be one of the best things I did on the Island...a...",False
endeavor,情感/评价词,E1_E2_Candidate,1,1,review_bccf76dbe099c0ff44ed28bf :: Excellent Customer Service and very willing to work with our climbing team schedule. They also provided us with transportation around Talkeetna. The employees were very kind and sh...,False
endless,情感/评价词,E1_E2_Candidate,1,1,review_74b0557c2d01db73132cf24b :: Had a smooth flight and great pilot to take us to the West Rim.  Then an AMAZING helicopter ride down to the bottom of the canyon and boat ride which gave a wonderful perspective o...,False
endorse,情感/评价词,E1_E2_Candidate,1,1,"review_7027dc0a8fae23d9bc8d69a2 :: The K2 Aviation team went above and beyond tommake sure we were able to have the full experience, even though we booked a little last minute. The flightseeing tour was awesome and ...",False
endure,情感/评价词,E1_E2_Candidate,1,1,review_edc52fa4c757cf3ff86ff036 :: I really wanted to see Denali. I didn't want to endure a long bus ride to do it. We opted to take a flight-see with a glacier landing on the Routh Glacier. We circled the mountain ...,False
enhance,情感/评价词,E1_E2_Candidate,1,1,review_b76070ff5c05b6a2315389ee :: This was a chance of a lifetime experience! Every part of the adventure was easy and so worth the money. To see the Grand Canyon from above was something that my kids will remember...,False
enlightening,情感/评价词,E1_E2_Candidate,1,1,"review_a6425ff1171e21e3392aa88c :: The personnel at Air Ventures cordial, helpful and polite.  I would recommend their services to anyone wanting to get a great aerial view of the Island of Kawaii.

Our pilot, rob, ...",False
enthralled,情感/评价词,E1_E2_Candidate,1,1,"review_eb0c2bb6de3d5ffa9eac3e15 :: We took the around Denali flight over an hour on a beautiful day. Perfect weather ,great pilot ""Nick"". When we got there there were some questions as to if we should take this more...",False
enthusiastically,情感/评价词,E1_E2_Candidate,1,1,review_8294fe79e0415f552542ed94 :: The flight was enjoyable but not earth shattering like promoted! Pilot Patrick was doing a job not actively enthusiastically participating so I’d rate that part as average. Without...,False
ethical,情感/评价词,E1_E2_Candidate,1,1,review_8f25deba5bd0af152a384b9b :: K2 Aviation s a first class company in every way. We were scheduled to go up on one of their tours over Denali on June 30th. We were told that it was clouded in and we would not se...,False
everlasting,情感/评价词,E1_E2_Candidate,1,1,"review_3c17998e1f55e06446f35026 :: First off let me say that taking an air tour in a small airplane is much better than doing it in a helicopter. It's quieter, smoother and much less intrusive to the spirit of Mana....",False
excellently,情感/评价词,E1_E2_Candidate,1,1,"review_084acea0cb7d3d6be4f0a2f2 :: Excellently organised, from pick up, tour and drop off. Booked afternoon Delux tour 1055-2000! Pick up via bus to Bolder airport (30 mins), flight over Hoover Dam and west Rim (I t...",False
excuse,情感/评价词,E1_E2_Candidate,1,1,"review_feb2301965baf7cd372cbd1f :: It's Alyssa Jacey, the singer/songwriter you hosted on the private helicopter tour! I have been MEANING to review this and my only excuse is that I went on tour! I've opened for Br...",False
exhausting,情感/评价词,E1_E2_Candidate,1,1,review_8405aa4c5aaa1a8476e0746a :: We took the Grand canyon Airlines scenic tours from the Papillon Helicopter rides.  We opted for the all day airplane ride vs the helicopter as we wanted to be able to walk around ...,False
existent,情感/评价词,E1_E2_Candidate,1,1,review_6a47be99fb4fa07329ef3cce :: WORST EXPERIENCE EVER !! We booked the Red Baron biplane at least 8 months in advance through a well known tour operator in Hawaii. On the day before we were to take the tour as a ...,False
exposure,情感/评价词,E1_E2_Candidate,1,1,review_8ee4a6bccff05f135f8789a2 :: This was the first stop on my Alaskan vacation and it was by far the most memorable.  A Talkeetna Air driver picked me up in this picturesque town (think Northern Exposure) and dro...,False
extends,情感/评价词,E1_E2_Candidate,1,1,"review_5ab15cddb69e0ce2399273b0 :: Eric of Maui Plane Rides gave us the opportunity of a life time to see Maui from a bird's eye perspective and actually fly the plane. He had the second steering wheel of course, an...",False
extolled,情感/评价词,E1_E2_Candidate,1,1,"review_9f9111190c4a6d851371d2f7 :: We want to express our appreciation to Chip Sonn, our K2 pilot for our fantastic late afternoon/evening flight excursion while recently visiting Talkeetna, Alaska.  As part of our ...",False
fab,情感/评价词,E1_E2_Candidate,1,1,review_93edde89556ac2c4ba88b280 :: What great hosts Ellen and Bruce are for this flying excursion. They obviously enjoy what they do. A fab way to see they island and learn from a local about the history and what it...,False
facing,情感/评价词,E1_E2_Candidate,1,1,"review_8ceddeaacd0a802fbb1fb5df :: Matt, our pilot, did a great job. Our flight was over Denali and the entire South facing range. The base operations were efficient and staff well trained....",False
fail,情感/评价词,E1_E2_Candidate,1,1,review_ff282b470223120e69c6a4b8 :: This flightseeing trip was the pinnacle of 2 weeks of amazing experiences.  Words and pictures fail to convey what a flight around McKinley is like. I thought that upon landing my ...,False
failing,情感/评价词,E1_E2_Candidate,1,1,"review_77341391cb13d175af149c1d :: My wife is not a good flyer, even on a 767, let alone a little Cessna or the like. There was no way I could get her on a helicopter tour, so the doors off experience wasn't going t...",False
faint,情感/评价词,E1_E2_Candidate,1,1,"review_301487c14ea1cd33ccc8039b :: Our family had a great time on the combination tour including a flight over the Grand Canyon, a walk through Antelope Canyon, and a float trip down the Colorado River.  The trip wa...",False
false,情感/评价词,E1_E2_Candidate,1,1,"review_d89c114dd0974c648044ff65 :: This is a great way to see Kauai that is more economical than the helicopter tours, about half the price.  Book online to save, you'll get DVD free, although not of your actual pla...",False
familiarity,情感/评价词,E1_E2_Candidate,1,1,review_f0e662a3504510a954b64744 :: A highlight of our trip to Alaska was flightseeing with Steve of SeaWind Aviation.  We chose SeaWind instead of the cruiseship's tour and were delighted with our decision.  Our fam...,False
fantasy,情感/评价词,E1_E2_Candidate,1,1,"review_1f225670816335d77f852059 :: Kauai is our favorite island. There’s just something different about it. It has a different feel, a different vibe. Maybe it’s the chickens everywhere, or the cattle or the more ma...",False
fat,情感/评价词,E1_E2_Candidate,1,1,"review_a5656605bf7e6118c9e9cc30 :: I'm a local, and I won this flight off of the radio.
Making reservations was a breeze, they had plenty of seats available. Their webcam made it easy for me to monitor the weather b...",False
fatality,情感/评价词,E1_E2_Candidate,1,1,"review_0cf8290af6a3504f8b5f33d9 :: We had a wonderful time on our flight with Wings Over Kauai! I had looked at helicopter tours as well, but we chose a fixed-wing flight because it's far safer (check out Kauai Unde...",False
faulty,情感/评价词,E1_E2_Candidate,1,1,review_392a53ec2d555818303675b4 :: Wonderful aerial tour of this beautiful island. Our pilot was great. My only issue was a faulty headset so I missed a lot of the in-flight narrative....,False
favor,情感/评价词,E1_E2_Candidate,1,1,review_433ee9cdb612a1be49d51792 :: Wow! A must do when you are even near the Miami area. I moved to Miami in 1984 and I now live about 90 miles north of Miami. This is a must do and do yourself a favor and take the ...,False
favorable,情感/评价词,E1_E2_Candidate,1,1,review_b802e336f8468eebf1ef047a :: Our McKinley tour with a glacier landing with Talkeetna Air Taxi was the highlight of all the many things that we did on our visit to Alaska.  We chose TAT because of the reviews w...,False
feared,情感/评价词,E1_E2_Candidate,1,1,"review_b4defed8dabe04d3de367e4c :: Awesome service. Our pilot, Bruce, made a point to keep track of all our names and interacted with each of us by name throughout the flight. A very nice touch. We actually flew thr...",False
feat,情感/评价词,E1_E2_Candidate,1,1,"review_0917d8623f4e90596a7ec3bf :: I have never flown in a 6 seater plane, was very nervous but knew if the weather was clear that I must do it. The sun was out, our pilot Leeann is a 3rd generation woman pilot and ...",False
featured,情感/评价词,E1_E2_Candidate,1,1,review_abaf5c97739b36311cf3cf8c :: We chose to fly with Wings over Kauai because their rates were very competitive (especially compared to the helicopter tour with the Pride of America!). I was greeted with a kukui ...,False
feed,情感/评价词,E1_E2_Candidate,1,1,"review_ed4ac2a77e08629545e6ce8d :: My husband and I took a flight with K2 Avation from Talkeetna into, around and through the Alaska Mtn Range that will forever be in our memories and our photo album and our screens...",False
final,情感/评价词,E1_E2_Candidate,1,1,"review_5fae50970794d683aa609b40 :: We absolutely loved our flight with our pilot LeeAnn. I was nervous about flying in a small plane, but she was so experienced, confident, and knowledgeable. Her narration was perfe...",False
fired,情感/评价词,E1_E2_Candidate,1,1,"review_c47a8f0a85e514d042ad1889 :: Though TAT doesn't *need* more praise, my experience with them was simply so phenomenal that I have to give them yet another Excellent review. This is a top-notch company with some...",False
firm,情感/评价词,E1_E2_Candidate,1,1,"review_0f072aa75be5e880f7274946 :: This was something we wanted to do the entire trip and searched long and hard for the right one. After doing our research, we decided on Air Ventures and we were not disappointed!!...",False
flash,情感/评价词,E1_E2_Candidate,1,1,"review_6ef58810689aa0e845f29436 :: Our group had bad weather (flash flood warning) the day we were supposed to do the plane ride. Fortunately, the rescheduled day worked out and we had an amazing view of the island ...",False
flood,情感/评价词,E1_E2_Candidate,1,1,"review_6ef58810689aa0e845f29436 :: Our group had bad weather (flash flood warning) the day we were supposed to do the plane ride. Fortunately, the rescheduled day worked out and we had an amazing view of the island ...",False
flooded,情感/评价词,E1_E2_Candidate,1,1,"review_fe566c581798d89f19f642e5 :: My husband and I were rained or otherwise ""bad-weathered"" out of every adventure we planned on Kauai.  Couldn't hike Kalalau due to the river crossing being flooded. 
Couldn't kaya...",False
flop,情感/评价词,E1_E2_Candidate,1,1,review_35ec6803cedb11c1ad7a28f5 :: My wife and i did the 30 minute plane ride and this was way too short.  We should have done the hour or two hour as time went by so quickly.  You really do appreciate things when y...,False
focussed,情感/评价词,E1_E2_Candidate,1,1,"review_33d5b1cdc1227cc5b314729d :: My wife and I had the pleasure to enjoy the highest level of flight and customer experience with Jill and Ray from AirVentures. When the weather wasn‘t great on our first flight, t...",False
fond,情感/评价词,E1_E2_Candidate,1,1,review_43e2704a338ca38d38a0b8a7 :: Seeing the Garden Island from a plane with a pilot as cool and knowledgeable as Bruce is one of those experiences that will always be a fond memory. We highly recommend seeing Kaua...,False
ford,情感/评价词,E1_E2_Candidate,1,1,"review_d66e90566721eb43ce156304 :: I choose to fly with Sea-Wind on my Alaska trip last year, they are a wonderful family run operation, Steve and Leslie are the best. As a former pilot myself, Steve is an excellent...",False
foremost,情感/评价词,E1_E2_Candidate,1,1,"review_b98a8c7a635b5573302508d8 :: Outstanding and reasonably priced (compared to the helicopters). We saw all of Kauai, especially the Na Pali coast. Try morning tours, weather is always foremost. Only 6 people per...",False
forgetting,情感/评价词,E1_E2_Candidate,1,1,"review_5f4e671ccad47d143fc7d8c4 :: First time in a small plane but wow! what an experience. Very friendly service right from the emails with Ellen that arranged the trip, through the free pick up and drop off servic...",False
forgo,情感/评价词,E1_E2_Candidate,1,1,"review_b4dab5b5520ebba45ff84b9e :: Original plan was to fly around Denali and land with glacier landing.  Weather did not cooperate and we had to take a shorter route and forgo the landing but, the trip was very wel...",False
formal,情感/评价词,E1_E2_Candidate,1,1,"review_e1281af34725779a02dd4420 :: Fun, friendly, a little less formal than the published brochure. Photography through a window is tough do to glare off glass - you will wind up with a reflection of yourself in mos...",False
formidable,情感/评价词,E1_E2_Candidate,1,1,"review_aeffe92844e0341d0482bf45 :: A truly exceptional experience to fly above one of out planet's greatest wonders.
They are a highly professional team and courteous to boot.
With trepidation I embarked on the jour...",False
forthright,情感/评价词,E1_E2_Candidate,1,1,"review_d1dfcb69be6315d42fc6e8f8 :: DISCLAIMER: I’m a tour professional living and working here in Alaska and not compensated in any way for this review. I do it because these operators are my FELLOW ALASKANS. 

Ther...",False
frankly,情感/评价词,E1_E2_Candidate,1,1,review_0b5b314e6afb25f8dff5666d :: We had only one day in Kauai while visiting the islands on a cruise.  I had read these reviews and so booked the flight for our group of 4.  I am so glad I did!  They could not be ...,False
freak,情感/评价词,E1_E2_Candidate,1,1,review_88233bbf2cf1d5676ac5babe :: Jim was our pilot.  This flight is everything you read about.. but it is the way that Jim did it that made you feel like you were experiencing what Alaskans see and do every day.  ...,False
freaked,情感/评价词,E1_E2_Candidate,1,1,"review_a19752fc168832cd2f61f8a0 :: It was fantastic we had a beautiful clear day.  The pilot was amazing, I was some what freaked out flying in a small plane but he flew with grace!   Landing on the glacier was the ...",False
freaking,情感/评价词,E1_E2_Candidate,1,1,review_90ae941636917345fd7de0d3 :: We had a very limited amount of time in Alaska and wanted to maximize it. I've never done a flight tour but thought it was our only chance to see Denali. We drove to talkeetna gett...,False
friendliest,情感/评价词,E1_E2_Candidate,1,1,"review_4307dc4b3a2eea6bea40ce11 :: Bruce and Ellen and very personable and engaging.  What a terrific job of making you feel a part of the process!  For those who have not flown on a small plane, Bruce does an excel...",False
frowning,情感/评价词,E1_E2_Candidate,1,1,"review_b0f34c63770cd33dc3f5de34 :: We took the air tour on the STOL (short take off and landing) aircraft and were not disappointed.  We did the Grand Discovery Air Tour, a 45 minute narrated run about the Canyon th...",False
fulfillment,情感/评价词,E1_E2_Candidate,1,1,"review_3fabab1c18329fdb94e0581c :: The day before my Air Ventures Hi flight, I had an amazing conversation with a helicopter tour across the street. I was the 1st for the next tour which required 6 passengers. No on...",False
funky,情感/评价词,E1_E2_Candidate,1,1,review_a0b726bcbd79ffd1083baa7d :: This was the highlight of our trip to Alaska.  The scenery is breathtaking and the glacier landing is really fun too.  Our pilot (Alex) had tons of experience (thousands of hours f...,False
gained,情感/评价词,E1_E2_Candidate,1,1,review_b50e09f566d1053472a04056 :: My friend was visiting from out of town and wanted to experience some of Alaska's glaciers up close and personal.  She booked up a flight on Sunday night and as luck would have it ...,False
gca,情感/评价词,E1_E2_Candidate,1,1,review_d965e03b2454499d85542108 :: These Folk are very professional and adept at their tasks. The trip includes pick up and return from your LV accomodation and a bus trip out to Boulder City Airport. This trip in i...,False
generic,情感/评价词,E1_E2_Candidate,1,1,review_5d9eea119504a77b7f64c33f :: So the BF and I were debating whether to view the Na Pali Coast by water or air.  I made the executive decision to do both.  We did the cheaper sunset cruise with Captain Andy's th...,False
glaciated,情感/评价词,E1_E2_Candidate,1,1,"review_8b9e0dc5c5d87b98d2a06acb :: Great professionalism and unsurpassed scenery.  Pay the extra fee for the glacier landing. I grew up in Alaska and have visited Denali Park at least 30 times. Nevertheless, I'd nev...",False
gloom,情感/评价词,E1_E2_Candidate,1,1,"review_11c9d80933dfc6ee6d645364 :: After poor weather cancelled our flight the first day, we were pleasantly surprised to get to fly the following morning.  Weather on the mountain was stunning, especially compared ...",False
glow,情感/评价词,E1_E2_Candidate,1,1,"review_d1dfcb69be6315d42fc6e8f8 :: DISCLAIMER: I’m a tour professional living and working here in Alaska and not compensated in any way for this review. I do it because these operators are my FELLOW ALASKANS. 

Ther...",False
goodness,情感/评价词,E1_E2_Candidate,1,1,"review_4e0c84b1fe480dcc319f91b4 :: My family of 5 recently took an AirVan ride touring the island of Kauai. We got there early, and were offered books to peruse while we waited. Josh was our pilot. He was very knowl...",False
gourmet,情感/评价词,E1_E2_Candidate,1,1,"review_53179d527df5fe91bf19d962 :: We went on the 4th of July with K2 to do a ""fly and hike.""  The lady who was the owner drove us to the lake where we caught the water airplane.  She was really nie and personable. ...",False
graphic,情感/评价词,E1_E2_Candidate,1,1,"review_ebb70b11c29e696fbd1d4b9d :: Both K2 and Talkeetna Air Taxi (TAT) get my highest recommendation. Follow along with the bouncing ball, kids, as our tale unfolds:

Pre-booked directly with TAT about a month befo...",False
greener,情感/评价词,E1_E2_Candidate,1,1,review_638b81e2eb664ae99329e108 :: I am glad that my friends and I went in December so that the water falls were fuller and the green was greener.  Harry was very informative about what we were viewing and Air Ventu...,False
grip,情感/评价词,E1_E2_Candidate,1,1,"review_0930d1db0561f69c5706708f :: If you're at all nervous about flying in small aircraft, my advice would be to just get over it, or you're going to miss an an unbelievable experience. We took the Arches and Canyo...",False
gripe,情感/评价词,E1_E2_Candidate,1,1,"review_9d3eaa0a88e516a0261e52f8 :: We had originally thought about doing a helicopter trip of the Canyon, but several people who'd visited suggested the airplane tour was better. We decided to go for it and weren't ...",False
grouping,情感/评价词,E1_E2_Candidate,1,1,"review_dc45d63bc507e13c165b83bc :: Talkeetna Air Taxi was more like a Limo.  Great service, very experienced pilot and overall concern for the guests.  We were scheduled to go up and weather forced us to reschedule ...",False
gruffness,情感/评价词,E1_E2_Candidate,1,1,review_b50e09f566d1053472a04056 :: My friend was visiting from out of town and wanted to experience some of Alaska's glaciers up close and personal.  She booked up a flight on Sunday night and as luck would have it ...,False
guaranteeing,情感/评价词,E1_E2_Candidate,1,1,review_7064a05b2504b32394f846c4 :: I thank Chris the Pilot for providing the most spectacular views and most entertaining history of formation of Denali National Park. From the description of size of some of the big...,False
gushing,情感/评价词,E1_E2_Candidate,1,1,"review_6d89a83a7e6c40e34fc3fabb :: From start to finish, our flightseeing tour from Talkeetna to Mt. McKinley, landing on Ruth Glacier was jaw-droppingly wonderful. I've lived in Alaska for almost 40 years and thoug...",False
hairless,情感/评价词,E1_E2_Candidate,1,1,review_5e9f4457d9f08f4eedd05d8b :: Harry the hairless pilot did a great job pointing out the best local attractions. We did our tour in the open cockpit biplane early in our visit and it was a great help deciding wh...,False
ham,情感/评价词,E1_E2_Candidate,1,1,"review_1fe7b796395cf2ecac91e147 :: Our family of 4 booked this trip due to limited time during our vacation to see the Grand Canyon.  I thought it would the perfect solution and sounded like fun.  I have two girls, ...",False
handicap,情感/评价词,E1_E2_Candidate,1,1,"review_38ba6174b8e46ae33a391bac :: The float plane ride over the Misty Fjords was incredible.  One amazing view after another.  Our pilot/guide, Mike Hudgins, was very informative and executed a flawless water landi...",False
handicraft,情感/评价词,E1_E2_Candidate,1,1,"review_d3e304f726d1296b2ca6fff6 :: Both the tours left from Grand Canyon National Airport. Both I booked through Papillon, but Helicopter left from Papillon section of the airport whereas Scenic Canyon River Adventu...",False
hardest,情感/评价词,E1_E2_Candidate,1,1,review_6652df99468887fcfbf00257 :: Great views at a fraction of the cost of the helicopter. Our pilot was easy going and informative very conversational. the girl who works in the office is the hardest working girl ...,False
harried,情感/评价词,E1_E2_Candidate,1,1,"review_b241dd3384839bc487012204 :: Loved the flight ... the plane came in to Friday Harbor a bit late (about 10 minutes), and for those of us used to constant updates on delayed flights on the regularly scheduled ma...",False
health,情感/评价词,E1_E2_Candidate,1,1,"review_95bc2c8f514c7369ecb0bc7e :: I was blessed to be able to send my husband, and my boys, on a flight that they never would have treated themselves to. The pilot arrived on time, let me snap some pictures, and an...",False
heap,情感/评价词,E1_E2_Candidate,1,1,review_5d85427f1f8e53f13fafbcf4 :: We drove past Alaska Bush Plane on our way down to Talkeetna so came across them purely by chance as opposed to researching them first which is what we usually do but what a find t...,False
heating,情感/评价词,E1_E2_Candidate,1,1,"review_4768dcf354a32240c2d04616 :: Aside from the opportunity to soak in some gorgeous and dramatic views of the island, the whole-island tour was an especially enjoyable trip for a pilot. I had originally wanted to...",False
heavier,情感/评价词,E1_E2_Candidate,1,1,"review_c953e7d03bf994fca6d74d5d :: A helicopter trip is the best way to really appreciate the scale of the Grand Canyon and Maverick are a very professional outfit. Our pilot, Mike, was friendly, amusing, knowledgab...",False
heaviest,情感/评价词,E1_E2_Candidate,1,1,"review_3f9667b9fe70e5e09f16ac40 :: The views are great but I expected to get more action for the cash. Ask if the helicopter is fully booked, if you get a seat in the back in the middle you probably won't enjoy it v...",False
heavily,情感/评价词,E1_E2_Candidate,1,1,"review_cc9bb85db1273e550ea2d2cf :: The rule of thumb is that there is a 1 in 3 chance of seeing Denali (Mt. McKinley) without cloud cover. However, on those days that Denali is in the open a flight is a must if your...",False
hero,情感/评价词,E1_E2_Candidate,1,1,review_e5996502cc2b42e659234e8a :: We took the Grand Canyon landing tour for our anniversary and it was a fantastic experience. They are a quality company using modern helicopters. This tour takes you over the Hoove...,False
hesitancy,情感/评价词,E1_E2_Candidate,1,1,review_b5b0e8c69a1888eb640268f9 :: The folks at Talkeetna Air Taxi made our entire experience very enjoyable.  The weather had been overcast for days prior to our flight and the staff was very patient and understand...,False
hilarious,情感/评价词,E1_E2_Candidate,1,1,"review_af9c2e4c708b6ef1ddffbdef :: We booked this as part of a Viator package to see Alcatraz and it completely blew us away.  We were a party of 4 - two adults, a ten year old and a 4 year old.  Despite a total fea...",False
hint,情感/评价词,E1_E2_Candidate,1,1,"review_4cfbfd070d05b499dd977606 :: There are a few places in the world where pictures just don't work.  The Grand Canyon, the Sistine Chapel, the Dancing House of Prague to name a few.  What you will see on a glacie...",False
hitting,情感/评价词,E1_E2_Candidate,1,1,review_70df274c833981b998eb4917 :: We thoroughly enjoyed our one hour flight over this beautiful island. Our pilot Kevin was great. Lots of commentary so we knew what we were looking at. He told us a little of the h...,False
homey,情感/评价词,E1_E2_Candidate,1,1,"review_e65c32c5e52dca46bc302655 :: Words cannot express how awesome our flight over Kauai with Bruce was. It definitely was the highlight of our vacation in Kauai. At half the price of the helicopter tours, our Wing...",False
horribly,情感/评价词,E1_E2_Candidate,1,1,review_5dee9eb38a64b1bef266d8a5 :: The Air Ventures plane tour was amazing & the staff was the best! The staff was so friendly & the pilot was funny & made our tour fun & informative. My husband also got motion sick...,False
humble,情感/评价词,E1_E2_Candidate,1,1,"review_d0b50a89028b16af69ba8a3e :: The greater bay area Seaplane tour enables its passengers to get a spectacular view from the air, to see the scale and beauty of San Francisco. My family members and I thoroughly e...",False
humoured,情感/评价词,E1_E2_Candidate,1,1,"review_4c604ac573a5ee974b8076dc :: My friends and I -(4) were picked up at the Sedona airport by Colby, our pilot.
He stayed with us throughout the whole experience and we couldn´t have hoped for a more pleasant, go...",False
husky,情感/评价词,E1_E2_Candidate,1,1,review_4d9de080656d8496f54a201d :: We were traveling with our two young teenage granddaughters and took a K2 Aviation flight through the glacier fields and then on to the airport in Anchorage.  The weather was not c...,False
hygiene,情感/评价词,E1_E2_Candidate,1,1,"review_7cd1afc1532ba6ca69afe686 :: This company deserves to be given the golden buzzer award for being the worst company in Miami. We paid double the price to reach to the airport, we were left waiting with no one t...",False
illustrate,情感/评价词,E1_E2_Candidate,1,1,"review_ebb70b11c29e696fbd1d4b9d :: Both K2 and Talkeetna Air Taxi (TAT) get my highest recommendation. Follow along with the bouncing ball, kids, as our tale unfolds:

Pre-booked directly with TAT about a month befo...",False
inclined,情感/评价词,E1_E2_Candidate,1,1,review_c2990eb96fa76c7a2e8341d4 :: We just completed our first Grand Canyon visit and the Scenic River Canyon Tour was the absolute best part of the trip. The entire tour could not have ran smoother. We arrived at t...,False
incomparable,情感/评价词,E1_E2_Candidate,1,1,review_f539e57249ba4020663d48eb :: Dan was an incredible pilot who made me feel so secure when I was terrified.  It was not scary AT ALL in the end and the views were BREATHTAKING.  This is a MUST do for anyone who ...,False
independently,情感/评价词,E1_E2_Candidate,1,1,review_36b3baa158fda8aa01622f18 :: We were on a cruise and found AirVentures independently while in port on Kauai.  Intended to join a group flight but (fortunately) ended up on an private flight on the Cessna with ...,False
induced,情感/评价词,E1_E2_Candidate,1,1,"review_8b83a22196b388d97bad7a0a :: Bruce and Ellen run an exceptionally personal, friendly, but professional business.  Ellen was responsive to email inquiries and let us add an additional passenger last-minute.  Th...",False
indulged,情感/评价词,E1_E2_Candidate,1,1,"review_4002b14844a9fdb69e609624 :: The staff are cordial and warm. They called us in advance to warn us about inclement weather and cancellation of the tour on the day in question. The day of the tour , we arrived t...",False
industrial,情感/评价词,E1_E2_Candidate,1,1,review_c8c04aed9cd305332764808f :: I encouraged my husband to take the biplane flight/tour. I had no intention of going. My husband and the pilot Mark encouraged me to go along. The front seat holds two. I decided t...,False
inquired,情感/评价词,E1_E2_Candidate,1,1,"review_6711a03e3c4ae4934b07f47e :: First of all, in prearranging this trip I was so happy with the friendliness of the staff. The day of our scheduled tour, May 30, 2012,  the weather turned a bit cloudy as it got c...",False
inspire,情感/评价词,E1_E2_Candidate,1,1,"review_49cf9647abacf6af128bd5f4 :: Everything about Talkeetna Air Taxi oozes experience and professionalism.  From the initial decision process on which flight to take, to the actual flight itself, I could not have ...",False
inspires,情感/评价词,E1_E2_Candidate,1,1,review_fdef5941279118742e7558fa :: We debated helicopter vs plane  and eventually decided on the plane because we would see more and have more time in the air for less money.  I was also motivated by the fact that p...,False
instructing,情感/评价词,E1_E2_Candidate,1,1,"review_f9990e343b7a0719e8e50514 :: Knowing my love of flying my wife got me the 1 hour instructional flight over Kauai for my birthday. This was the perfect birthday present, combining an opportunity to fly with the...",False
interfering,情感/评价词,E1_E2_Candidate,1,1,review_6670c79b00ad8815fd89f5fb :: My wife and I had a fabulous flight with Captain Harry in the Waco biplane. It was a really comfortable flight and a super memorable way to see Kauai with views that few get the ch...,False
intolerable,情感/评价词,E1_E2_Candidate,1,1,"review_ad4c129d7431549c0c82f1a8 :: Three of us signed up for the plane ride about a month in advance. There were really high winds that day (40 mph+), but the company didn't cancel so we went for the ride. 15 minute...",False
invasive,情感/评价词,E1_E2_Candidate,1,1,"review_32b57cd5f038b7130108aefc :: Ellen, Bruce and Joshua are a great team and make their customers feel welcome and relaxed.  I had come to Kauai specifically to see the Na Pali coast by air (since i could no long...",False
inviting,情感/评价词,E1_E2_Candidate,1,1,review_39496617c0521efe63e69b0a :: Our trip was a blast! The Pilot was knowledgeable about the area and made the whole experience fun! The flight was smooth and the scenes were beautiful! The office gals were friend...,False
itching,情感/评价词,E1_E2_Candidate,1,1,"review_4768dcf354a32240c2d04616 :: Aside from the opportunity to soak in some gorgeous and dramatic views of the island, the whole-island tour was an especially enjoyable trip for a pilot. I had originally wanted to...",False
jackpot,情感/评价词,E1_E2_Candidate,1,1,"review_c243e1576485f63bab139282 :: This for sure was a once in a lifetime bucket-list experience! For starters, working with the office was so extremely easy as they had to move our tour 2 different times, and they ...",False
jarring,情感/评价词,E1_E2_Candidate,1,1,"review_7cef0078dac26bfb5c16f22d :: As a family with three young children (all under 6) and another on the way, many of the exciting things to do in Kauai were not practical so we decided to take a plane tour. To be ...",False
jealous,情感/评价词,E1_E2_Candidate,1,1,review_21f52836b887ea5e81a636ac :: Everyone that does the open door helicopter tour will tell you to DO IT. I am telling you try something different and do the BIPLANE. It was fantastic. The tour lasted longer than ...,False
jerky,情感/评价词,E1_E2_Candidate,1,1,review_bfd57d15a7e6de7e1824ebd8 :: The wife and I would rate this experience was one of our all time bests. Air Ventures is very professional and appreciative and treats everyone like royalty. We did a helicopter to...,False
joked,情感/评价词,E1_E2_Candidate,1,1,"review_c503f060e1522d96b60e8dca :: In late Jan I took my wife on this tour for her BD. While I’ve spent numerous hours (military’s & law enforcement) aboard helicopters, she had never experienced it...
nor had she e...",False
jovial,情感/评价词,E1_E2_Candidate,1,1,"review_e5850680238945a96a3caa96 :: This flightseeing tour with subsequent glacier landing was one of the coolest things I have ever done in my life, and one of the few activities where the views and experience is wo...",False
kill,情感/评价词,E1_E2_Candidate,1,1,"review_ebb70b11c29e696fbd1d4b9d :: Both K2 and Talkeetna Air Taxi (TAT) get my highest recommendation. Follow along with the bouncing ball, kids, as our tale unfolds:

Pre-booked directly with TAT about a month befo...",False
kindest,情感/评价词,E1_E2_Candidate,1,1,review_950cee6ab635e5cfc8158e83 :: Where do we even start ! Not only are the views beautiful but the team is the kindest group of people you will meet! It’s everything you could ask for ! Def a must do !...,False
knock,情感/评价词,E1_E2_Candidate,1,1,review_e92605a8f219f4fb7113e7cc :: My new husband and I were in Kauai for the second half of our honeymoon. My one thing that I had to do was go on an air-tour of the Island. Honestly what initially drew me to Wings...,False
kudos,情感/评价词,E1_E2_Candidate,1,1,"review_15637101db16250e89da8999 :: Seeing Denali from the ground is awesone - seeing it from the air is inspiring, truly hard to find the right words.
K2 is a well oiled machine and works a process that leaves nothi...",False
labeled,情感/评价词,E1_E2_Candidate,1,1,review_d73c3c9fc717a65703c2e31e :: We did the shortest tour (not sure if I labeled correctly on review) and it was epic! We saw tons of nature and plenty of awesome landscapes with Denali. Our pilot was knowledgeabl...,False
lapse,情感/评价词,E1_E2_Candidate,1,1,"review_d1dfcb69be6315d42fc6e8f8 :: DISCLAIMER: I’m a tour professional living and working here in Alaska and not compensated in any way for this review. I do it because these operators are my FELLOW ALASKANS. 

Ther...",False
largest,情感/评价词,E1_E2_Candidate,1,1,"review_77f077f9d10e9d2c985ee5f8 :: Fly, walk a glacier, go onto the largest mountain in the Northern Hemisphere, this is the experience of a lifetime.  Don't forget to take a trip with Talkeetna Air Taxi if you're i...",False
lean,情感/评价词,E1_E2_Candidate,1,1,"review_32b57cd5f038b7130108aefc :: Ellen, Bruce and Joshua are a great team and make their customers feel welcome and relaxed.  I had come to Kauai specifically to see the Na Pali coast by air (since i could no long...",False
lecture,情感/评价词,E1_E2_Candidate,1,1,review_49633ea19835e23bf29d8eca :: Our round island flight was one of the highlights of our trip.  It was the perfect way to see the island and find out more about what we wanted to do and where we wanted to go.  I'...,False
legitimacy,情感/评价词,E1_E2_Candidate,1,1,"review_7cd1afc1532ba6ca69afe686 :: This company deserves to be given the golden buzzer award for being the worst company in Miami. We paid double the price to reach to the airport, we were left waiting with no one t...",False
leisured,情感/评价词,E1_E2_Candidate,1,1,"review_b6bd85765d015fa8b2a194ac :: Last Wednesday on a day with a few highish clouds we flew on a tour with Air Ventures of Kaua'i, the most westerly of the tourist-visited Hawaiian islands.  Unlike the standard hel...",False
lends,情感/评价词,E1_E2_Candidate,1,1,review_a55ed73fced14a3fddf0a90e :: This is the best activity you can do in Kauai.  Going up in the air lends you access to places people cannot set foot onto otherwise.  I am so glad we booked with Wings Over Kauai....,False
lenient,情感/评价词,E1_E2_Candidate,1,1,"review_86bd6193f824d794bcf2deb5 :: When you pick an aerial solution to fly over Kauai, you have basically two choices - helicopters or fixed wing aircraft.

Air ventures represents the best solution on Kauai for the...",False
leper,情感/评价词,E1_E2_Candidate,1,1,"review_8c9b1b39f214f1d18492bde7 :: This was the absolute highlight of our trip. We booked with Eric through our condo concierge. As soon as we arrived we knew we were in for an amazing experience. Eric, the owner/op...",False
limitation,情感/评价词,E1_E2_Candidate,1,1,review_dcf6ae72be94429a425b9bdc :: We booked tour months ago for our first Alaskan  Cruise.  Had been told seaplane tour was incredible and not to be missed.  We arrived dockside at meeting place. Had to wait 15 min...,False
limitless,情感/评价词,E1_E2_Candidate,1,1,"review_fb8713e90d49184e70fb129a :: We had flown around the Island on a previous trip by Helicoptor, but flying this time in the Bi-Plane was the ultimate experience.
I cannot priase Val at the front desk, or Kevin t...",False
lined,情感/评价词,E1_E2_Candidate,1,1,review_91b07376e836c82b2b2ff5cc :: We had the open cockpit biplane flight beginning of February after booking online from the UK.  Jill kindly offered to collect/shuttle us from the ABC Store at Anchor Cove Shopping...,False
lively,情感/评价词,E1_E2_Candidate,1,1,"review_87c87c6fa2e4a67ececb02dd :: At the time of booking, we were debating about the drive and cost. But believe me it was worth every penny. Topping that was the friendly staff, awesome pilot from Florida Prof. Me...",False
locking,情感/评价词,E1_E2_Candidate,1,1,review_be8faf48d8d937ed7f366e98 :: K2 Aviation is a super friendly and well-run organization. Views were amazing. So glad my teenage kids got to really see a glacier for what it is. We'd talked about them so much on...,False
loose,情感/评价词,E1_E2_Candidate,1,1,review_7338240f3e2b0d69be620854 :: Was amazing glad we went!  First trip on a plane here at Maui. Flying the plane was exciting.  Hang loose....,False
lose,情感/评价词,E1_E2_Candidate,1,1,"review_4e0c84b1fe480dcc319f91b4 :: My family of 5 recently took an AirVan ride touring the island of Kauai. We got there early, and were offered books to peruse while we waited. Josh was our pilot. He was very knowl...",False
loss,情感/评价词,E1_E2_Candidate,1,1,"review_ebb70b11c29e696fbd1d4b9d :: Both K2 and Talkeetna Air Taxi (TAT) get my highest recommendation. Follow along with the bouncing ball, kids, as our tale unfolds:

Pre-booked directly with TAT about a month befo...",False
lover,情感/评价词,E1_E2_Candidate,1,1,"review_0918b7cbf88b27b0eed5fe55 :: I had a very memorable flight with Ray on the stick and sights of a lifetime viewed out the window.  Both Jill & Ray were extremely friendly, informative and accommodating.  With R...",False
lowered,情感/评价词,E1_E2_Candidate,1,1,review_784b32ca407fb0ab3c960ea9 :: We had an absolutely fabulous time with K2.  Incredible views that left our jaws hanging open.  We saw things we wouldn't have seen any way other than by air.  We were bummed the w...,False
magnificently,情感/评价词,E1_E2_Candidate,1,1,review_7a40d8afa0732a7e16c3bb41 :: My wife and I were in San Francisco visiting family over the Christmas holidays and were given a seaplane tour by our kids for our 35th wedding anniversary. Seaplane Adventures hel...,False
marriage,情感/评价词,E1_E2_Candidate,1,1,review_6b7c5fd9b7037de534038304 :: I wish you had more stars to rate out K2 Aviation experienced.  It was a once in lifetime experience.  We landed on Pica Glacier on a beautiful sunny day.  We even had a marriage p...,False
marvelously,情感/评价词,E1_E2_Candidate,1,1,"review_8b9e0dc5c5d87b98d2a06acb :: Great professionalism and unsurpassed scenery.  Pay the extra fee for the glacier landing. I grew up in Alaska and have visited Denali Park at least 30 times. Nevertheless, I'd nev...",False
master,情感/评价词,E1_E2_Candidate,1,1,review_b3611bb117be728e25d5ddec :: We had booked the 11 am tour online even before we reached Kauai. We called ahead and the person who answered told us we could come by 10:45 am or so. We reached round about then o...,False
material,情感/评价词,E1_E2_Candidate,1,1,review_f0e7db3e681ea042192377ea :: My husband and I took a Wings over Kauai tour in early March 2012.  Bruce and his crew went above and beyond to provide us with an excellent tour- from welcoming us at the door on ...,False
meaningful,情感/评价词,E1_E2_Candidate,1,1,review_aca56d56abe7689fe282c16c :: My girlfriend and I thought this would be the first thing to do before engaging in any activities on the ground.  This tour was amazing and worth every penny!  Even with some cloud...,False
measure,情感/评价词,E1_E2_Candidate,1,1,review_a68ba4cb2385cdaeabd30ca1 :: Awesome.  Simply awesome.  We rode over the Grand Canyon.  We were seated by weight distribution and I was lucky to be seated next to the pilot.  I was very scared before we took o...,False
melted,情感/评价词,E1_E2_Candidate,1,1,"review_e099cae1c2bb904813753615 :: There is no way to experience Canyonlands National Park that is more comprehensive, picturesque, or outright thrilling than a scenic flight. From take off to landing, I was complet...",False
merry,情感/评价词,E1_E2_Candidate,1,1,"review_27ee31e44dec37dd44a492ba :: Eric, the pilot, is a amazing guy doing a great job! He said we are sharing his dream, actually he was making my dream come true by letting my little girl driving a little bit! Sou...",False
mess,情感/评价词,E1_E2_Candidate,1,1,review_be8faf48d8d937ed7f366e98 :: K2 Aviation is a super friendly and well-run organization. Views were amazing. So glad my teenage kids got to really see a glacier for what it is. We'd talked about them so much on...,False
method,情感/评价词,E1_E2_Candidate,1,1,"review_9aba8302cde465eea25d2eef :: Our flight was pleasant, even though I am usually afraid of flying- I was not scared at all. Our pilot was a gentleman who seemed like he really knew what he was doing.

We had to ...",False
minimising,情感/评价词,E1_E2_Candidate,1,1,"review_1e4f30778888d2ffd6e3bf13 :: Great way to see the island of Kauai. Booked this for the first day we got there, Bruce is a great host typical of Kauai hospitality. He shares his knowledge of the plane, places t...",False
minimizing,情感/评价词,E1_E2_Candidate,1,1,review_8bfdca3283b82e78169183ad :: This was our first time visiting Hawaii while our friends had been there several times.  To see the Na Pali coastline was a must.   We were there at the time of the hurricane scare...,False
minus,情感/评价词,E1_E2_Candidate,1,1,"review_0fd62b59dfddedcc4ce37b1b :: We arrived in good time and after  paying and being weighed for the correct distribution within the helicopter, we sat and waited for the 3 other passengers. The area you sit and w...",False
miracle,情感/评价词,E1_E2_Candidate,1,1,"review_ebb70b11c29e696fbd1d4b9d :: Both K2 and Talkeetna Air Taxi (TAT) get my highest recommendation. Follow along with the bouncing ball, kids, as our tale unfolds:

Pre-booked directly with TAT about a month befo...",False
mitigate,情感/评价词,E1_E2_Candidate,1,1,"review_4768dcf354a32240c2d04616 :: Aside from the opportunity to soak in some gorgeous and dramatic views of the island, the whole-island tour was an especially enjoyable trip for a pilot. I had originally wanted to...",False
modernized,情感/评价词,E1_E2_Candidate,1,1,review_353237c31002ee6c2ae2633c :: This company uses DeHavilland Beaver planes which in spite of being an old model have an awesome reputation of a reliable plane with great short take off and landing. That being sa...,False
modified,情感/评价词,E1_E2_Candidate,1,1,review_e02af59e8ace315980f632b2 :: My husband and I were one of the last flights of the day and we flew in the tiniest Cessna and I felt like I was knee-to-knee with our pilot. The Cessnas are specially modified to ...,False
motorway,情感/评价词,E1_E2_Candidate,1,1,review_d965e03b2454499d85542108 :: These Folk are very professional and adept at their tasks. The trip includes pick up and return from your LV accomodation and a bus trip out to Boulder City Airport. This trip in i...,False
mule,情感/评价词,E1_E2_Candidate,1,1,review_2314eff01c8d91698d1ba747 :: My girlfriend and I wanted to do something unique and memorable on our Maui vacation. This was it. We really wanted to see the Molokai sea cliffs and the unfortunate landslide on t...,False
musical,情感/评价词,E1_E2_Candidate,1,1,"review_741d479951bf34b2a56ea896 :: They picked me up at the cruise ship, did a quick safety briefing, and after a short taxi to the waterway, we were off!  Mike is a great pilot.  He told us about the fjord and land...",False
mystical,情感/评价词,E1_E2_Candidate,1,1,review_0823efdf25141cf6f56f6552 :: Landing on the Ruth Glacier was one of the most amazing experiences. Surrounded by all the peaks in the middle of Denali is almost mystical!...,False
nauseated,情感/评价词,E1_E2_Candidate,1,1,"review_ad4c129d7431549c0c82f1a8 :: Three of us signed up for the plane ride about a month in advance. There were really high winds that day (40 mph+), but the company didn't cancel so we went for the ride. 15 minute...",False
neck,情感/评价词,E1_E2_Candidate,1,1,"review_4527b031d210aa6a5f73a0b7 :: There are 2 companies side by side that offer this, we went with Air Adventures do to availability (the other co I found first but they were booked .. this co was rated exactly the...",False
nerd,情感/评价词,E1_E2_Candidate,1,1,"review_389ef05347a1156d41434876 :: We decided to splurge during our visit to Kauai and booked a private flight on Wings Over Kauai's Cessna 172.  It was a bit more expensive than the group flight on the Caravan, but...",False
nervousness,情感/评价词,E1_E2_Candidate,1,1,review_ff282b470223120e69c6a4b8 :: This flightseeing trip was the pinnacle of 2 weeks of amazing experiences.  Words and pictures fail to convey what a flight around McKinley is like. I thought that upon landing my ...,False
nestled,情感/评价词,E1_E2_Candidate,1,1,review_7eba8bdc72f52311d2e6d12a :: More than two months before our visit to Alaska we researched Denali mountain flights and scheduled a flight with Talkeetna Air Taxi. Major considerations were their generous resch...,False
nimble,情感/评价词,E1_E2_Candidate,1,1,"review_7c38a0687426508048eeeedf :: I was on holiday with my two sons who are 21 and 24.
This was a combined SeaPlane/Alcatraz trip. The access to Seaplane location is easy with plenty of parking or pick up at the Pi...",False
nonetheless,情感/评价词,E1_E2_Candidate,1,1,review_6bf63271f9a5d5b1410f9585 :: Very good overview of the beautiful island with reasonable price (particularly compared with helicopters). Sensitive to low cloud coverage as it needs to fly higher than helicopter...,False
nose,情感/评价词,E1_E2_Candidate,1,1,"review_aeffe92844e0341d0482bf45 :: A truly exceptional experience to fly above one of out planet's greatest wonders.
They are a highly professional team and courteous to boot.
With trepidation I embarked on the jour...",False
nostalgic,情感/评价词,E1_E2_Candidate,1,1,review_bfd57d15a7e6de7e1824ebd8 :: The wife and I would rate this experience was one of our all time bests. Air Ventures is very professional and appreciative and treats everyone like royalty. We did a helicopter to...,False
noted,情感/评价词,E1_E2_Candidate,1,1,"review_55ac9eb57f418679510ed1e9 :: This was really difficult to rate.  The experience itself (flying around Denali and landing on a glacier) is a full 5 star experience.  If there was no other operator in Talkeetna,...",False
obliged,情感/评价词,E1_E2_Candidate,1,1,review_13778b651f5b079332d788c9 :: My wife wanted to go on a helicopter tour so I obliged. The facility was top notch and the helicopters themselves were well maintained. We met our pilot and he briefed us on safety...,False
obnoxious,情感/评价词,E1_E2_Candidate,1,1,review_a55ed73fced14a3fddf0a90e :: This is the best activity you can do in Kauai.  Going up in the air lends you access to places people cannot set foot onto otherwise.  I am so glad we booked with Wings Over Kauai....,False
occur,情感/评价词,E1_E2_Candidate,1,1,"review_cc328269f397c07ed0771347 :: I was on the island of Oahu, Hawaii when my plans to visit Pearl Harbor fell through.  I didn’t want to waste one day of our two week vacation and so I decided to research how I co...",False
occurred,情感/评价词,E1_E2_Candidate,1,1,"review_f5388b1e976e59c78115bdce :: We came for a flight seeing tour of Denali but due to weather weren’t able to fly that day. I wish I had known to check my email on the morning of the trip, it would have saved me ...",False
oddly,情感/评价词,E1_E2_Candidate,1,1,review_5d9eea119504a77b7f64c33f :: So the BF and I were debating whether to view the Na Pali Coast by water or air.  I made the executive decision to do both.  We did the cheaper sunset cruise with Captain Andy's th...,False
outright,情感/评价词,E1_E2_Candidate,1,1,"review_e099cae1c2bb904813753615 :: There is no way to experience Canyonlands National Park that is more comprehensive, picturesque, or outright thrilling than a scenic flight. From take off to landing, I was complet...",False
oversized,情感/评价词,E1_E2_Candidate,1,1,"review_86bd6193f824d794bcf2deb5 :: When you pick an aerial solution to fly over Kauai, you have basically two choices - helicopters or fixed wing aircraft.

Air ventures represents the best solution on Kauai for the...",False
overwhelmingly,情感/评价词,E1_E2_Candidate,1,1,review_b5b0e8c69a1888eb640268f9 :: The folks at Talkeetna Air Taxi made our entire experience very enjoyable.  The weather had been overcast for days prior to our flight and the staff was very patient and understand...,False
paraplegic,情感/评价词,E1_E2_Candidate,1,1,"review_20605372fff85813e56808a9 :: After seeing the bi-plane fly over last year, I knew when I returned this year that had to go.  I am a paraplegic and so there was some concern if I could get in the plane, even th...",False
passable,情感/评价词,E1_E2_Candidate,1,1,review_0db50c45a63e2180ee8e74dc :: We bought this tour through Viator for around $300 plus $49 fuel surcharge.  They picked us up from our hotel 1.5hrs before our scheduled flight since they also picked up other pas...,False
passport,情感/评价词,E1_E2_Candidate,1,1,"review_daed82c6ebdafc06c8a2f319 :: We arrived late one evening and had booked an early helicopter flight for the following morning several months ago
Maverick were easy to find, very friendly and delivered a wonderf...",False
perception,情感/评价词,E1_E2_Candidate,1,1,"review_4cfbfd070d05b499dd977606 :: There are a few places in the world where pictures just don't work.  The Grand Canyon, the Sistine Chapel, the Dancing House of Prague to name a few.  What you will see on a glacie...",False
perfection,情感/评价词,E1_E2_Candidate,1,1,"review_f5aae7feafddea8375b842cb :: What a wonderful morning we had  on Thursday. Everything turned out to perfection.
Bruce and Ellen and Josh and dori are, without a doubt,  the most amazing people
To deal with. Br...",False
pest,情感/评价词,E1_E2_Candidate,1,1,"review_32b57cd5f038b7130108aefc :: Ellen, Bruce and Joshua are a great team and make their customers feel welcome and relaxed.  I had come to Kauai specifically to see the Na Pali coast by air (since i could no long...",False
pierce,情感/评价词,E1_E2_Candidate,1,1,"review_ae1a489cabd528d5bce4737e :: Air Ventures Hawaii is the best way to see all of Kauai.  Paul, our pilot, was very informative and friendly.  Plane was comfortable, it did get a little hot but it was abnormally ...",False
pit,情感/评价词,E1_E2_Candidate,1,1,review_245da47986fab9418c4a2c33 :: I booked a flight-seeing trip and was surprised after paying to be told that we were upgraded to a glacier landing and theGrand Denali Tour.  I was leary of this as I had thought a...,False
plastic,情感/评价词,E1_E2_Candidate,1,1,review_0db50c45a63e2180ee8e74dc :: We bought this tour through Viator for around $300 plus $49 fuel surcharge.  They picked us up from our hotel 1.5hrs before our scheduled flight since they also picked up other pas...,False
playful,情感/评价词,E1_E2_Candidate,1,1,"review_69b44dac34b50350cfb373aa :: Steve, our pilot was sensational.   We were greeted by name, promptness, and courtesy.  They took our bags and explained the flight procedure.   Steve pointed out areas of interest...",False
pleasantness,情感/评价词,E1_E2_Candidate,1,1,"review_b6618302d170760b80e9dda9 :: The pleasantness of the staff and the pilot made the experience even more memorable. And of course no questions about the aerial views. 

Tip: eat nothing/ very lightly before the ...",False
poetic,情感/评价词,E1_E2_Candidate,1,1,"review_ae9208227800947adf9fa1ef :: The staff is very friendly and helpful. Our pilot, Chuck, was absolutely amazing. He truly loves showing off the beautiful places. His commentary was fantastic and, at points, verg...",False
polish,情感/评价词,E1_E2_Candidate,1,1,"review_9e9222f6e928ee91f72c91bf :: As private pilot, I was able to rent a Cessna with one of the CFI instructors from the company, and do my own tour around the island, taking my family for the nice personal flight ...",False
practical,情感/评价词,E1_E2_Candidate,1,1,"review_7cef0078dac26bfb5c16f22d :: As a family with three young children (all under 6) and another on the way, many of the exciting things to do in Kauai were not practical so we decided to take a plane tour. To be ...",False
practice,情感/评价词,E1_E2_Candidate,1,1,review_f0ee70e916abf202016e9784 :: It was the most expensive experience in Alaska and we had left half a day for the selected tour. After Memorial day they called the day of not enough people gathered for our tour s...,False
precisely,情感/评价词,E1_E2_Candidate,1,1,"review_ab1406e9dd68689155761a68 :: Wings Over Kauai gets 5 stars in my 4P categories. 

We began planning our excursions for this vacation several months ago and decided to use independent third party operators in l...",False
preference,情感/评价词,E1_E2_Candidate,1,1,"review_f7b35fca75b01a7401031df5 :: This was part of another tour that had eight people on it, including our two traveling companions.  We were separated from our companions and put on two different planes. We were i...",False
pregnant,情感/评价词,E1_E2_Candidate,1,1,"review_e1187f8eda2c06235fa094be :: WoK was super nice and professional, and the tour itself is our best memory in Kauai.

I was concerned that my 28 week pregnant wife might have motion sick for the flight, WoK was ...",False
premium,情感/评价词,E1_E2_Candidate,1,1,"review_1a2de9ecee33785795dd61b8 :: Although a premium price, the service was beyond anything you could imagine.  Booking was simple and easy.
On arrival, we were welcomed personally by Lindsay and offered coffee and...",False
presence,情感/评价词,E1_E2_Candidate,1,1,"review_7cd1afc1532ba6ca69afe686 :: This company deserves to be given the golden buzzer award for being the worst company in Miami. We paid double the price to reach to the airport, we were left waiting with no one t...",False
preserve,情感/评价词,E1_E2_Candidate,1,1,review_21cd5b3ca12cf9a2640f3a16 :: Prior to being in the area we had looked into a flight seeing trip.  We decided not to book it because you never know what the weather will be. On our way back from Denali National...,False
pricier,情感/评价词,E1_E2_Candidate,1,1,"review_66534437814eebaa3726cce5 :: After spending 2 weeks on a land tour/ cruise combination in Alaska, I can say that the best excursion we chose was the Talkeetna Air Taxi trip around Denali with glacier landing. ...",False
prime,情感/评价词,E1_E2_Candidate,1,1,review_11525cbec4456109f8b67b4f :: You really need to see Kauai by air to truly appreciate what a gem it is.  Wings Over Kauai makes this possible without breaking the bank.   We enjoyed our flight in the G8 Airvan ...,False
probability,情感/评价词,E1_E2_Candidate,1,1,review_b5b0e8c69a1888eb640268f9 :: The folks at Talkeetna Air Taxi made our entire experience very enjoyable.  The weather had been overcast for days prior to our flight and the staff was very patient and understand...,False
prominent,情感/评价词,E1_E2_Candidate,1,1,review_29f8a8ad16dc10d9c12524a2 :: Overall just a great time in every sense.  It was a windy day on ours which made turbulence more prominent.  Our pilot seemed to have everything handled with confidence and we just...,False
propensity,情感/评价词,E1_E2_Candidate,1,1,review_f14665282c3c8fdff81e413e :: We were so lucky with a wonderfully clear day and had amazing views of Denali. The glacier landing was our favorite part and was stunning! There were views of Denali. Our pilot was...,False
prospect,情感/评价词,E1_E2_Candidate,1,1,review_c353c0da993b2c2671dd403a :: Though I must say I was not thrilled about the prospect of flying in a small plane (we did the bi-plane) it was an excellent way to see the entire island.  We took the one hour tou...,False
purple,情感/评价词,E1_E2_Candidate,1,1,"review_e0e1dd521e77a4007403c8e6 :: I took a HAL cruise in June 2010 and booked this excursion through the ship.  The bus was there to pick us up right on time but there was a bit of a traffic jam of buses, so we got...",False
push,情感/评价词,E1_E2_Candidate,1,1,"review_b754ed3692f3b60dbebf8396 :: An hours flight to and from Grand Canyon airport, then a 10/15 minute bus ride to the rim of the Grand Canyon itself. Amazing, breath taking views! Another 10/15 minute trip furthe...",False
pushed,情感/评价词,E1_E2_Candidate,1,1,"review_0917d8623f4e90596a7ec3bf :: I have never flown in a 6 seater plane, was very nervous but knew if the weather was clear that I must do it. The sun was out, our pilot Leeann is a 3rd generation woman pilot and ...",False
questioned,情感/评价词,E1_E2_Candidate,1,1,review_efeaeb4a6551b14a2308396f :: This was maybe the best experience we had during our three weeks in AK. We were concerned that the flight would be cancelled due to a heavy smoke haze from several fires. I emailed...,False
rail,情感/评价词,E1_E2_Candidate,1,1,"review_8bf531e554f4eb9eb061f4ee :: We booked a Denali flight, and when we arrived in Talkeetna by Alaska Rail from Anchorage, the weather was so bad that they canceled it.  They were very professional and apologetic...",False
raising,情感/评价词,E1_E2_Candidate,1,1,"review_b241dd3384839bc487012204 :: Loved the flight ... the plane came in to Friday Harbor a bit late (about 10 minutes), and for those of us used to constant updates on delayed flights on the regularly scheduled ma...",False
rally,情感/评价词,E1_E2_Candidate,1,1,"review_86bd6193f824d794bcf2deb5 :: When you pick an aerial solution to fly over Kauai, you have basically two choices - helicopters or fixed wing aircraft.

Air ventures represents the best solution on Kauai for the...",False
ranking,情感/评价词,E1_E2_Candidate,1,1,review_44648eb04c0d30ed464822ef :: The staff was very helpful and accommodating. The pilot was great and we had just enough clear weather to see the top of Mt. McKinley. This was the highlight of this portion of our...,False
raw,情感/评价词,E1_E2_Candidate,1,1,review_0a303dae0749ceb1d6610e2f :: Met Bruce in the morning and he drove us to the airport. He's extremely personable and even tho he wasn't our pilot he put us in very capable hands.  That  of Marcus. My husband an...,False
readily,情感/评价词,E1_E2_Candidate,1,1,"review_e612dacaca8236799bcb3f46 :: Our flight on a sunny Sunday morning was awesome.  It was a great way to see the beauty of the entire island, from a different perspective than we could see by land or sea.   The p...",False
realised,情感/评价词,E1_E2_Candidate,1,1,review_b3611bb117be728e25d5ddec :: We had booked the 11 am tour online even before we reached Kauai. We called ahead and the person who answered told us we could come by 10:45 am or so. We reached round about then o...,False
recall,情感/评价词,E1_E2_Candidate,1,1,review_65f6eeef22d6baf1636ca70e :: I have travelled to many parts of the world but this 2 hour flight with TAT is THEE BEST experience I can ever recall. They are seasoned professionals that will greatly exceed your...,False
receives,情感/评价词,E1_E2_Candidate,1,1,"review_4f660d3f2dd19b5d0f0ddc9a :: My husband and I went on a flight 3 days ago, and it was amazing! I took a Dramamine prior, since I get motion sickness, and had no problem! I got to be the 'co-pilot', which didn'...",False
receiving,情感/评价词,E1_E2_Candidate,1,1,"review_6b4f55a23869141d6e9fcb5b :: We are long time Alaskans and have viewed Denali from the air as well as the road system on several occasions.  Our K2 Aviation flightseeing trip topped them all. 

The phone reser...",False
recovery,情感/评价词,E1_E2_Candidate,1,1,review_31d02e746901b0e21a1657e6 :: The staff is great and views are spectacular!  I would recommend this trip. If you have motion sickness take something beforehand it can be rough at times but staff is great to hel...,False
reflecting,情感/评价词,E1_E2_Candidate,1,1,"review_9f9111190c4a6d851371d2f7 :: We want to express our appreciation to Chip Sonn, our K2 pilot for our fantastic late afternoon/evening flight excursion while recently visiting Talkeetna, Alaska.  As part of our ...",False
reflects,情感/评价词,E1_E2_Candidate,1,1,"review_1c3fa7922ca781304caf6f20 :: Unfortunately the cloud ceiling in the Gorge prevented us from doing most of the trip. However, the pilot, David, made a big fuss showing my 5 year old grandson the plane, let him ...",False
refusing,情感/评价词,E1_E2_Candidate,1,1,"review_ce23c1ddd00fe162177658fe :: To be fair, I want to say upfront that this review focuses not only on the provider but also on Trip Advisor (based on the comments of the owner/vendor that Trip Advisor is horribl...",False
regent,情感/评价词,E1_E2_Candidate,1,1,"review_322548ca63fb6529492ff9f2 :: There was a plane crash (not a Seawind Aviation plane) on Prince of Wales Island four days before we arrived by cruise ship in Ketchikan. The pilot of that plane, which had 10 pass...",False
relative,情感/评价词,E1_E2_Candidate,1,1,review_b0217b73fa2d49d7679ca1b5 :: We took the flight and I realized that I should have done this the first day of our vacation.  We waited a week for our relatives and they got the benefit of the overview that woul...,False
remark,情感/评价词,E1_E2_Candidate,1,1,review_f75fe0111b8e187b8fee1524 :: We enjoyed the trip around Kauai flying in the GA-8 Airvan (fixed wing airplane).  It all started with the viewing of several whales. We were lucky enough to have excellent weather...,False
removed,情感/评价词,E1_E2_Candidate,1,1,"review_5c6c2fbb71df1032bad350b6 :: I booked this as a 50th birthday treat for my Husband, and we both enjoyed every minute. From being met at the ABC store (where our driver removed the WOK sign from the car, becaus...",False
removing,情感/评价词,E1_E2_Candidate,1,1,"review_9d3eaa0a88e516a0261e52f8 :: We had originally thought about doing a helicopter trip of the Canyon, but several people who'd visited suggested the airplane tour was better. We decided to go for it and weren't ...",False
rendering,情感/评价词,E1_E2_Candidate,1,1,"review_f5aae7feafddea8375b842cb :: What a wonderful morning we had  on Thursday. Everything turned out to perfection.
Bruce and Ellen and Josh and dori are, without a doubt,  the most amazing people
To deal with. Br...",False
replaced,情感/评价词,E1_E2_Candidate,1,1,"review_11cfb95fc7cc0f6a6f5d0672 :: We took the two-person plane ride that takes you on an hour tour of Kauai.   Brian was our pilot.  The plane is 60 years old and looks a little rough, but he assured us the engine ...",False
reported,情感/评价词,E1_E2_Candidate,1,1,"review_2a5d985709d9161c55eb8f32 :: We wanted to visit the Napali Coast, but it's only available by air or boat.  We looked into the boat cruises.  The one we looked at started at 8am and would take 5 hours.  There w...",False
reporting,情感/评价词,E1_E2_Candidate,1,1,"review_cc9bb85db1273e550ea2d2cf :: The rule of thumb is that there is a 1 in 3 chance of seeing Denali (Mt. McKinley) without cloud cover. However, on those days that Denali is in the open a flight is a must if your...",False
represent,情感/评价词,E1_E2_Candidate,1,1,"review_cc328269f397c07ed0771347 :: I was on the island of Oahu, Hawaii when my plans to visit Pearl Harbor fell through.  I didn’t want to waste one day of our two week vacation and so I decided to research how I co...",False
represents,情感/评价词,E1_E2_Candidate,1,1,"review_86bd6193f824d794bcf2deb5 :: When you pick an aerial solution to fly over Kauai, you have basically two choices - helicopters or fixed wing aircraft.

Air ventures represents the best solution on Kauai for the...",False
rescue,情感/评价词,E1_E2_Candidate,1,1,"review_7b58d293dd9c04e355bf1055 :: SeaWinds came to our rescue when I booked the wrong flight off POW island!  They responded very quickly, sent a 185 floatplane to pick us in time to meet our commercial flight in K...",False
resounding,情感/评价词,E1_E2_Candidate,1,1,review_2ef4b1a16a693f1d47846fd5 :: Words can't describe the experience of a flight seeing trip and glacier landing with K2 Aviation!  The views are something that can only be experienced from the air.  The time spen...,False
responsibility,情感/评价词,E1_E2_Candidate,1,1,"review_6c1adb3500c04be45ded8f18 :: The tour itself is good, the Grand Canyon is definitely a sight to see - the problem is the company running the tour.

We had booked a Grand Canyon tour from Las Vegas. First probl...",False
restraint,情感/评价词,E1_E2_Candidate,1,1,"review_dce5d78950c3528e8c3e056a :: We took the full day trip from Phoenix to the Grand Canyon on Jan 5, 2013.  We were very pleased with Westwind Air Service.  It was very easy to make reservations, the plane left o...",False
retiring,情感/评价词,E1_E2_Candidate,1,1,"review_2b6bc8d10cafc122fe31b0ce :: We visited Kauai while cruising on the Pride of America, which provided a limited amount of time to see the island.  Fortunately for us, we researched flights and decided on Wings ...",False
revived,情感/评价词,E1_E2_Candidate,1,1,review_7c067646bad99491fc1683a1 :: Our flight was cancelled because of bad weather. W revived a full refund. The crew was so kind and let us go into the air plain to have some pictures. Next time we will book them a...,False
revolting,情感/评价词,E1_E2_Candidate,1,1,review_b226b58865dcbe2109b81484 :: We recently took a flight seeing trip to Misty Fjords with Taquan Air.  We chose this company because of the B1G1 free coupon offered in the Toursaver coupon book.  I really didn't...,False
rewarding,情感/评价词,E1_E2_Candidate,1,1,"review_20a5d0a4abc1952fcfbb43d0 :: Had a flight seeing tour with K2. We couldn't do the glacier landing due to weather conditions but nevermind, we still very much enjoyed that our. We saw dramatic landscape, glacie...",False
richer,情感/评价词,E1_E2_Candidate,1,1,"review_aeffe92844e0341d0482bf45 :: A truly exceptional experience to fly above one of out planet's greatest wonders.
They are a highly professional team and courteous to boot.
With trepidation I embarked on the jour...",False
rig,情感/评价词,E1_E2_Candidate,1,1,review_0ac3c838b5eebb975ea271ab :: K2 does a great job!  they are profissional and flexible working with climbing teams.  Lots of space in the hanger to rig for an expedition.  friendly and knowledgeable staff.  saf...,False
rigorous,情感/评价词,E1_E2_Candidate,1,1,"review_cc9bb85db1273e550ea2d2cf :: The rule of thumb is that there is a 1 in 3 chance of seeing Denali (Mt. McKinley) without cloud cover. However, on those days that Denali is in the open a flight is a must if your...",False
rising,情感/评价词,E1_E2_Candidate,1,1,"review_e9c95a30f06d08eb3ed861e0 :: Eric gave us such a wonderful experience this morning on our flight seeing trip between Maui and the Big Island.  It was a gorgeous flight and we got to see Haleakala, Waipi’o Vall...",False
risking,情感/评价词,E1_E2_Candidate,1,1,review_8ef508b30539e0f4ad02beda :: Once in a life time experience! The pilot is experienced and super nice. He landed us on the upper base camp of Denali and the views over there is simply stunning. I now begin to u...,False
risky,情感/评价词,E1_E2_Candidate,1,1,review_09687f3c5332ab59381de30a :: It was perfect and we would go again with this same company. A small fixed wing plane seating a pilot and 2 riders. Things to keep in mind if you pick this small plane-If you are v...,False
roaring,情感/评价词,E1_E2_Candidate,1,1,"review_9b2fda157fb3ffa938e4960d :: Best Birthday Flight!    So happy I decided to celebrate my Birthday with Aero Adventures!  Thank you Marylee, Anna, John and Ren for making the day so special.   Nothing can compa...",False
rose,情感/评价词,E1_E2_Candidate,1,1,"review_4002b14844a9fdb69e609624 :: The staff are cordial and warm. They called us in advance to warn us about inclement weather and cancellation of the tour on the day in question. The day of the tour , we arrived t...",False
royal,情感/评价词,E1_E2_Candidate,1,1,"review_3fabab1c18329fdb94e0581c :: The day before my Air Ventures Hi flight, I had an amazing conversation with a helicopter tour across the street. I was the 1st for the next tour which required 6 passengers. No on...",False
rued,情感/评价词,E1_E2_Candidate,1,1,review_b3611bb117be728e25d5ddec :: We had booked the 11 am tour online even before we reached Kauai. We called ahead and the person who answered told us we could come by 10:45 am or so. We reached round about then o...,False
ruffling,情感/评价词,E1_E2_Candidate,1,1,"review_e96774b3e1781d8815eb68b2 :: I had wanted to fly in a biplane most all of my life, I'm 60 years old, but I just had never done so. While researching for a trip to Kauai for my wife and me I came across Air Ven...",False
ruin,情感/评价词,E1_E2_Candidate,1,1,review_6a47be99fb4fa07329ef3cce :: WORST EXPERIENCE EVER !! We booked the Red Baron biplane at least 8 months in advance through a well known tour operator in Hawaii. On the day before we were to take the tour as a ...,False
rusty,情感/评价词,E1_E2_Candidate,1,1,"review_24903862ffa3a5b3d8369450 :: We had a wonderful flight around Denali coupled with a landing on Ruth Glacier.  Our pilot, Rusty?, was informative, professional, and a great guide.  One of the high lights of our...",False
sacred,情感/评价词,E1_E2_Candidate,1,1,"review_3bb066612c7c6f256d55cf79 :: We saw the most awesome sights today on our Mavericks helicopter flight!   

Our 17 year old son had never seen the canyon and we are on a short trip.  We figured an overhead persp...",False
sainthood,情感/评价词,E1_E2_Candidate,1,1,"review_ebb70b11c29e696fbd1d4b9d :: Both K2 and Talkeetna Air Taxi (TAT) get my highest recommendation. Follow along with the bouncing ball, kids, as our tale unfolds:

Pre-booked directly with TAT about a month befo...",False
salt,情感/评价词,E1_E2_Candidate,1,1,review_60f648955654e834b3f458f8 :: Working with Redtail Aviation was fantastic. Period.  Their service is impeccable!  I was planning a trip for my boss (he needed to charter a flight from Salt Lake City to Moab) an...,False
salvaging,情感/评价词,E1_E2_Candidate,1,1,"review_ebb70b11c29e696fbd1d4b9d :: Both K2 and Talkeetna Air Taxi (TAT) get my highest recommendation. Follow along with the bouncing ball, kids, as our tale unfolds:

Pre-booked directly with TAT about a month befo...",False
satisfaction,情感/评价词,E1_E2_Candidate,1,1,"review_6711a03e3c4ae4934b07f47e :: First of all, in prearranging this trip I was so happy with the friendliness of the staff. The day of our scheduled tour, May 30, 2012,  the weather turned a bit cloudy as it got c...",False
satisfactorily,情感/评价词,E1_E2_Candidate,1,1,"review_52cf67751f41cd7b4da16d13 :: When I started researching Denali tour operators last fall I narrowed it down to two.  Talkeetna Air was my first choice, having lived in Alaska, both my choices have been operatin...",False
satisfactory,情感/评价词,E1_E2_Candidate,1,1,"review_2a67dff0977ab1e1a6ec02e2 :: Kauai really can only be appreciated in its entirety from the air.  Ellen's ""Wings Over Kauai"" accomplishes the mission with safety, competence, and a keen appreciation for the cus...",False
screaming,情感/评价词,E1_E2_Candidate,1,1,"review_326f19457a589d42a33ff874 :: Can't express how amazing this flightseeing was!! We did Mt. McKinley base camp with glacier landing. During the flight, I was just screaming (nobody could hear me as everyone wore...",False
seal,情感/评价词,E1_E2_Candidate,1,1,review_b226b58865dcbe2109b81484 :: We recently took a flight seeing trip to Misty Fjords with Taquan Air.  We chose this company because of the B1G1 free coupon offered in the Toursaver coupon book.  I really didn't...,False
sealed,情感/评价词,E1_E2_Candidate,1,1,"review_f3b2c22f8292b4045b6b7d5d :: We tried to arrange a glacier landing while we were visiting Haily but the weather prevented us from flying there.  So on our way back to Anchorage, we stopped by Talkeetna Air Tax...",False
seemless,情感/评价词,E1_E2_Candidate,1,1,review_0fe86f49cd61d72e5b4cdd2f :: So happy Tim (Denali Outlook) recommended Air Taxi for flight up to the glaciers. What an experience. Pilot was GREAT. Process at the desk was seemless. Highly recommend this fligh...,False
separated,情感/评价词,E1_E2_Candidate,1,1,"review_f7b35fca75b01a7401031df5 :: This was part of another tour that had eight people on it, including our two traveling companions.  We were separated from our companions and put on two different planes. We were i...",False
serve,情感/评价词,E1_E2_Candidate,1,1,review_b5b9b1ac5889a39e26c6a963 :: The entire team at AirVentures was amazing. Jill and her husband make you feel like family. And JT was a great pilot tour guide. That’s a pretty amazing task to do at once. The who...,False
sexy,情感/评价词,E1_E2_Candidate,1,1,review_893444b3d94421317b589b22 :: Our family loved this tour of the grand canyon from the air. It our first view of the canyon and they had headsets to listen to music and information about the canyon. The pilots w...,False
shaking,情感/评价词,E1_E2_Candidate,1,1,review_5d9eea119504a77b7f64c33f :: So the BF and I were debating whether to view the Na Pali Coast by water or air.  I made the executive decision to do both.  We did the cheaper sunset cruise with Captain Andy's th...,False
shifted,情感/评价词,E1_E2_Candidate,1,1,"review_6c1adb3500c04be45ded8f18 :: The tour itself is good, the Grand Canyon is definitely a sight to see - the problem is the company running the tour.

We had booked a Grand Canyon tour from Las Vegas. First probl...",False
shiny,情感/评价词,E1_E2_Candidate,1,1,review_aacfa230f0697fa4e1199e69 :: This was absolutely a dream come true!  I could not have asked for a more amazing experience in my life! I literally cried with joy and awe at the beauty I took in from the back of...,False
shipwreck,情感/评价词,E1_E2_Candidate,1,1,"review_0da11c2491c16de35e73db28 :: A wonderful trip in Maui. I’m so glad to see the most interesting places including Molokai sea cliffs, Lanai shipwreck and the Molokini. The weather is windy, but it is not a probl...",False
shoot,情感/评价词,E1_E2_Candidate,1,1,"review_e96774b3e1781d8815eb68b2 :: I had wanted to fly in a biplane most all of my life, I'm 60 years old, but I just had never done so. While researching for a trip to Kauai for my wife and me I came across Air Ven...",False
signature,情感/评价词,E1_E2_Candidate,1,1,"review_b2aa9e3ead866ad927fba1ad :: Excellent flight and right on time, easy check in being no TSA out of Signature Aviation in SLC. The views were amazing along the way and the pilot was super nice and knowledgeable...",False
sincere,情感/评价词,E1_E2_Candidate,1,1,"review_ebb70b11c29e696fbd1d4b9d :: Both K2 and Talkeetna Air Taxi (TAT) get my highest recommendation. Follow along with the bouncing ball, kids, as our tale unfolds:

Pre-booked directly with TAT about a month befo...",False
sits,情感/评价词,E1_E2_Candidate,1,1,review_10fbd937c93c8e5b1ea0bd58 :: I traveled to Alaska for my 50th birthday and my experience with K2 sits on the top of my list and we did ALOT. We flew around Denali Mtn. on the 2 hour glacier landing trip. I lov...,False
smarter,情感/评价词,E1_E2_Candidate,1,1,review_a55ed73fced14a3fddf0a90e :: This is the best activity you can do in Kauai.  Going up in the air lends you access to places people cannot set foot onto otherwise.  I am so glad we booked with Wings Over Kauai....,False
smelled,情感/评价词,E1_E2_Candidate,1,1,review_5d9eea119504a77b7f64c33f :: So the BF and I were debating whether to view the Na Pali Coast by water or air.  I made the executive decision to do both.  We did the cheaper sunset cruise with Captain Andy's th...,False
smelling,情感/评价词,E1_E2_Candidate,1,1,"review_7cd1afc1532ba6ca69afe686 :: This company deserves to be given the golden buzzer award for being the worst company in Miami. We paid double the price to reach to the airport, we were left waiting with no one t...",False
snafu,情感/评价词,E1_E2_Candidate,1,1,"review_f74fc8788a183a65e4089aa5 :: Arrived at the location and there was a scheduling snafu.  Most likely my fault, but it didn't matter -- they called in another pilot just to make sure things went well for us.  Th...",False
snowed,情感/评价词,E1_E2_Candidate,1,1,"review_477d89c323b7b50a3228a529 :: Took a one hour trip with a glacier landing - K2 McKinley Experience. Weather was mostly clear and we saw Denali, it snowed a little when we landed on glacier. Pilot was great and ...",False
soften,情感/评价词,E1_E2_Candidate,1,1,"review_4768dcf354a32240c2d04616 :: Aside from the opportunity to soak in some gorgeous and dramatic views of the island, the whole-island tour was an especially enjoyable trip for a pilot. I had originally wanted to...",False
soil,情感/评价词,E1_E2_Candidate,1,1,"review_1f225670816335d77f852059 :: Kauai is our favorite island. There’s just something different about it. It has a different feel, a different vibe. Maybe it’s the chickens everywhere, or the cattle or the more ma...",False
specialized,情感/评价词,E1_E2_Candidate,1,1,review_27d5695b55aa96eb4b51f51d :: Amazing trip well worth it. Great guide and wonderful explanation. I would recommend this to anyone with kids. Specialized attention to details....,False
spellbinding,情感/评价词,E1_E2_Candidate,1,1,review_8d4ddb6f94926e611f27073f :: I took the 30 minute San Francisco Bay tour on August 28th at 3:15.  It was a spectacular day with some fog around the Golden Gate Bridge.  We flew around and over every major tour...,False
splendor,情感/评价词,E1_E2_Candidate,1,1,review_60729dc12e183107376e19e8 :: We did the 1.5 hour flight with the glacier landing.  Words cannot explain the beauty and splendor of  Mount McKinley up close and personal like this.  It was truly amazing.  Our p...,False
spoil,情感/评价词,E1_E2_Candidate,1,1,"review_38c140061a79f5dc4b034f30 :: Well.. I suppose we were really lucky ducks. ..
Booked month in advance from downunder..flew specially over from our holiday stay on Waikiki for this trip.
On arrival our booking w...",False
spoiled,情感/评价词,E1_E2_Candidate,1,1,"review_eda1a4bce0aac45015172f03 :: We heard so much about how beautiful Kauai was, but after driving around the entire island, we weren't that impressed. Mind you, we had just seen all the major sights of Maui, so w...",False
spoiling,情感/评价词,E1_E2_Candidate,1,1,review_1af6a1f4aac20a47ea66eba5 :: This was the first activity we did in Kauai.  It was the best decision we could have made.  Flying over the entire island gave us a birds eye view of everything and helped us under...,False
sport,情感/评价词,E1_E2_Candidate,1,1,"review_d5b09587168814a8a6cba02a :: Planned a ride for my son's 12th birthday in April. I am a bit late getting around to writing my review and have since forgotten our pilots name, which is a shame because he was WO...",False
spouting,情感/评价词,E1_E2_Candidate,1,1,"review_607947dd218453f6d069755b :: Eric was so friendly and knowledgable. Our 7 year old got to fly a plane for the first time, and he was thrilled. The views are amazing and nothing like we’ve seen before. We even ...",False
squeamish,情感/评价词,E1_E2_Candidate,1,1,review_be8faf48d8d937ed7f366e98 :: K2 Aviation is a super friendly and well-run organization. Views were amazing. So glad my teenage kids got to really see a glacier for what it is. We'd talked about them so much on...,False
statement,情感/评价词,E1_E2_Candidate,1,1,"review_2d3f2a00e6ef98ca5161d902 :: The pilots are excellent, friendly, knowledgeable, and skilled. 

But, don’t get your weight estimate wrong or Keith at the front desk will talk down to you as if you lied on purpo...",False
steam,情感/评价词,E1_E2_Candidate,1,1,"review_e9c95a30f06d08eb3ed861e0 :: Eric gave us such a wonderful experience this morning on our flight seeing trip between Maui and the Big Island.  It was a gorgeous flight and we got to see Haleakala, Waipi’o Vall...",False
steep,情感/评价词,E1_E2_Candidate,1,1,review_b226b58865dcbe2109b81484 :: We recently took a flight seeing trip to Misty Fjords with Taquan Air.  We chose this company because of the B1G1 free coupon offered in the Toursaver coupon book.  I really didn't...,False
sticking,情感/评价词,E1_E2_Candidate,1,1,review_5d9eea119504a77b7f64c33f :: So the BF and I were debating whether to view the Na Pali Coast by water or air.  I made the executive decision to do both.  We did the cheaper sunset cruise with Captain Andy's th...,False
stiller,情感/评价词,E1_E2_Candidate,1,1,"review_8a63b81694c8be2bdcc94b18 :: We toured the island of Kauai, Hawaii in a small plane which held six passengers. We covered the island as the pilot pointed out magnificent areas of beachfront, the island's own v...",False
stillness,情感/评价词,E1_E2_Candidate,1,1,"review_5b4548ff6d11352fdb4e05f4 :: Great trip. Skillful pilot, gave lots of commentary. Showed us base camp and 11 000ft camp. The stillness of the glacier was only broken by the sound of an avalanche. Spectacular t...",False
sting,情感/评价词,E1_E2_Candidate,1,1,review_476c14db6ade67b0a5a7a3e3 :: My husband and I went with another couple to Kauai and experienced all the island had to offer. We went sight seeing by boat-train-rental car and now flying. We did not miss a sing...,False
stinky,情感/评价词,E1_E2_Candidate,1,1,"review_7cd1afc1532ba6ca69afe686 :: This company deserves to be given the golden buzzer award for being the worst company in Miami. We paid double the price to reach to the airport, we were left waiting with no one t...",False
straightforward,情感/评价词,E1_E2_Candidate,1,1,review_ebe654eabda4e68acb6a2b44 :: Eric loves his work and is a great pilot. Definitely one of the most exciting holiday experiences ever. Everything was easy and straightforward but spectacular!...,False
stranger,情感/评价词,E1_E2_Candidate,1,1,"review_a2ab57de73306174b5f07eba :: There are so many reasons to go with WOK vs. a helicopter tour. But the top reasons are:

1. Personalized service!! We chose to do the small cessna tour for my husband and I, along...",False
strength,情感/评价词,E1_E2_Candidate,1,1,"review_5d28163ec8bd71d4d8df2da3 :: My wife and I really liked this tour.  In fact, it was the highlight of our recent trip to Hawaii.  It gave us a great view of Hawaii's most beautiful island at a reasonable cost. ...",False
strenuous,情感/评价词,E1_E2_Candidate,1,1,"review_49d3db9eba1fafce587178d0 :: Although we had to reschedule the tour to a morning due to high wind, this tour exceeds all my expectations. Canyonlands is notoriously inaccessible due to the lack of paved roads ...",False
stronger,情感/评价词,E1_E2_Candidate,1,1,"review_1807790e191ef3fbcb5b8edc :: As you can tell, we were so thrilled and excited to be able to book our second flight with WOK!  Once we booked the cruise, the very first tour that I booked (20 months in advance)...",False
substitute,情感/评价词,E1_E2_Candidate,1,1,"review_d46253570ee696efe485746b :: We arrived for our scheduled K-2 flight around Denali (green route) and were told that the full trip was not possible due to weather conditions.   We opted for the offered ""orange""...",False
success,情感/评价词,E1_E2_Candidate,1,1,"review_60404d8eafd4d051c0f130b5 :: This was by far the best part of our four-month trip around the Yukon and Alaska. If you get a chance to get on one of these planes, especially on a really clear day, your trip to ...",False
suck,情感/评价词,E1_E2_Candidate,1,1,"review_c71a138c1f37c7f15dbbb3a4 :: My husband and i booked our Connoisseur tour to go to the Grand Canyon South on the 19th and below is are overall experience:
Pros: 
- Beautiful views as promised 
- Very friendly ...",False
suffered,情感/评价词,E1_E2_Candidate,1,1,review_b0217b73fa2d49d7679ca1b5 :: We took the flight and I realized that I should have done this the first day of our vacation.  We waited a week for our relatives and they got the benefit of the overview that woul...,False
suffering,情感/评价词,E1_E2_Candidate,1,1,"review_4002b14844a9fdb69e609624 :: The staff are cordial and warm. They called us in advance to warn us about inclement weather and cancellation of the tour on the day in question. The day of the tour , we arrived t...",False
suffers,情感/评价词,E1_E2_Candidate,1,1,"review_27f4f76098a375e7a548be1b :: This was one of our highlights of our trip! My girlfriend suffers from motion sickness, so helicopter rides are not an option. Thankfully we found Air Ventures and she and I both h...",False
sufficient,情感/评价词,E1_E2_Candidate,1,1,"review_1c541c12469f56efe4f5bf00 :: We booked the plane to the Grand Canyons in hopes of saving some time.

We were picked up from our hotel at 1030. After multiple stops on the strip and another shuttle transfer we ...",False
suited,情感/评价词,E1_E2_Candidate,1,1,"review_9d3eaa0a88e516a0261e52f8 :: We had originally thought about doing a helicopter trip of the Canyon, but several people who'd visited suggested the airplane tour was better. We decided to go for it and weren't ...",False
sunshine,情感/评价词,E1_E2_Candidate,1,1,review_8322603f27e01858cada15e8 :: We chose the Grand Denali Tour with a Glacier Landing and it did not disappoint--it was the highlight of our vacation! We departed at 8:30 am with sunshine and blue skies which gav...,False
surprising,情感/评价词,E1_E2_Candidate,1,1,review_8fc23fecb45ba0ee94242f62 :: We are a family with 4 children ages 12 to 19 and spent a week on Kauai.  We really wanted to do an air tour with our kids but the cost of a helicopter flight would have been well ...,False
suspected,情感/评价词,E1_E2_Candidate,1,1,review_5d9eea119504a77b7f64c33f :: So the BF and I were debating whether to view the Na Pali Coast by water or air.  I made the executive decision to do both.  We did the cheaper sunset cruise with Captain Andy's th...,False
swallow,情感/评价词,E1_E2_Candidate,1,1,review_245da47986fab9418c4a2c33 :: I booked a flight-seeing trip and was surprised after paying to be told that we were upgraded to a glacier landing and theGrand Denali Tour.  I was leary of this as I had thought a...,False
swamp,情感/评价词,E1_E2_Candidate,1,1,review_070ee4f098f77e73ea379e77 :: The most beautiful flight ever! Got to see some of the sights never seen or accessible from the ground or on most helicopter tours. Pilot was very informative and really knew the i...,False
swan,情感/评价词,E1_E2_Candidate,1,1,"review_53fcd6e518ab4f8fb6d54d7d :: Unforgettable!  Views stunning, excellent pilot. We were captivated by all of it...views of Denali and surrounding mountains, glaciers, moose, sheep, trumpet swans. Landing on glac...",False
swear,情感/评价词,E1_E2_Candidate,1,1,"review_ebb70b11c29e696fbd1d4b9d :: Both K2 and Talkeetna Air Taxi (TAT) get my highest recommendation. Follow along with the bouncing ball, kids, as our tale unfolds:

Pre-booked directly with TAT about a month befo...",False
sweeter,情感/评价词,E1_E2_Candidate,1,1,"review_5ef51ca1e1d17ab503a628a8 :: We had a perfect evening flight, all conditions were great to see the mountains and we were able to land on a glacier.  Jonathon was a super pilot, warm and friendly and full of fa...",False
sweetheart,情感/评价词,E1_E2_Candidate,1,1,review_f7bc6994f9aff239fb6fe99b :: What an incredible end to our Maui vacation! We saw the most beautiful views of the island we were so blessed to see. It was an incredible surprise for my sweetheart of 35 years! M...,False
swell,情感/评价词,E1_E2_Candidate,1,1,"review_fe566c581798d89f19f642e5 :: My husband and I were rained or otherwise ""bad-weathered"" out of every adventure we planned on Kauai.  Couldn't hike Kalalau due to the river crossing being flooded. 
Couldn't kaya...",False
swinging,情感/评价词,E1_E2_Candidate,1,1,"review_3255ea550479136a1f1964ce :: First thing we did on our first day in Kauia was to ride this small seater plane. Pilot was excellent, felt very safe and secure with him. Extremely smooth ride (only encounter tur...",False
sympathetic,情感/评价词,E1_E2_Candidate,1,1,review_857028e9eccb4000cb5ee676 :: It's quite a few years ago since my wife and I did this flight but it was so memorable that it seems like only yesterday. After being picked up around teatime and taken to the airp...,False
tactile,情感/评价词,E1_E2_Candidate,1,1,"review_e96774b3e1781d8815eb68b2 :: I had wanted to fly in a biplane most all of my life, I'm 60 years old, but I just had never done so. While researching for a trip to Kauai for my wife and me I came across Air Ven...",False
taller,情感/评价词,E1_E2_Candidate,1,1,review_77c0447250aa8cd086d225e2 :: We did the connoisseur trip to the South Rim.  Our bus arrived exactly on time to take us to the airport.  The driver did seem like he was in a hurry & was short with some of the p...,False
teary,情感/评价词,E1_E2_Candidate,1,1,"review_c602155441c88a5da2dca24a :: Company was referred to us by another, who could not accommodate plus size. These folks picked up up at Anchor Cove Mall (free shuttle from cruise ship), fast ride to airport. 
Eri...",False
tender,情感/评价词,E1_E2_Candidate,1,1,"review_a6425ff1171e21e3392aa88c :: The personnel at Air Ventures cordial, helpful and polite.  I would recommend their services to anyone wanting to get a great aerial view of the Island of Kawaii.

Our pilot, rob, ...",False
tends,情感/评价词,E1_E2_Candidate,1,1,"review_0918b7cbf88b27b0eed5fe55 :: I had a very memorable flight with Ray on the stick and sights of a lifetime viewed out the window.  Both Jill & Ray were extremely friendly, informative and accommodating.  With R...",False
test,情感/评价词,E1_E2_Candidate,1,1,"review_1f225670816335d77f852059 :: Kauai is our favorite island. There’s just something different about it. It has a different feel, a different vibe. Maybe it’s the chickens everywhere, or the cattle or the more ma...",False
thickest,情感/评价词,E1_E2_Candidate,1,1,"review_4cfbfd070d05b499dd977606 :: There are a few places in the world where pictures just don't work.  The Grand Canyon, the Sistine Chapel, the Dancing House of Prague to name a few.  What you will see on a glacie...",False
thirsty,情感/评价词,E1_E2_Candidate,1,1,"review_6d3020dba74a5ddcb9ad9b9b :: This tour was good but not excellent. We did a small aircraft flight to the grand canyon and then a helicopter flight over the canyon, followed by lunch at one of the viewpoints of...",False
threaten,情感/评价词,E1_E2_Candidate,1,1,"review_ce23c1ddd00fe162177658fe :: To be fair, I want to say upfront that this review focuses not only on the provider but also on Trip Advisor (based on the comments of the owner/vendor that Trip Advisor is horribl...",False
throwing,情感/评价词,E1_E2_Candidate,1,1,review_ea96a0975b986ee07b635b11 :: We went on a flight with Leighan including a glacier landing. The views are spectacular and it was so much fun throwing snowballs in the middle of summer on the glacier. Leighan is...,False
timeless,情感/评价词,E1_E2_Candidate,1,1,review_857028e9eccb4000cb5ee676 :: It's quite a few years ago since my wife and I did this flight but it was so memorable that it seems like only yesterday. After being picked up around teatime and taken to the airp...,False
topper,情感/评价词,E1_E2_Candidate,1,1,"review_297816c223f0885e99c4fc19 :: For a first timer, nothing tops a fly over the spectacular sights of this island. And AirVenture did it best thanks to their exceptional ground and air staff. Our pilot Eric, who c...",False
topping,情感/评价词,E1_E2_Candidate,1,1,"review_87c87c6fa2e4a67ececb02dd :: At the time of booking, we were debating about the drive and cost. But believe me it was worth every penny. Topping that was the friendly staff, awesome pilot from Florida Prof. Me...",False
totality,情感/评价词,E1_E2_Candidate,1,1,"review_bccc775202f3e86d56067d4a :: From start to finish this was an awesome experience. Booking was simple with Val, day of with Gayle and Lindsay was great so professional and informative. Mark, our pilot was profe...",False
touching,情感/评价词,E1_E2_Candidate,1,1,review_65f6eeef22d6baf1636ca70e :: I have travelled to many parts of the world but this 2 hour flight with TAT is THEE BEST experience I can ever recall. They are seasoned professionals that will greatly exceed your...,False
tragic,情感/评价词,E1_E2_Candidate,1,1,"review_c503f060e1522d96b60e8dca :: In late Jan I took my wife on this tour for her BD. While I’ve spent numerous hours (military’s & law enforcement) aboard helicopters, she had never experienced it...
nor had she e...",False
transparency,情感/评价词,E1_E2_Candidate,1,1,"review_d1dfcb69be6315d42fc6e8f8 :: DISCLAIMER: I’m a tour professional living and working here in Alaska and not compensated in any way for this review. I do it because these operators are my FELLOW ALASKANS. 

Ther...",False
trek,情感/评价词,E1_E2_Candidate,1,1,review_7eba8bdc72f52311d2e6d12a :: More than two months before our visit to Alaska we researched Denali mountain flights and scheduled a flight with Talkeetna Air Taxi. Major considerations were their generous resch...,False
tropic,情感/评价词,E1_E2_Candidate,1,1,review_270a165602be9054c8b6702a :: We arrived on our cruise ship Thursday and took the free shuttle (although it's just a 5 -10 minute walk out the cruise terminal gates to the road on the right) to the Anchor Cove ...,False
trustworthy,情感/评价词,E1_E2_Candidate,1,1,"review_d579c7ce2ec144775d909031 :: My family and I booked a package tour with Friday Harbor Seaplanes and Western Prince Explorer Whale Watching. We all had a great and comfortable time on the flight, which felt saf...",False
uncharted,情感/评价词,E1_E2_Candidate,1,1,"review_e099cae1c2bb904813753615 :: There is no way to experience Canyonlands National Park that is more comprehensive, picturesque, or outright thrilling than a scenic flight. From take off to landing, I was complet...",False
understated,情感/评价词,E1_E2_Candidate,1,1,review_2314eff01c8d91698d1ba747 :: My girlfriend and I wanted to do something unique and memorable on our Maui vacation. This was it. We really wanted to see the Molokai sea cliffs and the unfortunate landslide on t...,False
uneasy,情感/评价词,E1_E2_Candidate,1,1,"review_28c726804d0b55cac4d79f6a :: The staff is great and it's a great way to see the entire Island which you can't do with a car... However, if you are at all uneasy about flying, you should think twice about going...",False
unethical,情感/评价词,E1_E2_Candidate,1,1,"review_fb43a7f5682e7abdf9145e38 :: Due to weather we were not able to do the flight we had booked, including landing on a glacier. I understand that the weather cannot be controlled. I do not understand however the ...",False
unhelpful,情感/评价词,E1_E2_Candidate,1,1,"review_6c1adb3500c04be45ded8f18 :: The tour itself is good, the Grand Canyon is definitely a sight to see - the problem is the company running the tour.

We had booked a Grand Canyon tour from Las Vegas. First probl...",False
unimpressed,情感/评价词,E1_E2_Candidate,1,1,review_46ddfd4445283a6a81911504 :: Booked the Grand Canyon Discovery Tour and very unimpressed with how short the flight time was (less than ten minutes total) with a short photo op stop on a ridge in the canyon.  O...,False
uninhabited,情感/评价词,E1_E2_Candidate,1,1,"review_cc328269f397c07ed0771347 :: I was on the island of Oahu, Hawaii when my plans to visit Pearl Harbor fell through.  I didn’t want to waste one day of our two week vacation and so I decided to research how I co...",False
uninterested,情感/评价词,E1_E2_Candidate,1,1,review_feb05c0de2d93e479a274df0 :: all 3 air taxi companies in the area are located close by and they make a similar trip with a landing on ruth glacier or other glacier. this flightseeing trip was absolutely worth ...,False
unloaded,情感/评价词,E1_E2_Candidate,1,1,review_dcf6ae72be94429a425b9bdc :: We booked tour months ago for our first Alaskan  Cruise.  Had been told seaplane tour was incredible and not to be missed.  We arrived dockside at meeting place. Had to wait 15 min...,False
unlucky,情感/评价词,E1_E2_Candidate,1,1,review_8294fe79e0415f552542ed94 :: The flight was enjoyable but not earth shattering like promoted! Pilot Patrick was doing a job not actively enthusiastically participating so I’d rate that part as average. Without...,False
unnerving,情感/评价词,E1_E2_Candidate,1,1,"review_25a5df0aa1c4c82bb9d30e47 :: This was a treat!  I've taken a helicopter tour, which was cool, but sometimes a little unnerving.  If you want a little more metal around your seat area, do this flight.  The ride...",False
unpaved,情感/评价词,E1_E2_Candidate,1,1,review_a0b726bcbd79ffd1083baa7d :: This was the highlight of our trip to Alaska.  The scenery is breathtaking and the glacier landing is really fun too.  Our pilot (Alex) had tons of experience (thousands of hours f...,False
unpleasant,情感/评价词,E1_E2_Candidate,1,1,"review_7cd1afc1532ba6ca69afe686 :: This company deserves to be given the golden buzzer award for being the worst company in Miami. We paid double the price to reach to the airport, we were left waiting with no one t...",False
unrivalled,情感/评价词,E1_E2_Candidate,1,1,"review_77341391cb13d175af149c1d :: My wife is not a good flyer, even on a 767, let alone a little Cessna or the like. There was no way I could get her on a helicopter tour, so the doors off experience wasn't going t...",False
unspoiled,情感/评价词,E1_E2_Candidate,1,1,review_94adaa49f35fc20844991ace :: We took the flight tour of the Misty Fjords Wilderness when our cruise ship was in Ketchikan.  Lesley and her husband who own the business are wonderful to deal with.  They are bot...,False
unsurpassable,情感/评价词,E1_E2_Candidate,1,1,"review_326278fa113713267c43c809 :: Professional, engaging pilot- unsurpassable views of one of natures greatest wonders along with fascinating detail.  Our tour began in Sedona and included a Pink Jeep tour of the c...",False
unusual,情感/评价词,E1_E2_Candidate,1,1,review_478e13dece683b1b10ac7ddf :: Picked us up on the dock and drove us to the seaplanes. Absolutely seamless take off and landing -- and the views from the air are amazing.  Our pilot landed us in one of the fjord...,False
upbeat,情感/评价词,E1_E2_Candidate,1,1,review_198c3829cbf0dee3e4a2ece1 :: Everyone was so welcoming and patient. Our pilot was upbeat and knowledgeable. We were so satisfied we left a generous tip. It wasn't cheap but it was worth the price....,False
vain,情感/评价词,E1_E2_Candidate,1,1,review_857028e9eccb4000cb5ee676 :: It's quite a few years ago since my wife and I did this flight but it was so memorable that it seems like only yesterday. After being picked up around teatime and taken to the airp...,False
valued,情感/评价词,E1_E2_Candidate,1,1,"review_2cc5d3a66b27fe737d17cd4d :: Very windy day we scheduled.  Pilot, Parker, said we could go, but we'd have a better time next day.  He checked NOAA site.  They could have lost money, but valued our experience.
...",False
vanish,情感/评价词,E1_E2_Candidate,1,1,"review_5c6c2fbb71df1032bad350b6 :: I booked this as a 50th birthday treat for my Husband, and we both enjoyed every minute. From being met at the ABC store (where our driver removed the WOK sign from the car, becaus...",False
vary,情感/评价词,E1_E2_Candidate,1,1,"review_389ef05347a1156d41434876 :: We decided to splurge during our visit to Kauai and booked a private flight on Wings Over Kauai's Cessna 172.  It was a bit more expensive than the group flight on the Caravan, but...",False
varying,情感/评价词,E1_E2_Candidate,1,1,"review_4768dcf354a32240c2d04616 :: Aside from the opportunity to soak in some gorgeous and dramatic views of the island, the whole-island tour was an especially enjoyable trip for a pilot. I had originally wanted to...",False
verify,情感/评价词,E1_E2_Candidate,1,1,review_23a113d11dbade10f436d4ed :: I specifically booked on K2 for their reviews. Flew 7+hrs from houston to anchorage and this was supposed to be my highlight for my trip. i was booked with K2 for sat 9/3 for a tou...,False
vernal,情感/评价词,E1_E2_Candidate,1,1,"review_b2aa9e3ead866ad927fba1ad :: Excellent flight and right on time, easy check in being no TSA out of Signature Aviation in SLC. The views were amazing along the way and the pilot was super nice and knowledgeable...",False
versed,情感/评价词,E1_E2_Candidate,1,1,"review_6b4f55a23869141d6e9fcb5b :: We are long time Alaskans and have viewed Denali from the air as well as the road system on several occasions.  Our K2 Aviation flightseeing trip topped them all. 

The phone reser...",False
viable,情感/评价词,E1_E2_Candidate,1,1,"review_ebb70b11c29e696fbd1d4b9d :: Both K2 and Talkeetna Air Taxi (TAT) get my highest recommendation. Follow along with the bouncing ball, kids, as our tale unfolds:

Pre-booked directly with TAT about a month befo...",False
victory,情感/评价词,E1_E2_Candidate,1,1,"review_1a2de9ecee33785795dd61b8 :: Although a premium price, the service was beyond anything you could imagine.  Booking was simple and easy.
On arrival, we were welcomed personally by Lindsay and offered coffee and...",False
waived,情感/评价词,E1_E2_Candidate,1,1,review_6a19d356b36698fdb8f6ea7f :: We decided to do this vs standing on the edge of the Grand Canyon like Clark Griswold. The cost was $159 per person vs. +$200 for a shorter helicopter flight that wasn't as extensi...,False
wander,情感/评价词,E1_E2_Candidate,1,1,"review_6045db55f135d8cbc29c62b6 :: Here's something that's not on offer everyday in big tourist cities. 
What a treat. 
You have a choice of three trips from 30 minutes to an hour and get a guided tour of the city, ...",False
wandered,情感/评价词,E1_E2_Candidate,1,1,"review_8bf531e554f4eb9eb061f4ee :: We booked a Denali flight, and when we arrived in Talkeetna by Alaska Rail from Anchorage, the weather was so bad that they canceled it.  They were very professional and apologetic...",False
warmer,情感/评价词,E1_E2_Candidate,1,1,"review_10f6a5dd01dfe91f21b6f33f :: The BEST way to truly see the Grand Canyon!  Short flight from Phoenix, fly over Sedona and all around canyon.  Lands at small airport near Grand Canyon and hits all the best spots...",False
warmest,情感/评价词,E1_E2_Candidate,1,1,"review_95ec6a711bfc4f4d25ea7e38 :: We had a brilliant time on our Cessna tour, we're still talking about it in awe. From the moment we arrived and received the warmest welcome and smoothest check-in with the lovely ...",False
watchful,情感/评价词,E1_E2_Candidate,1,1,"review_6a52bd4149c2a13823394ea2 :: Thanks to our pilot, Will, we arrived at out starting camp site on Clear Creek for a 3 day float/fish trip with Dave Fish Alaska. Will was watchful and pointed out wildlife as we t...",False
weary,情感/评价词,E1_E2_Candidate,1,1,"review_169e5a3568f60120e12de242 :: A bike ride over the Golden Gate Bridge, lunch on the waterfront in Sausalito, and a 30 min ride in a vintage aircraft on floats to see the city. This has to be the perfect way to ...",False
weathered,情感/评价词,E1_E2_Candidate,1,1,"review_fe566c581798d89f19f642e5 :: My husband and I were rained or otherwise ""bad-weathered"" out of every adventure we planned on Kauai.  Couldn't hike Kalalau due to the river crossing being flooded. 
Couldn't kaya...",False
weep,情感/评价词,E1_E2_Candidate,1,1,"review_b58283299c24c1f0a7262592 :: I am an instrument-rated pilot from Texas.  My first concern is safety.  The TAT planes and equipment and first class, maintain like new, and in excellent condition.  Our pilot, Mi...",False
wisdom,情感/评价词,E1_E2_Candidate,1,1,review_8fc23fecb45ba0ee94242f62 :: We are a family with 4 children ages 12 to 19 and spent a week on Kauai.  We really wanted to do an air tour with our kids but the cost of a helicopter flight would have been well ...,False
woke,情感/评价词,E1_E2_Candidate,1,1,"review_9cfafef161c9d56897a0bdb3 :: Highly recommend K2 Aviation.  We were scheduled to fly a day later, but woke up yesterday morning to sunny, blue skies so we called K2, and they got us on the first flight out on ...",False
yearly,情感/评价词,E1_E2_Candidate,1,1,review_5656337b47613683d61b158a :: Let me begin by saying this is something I do almost every time I visit Alaska (at least yearly). The flightseeing over Denali is absolutely breathtaking! The views cannot be descr...,False
yelling,情感/评价词,E1_E2_Candidate,1,1,review_353237c31002ee6c2ae2633c :: This company uses DeHavilland Beaver planes which in spite of being an old model have an awesome reputation of a reliable plane with great short take off and landing. That being sa...,False
yielded,情感/评价词,E1_E2_Candidate,1,1,"review_5cb2cb93b50b77046e8d2b8f :: When visiting Talkeetna going on a flightseeing tour is a must, and having selected Talkeetna Air Taxi was an excellent choice. The weather could have not been better. This absolut...",False
youngest,情感/评价词,E1_E2_Candidate,1,1,"review_0ededb1858d9abb48c99e31a :: At the spur of the moment, my friend and I️ decided to take a helicopter tour of the Grand Canyon with Maverick Helicopters. While on a day tour, with Detours of Phoenix, to Sedona...",False
zero,情感/评价词,E1_E2_Candidate,1,1,"review_78a6b99a77d6b015dee471ae :: Highly recommend!

My wife and I are passionate about the outdoors, mountains, and hiking but are not mountaineers. Rather than booking through the cruiseline, we booked directly w...",False
zodiac,情感/评价词,E1_E2_Candidate,1,1,review_8bfdca3283b82e78169183ad :: This was our first time visiting Hawaii while our friends had been there several times.  To see the Na Pali coastline was a must.   We were there at the time of the hurricane scare...,False
